2026-05-06 11:31:53,228  INFO  =======================================================
2026-05-06 11:31:53,229  INFO    PASO 1 — Restaurar BD y extraer Ventas Full
2026-05-06 11:31:53,229  INFO  =======================================================
2026-05-06 11:31:53,230  INFO  Usando backup: 2026-5-6-T779354202C_2026-05-06_1778080820.bak
2026-05-06 11:31:53,230  INFO  Restaurando 2026-5-6-T779354202C_2026-05-06_1778080820.bak como 'T779354202A'...
2026-05-06 11:39:32,202  INFO  =======================================================
2026-05-06 11:39:32,202  INFO    PASO 1 — Restaurar BD y extraer Ventas Full
2026-05-06 11:39:32,203  INFO  =======================================================
2026-05-06 11:39:32,204  INFO  Usando backup: 2026-5-6-T779354202C_2026-05-06_1778080820.bak
2026-05-06 11:39:32,204  INFO  Restaurando 2026-5-6-T779354202C_2026-05-06_1778080820.bak como 'T779354202A'...
2026-05-06 11:40:21,099  INFO  =======================================================
2026-05-06 11:40:21,099  INFO    PASO 1 — Restaurar BD y extraer Ventas Full
2026-05-06 11:40:21,100  INFO  =======================================================
2026-05-06 11:40:21,100  INFO  Usando backup: 2026-5-6-T779354202C_2026-05-06_1778080820.bak
2026-05-06 11:40:21,101  INFO  Restaurando 2026-5-6-T779354202C_2026-05-06_1778080820.bak como 'T779354202A'...
2026-05-06 11:42:21,560  INFO  =======================================================
2026-05-06 11:42:21,560  INFO    PASO 1 — Restaurar BD y extraer Ventas Full
2026-05-06 11:42:21,560  INFO  =======================================================
2026-05-06 11:42:21,561  INFO  Usando backup: 2026-5-6-T779354202C_2026-05-06_1778080820.bak
2026-05-06 11:57:10,544  INFO  =======================================================
2026-05-06 11:57:10,545  INFO    PASO 1 — Restaurar BD y extraer Ventas Full
2026-05-06 11:57:10,545  INFO  =======================================================
2026-05-06 11:57:10,546  INFO  Usando backup: 2026-5-6-T779354202C_2026-05-06_1778080820.bak
2026-05-06 11:57:10,546  INFO  Restaurando 2026-5-6-T779354202C_2026-05-06_1778080820.bak como 'T779354202A'...
2026-05-06 11:57:10,547  INFO  Copiando .bak a C:\Program Files\Microsoft SQL Server\MSSQL17.SQLEXPRESS\MSSQL\DATA\2026-5-6-T779354202C_2026-05-06_1778080820.bak...
2026-05-06 11:57:11,138  INFO  Archivos lógicos → Data: NEWDATA, Log: NEWDATA_log
2026-05-06 12:00:34,233  INFO  =======================================================
2026-05-06 12:00:34,234  INFO    PASO 1 — Restaurar BD y extraer Ventas Full
2026-05-06 12:00:34,234  INFO  =======================================================
2026-05-06 12:00:34,260  INFO  Usando .bak de ultimo_bak.txt: 2026-5-6-T779354202C_2026-05-06_1778080820.bak
2026-05-06 12:00:34,261  INFO  Usando backup: 2026-5-6-T779354202C_2026-05-06_1778080820.bak
2026-05-06 12:00:34,261  INFO  Restaurando 2026-5-6-T779354202C_2026-05-06_1778080820.bak como 'T779354202A'...
2026-05-06 12:03:43,491  INFO  =======================================================
2026-05-06 12:03:43,492  INFO    PASO 1 — Restaurar BD y extraer Ventas Full
2026-05-06 12:03:43,492  INFO  =======================================================
2026-05-06 12:03:43,493  INFO  Usando .bak de ultimo_bak.txt: 2026-5-6-T779354202C_2026-05-06_1778080820.bak
2026-05-06 12:03:43,493  INFO  Usando backup: 2026-5-6-T779354202C_2026-05-06_1778080820.bak
2026-05-06 12:03:43,493  INFO  Restaurando 2026-5-6-T779354202C_2026-05-06_1778080820.bak como 'T779354202A'...
2026-05-06 12:03:43,679  INFO  Archivos lógicos → Data: NEWDATA, Log: NEWDATA_log
2026-05-06 12:03:43,680  INFO  Ejecutando RESTORE DATABASE...
2026-05-06 12:03:43,913  INFO  Esperando que la BD quede en línea...
2026-05-06 12:03:46,985  INFO    Estado actual: RESTORING
2026-05-06 12:03:49,988  INFO  ✅ BD en línea tras 2 intentos.
2026-05-06 12:04:46,439  INFO  =======================================================
2026-05-06 12:04:46,440  INFO    PASO 1 — Restaurar BD y extraer Ventas Full
2026-05-06 12:04:46,441  INFO  =======================================================
2026-05-06 12:04:46,442  INFO  Usando .bak de ultimo_bak.txt: 2026-5-6-T779354202C_2026-05-06_1778080820.bak
2026-05-06 12:04:46,442  INFO  Usando backup: 2026-5-6-T779354202C_2026-05-06_1778080820.bak
2026-05-06 12:04:46,443  INFO  Restaurando 2026-5-6-T779354202C_2026-05-06_1778080820.bak como 'T779354202A'...
2026-05-06 12:04:46,719  INFO  Archivos lógicos → Data: NEWDATA, Log: NEWDATA_log
2026-05-06 12:04:46,720  INFO  Ejecutando RESTORE DATABASE...
2026-05-06 12:04:47,838  INFO  Esperando que la BD quede en línea...
2026-05-06 12:04:50,908  INFO    Estado actual: RESTORING
2026-05-06 12:04:53,910  INFO  ✅ BD en línea tras 2 intentos.
2026-05-06 12:04:53,910  INFO  Configurando MULTI_USER...
2026-05-06 12:05:02,920  WARNING    Intento 1/10: ('42000', "[42000] [Microsoft][ODBC Driver 17 for SQL Server][SQL Server]ALTER DATABASE failed because a lock could not be placed on database 'T779354202A'. Try again later. (5061) (SQLExecDirectW); [42000] [Microsoft][ODBC Driver 17 for SQL Server][SQL Server]ALTER DATABASE statement failed. (5069)")
2026-05-06 12:05:11,938  WARNING    Intento 2/10: ('42000', "[42000] [Microsoft][ODBC Driver 17 for SQL Server][SQL Server]ALTER DATABASE failed because a lock could not be placed on database 'T779354202A'. Try again later. (5061) (SQLExecDirectW); [42000] [Microsoft][ODBC Driver 17 for SQL Server][SQL Server]ALTER DATABASE statement failed. (5069)")
2026-05-06 12:05:20,953  WARNING    Intento 3/10: ('42000', "[42000] [Microsoft][ODBC Driver 17 for SQL Server][SQL Server]ALTER DATABASE failed because a lock could not be placed on database 'T779354202A'. Try again later. (5061) (SQLExecDirectW); [42000] [Microsoft][ODBC Driver 17 for SQL Server][SQL Server]ALTER DATABASE statement failed. (5069)")
2026-05-06 12:05:29,958  WARNING    Intento 4/10: ('42000', "[42000] [Microsoft][ODBC Driver 17 for SQL Server][SQL Server]ALTER DATABASE failed because a lock could not be placed on database 'T779354202A'. Try again later. (5061) (SQLExecDirectW); [42000] [Microsoft][ODBC Driver 17 for SQL Server][SQL Server]ALTER DATABASE statement failed. (5069)")
2026-05-06 12:05:38,973  WARNING    Intento 5/10: ('42000', "[42000] [Microsoft][ODBC Driver 17 for SQL Server][SQL Server]ALTER DATABASE failed because a lock could not be placed on database 'T779354202A'. Try again later. (5061) (SQLExecDirectW); [42000] [Microsoft][ODBC Driver 17 for SQL Server][SQL Server]ALTER DATABASE statement failed. (5069)")
2026-05-06 12:05:47,980  WARNING    Intento 6/10: ('42000', "[42000] [Microsoft][ODBC Driver 17 for SQL Server][SQL Server]ALTER DATABASE failed because a lock could not be placed on database 'T779354202A'. Try again later. (5061) (SQLExecDirectW); [42000] [Microsoft][ODBC Driver 17 for SQL Server][SQL Server]ALTER DATABASE statement failed. (5069)")
2026-05-06 12:05:56,989  WARNING    Intento 7/10: ('42000', "[42000] [Microsoft][ODBC Driver 17 for SQL Server][SQL Server]ALTER DATABASE failed because a lock could not be placed on database 'T779354202A'. Try again later. (5061) (SQLExecDirectW); [42000] [Microsoft][ODBC Driver 17 for SQL Server][SQL Server]ALTER DATABASE statement failed. (5069)")
2026-05-06 12:06:05,998  WARNING    Intento 8/10: ('42000', "[42000] [Microsoft][ODBC Driver 17 for SQL Server][SQL Server]ALTER DATABASE failed because a lock could not be placed on database 'T779354202A'. Try again later. (5061) (SQLExecDirectW); [42000] [Microsoft][ODBC Driver 17 for SQL Server][SQL Server]ALTER DATABASE statement failed. (5069)")
2026-05-06 12:06:15,010  WARNING    Intento 9/10: ('42000', "[42000] [Microsoft][ODBC Driver 17 for SQL Server][SQL Server]ALTER DATABASE failed because a lock could not be placed on database 'T779354202A'. Try again later. (5061) (SQLExecDirectW); [42000] [Microsoft][ODBC Driver 17 for SQL Server][SQL Server]ALTER DATABASE statement failed. (5069)")
2026-05-06 12:06:24,027  WARNING    Intento 10/10: ('42000', "[42000] [Microsoft][ODBC Driver 17 for SQL Server][SQL Server]ALTER DATABASE failed because a lock could not be placed on database 'T779354202A'. Try again later. (5061) (SQLExecDirectW); [42000] [Microsoft][ODBC Driver 17 for SQL Server][SQL Server]ALTER DATABASE statement failed. (5069)")
2026-05-06 12:06:25,069  INFO  ✅ BD 'T779354202A' restaurada correctamente.
2026-05-06 12:06:25,070  INFO  Conectando a 'T779354202A' para extraer ventas 2026...
2026-05-06 12:06:26,020  INFO  Registros extraídos: 1,386
2026-05-06 12:06:26,022  INFO  Exportando a Excel: C:\Reportes\VentasFull\VentasFull_2026-05-06.xlsx
2026-05-06 12:06:30,394  INFO  ✅ Excel generado: C:\Reportes\VentasFull\VentasFull_2026-05-06.xlsx (0.3 MB)
2026-05-06 12:06:30,395  INFO  ✅ Listo → C:\Reportes\VentasFull\VentasFull_2026-05-06.xlsx
2026-05-06 12:08:26,846  INFO  =======================================================
2026-05-06 12:08:26,846  INFO    PASO 2 — Subir Excel a Google Drive
2026-05-06 12:08:26,846  INFO  =======================================================
2026-05-06 12:08:26,857  INFO  Subiendo: VentasFull_2026-05-06.xlsx (0.3 MB)
2026-05-06 12:08:26,858  INFO  Autenticando con Google Drive...
2026-05-06 12:09:18,492  INFO  =======================================================
2026-05-06 12:09:18,493  INFO    PASO 2 — Subir Excel a Google Drive
2026-05-06 12:09:18,493  INFO  =======================================================
2026-05-06 12:09:18,494  INFO  Subiendo: VentasFull_2026-05-06.xlsx (0.3 MB)
2026-05-06 12:09:18,494  INFO  Autenticando con Google Drive...
2026-05-06 12:09:18,656  INFO  Please visit this URL to authorize this application: https://accounts.google.com/o/oauth2/auth?response_type=code&client_id=583188639413-0j4s38l2ukpcsnfmr5cp7d4k7jpgdpjr.apps.googleusercontent.com&redirect_uri=http%3A%2F%2Flocalhost%3A63392%2F&scope=https%3A%2F%2Fwww.googleapis.com%2Fauth%2Fdrive.file&state=O1KEdXBTg6vQyChJ5D3mmzJ4Ufjqxk&code_challenge=jprM-jBFDJNfYPL-WtNAQwabbCJUKGL7DQ92tnp1TZ4&code_challenge_method=S256&access_type=offline
2026-05-06 12:10:18,750  INFO  "GET /?state=O1KEdXBTg6vQyChJ5D3mmzJ4Ufjqxk&iss=https://accounts.google.com&code=4/0AeoWuM98k6WOJEtsdNT4LGyI-JjhLkACMeZQ7MX7djrpE0HM78MrLtg-T1Le4zaj3HF7-w&scope=https://www.googleapis.com/auth/drive.file HTTP/1.1" 200 65
2026-05-06 12:10:19,660  INFO  file_cache is only supported with oauth2client<4.0.0
2026-05-06 12:10:20,733  INFO  Creando archivo nuevo en Drive...
2026-05-06 12:12:28,883  INFO  =======================================================
2026-05-06 12:12:28,884  INFO    PASO 2 — Subir Excel a Google Drive
2026-05-06 12:12:28,886  INFO  =======================================================
2026-05-06 12:12:28,888  INFO  Subiendo: VentasFull_2026-05-06.xlsx (0.3 MB)
2026-05-06 12:12:28,888  INFO  Autenticando con Google Drive...
2026-05-06 12:12:29,041  INFO  Please visit this URL to authorize this application: https://accounts.google.com/o/oauth2/auth?response_type=code&client_id=583188639413-0j4s38l2ukpcsnfmr5cp7d4k7jpgdpjr.apps.googleusercontent.com&redirect_uri=http%3A%2F%2Flocalhost%3A63346%2F&scope=https%3A%2F%2Fwww.googleapis.com%2Fauth%2Fdrive.file&state=sOhzb9k4QS2YpWjh4HUlUdu3uR0TAs&code_challenge=7gLR0RWdNaeyMLAnkuN8vnAKxipMVVU_7nLuXem4CVw&code_challenge_method=S256&access_type=offline
2026-05-06 12:13:38,781  INFO  "GET /?state=sOhzb9k4QS2YpWjh4HUlUdu3uR0TAs&iss=https://accounts.google.com&code=4/0AeoWuM--DxGGOeQVwEi4JeNUZ5T6T_sBuREGZvh6SjrIfjyACPUBOzjL921M1A5CPSNQ5A&scope=https://www.googleapis.com/auth/drive.file HTTP/1.1" 200 65
2026-05-06 12:13:39,628  INFO  file_cache is only supported with oauth2client<4.0.0
2026-05-06 12:13:40,421  INFO  Creando archivo nuevo en Drive...
2026-05-06 12:15:16,387  INFO  =======================================================
2026-05-06 12:15:16,387  INFO    PASO 2 — Subir Excel a Google Drive
2026-05-06 12:15:16,388  INFO  =======================================================
2026-05-06 12:15:16,389  INFO  Subiendo: VentasFull_2026-05-06.xlsx (0.3 MB)
2026-05-06 12:15:16,389  INFO  Autenticando con Google Drive...
2026-05-06 12:15:16,423  INFO  file_cache is only supported with oauth2client<4.0.0
2026-05-06 12:15:17,270  INFO  Creando archivo nuevo en Drive...
2026-05-06 12:15:19,353  INFO  ✅ Archivo creado en Drive. ID: 1fPkeKJ7tkw0hi5yQCKsmjAudaC2V4o6q
2026-05-06 12:15:19,354  INFO  URL: https://drive.google.com/file/d/1fPkeKJ7tkw0hi5yQCKsmjAudaC2V4o6q/view
06/05/2026 15:41:29.10 - Iniciando pipeline 
Traceback (most recent call last):
  File "C:\Scripts\BackupManager\00_pipeline_completo.py", line 22, in <module>
    logging.FileHandler(r"C:\Users\atorr\Documents\pipeline_ventas.log", encoding="utf-8"),
    ~~~~~~~~~~~~~~~~~~~^^^^^^^^^^^^^^^^^^^^^^^^^^^^^^^^^^^^^^^^^
  File "C:\Users\atorr\AppData\Local\Programs\Python\Python314\Lib\logging\__init__.py", line 1219, in __init__
    StreamHandler.__init__(self, self._open())
                                 ~~~~~~~~~~^^
  File "C:\Users\atorr\AppData\Local\Programs\Python\Python314\Lib\logging\__init__.py", line 1248, in _open
    return open_func(self.baseFilename, self.mode,
                     encoding=self.encoding, errors=self.errors)
PermissionError: [Errno 13] Permission denied: 'C:\\Scripts\\BackupManager\\pipeline_ventas.log'
06/05/2026 15:41:29.55 - ERROR en el pipeline 
2026-05-06 15:43:25,834  INFO  ╔═════════════════════════════════════════════════════╗
2026-05-06 15:43:25,836  INFO  ║   PIPELINE VENTAS FULL — Inicio: 2026-05-06 15:43   ║
2026-05-06 15:43:25,836  INFO  ╚═════════════════════════════════════════════════════╝
2026-05-06 15:43:25,836  INFO  
2026-05-06 15:43:25,836  INFO  ━━━━━━━━━━━━━━━━━━━━━━━━━━━━━━━━━━━━━━━━━━━━━━━━━━━━━━━
2026-05-06 15:43:25,836  INFO    PASO 1/3 — Descargar backup desde Manager
2026-05-06 15:43:25,837  INFO  ━━━━━━━━━━━━━━━━━━━━━━━━━━━━━━━━━━━━━━━━━━━━━━━━━━━━━━━
2026-05-06 15:43:26,403  INFO  =======================================================
2026-05-06 15:43:26,403  INFO    Iniciando descarga automática de backup Manager
2026-05-06 15:43:26,403  INFO  =======================================================
2026-05-06 15:43:26,406  INFO  ====== WebDriver manager ======
2026-05-06 15:43:28,523  INFO  Get LATEST chromedriver version for google-chrome
2026-05-06 15:43:28,952  INFO  Get LATEST chromedriver version for google-chrome
2026-05-06 15:43:29,290  INFO  Driver [C:\Users\atorr\.wdm\drivers\chromedriver\win64\147.0.7727.117\chromedriver-win32/chromedriver.exe] found in cache
2026-05-06 15:43:31,731  INFO  Abriendo login: https://prodkernel.manager.cl/index.html
2026-05-06 15:43:33,865  INFO  Inputs visibles: 3
2026-05-06 15:43:34,213  INFO  Login enviado...
2026-05-06 15:43:38,229  INFO  ✅ Login exitoso. session_id: 2d771f08...
2026-05-06 15:43:38,230  INFO  Navegando a: https://prodkernel.manager.cl/managerbackups.html?session_id=2d771f08fcebc371d9b83e238e721a63&cd=prodkernel
2026-05-06 15:43:38,345  INFO  Recarga 1/10...
2026-05-06 15:43:42,461  INFO    filas .bak encontradas: 3
2026-05-06 15:43:42,461  INFO  ✅ Tabla cargada en recarga 1.
2026-05-06 15:43:42,546  INFO  Backup seleccionado: 2026-5-6-T779354202C.bak (2026-05-06 10:08:49+00:00)
2026-05-06 15:43:42,582  INFO  Haciendo clic en descarga: 2026-5-6-T779354202C.bak
2026-05-06 15:43:43,353  INFO  Esperando descarga (máx 300s)...
2026-05-06 15:44:59,390  INFO  Descargado: 2026-5-6-T779354202C.bak (99.7 MB)
2026-05-06 15:44:59,395  INFO  Backup guardado en: C:\Backups\Manager\2026-5-6-T779354202C_2026-05-06_1778096699.bak
2026-05-06 15:44:59,395  INFO  ✅ Éxito — backup guardado en: C:\Backups\Manager\2026-5-6-T779354202C_2026-05-06_1778096699.bak
2026-05-06 15:45:01,646  INFO  
2026-05-06 15:45:01,646  INFO  ━━━━━━━━━━━━━━━━━━━━━━━━━━━━━━━━━━━━━━━━━━━━━━━━━━━━━━━
2026-05-06 15:45:01,646  INFO    PASO 2/3 — Restaurar BD y extraer Ventas Full
2026-05-06 15:45:01,646  INFO  ━━━━━━━━━━━━━━━━━━━━━━━━━━━━━━━━━━━━━━━━━━━━━━━━━━━━━━━
2026-05-06 15:45:01,647  ERROR  
2026-05-06 15:45:01,647  ERROR  ╔═════════════════════════════════════════════════════╗
2026-05-06 15:45:01,647  ERROR  ║  ❌ PIPELINE FALLÓ                                   ║
2026-05-06 15:45:01,648  ERROR  ║  Error: No module named 'restaurar_y_extraer'       ║
2026-05-06 15:45:01,648  ERROR  ╚═════════════════════════════════════════════════════╝
2026-05-06 15:45:01,651  ERROR  Traceback (most recent call last):
  File "C:\Scripts\BackupManager\00_pipeline_completo.py", line 50, in main
    from restaurar_y_extraer import main as restaurar
ModuleNotFoundError: No module named 'restaurar_y_extraer'

2026-05-06 16:14:15,279  INFO  ╔═════════════════════════════════════════════════════╗
2026-05-06 16:14:15,280  INFO  ║   PIPELINE VENTAS FULL — Inicio: 2026-05-06 16:14   ║
2026-05-06 16:14:15,280  INFO  ╚═════════════════════════════════════════════════════╝
2026-05-06 16:14:15,280  INFO  
2026-05-06 16:14:15,281  INFO  ━━━━━━━━━━━━━━━━━━━━━━━━━━━━━━━━━━━━━━━━━━━━━━━━━━━━━━━
2026-05-06 16:14:15,281  INFO    PASO 1/3 — Descargar backup desde Manager
2026-05-06 16:14:15,281  INFO  ━━━━━━━━━━━━━━━━━━━━━━━━━━━━━━━━━━━━━━━━━━━━━━━━━━━━━━━
2026-05-06 16:14:15,908  INFO  =======================================================
2026-05-06 16:14:15,908  INFO    Iniciando descarga automática de backup Manager
2026-05-06 16:14:15,908  INFO  =======================================================
2026-05-06 16:14:15,910  INFO  ====== WebDriver manager ======
2026-05-06 16:14:17,249  INFO  Get LATEST chromedriver version for google-chrome
2026-05-06 16:14:17,763  INFO  Get LATEST chromedriver version for google-chrome
2026-05-06 16:14:18,158  INFO  Driver [C:\Users\atorr\.wdm\drivers\chromedriver\win64\147.0.7727.117\chromedriver-win32/chromedriver.exe] found in cache
2026-05-06 16:14:20,133  INFO  Abriendo login: https://prodkernel.manager.cl/index.html
2026-05-06 16:14:23,088  INFO  Inputs visibles: 3
2026-05-06 16:14:23,433  INFO  Login enviado...
2026-05-06 16:14:27,444  INFO  ✅ Login exitoso. session_id: 3d08dc57...
2026-05-06 16:14:27,445  INFO  Navegando a: https://prodkernel.manager.cl/managerbackups.html?session_id=3d08dc5701659729b747e87ff88da22e&cd=prodkernel
2026-05-06 16:14:27,594  INFO  Recarga 1/10...
2026-05-06 16:14:31,677  INFO    filas .bak encontradas: 0
2026-05-06 16:14:31,678  INFO  Recarga 2/10...
2026-05-06 16:14:35,795  INFO    filas .bak encontradas: 0
2026-05-06 16:14:35,795  INFO  Recarga 3/10...
2026-05-06 16:14:40,321  INFO    filas .bak encontradas: 3
2026-05-06 16:14:40,321  INFO  ✅ Tabla cargada en recarga 3.
2026-05-06 16:14:40,588  INFO  Backup seleccionado: 2026-5-6-T779354202C.bak (2026-05-06 10:08:49+00:00)
2026-05-06 16:14:40,625  INFO  Haciendo clic en descarga: 2026-5-6-T779354202C.bak
2026-05-06 16:14:41,749  INFO  Esperando descarga (máx 300s)...
2026-05-06 16:16:03,792  INFO  Descargado: 2026-5-6-T779354202C.bak (99.7 MB)
2026-05-06 16:16:03,795  INFO  Backup guardado en: C:\Backups\Manager\2026-5-6-T779354202C_2026-05-06_1778098563.bak
2026-05-06 16:16:03,795  INFO  ✅ Éxito — backup guardado en: C:\Backups\Manager\2026-5-6-T779354202C_2026-05-06_1778098563.bak
2026-05-06 16:16:06,061  INFO  
2026-05-06 16:16:06,061  INFO  ━━━━━━━━━━━━━━━━━━━━━━━━━━━━━━━━━━━━━━━━━━━━━━━━━━━━━━━
2026-05-06 16:16:06,062  INFO    PASO 2/3 — Restaurar BD y extraer Ventas Full
2026-05-06 16:16:06,062  INFO  ━━━━━━━━━━━━━━━━━━━━━━━━━━━━━━━━━━━━━━━━━━━━━━━━━━━━━━━
2026-05-06 16:16:08,649  INFO  =======================================================
2026-05-06 16:16:08,649  INFO    PASO 1 — Restaurar BD y extraer Ventas Full
2026-05-06 16:16:08,649  INFO  =======================================================
2026-05-06 16:16:08,660  INFO  Usando .bak de ultimo_bak.txt: 2026-5-6-T779354202C_2026-05-06_1778098563.bak
2026-05-06 16:16:08,661  INFO  Usando backup: 2026-5-6-T779354202C_2026-05-06_1778098563.bak
2026-05-06 16:16:08,661  INFO  Restaurando 2026-5-6-T779354202C_2026-05-06_1778098563.bak como 'T779354202A'...
2026-05-06 16:16:08,662  INFO  Copiando .bak a C:\Program Files\Microsoft SQL Server\MSSQL17.SQLEXPRESS\MSSQL\DATA\2026-5-6-T779354202C_2026-05-06_1778098563.bak...
2026-05-06 16:16:13,210  INFO  Archivos lógicos → Data: NEWDATA, Log: NEWDATA_log
2026-05-06 16:16:13,210  INFO  Ejecutando RESTORE DATABASE...
2026-05-06 16:16:14,333  INFO  Esperando que la BD quede en línea...
2026-05-06 16:16:17,493  INFO  ✅ BD en línea tras 1 intentos.
2026-05-06 16:16:17,493  INFO  Configurando MULTI_USER...
2026-05-06 16:16:26,520  WARNING    Intento 1/10: ('42000', "[42000] [Microsoft][ODBC Driver 17 for SQL Server][SQL Server]ALTER DATABASE failed because a lock could not be placed on database 'T779354202A'. Try again later. (5061) (SQLExecDirectW); [42000] [Microsoft][ODBC Driver 17 for SQL Server][SQL Server]ALTER DATABASE statement failed. (5069)")
2026-05-06 16:16:35,543  WARNING    Intento 2/10: ('42000', "[42000] [Microsoft][ODBC Driver 17 for SQL Server][SQL Server]ALTER DATABASE failed because a lock could not be placed on database 'T779354202A'. Try again later. (5061) (SQLExecDirectW); [42000] [Microsoft][ODBC Driver 17 for SQL Server][SQL Server]ALTER DATABASE statement failed. (5069)")
2026-05-06 16:16:44,554  WARNING    Intento 3/10: ('42000', "[42000] [Microsoft][ODBC Driver 17 for SQL Server][SQL Server]ALTER DATABASE failed because a lock could not be placed on database 'T779354202A'. Try again later. (5061) (SQLExecDirectW); [42000] [Microsoft][ODBC Driver 17 for SQL Server][SQL Server]ALTER DATABASE statement failed. (5069)")
2026-05-06 16:16:53,566  WARNING    Intento 4/10: ('42000', "[42000] [Microsoft][ODBC Driver 17 for SQL Server][SQL Server]ALTER DATABASE failed because a lock could not be placed on database 'T779354202A'. Try again later. (5061) (SQLExecDirectW); [42000] [Microsoft][ODBC Driver 17 for SQL Server][SQL Server]ALTER DATABASE statement failed. (5069)")
2026-05-06 16:17:02,580  WARNING    Intento 5/10: ('42000', "[42000] [Microsoft][ODBC Driver 17 for SQL Server][SQL Server]ALTER DATABASE failed because a lock could not be placed on database 'T779354202A'. Try again later. (5061) (SQLExecDirectW); [42000] [Microsoft][ODBC Driver 17 for SQL Server][SQL Server]ALTER DATABASE statement failed. (5069)")
2026-05-06 16:17:11,591  WARNING    Intento 6/10: ('42000', "[42000] [Microsoft][ODBC Driver 17 for SQL Server][SQL Server]ALTER DATABASE failed because a lock could not be placed on database 'T779354202A'. Try again later. (5061) (SQLExecDirectW); [42000] [Microsoft][ODBC Driver 17 for SQL Server][SQL Server]ALTER DATABASE statement failed. (5069)")
2026-05-06 16:17:20,610  WARNING    Intento 7/10: ('42000', "[42000] [Microsoft][ODBC Driver 17 for SQL Server][SQL Server]ALTER DATABASE failed because a lock could not be placed on database 'T779354202A'. Try again later. (5061) (SQLExecDirectW); [42000] [Microsoft][ODBC Driver 17 for SQL Server][SQL Server]ALTER DATABASE statement failed. (5069)")
2026-05-06 16:17:29,613  WARNING    Intento 8/10: ('42000', "[42000] [Microsoft][ODBC Driver 17 for SQL Server][SQL Server]ALTER DATABASE failed because a lock could not be placed on database 'T779354202A'. Try again later. (5061) (SQLExecDirectW); [42000] [Microsoft][ODBC Driver 17 for SQL Server][SQL Server]ALTER DATABASE statement failed. (5069)")
2026-05-06 16:17:38,623  WARNING    Intento 9/10: ('42000', "[42000] [Microsoft][ODBC Driver 17 for SQL Server][SQL Server]ALTER DATABASE failed because a lock could not be placed on database 'T779354202A'. Try again later. (5061) (SQLExecDirectW); [42000] [Microsoft][ODBC Driver 17 for SQL Server][SQL Server]ALTER DATABASE statement failed. (5069)")
2026-05-06 16:17:47,628  WARNING    Intento 10/10: ('42000', "[42000] [Microsoft][ODBC Driver 17 for SQL Server][SQL Server]ALTER DATABASE failed because a lock could not be placed on database 'T779354202A'. Try again later. (5061) (SQLExecDirectW); [42000] [Microsoft][ODBC Driver 17 for SQL Server][SQL Server]ALTER DATABASE statement failed. (5069)")
2026-05-06 16:17:48,744  INFO  ✅ BD 'T779354202A' restaurada correctamente.
2026-05-06 16:17:48,745  INFO  Conectando a 'T779354202A' para extraer ventas 2026...
2026-05-06 16:19:04,309  INFO  Registros extraídos: 1,386
2026-05-06 16:19:04,310  INFO  Exportando a Excel: C:\Reportes\VentasFull\VentasFull_2026-05-06.xlsx
2026-05-06 16:19:07,552  INFO  ✅ Excel generado: C:\Reportes\VentasFull\VentasFull_2026-05-06.xlsx (0.3 MB)
2026-05-06 16:19:07,553  INFO  ✅ Listo → C:\Reportes\VentasFull\VentasFull_2026-05-06.xlsx
2026-05-06 16:19:07,555  INFO  
2026-05-06 16:19:07,555  INFO  ━━━━━━━━━━━━━━━━━━━━━━━━━━━━━━━━━━━━━━━━━━━━━━━━━━━━━━━
2026-05-06 16:19:07,555  INFO    PASO 3/3 — Subir Excel a Google Drive
2026-05-06 16:19:07,556  INFO  ━━━━━━━━━━━━━━━━━━━━━━━━━━━━━━━━━━━━━━━━━━━━━━━━━━━━━━━
2026-05-06 16:19:09,206  INFO  =======================================================
2026-05-06 16:19:09,206  INFO    PASO 2 — Subir Excel a Google Drive
2026-05-06 16:19:09,207  INFO  =======================================================
2026-05-06 16:19:09,222  INFO  Subiendo: VentasFull_2026-05-06.xlsx (0.3 MB)
2026-05-06 16:19:09,222  INFO  Autenticando con Google Drive...
2026-05-06 16:19:09,626  ERROR  
2026-05-06 16:19:09,626  ERROR  ╔═════════════════════════════════════════════════════╗
2026-05-06 16:19:09,627  ERROR  ║  ❌ PIPELINE FALLÓ                                   ║
2026-05-06 16:19:09,627  ERROR  ║  Error: ('invalid_scope: Bad Request', {'error': 'in║
2026-05-06 16:19:09,627  ERROR  ╚═════════════════════════════════════════════════════╝
2026-05-06 16:19:09,634  ERROR  Traceback (most recent call last):
  File "C:\Scripts\BackupManager\00_pipeline_completo.py", line 56, in main
    subir()
    ~~~~~^^
  File "C:\Scripts\BackupManager\subir_a_drive.py", line 130, in main
    subir_excel(ruta_excel)
    ~~~~~~~~~~~^^^^^^^^^^^^
  File "C:\Scripts\BackupManager\subir_a_drive.py", line 77, in subir_excel
    service = autenticar()
  File "C:\Scripts\BackupManager\subir_a_drive.py", line 53, in autenticar
    creds.refresh(Request())
    ~~~~~~~~~~~~~^^^^^^^^^^^
  File "C:\Users\atorr\AppData\Local\Programs\Python\Python314\Lib\site-packages\google\oauth2\credentials.py", line 412, in refresh
    ) = reauth.refresh_grant(
        ~~~~~~~~~~~~~~~~~~~~^
        request,
        ^^^^^^^^
    ...<6 lines>...
        enable_reauth_refresh=self._enable_reauth_refresh,
        ^^^^^^^^^^^^^^^^^^^^^^^^^^^^^^^^^^^^^^^^^^^^^^^^^^
    )
    ^
  File "C:\Users\atorr\AppData\Local\Programs\Python\Python314\Lib\site-packages\google\oauth2\reauth.py", line 370, in refresh_grant
    _client._handle_error_response(response_data, retryable_error)
    ~~~~~~~~~~~~~~~~~~~~~~~~~~~~~~^^^^^^^^^^^^^^^^^^^^^^^^^^^^^^^^
  File "C:\Users\atorr\AppData\Local\Programs\Python\Python314\Lib\site-packages\google\oauth2\_client.py", line 69, in _handle_error_response
    raise exceptions.RefreshError(
        error_details, response_data, retryable=retryable_error
    )
google.auth.exceptions.RefreshError: ('invalid_scope: Bad Request', {'error': 'invalid_scope', 'error_description': 'Bad Request'})

2026-05-07 09:07:20,659  INFO  ╔═════════════════════════════════════════════════════╗
2026-05-07 09:07:20,663  INFO  ║   PIPELINE VENTAS FULL — Inicio: 2026-05-07 09:07   ║
2026-05-07 09:07:20,664  INFO  ╚═════════════════════════════════════════════════════╝
2026-05-07 09:07:20,664  INFO  
2026-05-07 09:07:20,664  INFO  ━━━━━━━━━━━━━━━━━━━━━━━━━━━━━━━━━━━━━━━━━━━━━━━━━━━━━━━
2026-05-07 09:07:20,665  INFO    PASO 1/3 — Descargar backup desde Manager
2026-05-07 09:07:20,665  INFO  ━━━━━━━━━━━━━━━━━━━━━━━━━━━━━━━━━━━━━━━━━━━━━━━━━━━━━━━
2026-05-07 09:07:21,948  INFO  =======================================================
2026-05-07 09:07:21,948  INFO    Iniciando descarga automática de backup Manager
2026-05-07 09:07:21,948  INFO  =======================================================
2026-05-07 09:07:21,950  INFO  ====== WebDriver manager ======
2026-05-07 09:07:23,374  INFO  Get LATEST chromedriver version for google-chrome
2026-05-07 09:07:23,782  INFO  Get LATEST chromedriver version for google-chrome
2026-05-07 09:07:24,126  INFO  Get LATEST chromedriver version for google-chrome
2026-05-07 09:07:24,943  INFO  WebDriver version 147.0.7727.117 selected
2026-05-07 09:07:24,953  INFO  Modern chrome version https://storage.googleapis.com/chrome-for-testing-public/147.0.7727.117/win32/chromedriver-win32.zip
2026-05-07 09:07:24,954  INFO  About to download new driver from https://storage.googleapis.com/chrome-for-testing-public/147.0.7727.117/win32/chromedriver-win32.zip
2026-05-07 09:07:25,285  INFO  Driver downloading response is 200
2026-05-07 09:07:25,643  INFO  Get LATEST chromedriver version for google-chrome
2026-05-07 09:07:26,147  INFO  Driver has been saved in cache [C:\Users\atorr\.wdm\drivers\chromedriver\win64\147.0.7727.117]
2026-05-07 09:07:28,750  INFO  Abriendo login: https://prodkernel.manager.cl/index.html
2026-05-07 09:07:30,742  INFO  Inputs visibles: 3
2026-05-07 09:07:31,043  INFO  Login enviado...
2026-05-07 09:07:35,054  INFO  ✅ Login exitoso. session_id: 5ec55209...
2026-05-07 09:07:35,055  INFO  Navegando a: https://prodkernel.manager.cl/managerbackups.html?session_id=5ec55209c58d13dd46f72aea1fd163cc&cd=prodkernel
2026-05-07 09:07:35,139  INFO  Recarga 1/10...
2026-05-07 09:07:39,247  INFO    filas .bak encontradas: 0
2026-05-07 09:07:39,249  INFO  Recarga 2/10...
2026-05-07 09:07:43,793  INFO    filas .bak encontradas: 3
2026-05-07 09:07:43,793  INFO  ✅ Tabla cargada en recarga 2.
2026-05-07 09:07:43,888  INFO  Backup seleccionado: 2026-5-7-T779354202C.bak (2026-05-07 10:11:14+00:00)
2026-05-07 09:07:43,907  INFO  Haciendo clic en descarga: 2026-5-7-T779354202C.bak
2026-05-07 09:07:44,624  INFO  Esperando descarga (máx 300s)...
2026-05-07 09:08:08,633  INFO  Descargado: 2026-5-7-T779354202C.bak (100.0 MB)
2026-05-07 09:08:08,637  INFO  Backup guardado en: C:\Backups\Manager\2026-5-7-T779354202C_2026-05-07.bak
2026-05-07 09:08:08,637  INFO  ✅ Éxito — backup guardado en: C:\Backups\Manager\2026-5-7-T779354202C_2026-05-07.bak
2026-05-07 09:08:10,893  INFO  
2026-05-07 09:08:10,893  INFO  ━━━━━━━━━━━━━━━━━━━━━━━━━━━━━━━━━━━━━━━━━━━━━━━━━━━━━━━
2026-05-07 09:08:10,893  INFO    PASO 2/3 — Restaurar BD y extraer Ventas Full
2026-05-07 09:08:10,893  INFO  ━━━━━━━━━━━━━━━━━━━━━━━━━━━━━━━━━━━━━━━━━━━━━━━━━━━━━━━
2026-05-07 09:08:15,030  INFO  =======================================================
2026-05-07 09:08:15,030  INFO    PASO 1 — Restaurar BD y extraer Ventas Full
2026-05-07 09:08:15,030  INFO  =======================================================
2026-05-07 09:08:15,043  INFO  Usando .bak de ultimo_bak.txt: 2026-5-7-T779354202C_2026-05-07.bak
2026-05-07 09:08:15,043  INFO  Usando backup: 2026-5-7-T779354202C_2026-05-07.bak
2026-05-07 09:08:15,044  INFO  Restaurando 2026-5-7-T779354202C_2026-05-07.bak como 'T779354202A'...
2026-05-07 09:08:15,045  INFO  Copiando .bak a C:\Program Files\Microsoft SQL Server\MSSQL17.SQLEXPRESS\MSSQL\DATA\2026-5-7-T779354202C_2026-05-07.bak...
2026-05-07 09:08:15,670  INFO  Archivos lógicos → Data: NEWDATA, Log: NEWDATA_log
2026-05-07 09:08:15,670  INFO  Ejecutando RESTORE DATABASE...
2026-05-07 09:08:16,043  INFO  Esperando que la BD quede en línea...
2026-05-07 09:08:19,130  INFO  ✅ BD en línea tras 1 intentos.
2026-05-07 09:08:19,130  INFO  Configurando MULTI_USER...
2026-05-07 09:08:28,149  WARNING    Intento 1/10: ('42000', "[42000] [Microsoft][ODBC Driver 17 for SQL Server][SQL Server]ALTER DATABASE failed because a lock could not be placed on database 'T779354202A'. Try again later. (5061) (SQLExecDirectW); [42000] [Microsoft][ODBC Driver 17 for SQL Server][SQL Server]ALTER DATABASE statement failed. (5069)")
2026-05-07 09:08:37,170  WARNING    Intento 2/10: ('42000', "[42000] [Microsoft][ODBC Driver 17 for SQL Server][SQL Server]ALTER DATABASE failed because a lock could not be placed on database 'T779354202A'. Try again later. (5061) (SQLExecDirectW); [42000] [Microsoft][ODBC Driver 17 for SQL Server][SQL Server]ALTER DATABASE statement failed. (5069)")
2026-05-07 09:08:46,179  WARNING    Intento 3/10: ('42000', "[42000] [Microsoft][ODBC Driver 17 for SQL Server][SQL Server]ALTER DATABASE failed because a lock could not be placed on database 'T779354202A'. Try again later. (5061) (SQLExecDirectW); [42000] [Microsoft][ODBC Driver 17 for SQL Server][SQL Server]ALTER DATABASE statement failed. (5069)")
2026-05-07 09:08:55,193  WARNING    Intento 4/10: ('42000', "[42000] [Microsoft][ODBC Driver 17 for SQL Server][SQL Server]ALTER DATABASE failed because a lock could not be placed on database 'T779354202A'. Try again later. (5061) (SQLExecDirectW); [42000] [Microsoft][ODBC Driver 17 for SQL Server][SQL Server]ALTER DATABASE statement failed. (5069)")
2026-05-07 09:09:04,200  WARNING    Intento 5/10: ('42000', "[42000] [Microsoft][ODBC Driver 17 for SQL Server][SQL Server]ALTER DATABASE failed because a lock could not be placed on database 'T779354202A'. Try again later. (5061) (SQLExecDirectW); [42000] [Microsoft][ODBC Driver 17 for SQL Server][SQL Server]ALTER DATABASE statement failed. (5069)")
2026-05-07 09:09:13,206  WARNING    Intento 6/10: ('42000', "[42000] [Microsoft][ODBC Driver 17 for SQL Server][SQL Server]ALTER DATABASE failed because a lock could not be placed on database 'T779354202A'. Try again later. (5061) (SQLExecDirectW); [42000] [Microsoft][ODBC Driver 17 for SQL Server][SQL Server]ALTER DATABASE statement failed. (5069)")
2026-05-07 09:09:22,222  WARNING    Intento 7/10: ('42000', "[42000] [Microsoft][ODBC Driver 17 for SQL Server][SQL Server]ALTER DATABASE failed because a lock could not be placed on database 'T779354202A'. Try again later. (5061) (SQLExecDirectW); [42000] [Microsoft][ODBC Driver 17 for SQL Server][SQL Server]ALTER DATABASE statement failed. (5069)")
2026-05-07 09:09:31,239  WARNING    Intento 8/10: ('42000', "[42000] [Microsoft][ODBC Driver 17 for SQL Server][SQL Server]ALTER DATABASE failed because a lock could not be placed on database 'T779354202A'. Try again later. (5061) (SQLExecDirectW); [42000] [Microsoft][ODBC Driver 17 for SQL Server][SQL Server]ALTER DATABASE statement failed. (5069)")
2026-05-07 09:09:40,253  WARNING    Intento 9/10: ('42000', "[42000] [Microsoft][ODBC Driver 17 for SQL Server][SQL Server]ALTER DATABASE failed because a lock could not be placed on database 'T779354202A'. Try again later. (5061) (SQLExecDirectW); [42000] [Microsoft][ODBC Driver 17 for SQL Server][SQL Server]ALTER DATABASE statement failed. (5069)")
2026-05-07 09:09:49,263  WARNING    Intento 10/10: ('42000', "[42000] [Microsoft][ODBC Driver 17 for SQL Server][SQL Server]ALTER DATABASE failed because a lock could not be placed on database 'T779354202A'. Try again later. (5061) (SQLExecDirectW); [42000] [Microsoft][ODBC Driver 17 for SQL Server][SQL Server]ALTER DATABASE statement failed. (5069)")
2026-05-07 09:09:50,398  INFO  ✅ BD 'T779354202A' restaurada correctamente.
2026-05-07 09:09:50,399  INFO  Conectando a 'T779354202A' para extraer ventas 2026...
2026-05-07 09:09:51,105  INFO  Registros extraídos: 1,392
2026-05-07 09:09:51,106  INFO  Exportando a Excel: C:\Reportes\VentasFull\VentasFull_2026-05-07.xlsx
2026-05-07 09:09:54,326  INFO  ✅ Excel generado: C:\Reportes\VentasFull\VentasFull_2026-05-07.xlsx (0.3 MB)
2026-05-07 09:09:54,327  INFO  ✅ Listo → C:\Reportes\VentasFull\VentasFull_2026-05-07.xlsx
2026-05-07 09:09:54,329  INFO  
2026-05-07 09:09:54,329  INFO  ━━━━━━━━━━━━━━━━━━━━━━━━━━━━━━━━━━━━━━━━━━━━━━━━━━━━━━━
2026-05-07 09:09:54,330  INFO    PASO 3/3 — Subir Excel a Google Drive
2026-05-07 09:09:54,330  INFO  ━━━━━━━━━━━━━━━━━━━━━━━━━━━━━━━━━━━━━━━━━━━━━━━━━━━━━━━
2026-05-07 09:09:57,470  INFO  =======================================================
2026-05-07 09:09:57,470  INFO    PASO 2 — Subir Excel a Google Drive
2026-05-07 09:09:57,470  INFO  =======================================================
2026-05-07 09:09:57,482  INFO  Subiendo: VentasFull_2026-05-07.xlsx (0.3 MB)
2026-05-07 09:09:57,483  INFO  Autenticando con Google Drive...
2026-05-07 09:09:57,842  ERROR  
2026-05-07 09:09:57,843  ERROR  ╔═════════════════════════════════════════════════════╗
2026-05-07 09:09:57,843  ERROR  ║  ❌ PIPELINE FALLÓ                                   ║
2026-05-07 09:09:57,843  ERROR  ║  Error: ('invalid_scope: Bad Request', {'error': 'in║
2026-05-07 09:09:57,843  ERROR  ╚═════════════════════════════════════════════════════╝
2026-05-07 09:09:57,914  ERROR  Traceback (most recent call last):
  File "C:\Scripts\BackupManager\00_pipeline_completo.py", line 56, in main
    subir()
    ~~~~~^^
  File "C:\Scripts\BackupManager\subir_a_drive.py", line 130, in main
    subir_excel(ruta_excel)
    ~~~~~~~~~~~^^^^^^^^^^^^
  File "C:\Scripts\BackupManager\subir_a_drive.py", line 77, in subir_excel
    service = autenticar()
  File "C:\Scripts\BackupManager\subir_a_drive.py", line 53, in autenticar
    creds.refresh(Request())
    ~~~~~~~~~~~~~^^^^^^^^^^^
  File "C:\Users\atorr\AppData\Local\Programs\Python\Python314\Lib\site-packages\google\oauth2\credentials.py", line 412, in refresh
    ) = reauth.refresh_grant(
        ~~~~~~~~~~~~~~~~~~~~^
        request,
        ^^^^^^^^
    ...<6 lines>...
        enable_reauth_refresh=self._enable_reauth_refresh,
        ^^^^^^^^^^^^^^^^^^^^^^^^^^^^^^^^^^^^^^^^^^^^^^^^^^
    )
    ^
  File "C:\Users\atorr\AppData\Local\Programs\Python\Python314\Lib\site-packages\google\oauth2\reauth.py", line 370, in refresh_grant
    _client._handle_error_response(response_data, retryable_error)
    ~~~~~~~~~~~~~~~~~~~~~~~~~~~~~~^^^^^^^^^^^^^^^^^^^^^^^^^^^^^^^^
  File "C:\Users\atorr\AppData\Local\Programs\Python\Python314\Lib\site-packages\google\oauth2\_client.py", line 69, in _handle_error_response
    raise exceptions.RefreshError(
        error_details, response_data, retryable=retryable_error
    )
google.auth.exceptions.RefreshError: ('invalid_scope: Bad Request', {'error': 'invalid_scope', 'error_description': 'Bad Request'})

2026-05-07 09:21:55,501  INFO  ╔═════════════════════════════════════════════════════╗
2026-05-07 09:21:55,503  INFO  ║   PIPELINE VENTAS FULL — Inicio: 2026-05-07 09:21   ║
2026-05-07 09:21:55,504  INFO  ╚═════════════════════════════════════════════════════╝
2026-05-07 09:21:55,504  INFO  
2026-05-07 09:21:55,504  INFO  ━━━━━━━━━━━━━━━━━━━━━━━━━━━━━━━━━━━━━━━━━━━━━━━━━━━━━━━
2026-05-07 09:21:55,504  INFO    PASO 1/3 — Descargar backup desde Manager
2026-05-07 09:21:55,504  INFO  ━━━━━━━━━━━━━━━━━━━━━━━━━━━━━━━━━━━━━━━━━━━━━━━━━━━━━━━
2026-05-07 09:21:56,367  INFO  =======================================================
2026-05-07 09:21:56,367  INFO    Iniciando descarga automática de backup Manager
2026-05-07 09:21:56,368  INFO  =======================================================
2026-05-07 09:21:56,369  INFO  ====== WebDriver manager ======
2026-05-07 09:21:58,254  INFO  Get LATEST chromedriver version for google-chrome
2026-05-07 09:21:58,664  INFO  Get LATEST chromedriver version for google-chrome
2026-05-07 09:21:59,013  INFO  Driver [C:\Users\atorr\.wdm\drivers\chromedriver\win64\147.0.7727.117\chromedriver-win32/chromedriver.exe] found in cache
2026-05-07 09:22:49,430  INFO  =======================================================
2026-05-07 09:22:49,430  INFO    PASO 2 — Subir Excel a Google Drive
2026-05-07 09:22:49,430  INFO  =======================================================
2026-05-07 09:22:49,432  INFO  Subiendo: VentasFull_2026-05-07.xlsx (0.3 MB)
2026-05-07 09:22:49,432  INFO  Autenticando con Google Drive...
2026-05-07 09:22:49,547  INFO  Please visit this URL to authorize this application: https://accounts.google.com/o/oauth2/auth?response_type=code&client_id=583188639413-0j4s38l2ukpcsnfmr5cp7d4k7jpgdpjr.apps.googleusercontent.com&redirect_uri=http%3A%2F%2Flocalhost%3A63919%2F&scope=https%3A%2F%2Fwww.googleapis.com%2Fauth%2Fdrive&state=hITVlNb10gAJXRHEFkdhgtQu03GfD0&code_challenge=3urEIaP93x_2eHSSbENk4l-Hh4KGoRIys6cm2jAGVT0&code_challenge_method=S256&access_type=offline
2026-05-07 09:23:17,223  INFO  "GET /?state=hITVlNb10gAJXRHEFkdhgtQu03GfD0&iss=https://accounts.google.com&code=4/0AeoWuM9JHR4DvILGjFK9fI3wY1TwT2zd_va5dJQBCXeoOrJrcsK_ZIxvMhq0kQrd9yWoPg&scope=https://www.googleapis.com/auth/drive HTTP/1.1" 200 65
2026-05-07 09:23:17,765  INFO  file_cache is only supported with oauth2client<4.0.0
2026-05-07 09:23:18,604  INFO  Actualizando archivo existente en Drive (ID: 1fPkeKJ7tkw0hi5yQCKsmjAudaC2V4o6q)...
2026-05-07 09:23:21,548  INFO  ✅ Archivo actualizado: VentasFull_Actualizado.xlsx
2026-05-07 09:23:21,548  INFO  URL: https://drive.google.com/file/d/1fPkeKJ7tkw0hi5yQCKsmjAudaC2V4o6q/view
2026-05-07 09:23:35,303  INFO  ╔═════════════════════════════════════════════════════╗
2026-05-07 09:23:35,304  INFO  ║   PIPELINE VENTAS FULL — Inicio: 2026-05-07 09:23   ║
2026-05-07 09:23:35,305  INFO  ╚═════════════════════════════════════════════════════╝
2026-05-07 09:23:35,305  INFO  
2026-05-07 09:23:35,305  INFO  ━━━━━━━━━━━━━━━━━━━━━━━━━━━━━━━━━━━━━━━━━━━━━━━━━━━━━━━
2026-05-07 09:23:35,305  INFO    PASO 1/3 — Descargar backup desde Manager
2026-05-07 09:23:35,306  INFO  ━━━━━━━━━━━━━━━━━━━━━━━━━━━━━━━━━━━━━━━━━━━━━━━━━━━━━━━
2026-05-07 09:23:35,673  INFO  =======================================================
2026-05-07 09:23:35,674  INFO    Iniciando descarga automática de backup Manager
2026-05-07 09:23:35,674  INFO  =======================================================
2026-05-07 09:23:35,675  INFO  ====== WebDriver manager ======
2026-05-07 09:23:37,005  INFO  Get LATEST chromedriver version for google-chrome
2026-05-07 09:23:37,365  INFO  Get LATEST chromedriver version for google-chrome
2026-05-07 09:23:37,722  INFO  Driver [C:\Users\atorr\.wdm\drivers\chromedriver\win64\147.0.7727.117\chromedriver-win32/chromedriver.exe] found in cache
2026-05-07 09:23:39,307  INFO  Abriendo login: https://prodkernel.manager.cl/index.html
2026-05-07 09:23:41,201  INFO  Inputs visibles: 3
2026-05-07 09:23:41,539  INFO  Login enviado...
2026-05-07 09:23:45,553  INFO  ✅ Login exitoso. session_id: 5367859e...
2026-05-07 09:23:45,554  INFO  Navegando a: https://prodkernel.manager.cl/managerbackups.html?session_id=5367859e6597d8a934feee5becea3407&cd=prodkernel
2026-05-07 09:23:45,639  INFO  Recarga 1/10...
2026-05-07 09:23:49,715  INFO    filas .bak encontradas: 0
2026-05-07 09:23:49,715  INFO  Recarga 2/10...
2026-05-07 09:23:53,787  INFO    filas .bak encontradas: 3
2026-05-07 09:23:53,787  INFO  ✅ Tabla cargada en recarga 2.
2026-05-07 09:23:53,878  INFO  Backup seleccionado: 2026-5-7-T779354202C.bak (2026-05-07 10:11:14+00:00)
2026-05-07 09:23:53,900  INFO  Haciendo clic en descarga: 2026-5-7-T779354202C.bak
2026-05-07 09:23:54,603  INFO  Esperando descarga (máx 300s)...
2026-05-07 09:24:12,610  INFO  Descargado: 2026-5-7-T779354202C.bak (100.0 MB)
2026-05-07 09:24:12,612  INFO  Backup guardado en: C:\Backups\Manager\2026-5-7-T779354202C_2026-05-07_1778160252.bak
2026-05-07 09:24:12,612  INFO  ✅ Éxito — backup guardado en: C:\Backups\Manager\2026-5-7-T779354202C_2026-05-07_1778160252.bak
2026-05-07 09:24:14,850  INFO  
2026-05-07 09:24:14,851  INFO  ━━━━━━━━━━━━━━━━━━━━━━━━━━━━━━━━━━━━━━━━━━━━━━━━━━━━━━━
2026-05-07 09:24:14,851  INFO    PASO 2/3 — Restaurar BD y extraer Ventas Full
2026-05-07 09:24:14,851  INFO  ━━━━━━━━━━━━━━━━━━━━━━━━━━━━━━━━━━━━━━━━━━━━━━━━━━━━━━━
2026-05-07 09:24:18,973  INFO  =======================================================
2026-05-07 09:24:18,974  INFO    PASO 1 — Restaurar BD y extraer Ventas Full
2026-05-07 09:24:18,974  INFO  =======================================================
2026-05-07 09:24:18,986  INFO  Usando .bak de ultimo_bak.txt: 2026-5-7-T779354202C_2026-05-07_1778160252.bak
2026-05-07 09:24:18,986  INFO  Usando backup: 2026-5-7-T779354202C_2026-05-07_1778160252.bak
2026-05-07 09:24:18,986  INFO  Restaurando 2026-5-7-T779354202C_2026-05-07_1778160252.bak como 'T779354202A'...
2026-05-07 09:24:18,987  INFO  Copiando .bak a C:\Program Files\Microsoft SQL Server\MSSQL17.SQLEXPRESS\MSSQL\DATA\2026-5-7-T779354202C_2026-05-07_1778160252.bak...
2026-05-07 09:24:19,507  INFO  Archivos lógicos → Data: NEWDATA, Log: NEWDATA_log
2026-05-07 09:24:19,507  INFO  Ejecutando RESTORE DATABASE...
2026-05-07 09:24:19,679  INFO  Esperando que la BD quede en línea...
2026-05-07 09:24:22,750  INFO  ✅ BD en línea tras 1 intentos.
2026-05-07 09:24:22,751  INFO  Configurando MULTI_USER...
2026-05-07 09:24:31,759  WARNING    Intento 1/10: ('42000', "[42000] [Microsoft][ODBC Driver 17 for SQL Server][SQL Server]ALTER DATABASE failed because a lock could not be placed on database 'T779354202A'. Try again later. (5061) (SQLExecDirectW); [42000] [Microsoft][ODBC Driver 17 for SQL Server][SQL Server]ALTER DATABASE statement failed. (5069)")
2026-05-07 09:24:40,776  WARNING    Intento 2/10: ('42000', "[42000] [Microsoft][ODBC Driver 17 for SQL Server][SQL Server]ALTER DATABASE failed because a lock could not be placed on database 'T779354202A'. Try again later. (5061) (SQLExecDirectW); [42000] [Microsoft][ODBC Driver 17 for SQL Server][SQL Server]ALTER DATABASE statement failed. (5069)")
2026-05-07 09:24:49,792  WARNING    Intento 3/10: ('42000', "[42000] [Microsoft][ODBC Driver 17 for SQL Server][SQL Server]ALTER DATABASE failed because a lock could not be placed on database 'T779354202A'. Try again later. (5061) (SQLExecDirectW); [42000] [Microsoft][ODBC Driver 17 for SQL Server][SQL Server]ALTER DATABASE statement failed. (5069)")
2026-05-07 09:24:58,797  WARNING    Intento 4/10: ('42000', "[42000] [Microsoft][ODBC Driver 17 for SQL Server][SQL Server]ALTER DATABASE failed because a lock could not be placed on database 'T779354202A'. Try again later. (5061) (SQLExecDirectW); [42000] [Microsoft][ODBC Driver 17 for SQL Server][SQL Server]ALTER DATABASE statement failed. (5069)")
2026-05-07 09:25:07,812  WARNING    Intento 5/10: ('42000', "[42000] [Microsoft][ODBC Driver 17 for SQL Server][SQL Server]ALTER DATABASE failed because a lock could not be placed on database 'T779354202A'. Try again later. (5061) (SQLExecDirectW); [42000] [Microsoft][ODBC Driver 17 for SQL Server][SQL Server]ALTER DATABASE statement failed. (5069)")
2026-05-07 09:25:16,827  WARNING    Intento 6/10: ('42000', "[42000] [Microsoft][ODBC Driver 17 for SQL Server][SQL Server]ALTER DATABASE failed because a lock could not be placed on database 'T779354202A'. Try again later. (5061) (SQLExecDirectW); [42000] [Microsoft][ODBC Driver 17 for SQL Server][SQL Server]ALTER DATABASE statement failed. (5069)")
2026-05-07 09:25:25,839  WARNING    Intento 7/10: ('42000', "[42000] [Microsoft][ODBC Driver 17 for SQL Server][SQL Server]ALTER DATABASE failed because a lock could not be placed on database 'T779354202A'. Try again later. (5061) (SQLExecDirectW); [42000] [Microsoft][ODBC Driver 17 for SQL Server][SQL Server]ALTER DATABASE statement failed. (5069)")
2026-05-07 09:25:34,842  WARNING    Intento 8/10: ('42000', "[42000] [Microsoft][ODBC Driver 17 for SQL Server][SQL Server]ALTER DATABASE failed because a lock could not be placed on database 'T779354202A'. Try again later. (5061) (SQLExecDirectW); [42000] [Microsoft][ODBC Driver 17 for SQL Server][SQL Server]ALTER DATABASE statement failed. (5069)")
2026-05-07 09:25:43,861  WARNING    Intento 9/10: ('42000', "[42000] [Microsoft][ODBC Driver 17 for SQL Server][SQL Server]ALTER DATABASE failed because a lock could not be placed on database 'T779354202A'. Try again later. (5061) (SQLExecDirectW); [42000] [Microsoft][ODBC Driver 17 for SQL Server][SQL Server]ALTER DATABASE statement failed. (5069)")
2026-05-07 09:25:52,872  WARNING    Intento 10/10: ('42000', "[42000] [Microsoft][ODBC Driver 17 for SQL Server][SQL Server]ALTER DATABASE failed because a lock could not be placed on database 'T779354202A'. Try again later. (5061) (SQLExecDirectW); [42000] [Microsoft][ODBC Driver 17 for SQL Server][SQL Server]ALTER DATABASE statement failed. (5069)")
2026-05-07 09:25:53,880  INFO  ✅ BD 'T779354202A' restaurada correctamente.
2026-05-07 09:25:53,881  INFO  Conectando a 'T779354202A' para extraer ventas 2026...
2026-05-07 09:25:54,534  INFO  Registros extraídos: 1,392
2026-05-07 09:25:54,535  INFO  Exportando a Excel: C:\Reportes\VentasFull\VentasFull_2026-05-07.xlsx
2026-05-07 09:25:58,492  INFO  ✅ Excel generado: C:\Reportes\VentasFull\VentasFull_2026-05-07.xlsx (0.3 MB)
2026-05-07 09:25:58,493  INFO  ✅ Listo → C:\Reportes\VentasFull\VentasFull_2026-05-07.xlsx
2026-05-07 09:25:58,496  INFO  
2026-05-07 09:25:58,496  INFO  ━━━━━━━━━━━━━━━━━━━━━━━━━━━━━━━━━━━━━━━━━━━━━━━━━━━━━━━
2026-05-07 09:25:58,496  INFO    PASO 3/3 — Subir Excel a Google Drive
2026-05-07 09:25:58,497  INFO  ━━━━━━━━━━━━━━━━━━━━━━━━━━━━━━━━━━━━━━━━━━━━━━━━━━━━━━━
2026-05-07 09:25:59,288  INFO  =======================================================
2026-05-07 09:25:59,289  INFO    PASO 2 — Subir Excel a Google Drive
2026-05-07 09:25:59,289  INFO  =======================================================
2026-05-07 09:25:59,291  INFO  Subiendo: VentasFull_2026-05-07.xlsx (0.3 MB)
2026-05-07 09:25:59,291  INFO  Autenticando con Google Drive...
2026-05-07 09:25:59,311  INFO  file_cache is only supported with oauth2client<4.0.0
2026-05-07 09:26:00,246  INFO  Actualizando archivo existente en Drive (ID: 1fPkeKJ7tkw0hi5yQCKsmjAudaC2V4o6q)...
2026-05-07 09:26:02,848  INFO  ✅ Archivo actualizado: VentasFull_Actualizado.xlsx
2026-05-07 09:26:02,848  INFO  URL: https://drive.google.com/file/d/1fPkeKJ7tkw0hi5yQCKsmjAudaC2V4o6q/view
2026-05-07 09:26:02,848  INFO  
2026-05-07 09:26:02,848  INFO  ╔═════════════════════════════════════════════════════╗
2026-05-07 09:26:02,849  INFO  ║  ✅ PIPELINE COMPLETADO en 147s                      ║
2026-05-07 09:26:02,849  INFO  ║  📊 Excel en Drive: VentasFull_Actualizado.xlsx      ║
2026-05-07 09:26:02,849  INFO  ╚═════════════════════════════════════════════════════╝
2026-05-08 08:09:32,975  INFO  ╔═════════════════════════════════════════════════════╗
2026-05-08 08:09:32,977  INFO  ║   PIPELINE VENTAS FULL — Inicio: 2026-05-08 08:09   ║
2026-05-08 08:09:32,977  INFO  ╚═════════════════════════════════════════════════════╝
2026-05-08 08:09:32,977  INFO  
2026-05-08 08:09:32,977  INFO  ━━━━━━━━━━━━━━━━━━━━━━━━━━━━━━━━━━━━━━━━━━━━━━━━━━━━━━━
2026-05-08 08:09:32,978  INFO    PASO 1/3 — Descargar backup desde Manager
2026-05-08 08:09:32,978  INFO  ━━━━━━━━━━━━━━━━━━━━━━━━━━━━━━━━━━━━━━━━━━━━━━━━━━━━━━━
2026-05-08 08:09:34,237  INFO  =======================================================
2026-05-08 08:09:34,237  INFO    Iniciando descarga automática de backup Manager
2026-05-08 08:09:34,238  INFO  =======================================================
2026-05-08 08:09:34,241  INFO  ====== WebDriver manager ======
2026-05-08 08:09:36,245  INFO  Get LATEST chromedriver version for google-chrome
2026-05-08 08:09:37,269  INFO  Get LATEST chromedriver version for google-chrome
2026-05-08 08:09:38,022  INFO  Get LATEST chromedriver version for google-chrome
2026-05-08 08:09:39,718  INFO  WebDriver version 147.0.7727.117 selected
2026-05-08 08:09:39,731  INFO  Modern chrome version https://storage.googleapis.com/chrome-for-testing-public/147.0.7727.117/win32/chromedriver-win32.zip
2026-05-08 08:09:39,732  INFO  About to download new driver from https://storage.googleapis.com/chrome-for-testing-public/147.0.7727.117/win32/chromedriver-win32.zip
2026-05-08 08:09:40,451  INFO  Driver downloading response is 200
2026-05-08 08:09:45,585  INFO  Get LATEST chromedriver version for google-chrome
2026-05-08 08:09:46,650  INFO  Driver has been saved in cache [C:\Users\atorr\.wdm\drivers\chromedriver\win64\147.0.7727.117]
2026-05-08 08:09:49,977  INFO  Abriendo login: https://prodkernel.manager.cl/index.html
2026-05-08 08:09:52,820  INFO  Inputs visibles: 3
2026-05-08 08:09:53,311  INFO  Login enviado...
2026-05-08 08:09:57,330  INFO  ✅ Login exitoso. session_id: 12c4e8c3...
2026-05-08 08:09:57,351  INFO  Navegando a: https://prodkernel.manager.cl/managerbackups.html?session_id=12c4e8c33103618cb3cd4eb3f1d448bb&cd=prodkernel
2026-05-08 08:09:57,587  INFO  Recarga 1/10...
2026-05-08 08:10:01,876  INFO    filas .bak encontradas: 0
2026-05-08 08:10:01,876  INFO  Recarga 2/10...
2026-05-08 08:10:06,522  INFO    filas .bak encontradas: 3
2026-05-08 08:10:06,522  INFO  ✅ Tabla cargada en recarga 2.
2026-05-08 08:10:06,648  INFO  Backup seleccionado: 2026-5-8-T779354202C.bak (2026-05-08 10:10:42+00:00)
2026-05-08 08:10:06,674  INFO  Haciendo clic en descarga: 2026-5-8-T779354202C.bak
2026-05-08 08:10:23,331  INFO  Esperando descarga (máx 300s)...
2026-05-08 08:15:23,465  ERROR  ❌ Error: No apareció ningún .bak tras 300s.
2026-05-08 08:15:23,605  INFO  Captura guardada: error_screenshot.png
2026-05-08 08:15:25,957  ERROR  
2026-05-08 08:15:25,958  ERROR  ╔═════════════════════════════════════════════════════╗
2026-05-08 08:15:25,958  ERROR  ║  ❌ PIPELINE FALLÓ                                   ║
2026-05-08 08:15:25,959  ERROR  ║  Error: No apareció ningún .bak tras 300s.          ║
2026-05-08 08:15:25,959  ERROR  ╚═════════════════════════════════════════════════════╝
2026-05-08 08:15:25,964  ERROR  Traceback (most recent call last):
  File "C:\Scripts\BackupManager\00_pipeline_completo.py", line 46, in main
    descargar()
    ~~~~~~~~~^^
  File "C:\Scripts\BackupManager\descargar_backup_manager.py", line 227, in main
    archivo    = esperar_descarga(carpeta_tmp)
  File "C:\Scripts\BackupManager\descargar_backup_manager.py", line 184, in esperar_descarga
    raise TimeoutError(f"No apareció ningún .bak tras {ESPERA_DESCARGA}s.")
TimeoutError: No apareció ningún .bak tras 300s.

2026-05-08 08:16:08,519  INFO  ╔═════════════════════════════════════════════════════╗
2026-05-08 08:16:08,520  INFO  ║   PIPELINE VENTAS FULL — Inicio: 2026-05-08 08:16   ║
2026-05-08 08:16:08,520  INFO  ╚═════════════════════════════════════════════════════╝
2026-05-08 08:16:08,520  INFO  
2026-05-08 08:16:08,521  INFO  ━━━━━━━━━━━━━━━━━━━━━━━━━━━━━━━━━━━━━━━━━━━━━━━━━━━━━━━
2026-05-08 08:16:08,521  INFO    PASO 1/3 — Descargar backup desde Manager
2026-05-08 08:16:08,521  INFO  ━━━━━━━━━━━━━━━━━━━━━━━━━━━━━━━━━━━━━━━━━━━━━━━━━━━━━━━
2026-05-08 08:16:09,054  INFO  =======================================================
2026-05-08 08:16:09,055  INFO    Iniciando descarga automática de backup Manager
2026-05-08 08:16:09,055  INFO  =======================================================
2026-05-08 08:16:09,056  INFO  ====== WebDriver manager ======
2026-05-08 08:16:10,908  INFO  Get LATEST chromedriver version for google-chrome
2026-05-08 08:16:11,743  INFO  Get LATEST chromedriver version for google-chrome
2026-05-08 08:16:15,575  INFO  Driver [C:\Users\atorr\.wdm\drivers\chromedriver\win64\147.0.7727.117\chromedriver-win32/chromedriver.exe] found in cache
2026-05-08 08:16:17,121  INFO  Abriendo login: https://prodkernel.manager.cl/index.html
2026-05-08 08:16:19,648  INFO  Inputs visibles: 3
2026-05-08 08:16:20,119  INFO  Login enviado...
2026-05-08 08:16:24,213  INFO  ✅ Login exitoso. session_id: 06683439...
2026-05-08 08:16:24,214  INFO  Navegando a: https://prodkernel.manager.cl/managerbackups.html?session_id=066834391dcf79fcbba3ee86e9999a7e&cd=prodkernel
2026-05-08 08:16:24,665  INFO  Recarga 1/10...
2026-05-08 08:16:29,047  INFO    filas .bak encontradas: 3
2026-05-08 08:16:29,047  INFO  ✅ Tabla cargada en recarga 1.
2026-05-08 08:16:29,222  INFO  Backup seleccionado: 2026-5-8-T779354202C.bak (2026-05-08 10:10:42+00:00)
2026-05-08 08:16:29,250  INFO  Haciendo clic en descarga: 2026-5-8-T779354202C.bak
2026-05-08 08:16:31,837  INFO  Esperando descarga (máx 300s)...
2026-05-08 08:21:31,998  ERROR  ❌ Error: No apareció ningún .bak tras 300s.
2026-05-08 08:21:32,104  INFO  Captura guardada: error_screenshot.png
2026-05-08 08:21:34,361  ERROR  
2026-05-08 08:21:34,362  ERROR  ╔═════════════════════════════════════════════════════╗
2026-05-08 08:21:34,362  ERROR  ║  ❌ PIPELINE FALLÓ                                   ║
2026-05-08 08:21:34,362  ERROR  ║  Error: No apareció ningún .bak tras 300s.          ║
2026-05-08 08:21:34,363  ERROR  ╚═════════════════════════════════════════════════════╝
2026-05-08 08:21:34,366  ERROR  Traceback (most recent call last):
  File "C:\Scripts\BackupManager\00_pipeline_completo.py", line 46, in main
    descargar()
    ~~~~~~~~~^^
  File "C:\Scripts\BackupManager\descargar_backup_manager.py", line 227, in main
    archivo    = esperar_descarga(carpeta_tmp)
  File "C:\Scripts\BackupManager\descargar_backup_manager.py", line 184, in esperar_descarga
    raise TimeoutError(f"No apareció ningún .bak tras {ESPERA_DESCARGA}s.")
TimeoutError: No apareció ningún .bak tras 300s.

2026-05-08 08:21:54,666  INFO  ╔═════════════════════════════════════════════════════╗
2026-05-08 08:21:54,667  INFO  ║   PIPELINE VENTAS FULL — Inicio: 2026-05-08 08:21   ║
2026-05-08 08:21:54,667  INFO  ╚═════════════════════════════════════════════════════╝
2026-05-08 08:21:54,667  INFO  
2026-05-08 08:21:54,667  INFO  ━━━━━━━━━━━━━━━━━━━━━━━━━━━━━━━━━━━━━━━━━━━━━━━━━━━━━━━
2026-05-08 08:21:54,668  INFO    PASO 1/3 — Descargar backup desde Manager
2026-05-08 08:21:54,668  INFO  ━━━━━━━━━━━━━━━━━━━━━━━━━━━━━━━━━━━━━━━━━━━━━━━━━━━━━━━
2026-05-08 08:21:55,173  INFO  =======================================================
2026-05-08 08:21:55,173  INFO    Iniciando descarga automática de backup Manager
2026-05-08 08:21:55,173  INFO  =======================================================
2026-05-08 08:21:55,175  INFO  ====== WebDriver manager ======
2026-05-08 08:21:57,024  INFO  Get LATEST chromedriver version for google-chrome
2026-05-08 08:21:57,851  INFO  Get LATEST chromedriver version for google-chrome
2026-05-08 08:21:58,599  INFO  Driver [C:\Users\atorr\.wdm\drivers\chromedriver\win64\147.0.7727.117\chromedriver-win32/chromedriver.exe] found in cache
2026-05-08 08:21:59,903  INFO  Abriendo login: https://prodkernel.manager.cl/index.html
2026-05-08 08:22:02,331  INFO  Inputs visibles: 3
2026-05-08 08:22:02,738  INFO  Login enviado...
2026-05-08 08:22:06,754  INFO  ✅ Login exitoso. session_id: 9ca10081...
2026-05-08 08:22:06,754  INFO  Navegando a: https://prodkernel.manager.cl/managerbackups.html?session_id=9ca10081f90a38ed1d1b28306dbff5a0&cd=prodkernel
2026-05-08 08:22:06,934  INFO  Recarga 1/10...
2026-05-08 08:22:11,102  INFO    filas .bak encontradas: 0
2026-05-08 08:22:11,102  INFO  Recarga 2/10...
2026-05-08 08:22:15,768  INFO    filas .bak encontradas: 3
2026-05-08 08:22:15,768  INFO  ✅ Tabla cargada en recarga 2.
2026-05-08 08:22:15,886  INFO  Backup seleccionado: 2026-5-8-T779354202C.bak (2026-05-08 10:10:42+00:00)
2026-05-08 08:22:15,915  INFO  Haciendo clic en descarga: 2026-5-8-T779354202C.bak
2026-05-08 08:22:19,212  INFO  Esperando descarga (máx 400s)...
2026-05-08 08:22:43,781  WARNING  Retrying (Retry(total=2, connect=None, read=None, redirect=None, status=None)) after connection broken by 'ConnectionResetError(10054, 'Se ha forzado la interrupción de una conexión existente por el host remoto', None, 10054, None)': /session/8fe616b37c564478ae93517df9dc11d5
2026-05-08 08:22:47,895  WARNING  Retrying (Retry(total=1, connect=None, read=None, redirect=None, status=None)) after connection broken by 'NewConnectionError("HTTPConnection(host='localhost', port=62164): Failed to establish a new connection: [WinError 10061] No se puede establecer una conexión ya que el equipo de destino denegó expresamente dicha conexión")': /session/8fe616b37c564478ae93517df9dc11d5
2026-05-08 08:22:51,978  WARNING  Retrying (Retry(total=0, connect=None, read=None, redirect=None, status=None)) after connection broken by 'NewConnectionError("HTTPConnection(host='localhost', port=62164): Failed to establish a new connection: [WinError 10061] No se puede establecer una conexión ya que el equipo de destino denegó expresamente dicha conexión")': /session/8fe616b37c564478ae93517df9dc11d5
2026-05-08 08:23:48,242  INFO  ╔═════════════════════════════════════════════════════╗
2026-05-08 08:23:48,243  INFO  ║   PIPELINE VENTAS FULL — Inicio: 2026-05-08 08:23   ║
2026-05-08 08:23:48,243  INFO  ╚═════════════════════════════════════════════════════╝
2026-05-08 08:23:48,243  INFO  
2026-05-08 08:23:48,244  INFO  ━━━━━━━━━━━━━━━━━━━━━━━━━━━━━━━━━━━━━━━━━━━━━━━━━━━━━━━
2026-05-08 08:23:48,244  INFO    PASO 1/3 — Descargar backup desde Manager
2026-05-08 08:23:48,244  INFO  ━━━━━━━━━━━━━━━━━━━━━━━━━━━━━━━━━━━━━━━━━━━━━━━━━━━━━━━
2026-05-08 08:23:48,718  INFO  =======================================================
2026-05-08 08:23:48,718  INFO    Iniciando descarga automática de backup Manager
2026-05-08 08:23:48,718  INFO  =======================================================
2026-05-08 08:23:48,721  INFO  ====== WebDriver manager ======
2026-05-08 08:23:50,359  INFO  Get LATEST chromedriver version for google-chrome
2026-05-08 08:23:51,124  INFO  Get LATEST chromedriver version for google-chrome
2026-05-08 08:23:51,814  INFO  Driver [C:\Users\atorr\.wdm\drivers\chromedriver\win64\147.0.7727.117\chromedriver-win32/chromedriver.exe] found in cache
2026-05-08 08:23:53,155  INFO  Abriendo login: https://prodkernel.manager.cl/index.html
2026-05-08 08:23:55,906  INFO  Inputs visibles: 3
2026-05-08 08:23:56,456  INFO  Login enviado...
2026-05-08 08:24:00,480  INFO  ✅ Login exitoso. session_id: 22456292...
2026-05-08 08:24:00,480  INFO  Navegando a: https://prodkernel.manager.cl/managerbackups.html?session_id=2245629218c26f446e54aad26a8eb289&cd=prodkernel
2026-05-08 08:24:00,731  INFO  Recarga 1/10...
2026-05-08 08:24:04,933  INFO    filas .bak encontradas: 3
2026-05-08 08:24:04,934  INFO  ✅ Tabla cargada en recarga 1.
2026-05-08 08:24:05,075  INFO  Backup seleccionado: 2026-5-8-T779354202C.bak (2026-05-08 10:10:42+00:00)
2026-05-08 08:24:05,105  INFO  Haciendo clic en descarga: 2026-5-8-T779354202C.bak
2026-05-08 08:24:07,185  INFO  Esperando descarga (máx 400s)...
2026-05-08 08:30:47,402  ERROR  ❌ Error: No apareció ningún .bak tras 400s.
2026-05-08 08:30:47,643  INFO  Captura guardada: error_screenshot.png
2026-05-08 08:30:49,979  ERROR  
2026-05-08 08:30:49,979  ERROR  ╔═════════════════════════════════════════════════════╗
2026-05-08 08:30:49,980  ERROR  ║  ❌ PIPELINE FALLÓ                                   ║
2026-05-08 08:30:49,981  ERROR  ║  Error: No apareció ningún .bak tras 400s.          ║
2026-05-08 08:30:49,981  ERROR  ╚═════════════════════════════════════════════════════╝
2026-05-08 08:30:49,989  ERROR  Traceback (most recent call last):
  File "C:\Scripts\BackupManager\00_pipeline_completo.py", line 46, in main
    descargar()
    ~~~~~~~~~^^
  File "C:\Scripts\BackupManager\descargar_backup_manager.py", line 228, in main
    archivo    = esperar_descarga(carpeta_tmp)
  File "C:\Scripts\BackupManager\descargar_backup_manager.py", line 185, in esperar_descarga
    raise TimeoutError(f"No apareció ningún .bak tras {ESPERA_DESCARGA}s.")
TimeoutError: No apareció ningún .bak tras 400s.

08/05/2026 11:06:13.22 - Iniciando pipeline 
Traceback (most recent call last):
  File "C:\Scripts\BackupManager\00_pipeline_completo.py", line 22, in <module>
    logging.FileHandler(r"C:\Users\atorr\Documents\pipeline_ventas.log", encoding="utf-8"),
    ~~~~~~~~~~~~~~~~~~~^^^^^^^^^^^^^^^^^^^^^^^^^^^^^^^^^^^^^^^^^
  File "C:\Users\atorr\AppData\Local\Programs\Python\Python314\Lib\logging\__init__.py", line 1219, in __init__
    StreamHandler.__init__(self, self._open())
                                 ~~~~~~~~~~^^
  File "C:\Users\atorr\AppData\Local\Programs\Python\Python314\Lib\logging\__init__.py", line 1248, in _open
    return open_func(self.baseFilename, self.mode,
                     encoding=self.encoding, errors=self.errors)
PermissionError: [Errno 13] Permission denied: 'C:\\Scripts\\BackupManager\\pipeline_ventas.log'
08/05/2026 11:06:38.86 - ERROR en el pipeline 
2026-05-11 08:07:25,986  INFO  ╔═════════════════════════════════════════════════════╗
2026-05-11 08:07:25,989  INFO  ║   PIPELINE VENTAS FULL — Inicio: 2026-05-11 08:07   ║
2026-05-11 08:07:25,989  INFO  ╚═════════════════════════════════════════════════════╝
2026-05-11 08:07:25,990  INFO  
2026-05-11 08:07:25,990  INFO  ━━━━━━━━━━━━━━━━━━━━━━━━━━━━━━━━━━━━━━━━━━━━━━━━━━━━━━━
2026-05-11 08:07:25,990  INFO    PASO 1/3 — Descargar backup desde Manager
2026-05-11 08:07:25,991  INFO  ━━━━━━━━━━━━━━━━━━━━━━━━━━━━━━━━━━━━━━━━━━━━━━━━━━━━━━━
2026-05-11 08:07:27,037  INFO  =======================================================
2026-05-11 08:07:27,037  INFO    Iniciando descarga automática de backup Manager
2026-05-11 08:07:27,038  INFO  =======================================================
2026-05-11 08:07:27,043  INFO  ====== WebDriver manager ======
2026-05-11 08:07:29,236  INFO  Get LATEST chromedriver version for google-chrome
2026-05-11 08:07:30,224  INFO  Get LATEST chromedriver version for google-chrome
2026-05-11 08:07:30,852  INFO  There is no [win64] chromedriver "148.0.7778.97" for browser google-chrome "148.0.7778" in cache
2026-05-11 08:07:30,853  INFO  Get LATEST chromedriver version for google-chrome
2026-05-11 08:07:32,024  INFO  WebDriver version 148.0.7778.97 selected
2026-05-11 08:07:32,040  INFO  Modern chrome version https://storage.googleapis.com/chrome-for-testing-public/148.0.7778.97/win32/chromedriver-win32.zip
2026-05-11 08:07:32,040  INFO  About to download new driver from https://storage.googleapis.com/chrome-for-testing-public/148.0.7778.97/win32/chromedriver-win32.zip
2026-05-11 08:07:32,572  INFO  Driver downloading response is 200
2026-05-11 08:07:34,199  INFO  Get LATEST chromedriver version for google-chrome
2026-05-11 08:07:34,891  INFO  Driver has been saved in cache [C:\Users\atorr\.wdm\drivers\chromedriver\win64\148.0.7778.97]
2026-05-11 08:07:38,227  INFO  Abriendo login: https://prodkernel.manager.cl/index.html
2026-05-11 08:07:40,589  INFO  Inputs visibles: 3
2026-05-11 08:07:41,101  INFO  Login enviado...
2026-05-11 08:07:45,123  INFO  ✅ Login exitoso. session_id: 717ed6e3...
2026-05-11 08:07:45,160  INFO  Navegando a: https://prodkernel.manager.cl/managerbackups.html?session_id=717ed6e356174f82647707fc29b086cb&cd=prodkernel
2026-05-11 08:07:45,313  INFO  Recarga 1/10...
2026-05-11 08:07:49,426  INFO    filas .bak encontradas: 0
2026-05-11 08:07:49,426  INFO  Recarga 2/10...
2026-05-11 08:07:53,527  INFO    filas .bak encontradas: 0
2026-05-11 08:07:53,528  INFO  Recarga 3/10...
2026-05-11 08:07:58,131  INFO    filas .bak encontradas: 0
2026-05-11 08:07:58,131  INFO  Recarga 4/10...
2026-05-11 08:08:02,294  INFO    filas .bak encontradas: 0
2026-05-11 08:08:02,294  INFO  Recarga 5/10...
2026-05-11 08:08:06,425  INFO    filas .bak encontradas: 0
2026-05-11 08:08:06,426  INFO  Recarga 6/10...
2026-05-11 08:08:10,983  INFO    filas .bak encontradas: 0
2026-05-11 08:08:10,984  INFO  Recarga 7/10...
2026-05-11 08:08:15,136  INFO    filas .bak encontradas: 0
2026-05-11 08:08:15,137  INFO  Recarga 8/10...
2026-05-11 08:08:19,272  INFO    filas .bak encontradas: 0
2026-05-11 08:08:19,273  INFO  Recarga 9/10...
2026-05-11 08:08:23,829  INFO    filas .bak encontradas: 0
2026-05-11 08:08:23,829  INFO  Recarga 10/10...
2026-05-11 08:08:27,979  INFO    filas .bak encontradas: 0
2026-05-11 08:08:27,980  ERROR  ❌ Error: Tabla no cargó tras 10 recargas.
2026-05-11 08:08:28,093  INFO  Captura guardada: error_screenshot.png
2026-05-11 08:08:30,431  ERROR  
2026-05-11 08:08:30,433  ERROR  ╔═════════════════════════════════════════════════════╗
2026-05-11 08:08:30,436  ERROR  ║  ❌ PIPELINE FALLÓ                                   ║
2026-05-11 08:08:30,436  ERROR  ║  Error: Tabla no cargó tras 10 recargas.            ║
2026-05-11 08:08:30,437  ERROR  ╚═════════════════════════════════════════════════════╝
2026-05-11 08:08:30,499  ERROR  Traceback (most recent call last):
  File "C:\Scripts\BackupManager\00_pipeline_completo.py", line 46, in main
    descargar()
    ~~~~~~~~~^^
  File "C:\Scripts\BackupManager\descargar_backup_manager.py", line 230, in main
    filas = navegar_a_backups(driver, wait, session_id)
  File "C:\Scripts\BackupManager\descargar_backup_manager.py", line 118, in navegar_a_backups
    raise TimeoutError("Tabla no cargó tras 10 recargas.")
TimeoutError: Tabla no cargó tras 10 recargas.

2026-05-11 08:10:19,728  INFO  ╔═════════════════════════════════════════════════════╗
2026-05-11 08:10:19,729  INFO  ║   PIPELINE VENTAS FULL — Inicio: 2026-05-11 08:10   ║
2026-05-11 08:10:19,730  INFO  ╚═════════════════════════════════════════════════════╝
2026-05-11 08:10:19,731  INFO  
2026-05-11 08:10:19,732  INFO  ━━━━━━━━━━━━━━━━━━━━━━━━━━━━━━━━━━━━━━━━━━━━━━━━━━━━━━━
2026-05-11 08:10:19,732  INFO    PASO 1/3 — Descargar backup desde Manager
2026-05-11 08:10:19,733  INFO  ━━━━━━━━━━━━━━━━━━━━━━━━━━━━━━━━━━━━━━━━━━━━━━━━━━━━━━━
2026-05-11 08:10:20,629  INFO  =======================================================
2026-05-11 08:10:20,629  INFO    Iniciando descarga automática de backup Manager
2026-05-11 08:10:20,630  INFO  =======================================================
2026-05-11 08:10:20,632  INFO  ====== WebDriver manager ======
2026-05-11 08:10:22,818  INFO  Get LATEST chromedriver version for google-chrome
2026-05-11 08:10:23,280  INFO  Get LATEST chromedriver version for google-chrome
2026-05-11 08:10:23,677  INFO  Driver [C:\Users\atorr\.wdm\drivers\chromedriver\win64\148.0.7778.97\chromedriver-win32/chromedriver.exe] found in cache
2026-05-11 08:10:26,000  INFO  Abriendo login: https://prodkernel.manager.cl/index.html
2026-05-11 08:10:28,173  INFO  Inputs visibles: 3
2026-05-11 08:10:28,604  INFO  Login enviado...
2026-05-11 08:10:32,619  INFO  ✅ Login exitoso. session_id: 81fa4534...
2026-05-11 08:10:32,620  INFO  Navegando a: https://prodkernel.manager.cl/managerbackups.html?session_id=81fa453443937b4cee9f898126042b60&cd=prodkernel
2026-05-11 08:10:32,777  INFO  Recarga 1/10...
2026-05-11 08:10:36,900  INFO    filas .bak encontradas: 0
2026-05-11 08:10:36,900  INFO  Recarga 2/10...
2026-05-11 08:10:41,011  INFO    filas .bak encontradas: 0
2026-05-11 08:10:41,011  INFO  Recarga 3/10...
2026-05-11 08:10:45,534  INFO    filas .bak encontradas: 0
2026-05-11 08:10:45,535  INFO  Recarga 4/10...
2026-05-11 08:10:49,680  INFO    filas .bak encontradas: 0
2026-05-11 08:10:49,680  INFO  Recarga 5/10...
2026-05-11 08:10:53,808  INFO    filas .bak encontradas: 0
2026-05-11 08:10:53,808  INFO  Recarga 6/10...
2026-05-11 08:10:58,343  INFO    filas .bak encontradas: 0
2026-05-11 08:10:58,344  INFO  Recarga 7/10...
2026-05-11 08:11:02,471  INFO    filas .bak encontradas: 0
2026-05-11 08:11:02,472  INFO  Recarga 8/10...
2026-05-11 08:11:06,599  INFO    filas .bak encontradas: 0
2026-05-11 08:11:06,599  INFO  Recarga 9/10...
2026-05-11 08:11:11,131  INFO    filas .bak encontradas: 0
2026-05-11 08:11:11,131  INFO  Recarga 10/10...
2026-05-11 08:11:15,243  INFO    filas .bak encontradas: 0
2026-05-11 08:11:15,244  INFO  Recarga 11/10...
2026-05-11 08:11:19,370  INFO    filas .bak encontradas: 0
2026-05-11 08:11:19,370  INFO  Recarga 12/10...
2026-05-11 08:11:23,908  INFO    filas .bak encontradas: 0
2026-05-11 08:11:23,909  INFO  Recarga 13/10...
2026-05-11 08:11:28,040  INFO    filas .bak encontradas: 0
2026-05-11 08:11:28,040  INFO  Recarga 14/10...
2026-05-11 08:11:32,191  INFO    filas .bak encontradas: 0
2026-05-11 08:11:32,191  INFO  Recarga 15/10...
2026-05-11 08:11:36,735  INFO    filas .bak encontradas: 0
2026-05-11 08:11:36,735  INFO  Recarga 16/10...
2026-05-11 08:11:40,886  INFO    filas .bak encontradas: 0
2026-05-11 08:11:40,887  INFO  Recarga 17/10...
2026-05-11 08:11:45,061  INFO    filas .bak encontradas: 0
2026-05-11 08:11:45,062  INFO  Recarga 18/10...
2026-05-11 08:11:49,644  INFO    filas .bak encontradas: 0
2026-05-11 08:11:49,644  INFO  Recarga 19/10...
2026-05-11 08:11:53,730  INFO    filas .bak encontradas: 0
2026-05-11 08:11:53,730  INFO  Recarga 20/10...
2026-05-11 08:11:57,830  INFO    filas .bak encontradas: 0
2026-05-11 08:11:57,830  ERROR  ❌ Error: Tabla no cargó tras 10 recargas.
2026-05-11 08:11:57,898  INFO  Captura guardada: error_screenshot.png
2026-05-11 08:12:00,166  ERROR  
2026-05-11 08:12:00,166  ERROR  ╔═════════════════════════════════════════════════════╗
2026-05-11 08:12:00,167  ERROR  ║  ❌ PIPELINE FALLÓ                                   ║
2026-05-11 08:12:00,167  ERROR  ║  Error: Tabla no cargó tras 10 recargas.            ║
2026-05-11 08:12:00,167  ERROR  ╚═════════════════════════════════════════════════════╝
2026-05-11 08:12:00,170  ERROR  Traceback (most recent call last):
  File "C:\Scripts\BackupManager\00_pipeline_completo.py", line 46, in main
    descargar()
    ~~~~~~~~~^^
  File "C:\Scripts\BackupManager\descargar_backup_manager.py", line 230, in main
    filas = navegar_a_backups(driver, wait, session_id)
  File "C:\Scripts\BackupManager\descargar_backup_manager.py", line 118, in navegar_a_backups
    raise TimeoutError("Tabla no cargó tras 10 recargas.")
TimeoutError: Tabla no cargó tras 10 recargas.

2026-05-12 08:15:10,517  INFO  ╔═════════════════════════════════════════════════════╗
2026-05-12 08:15:10,521  INFO  ║   PIPELINE VENTAS FULL — Inicio: 2026-05-12 08:15   ║
2026-05-12 08:15:10,521  INFO  ╚═════════════════════════════════════════════════════╝
2026-05-12 08:15:10,522  INFO  
2026-05-12 08:15:10,522  INFO  ━━━━━━━━━━━━━━━━━━━━━━━━━━━━━━━━━━━━━━━━━━━━━━━━━━━━━━━
2026-05-12 08:15:10,522  INFO    PASO 1/3 — Descargar backup desde Manager
2026-05-12 08:15:10,522  INFO  ━━━━━━━━━━━━━━━━━━━━━━━━━━━━━━━━━━━━━━━━━━━━━━━━━━━━━━━
2026-05-12 08:15:12,260  INFO  =======================================================
2026-05-12 08:15:12,261  INFO    Iniciando descarga automática de backup Manager
2026-05-12 08:15:12,262  INFO  =======================================================
2026-05-12 08:15:12,269  INFO  ====== WebDriver manager ======
2026-05-12 08:15:14,505  INFO  Get LATEST chromedriver version for google-chrome
2026-05-12 08:15:15,331  INFO  Get LATEST chromedriver version for google-chrome
2026-05-12 08:15:15,969  INFO  Get LATEST chromedriver version for google-chrome
2026-05-12 08:15:17,360  INFO  WebDriver version 148.0.7778.97 selected
2026-05-12 08:15:17,373  INFO  Modern chrome version https://storage.googleapis.com/chrome-for-testing-public/148.0.7778.97/win32/chromedriver-win32.zip
2026-05-12 08:15:17,373  INFO  About to download new driver from https://storage.googleapis.com/chrome-for-testing-public/148.0.7778.97/win32/chromedriver-win32.zip
2026-05-12 08:15:17,817  INFO  Driver downloading response is 200
2026-05-12 08:15:19,708  INFO  Get LATEST chromedriver version for google-chrome
2026-05-12 08:15:20,284  INFO  Driver has been saved in cache [C:\Users\atorr\.wdm\drivers\chromedriver\win64\148.0.7778.97]
2026-05-12 08:15:23,345  INFO  Abriendo login: https://prodkernel.manager.cl/index.html
2026-05-12 08:15:25,837  INFO  Inputs visibles: 3
2026-05-12 08:15:26,329  INFO  Login enviado...
2026-05-12 08:15:30,344  INFO  ✅ Login exitoso. session_id: 4a2ca50d...
2026-05-12 08:15:30,345  INFO  Navegando a: https://prodkernel.manager.cl/managerbackups.html?session_id=4a2ca50d03b9f9539254f23b3b55ba38&cd=prodkernel
2026-05-12 08:15:30,504  INFO  Recarga 1/10...
2026-05-12 08:15:34,630  INFO    filas .bak encontradas: 3
2026-05-12 08:15:34,631  INFO  ✅ Tabla cargada en recarga 1.
2026-05-12 08:15:34,718  INFO    Ignorando: 2026-5-12-T779354202B.bak
2026-05-12 08:15:34,768  INFO    Ignorando: 2026-5-12-T779354202C.bak
2026-05-12 08:15:34,769  INFO  Backup seleccionado: 2026-5-12-T779354202A.bak (2026-05-12 10:11:54+00:00)
2026-05-12 08:15:34,781  INFO  HTML fila completa: <td class="bucket">mng-respaldos-poliuretano</td><td class="Key">2026-5-12-T779354202A.bak</td><td class="LastModified">2026-05-12 10:11:54+00:00</td><td class="Size">0.28 GB</td><td class="presigned_url" style="display: none;">https://mng-respaldos-poliuretano.s3.amazonaws.com/2026-5-12-T779354202A.bak?AWSAccessKeyId=AKIAZPIFFWJDVFW267ZG&amp;Signature=aJ8D5xrXcmDbKHCXoqL8v4HJYb0%3D&amp;Expires=1778588429</td><td><i onclick="downloadbackup($(this).parent().parent())" class="fas fa-download"></i>
2026-05-12 08:15:37,389  INFO  Descargando 2026-5-12-T779354202A.bak desde S3...
2026-05-12 08:15:43,146  INFO    10 MB / 281 MB (4%)
2026-05-12 08:15:47,257  INFO    21 MB / 281 MB (7%)
2026-05-12 08:15:50,950  INFO    31 MB / 281 MB (11%)
2026-05-12 08:15:55,265  INFO    42 MB / 281 MB (15%)
2026-05-12 08:16:01,272  INFO    52 MB / 281 MB (19%)
2026-05-12 08:16:08,011  INFO    63 MB / 281 MB (22%)
2026-05-12 08:16:14,658  INFO    73 MB / 281 MB (26%)
2026-05-12 08:16:20,489  INFO    84 MB / 281 MB (30%)
2026-05-12 08:16:25,427  INFO    94 MB / 281 MB (34%)
2026-05-12 08:16:29,680  INFO    105 MB / 281 MB (37%)
2026-05-12 08:16:32,784  INFO    115 MB / 281 MB (41%)
2026-05-12 08:16:35,713  INFO    126 MB / 281 MB (45%)
2026-05-12 08:16:41,783  INFO    136 MB / 281 MB (49%)
2026-05-12 08:16:50,559  INFO    147 MB / 281 MB (52%)
2026-05-12 08:16:57,190  INFO    157 MB / 281 MB (56%)
2026-05-12 08:17:03,114  INFO    168 MB / 281 MB (60%)
2026-05-12 08:17:11,693  INFO    178 MB / 281 MB (63%)
2026-05-12 08:17:18,262  INFO    189 MB / 281 MB (67%)
2026-05-12 08:17:24,201  INFO    199 MB / 281 MB (71%)
2026-05-12 08:17:29,529  INFO    210 MB / 281 MB (75%)
2026-05-12 08:17:33,747  INFO    220 MB / 281 MB (78%)
2026-05-12 08:17:41,933  INFO    231 MB / 281 MB (82%)
2026-05-12 08:17:52,110  INFO    241 MB / 281 MB (86%)
2026-05-12 08:18:00,639  INFO    252 MB / 281 MB (90%)
2026-05-12 08:18:04,501  INFO    262 MB / 281 MB (93%)
2026-05-12 08:18:08,408  INFO    273 MB / 281 MB (97%)
2026-05-12 08:18:13,368  INFO  ✅ Descarga completa: 2026-5-12-T779354202A.bak (281.0 MB)
2026-05-12 08:18:13,373  INFO  Backup guardado en: C:\Backups\Manager\2026-5-12-T779354202A_2026-05-12.bak
2026-05-12 08:18:13,373  INFO  ✅ Éxito — backup guardado en: C:\Backups\Manager\2026-5-12-T779354202A_2026-05-12.bak
2026-05-12 08:18:17,466  WARNING  Retrying (Retry(total=2, connect=None, read=None, redirect=None, status=None)) after connection broken by 'NewConnectionError("HTTPConnection(host='localhost', port=64608): Failed to establish a new connection: [WinError 10061] No se puede establecer una conexión ya que el equipo de destino denegó expresamente dicha conexión")': /session/e0079bfa10112900a538fe3904f9dfc8
2026-05-12 08:18:21,569  WARNING  Retrying (Retry(total=1, connect=None, read=None, redirect=None, status=None)) after connection broken by 'NewConnectionError("HTTPConnection(host='localhost', port=64608): Failed to establish a new connection: [WinError 10061] No se puede establecer una conexión ya que el equipo de destino denegó expresamente dicha conexión")': /session/e0079bfa10112900a538fe3904f9dfc8
2026-05-12 08:18:25,665  WARNING  Retrying (Retry(total=0, connect=None, read=None, redirect=None, status=None)) after connection broken by 'NewConnectionError("HTTPConnection(host='localhost', port=64608): Failed to establish a new connection: [WinError 10061] No se puede establecer una conexión ya que el equipo de destino denegó expresamente dicha conexión")': /session/e0079bfa10112900a538fe3904f9dfc8
2026-05-12 08:18:29,771  INFO  
2026-05-12 08:18:29,772  INFO  ━━━━━━━━━━━━━━━━━━━━━━━━━━━━━━━━━━━━━━━━━━━━━━━━━━━━━━━
2026-05-12 08:18:29,772  INFO    PASO 2/3 — Restaurar BD y extraer Ventas Full
2026-05-12 08:18:29,772  INFO  ━━━━━━━━━━━━━━━━━━━━━━━━━━━━━━━━━━━━━━━━━━━━━━━━━━━━━━━
2026-05-12 08:18:36,551  INFO  =======================================================
2026-05-12 08:18:36,551  INFO    PASO 1 — Restaurar BD y extraer Ventas Full
2026-05-12 08:18:36,552  INFO  =======================================================
2026-05-12 08:18:36,564  INFO  Usando .bak de ultimo_bak.txt: 2026-5-12-T779354202A_2026-05-12.bak
2026-05-12 08:18:36,564  INFO  Usando backup: 2026-5-12-T779354202A_2026-05-12.bak
2026-05-12 08:18:36,564  INFO  Restaurando 2026-5-12-T779354202A_2026-05-12.bak como 'T779354202A'...
2026-05-12 08:18:36,566  INFO  Copiando .bak a C:\Program Files\Microsoft SQL Server\MSSQL17.SQLEXPRESS\MSSQL\DATA\2026-5-12-T779354202A_2026-05-12.bak...
2026-05-12 08:18:38,026  INFO  Archivos lógicos → Data: Newdata_cv, Log: Newdata_cv_log
2026-05-12 08:18:38,026  INFO  Ejecutando RESTORE DATABASE...
2026-05-12 08:18:38,937  INFO  Esperando que la BD quede en línea...
2026-05-12 08:18:45,727  INFO    Estado actual: RESTORING
2026-05-12 08:18:48,731  INFO  ✅ BD en línea tras 2 intentos.
2026-05-12 08:18:48,731  INFO  Configurando MULTI_USER...
2026-05-12 08:18:57,782  WARNING    Intento 1/10: ('42000', "[42000] [Microsoft][ODBC Driver 17 for SQL Server][SQL Server]ALTER DATABASE failed because a lock could not be placed on database 'T779354202A'. Try again later. (5061) (SQLExecDirectW); [42000] [Microsoft][ODBC Driver 17 for SQL Server][SQL Server]ALTER DATABASE statement failed. (5069)")
2026-05-12 08:19:06,857  WARNING    Intento 2/10: ('42000', "[42000] [Microsoft][ODBC Driver 17 for SQL Server][SQL Server]ALTER DATABASE failed because a lock could not be placed on database 'T779354202A'. Try again later. (5061) (SQLExecDirectW); [42000] [Microsoft][ODBC Driver 17 for SQL Server][SQL Server]ALTER DATABASE statement failed. (5069)")
2026-05-12 08:19:15,859  WARNING    Intento 3/10: ('42000', "[42000] [Microsoft][ODBC Driver 17 for SQL Server][SQL Server]ALTER DATABASE failed because a lock could not be placed on database 'T779354202A'. Try again later. (5061) (SQLExecDirectW); [42000] [Microsoft][ODBC Driver 17 for SQL Server][SQL Server]ALTER DATABASE statement failed. (5069)")
2026-05-12 08:19:24,869  WARNING    Intento 4/10: ('42000', "[42000] [Microsoft][ODBC Driver 17 for SQL Server][SQL Server]ALTER DATABASE failed because a lock could not be placed on database 'T779354202A'. Try again later. (5061) (SQLExecDirectW); [42000] [Microsoft][ODBC Driver 17 for SQL Server][SQL Server]ALTER DATABASE statement failed. (5069)")
2026-05-12 08:19:33,886  WARNING    Intento 5/10: ('42000', "[42000] [Microsoft][ODBC Driver 17 for SQL Server][SQL Server]ALTER DATABASE failed because a lock could not be placed on database 'T779354202A'. Try again later. (5061) (SQLExecDirectW); [42000] [Microsoft][ODBC Driver 17 for SQL Server][SQL Server]ALTER DATABASE statement failed. (5069)")
2026-05-12 08:19:42,895  WARNING    Intento 6/10: ('42000', "[42000] [Microsoft][ODBC Driver 17 for SQL Server][SQL Server]ALTER DATABASE failed because a lock could not be placed on database 'T779354202A'. Try again later. (5061) (SQLExecDirectW); [42000] [Microsoft][ODBC Driver 17 for SQL Server][SQL Server]ALTER DATABASE statement failed. (5069)")
2026-05-12 08:19:51,899  WARNING    Intento 7/10: ('42000', "[42000] [Microsoft][ODBC Driver 17 for SQL Server][SQL Server]ALTER DATABASE failed because a lock could not be placed on database 'T779354202A'. Try again later. (5061) (SQLExecDirectW); [42000] [Microsoft][ODBC Driver 17 for SQL Server][SQL Server]ALTER DATABASE statement failed. (5069)")
2026-05-12 08:20:00,910  WARNING    Intento 8/10: ('42000', "[42000] [Microsoft][ODBC Driver 17 for SQL Server][SQL Server]ALTER DATABASE failed because a lock could not be placed on database 'T779354202A'. Try again later. (5061) (SQLExecDirectW); [42000] [Microsoft][ODBC Driver 17 for SQL Server][SQL Server]ALTER DATABASE statement failed. (5069)")
2026-05-12 08:20:09,918  WARNING    Intento 9/10: ('42000', "[42000] [Microsoft][ODBC Driver 17 for SQL Server][SQL Server]ALTER DATABASE failed because a lock could not be placed on database 'T779354202A'. Try again later. (5061) (SQLExecDirectW); [42000] [Microsoft][ODBC Driver 17 for SQL Server][SQL Server]ALTER DATABASE statement failed. (5069)")
2026-05-12 08:20:18,928  WARNING    Intento 10/10: ('42000', "[42000] [Microsoft][ODBC Driver 17 for SQL Server][SQL Server]ALTER DATABASE failed because a lock could not be placed on database 'T779354202A'. Try again later. (5061) (SQLExecDirectW); [42000] [Microsoft][ODBC Driver 17 for SQL Server][SQL Server]ALTER DATABASE statement failed. (5069)")
2026-05-12 08:20:20,315  INFO  ✅ BD 'T779354202A' restaurada correctamente.
2026-05-12 08:20:20,316  INFO  Conectando a 'T779354202A' para extraer ventas 2026...
2026-05-12 08:20:20,588  INFO  Registros extraídos: 0
2026-05-12 08:20:20,590  INFO  Exportando a Excel: C:\Reportes\VentasFull\VentasFull_2026-05-12.xlsx
2026-05-12 08:20:20,661  INFO  ✅ Excel generado: C:\Reportes\VentasFull\VentasFull_2026-05-12.xlsx (0.0 MB)
2026-05-12 08:20:20,663  INFO  ✅ Listo → C:\Reportes\VentasFull\VentasFull_2026-05-12.xlsx
2026-05-12 08:20:20,664  INFO  
2026-05-12 08:20:20,664  INFO  ━━━━━━━━━━━━━━━━━━━━━━━━━━━━━━━━━━━━━━━━━━━━━━━━━━━━━━━
2026-05-12 08:20:20,665  INFO    PASO 3/3 — Subir Excel a Google Drive
2026-05-12 08:20:20,665  INFO  ━━━━━━━━━━━━━━━━━━━━━━━━━━━━━━━━━━━━━━━━━━━━━━━━━━━━━━━
2026-05-12 08:20:24,408  INFO  =======================================================
2026-05-12 08:20:24,408  INFO    PASO 2 — Subir Excel a Google Drive
2026-05-12 08:20:24,408  INFO  =======================================================
2026-05-12 08:20:24,420  INFO  Subiendo: VentasFull_2026-05-12.xlsx (0.0 MB)
2026-05-12 08:20:24,420  INFO  Autenticando con cuenta de servicio...
2026-05-12 08:20:24,533  INFO  file_cache is only supported with oauth2client<4.0.0
2026-05-12 08:20:26,072  INFO  Actualizando archivo existente (ID: 1fPkeKJ7tkw0hi5yQCKsmjAudaC2V4o6q)...
2026-05-12 08:20:28,915  INFO  ✅ Archivo actualizado: VentasFull_Actualizado.xlsx
2026-05-12 08:20:28,915  INFO  URL: https://drive.google.com/file/d/1fPkeKJ7tkw0hi5yQCKsmjAudaC2V4o6q/view
2026-05-12 08:20:28,916  INFO  
2026-05-12 08:20:28,916  INFO  ╔═════════════════════════════════════════════════════╗
2026-05-12 08:20:28,917  INFO  ║  ✅ PIPELINE COMPLETADO en 318s                      ║
2026-05-12 08:20:28,917  INFO  ║  📊 Excel en Drive: VentasFull_Actualizado.xlsx      ║
2026-05-12 08:20:28,917  INFO  ╚═════════════════════════════════════════════════════╝
2026-05-12 08:30:43,909  INFO  ╔═════════════════════════════════════════════════════╗
2026-05-12 08:30:43,931  INFO  ║   PIPELINE VENTAS FULL — Inicio: 2026-05-12 08:30   ║
2026-05-12 08:30:43,931  INFO  ╚═════════════════════════════════════════════════════╝
2026-05-12 08:30:43,931  INFO  
2026-05-12 08:30:43,932  INFO  ━━━━━━━━━━━━━━━━━━━━━━━━━━━━━━━━━━━━━━━━━━━━━━━━━━━━━━━
2026-05-12 08:30:43,932  INFO    PASO 1/3 — Descargar backup desde Manager
2026-05-12 08:30:43,932  INFO  ━━━━━━━━━━━━━━━━━━━━━━━━━━━━━━━━━━━━━━━━━━━━━━━━━━━━━━━
2026-05-12 08:30:44,881  INFO  =======================================================
2026-05-12 08:30:44,882  INFO    Iniciando descarga automática de backup Manager
2026-05-12 08:30:44,882  INFO  =======================================================
2026-05-12 08:30:44,885  INFO  ====== WebDriver manager ======
2026-05-12 08:30:47,445  INFO  Get LATEST chromedriver version for google-chrome
2026-05-12 08:30:48,095  INFO  Get LATEST chromedriver version for google-chrome
2026-05-12 08:30:48,650  INFO  Driver [C:\Users\atorr\.wdm\drivers\chromedriver\win64\148.0.7778.97\chromedriver-win32/chromedriver.exe] found in cache
2026-05-12 08:30:51,501  INFO  Abriendo login: https://prodkernel.manager.cl/index.html
2026-05-12 08:30:53,580  INFO  Inputs visibles: 3
2026-05-12 08:30:53,983  INFO  Login enviado...
2026-05-12 08:30:58,000  INFO  ✅ Login exitoso. session_id: e96335a8...
2026-05-12 08:30:58,000  INFO  Navegando a: https://prodkernel.manager.cl/managerbackups.html?session_id=e96335a8651712a004061954ee512bc9&cd=prodkernel
2026-05-12 08:30:58,117  INFO  Recarga 1/10...
2026-05-12 08:31:02,222  INFO    filas .bak encontradas: 0
2026-05-12 08:31:02,224  INFO  Recarga 2/10...
2026-05-12 08:31:06,336  INFO    filas .bak encontradas: 3
2026-05-12 08:31:06,336  INFO  ✅ Tabla cargada en recarga 2.
2026-05-12 08:31:06,399  INFO    Ignorando: 2026-5-12-T779354202A.bak
2026-05-12 08:31:06,444  INFO    Ignorando: 2026-5-12-T779354202B.bak
2026-05-12 08:31:06,496  INFO  Backup seleccionado: 2026-5-12-T779354202C.bak (2026-05-12 10:13:22+00:00)
2026-05-12 08:31:06,509  INFO  HTML fila completa: <td class="bucket">mng-respaldos-poliuretano</td><td class="Key">2026-5-12-T779354202C.bak</td><td class="LastModified">2026-05-12 10:13:22+00:00</td><td class="Size">0.11 GB</td><td class="presigned_url" style="display: none;">https://mng-respaldos-poliuretano.s3.amazonaws.com/2026-5-12-T779354202C.bak?AWSAccessKeyId=AKIAZPIFFWJDVFW267ZG&amp;Signature=EoMkgghV7YFgJ%2BT3a12jlJVL4x8%3D&amp;Expires=1778589360</td><td><i onclick="downloadbackup($(this).parent().parent())" class="fas fa-download"></
2026-05-12 08:31:08,864  INFO  Descargando 2026-5-12-T779354202C.bak desde S3...
2026-05-12 08:31:24,395  INFO    10 MB / 113 MB (9%)
2026-05-12 08:31:34,410  INFO    21 MB / 113 MB (19%)
2026-05-12 08:31:38,988  INFO    31 MB / 113 MB (28%)
2026-05-12 08:31:43,755  INFO    42 MB / 113 MB (37%)
2026-05-12 08:31:47,497  INFO    52 MB / 113 MB (46%)
2026-05-12 08:31:49,864  INFO    63 MB / 113 MB (56%)
2026-05-12 08:31:52,550  INFO    73 MB / 113 MB (65%)
2026-05-12 08:31:56,937  INFO    84 MB / 113 MB (74%)
2026-05-12 08:32:01,436  INFO    94 MB / 113 MB (84%)
2026-05-12 08:32:05,228  INFO    105 MB / 113 MB (93%)
2026-05-12 08:32:07,762  INFO  ✅ Descarga completa: 2026-5-12-T779354202C.bak (113.0 MB)
2026-05-12 08:32:07,766  INFO  Backup guardado en: C:\Backups\Manager\2026-5-12-T779354202C_2026-05-12.bak
2026-05-12 08:32:07,766  INFO  ✅ Éxito — backup guardado en: C:\Backups\Manager\2026-5-12-T779354202C_2026-05-12.bak
2026-05-12 08:32:11,910  WARNING  Retrying (Retry(total=2, connect=None, read=None, redirect=None, status=None)) after connection broken by 'NewConnectionError("HTTPConnection(host='localhost', port=63724): Failed to establish a new connection: [WinError 10061] No se puede establecer una conexión ya que el equipo de destino denegó expresamente dicha conexión")': /session/a62d99517497aec83688af2055d9cef9
2026-05-12 08:32:15,990  WARNING  Retrying (Retry(total=1, connect=None, read=None, redirect=None, status=None)) after connection broken by 'NewConnectionError("HTTPConnection(host='localhost', port=63724): Failed to establish a new connection: [WinError 10061] No se puede establecer una conexión ya que el equipo de destino denegó expresamente dicha conexión")': /session/a62d99517497aec83688af2055d9cef9
2026-05-12 08:32:20,075  WARNING  Retrying (Retry(total=0, connect=None, read=None, redirect=None, status=None)) after connection broken by 'NewConnectionError("HTTPConnection(host='localhost', port=63724): Failed to establish a new connection: [WinError 10061] No se puede establecer una conexión ya que el equipo de destino denegó expresamente dicha conexión")': /session/a62d99517497aec83688af2055d9cef9
2026-05-12 08:32:24,197  INFO  
2026-05-12 08:32:24,198  INFO  ━━━━━━━━━━━━━━━━━━━━━━━━━━━━━━━━━━━━━━━━━━━━━━━━━━━━━━━
2026-05-12 08:32:24,198  INFO    PASO 2/3 — Restaurar BD y extraer Ventas Full
2026-05-12 08:32:24,198  INFO  ━━━━━━━━━━━━━━━━━━━━━━━━━━━━━━━━━━━━━━━━━━━━━━━━━━━━━━━
2026-05-12 08:32:29,197  INFO  =======================================================
2026-05-12 08:32:29,197  INFO    PASO 1 — Restaurar BD y extraer Ventas Full
2026-05-12 08:32:29,197  INFO  =======================================================
2026-05-12 08:32:29,210  INFO  Usando .bak de ultimo_bak.txt: 2026-5-12-T779354202C_2026-05-12.bak
2026-05-12 08:32:29,210  INFO  Usando backup: 2026-5-12-T779354202C_2026-05-12.bak
2026-05-12 08:32:29,211  INFO  Restaurando 2026-5-12-T779354202C_2026-05-12.bak como 'T779354202A'...
2026-05-12 08:32:29,211  INFO  Copiando .bak a C:\Program Files\Microsoft SQL Server\MSSQL17.SQLEXPRESS\MSSQL\DATA\2026-5-12-T779354202C_2026-05-12.bak...
2026-05-12 08:32:32,790  INFO  Archivos lógicos → Data: NEWDATA, Log: NEWDATA_log
2026-05-12 08:32:32,790  INFO  Ejecutando RESTORE DATABASE...
2026-05-12 08:32:33,127  INFO  Esperando que la BD quede en línea...
2026-05-12 08:32:36,207  INFO  ✅ BD en línea tras 1 intentos.
2026-05-12 08:32:36,208  INFO  Configurando MULTI_USER...
2026-05-12 08:32:45,222  WARNING    Intento 1/10: ('42000', "[42000] [Microsoft][ODBC Driver 17 for SQL Server][SQL Server]ALTER DATABASE failed because a lock could not be placed on database 'T779354202A'. Try again later. (5061) (SQLExecDirectW); [42000] [Microsoft][ODBC Driver 17 for SQL Server][SQL Server]ALTER DATABASE statement failed. (5069)")
2026-05-12 08:32:54,238  WARNING    Intento 2/10: ('42000', "[42000] [Microsoft][ODBC Driver 17 for SQL Server][SQL Server]ALTER DATABASE failed because a lock could not be placed on database 'T779354202A'. Try again later. (5061) (SQLExecDirectW); [42000] [Microsoft][ODBC Driver 17 for SQL Server][SQL Server]ALTER DATABASE statement failed. (5069)")
2026-05-12 08:33:03,244  WARNING    Intento 3/10: ('42000', "[42000] [Microsoft][ODBC Driver 17 for SQL Server][SQL Server]ALTER DATABASE failed because a lock could not be placed on database 'T779354202A'. Try again later. (5061) (SQLExecDirectW); [42000] [Microsoft][ODBC Driver 17 for SQL Server][SQL Server]ALTER DATABASE statement failed. (5069)")
2026-05-12 08:33:12,258  WARNING    Intento 4/10: ('42000', "[42000] [Microsoft][ODBC Driver 17 for SQL Server][SQL Server]ALTER DATABASE failed because a lock could not be placed on database 'T779354202A'. Try again later. (5061) (SQLExecDirectW); [42000] [Microsoft][ODBC Driver 17 for SQL Server][SQL Server]ALTER DATABASE statement failed. (5069)")
2026-05-12 08:33:21,276  WARNING    Intento 5/10: ('42000', "[42000] [Microsoft][ODBC Driver 17 for SQL Server][SQL Server]ALTER DATABASE failed because a lock could not be placed on database 'T779354202A'. Try again later. (5061) (SQLExecDirectW); [42000] [Microsoft][ODBC Driver 17 for SQL Server][SQL Server]ALTER DATABASE statement failed. (5069)")
2026-05-12 08:33:30,279  WARNING    Intento 6/10: ('42000', "[42000] [Microsoft][ODBC Driver 17 for SQL Server][SQL Server]ALTER DATABASE failed because a lock could not be placed on database 'T779354202A'. Try again later. (5061) (SQLExecDirectW); [42000] [Microsoft][ODBC Driver 17 for SQL Server][SQL Server]ALTER DATABASE statement failed. (5069)")
2026-05-12 08:33:39,286  WARNING    Intento 7/10: ('42000', "[42000] [Microsoft][ODBC Driver 17 for SQL Server][SQL Server]ALTER DATABASE failed because a lock could not be placed on database 'T779354202A'. Try again later. (5061) (SQLExecDirectW); [42000] [Microsoft][ODBC Driver 17 for SQL Server][SQL Server]ALTER DATABASE statement failed. (5069)")
2026-05-12 08:33:48,296  WARNING    Intento 8/10: ('42000', "[42000] [Microsoft][ODBC Driver 17 for SQL Server][SQL Server]ALTER DATABASE failed because a lock could not be placed on database 'T779354202A'. Try again later. (5061) (SQLExecDirectW); [42000] [Microsoft][ODBC Driver 17 for SQL Server][SQL Server]ALTER DATABASE statement failed. (5069)")
2026-05-12 08:33:57,309  WARNING    Intento 9/10: ('42000', "[42000] [Microsoft][ODBC Driver 17 for SQL Server][SQL Server]ALTER DATABASE failed because a lock could not be placed on database 'T779354202A'. Try again later. (5061) (SQLExecDirectW); [42000] [Microsoft][ODBC Driver 17 for SQL Server][SQL Server]ALTER DATABASE statement failed. (5069)")
2026-05-12 08:34:06,326  WARNING    Intento 10/10: ('42000', "[42000] [Microsoft][ODBC Driver 17 for SQL Server][SQL Server]ALTER DATABASE failed because a lock could not be placed on database 'T779354202A'. Try again later. (5061) (SQLExecDirectW); [42000] [Microsoft][ODBC Driver 17 for SQL Server][SQL Server]ALTER DATABASE statement failed. (5069)")
2026-05-12 08:34:07,311  INFO  ✅ BD 'T779354202A' restaurada correctamente.
2026-05-12 08:34:07,312  INFO  Conectando a 'T779354202A' para extraer ventas 2026...
2026-05-12 08:34:08,083  INFO  Registros extraídos: 1,452
2026-05-12 08:34:08,084  INFO  Exportando a Excel: C:\Reportes\VentasFull\VentasFull_2026-05-12.xlsx
2026-05-12 08:34:12,725  INFO  ✅ Excel generado: C:\Reportes\VentasFull\VentasFull_2026-05-12.xlsx (0.3 MB)
2026-05-12 08:34:12,727  INFO  ✅ Listo → C:\Reportes\VentasFull\VentasFull_2026-05-12.xlsx
2026-05-12 08:34:12,729  INFO  
2026-05-12 08:34:12,730  INFO  ━━━━━━━━━━━━━━━━━━━━━━━━━━━━━━━━━━━━━━━━━━━━━━━━━━━━━━━
2026-05-12 08:34:12,730  INFO    PASO 3/3 — Subir Excel a Google Drive
2026-05-12 08:34:12,730  INFO  ━━━━━━━━━━━━━━━━━━━━━━━━━━━━━━━━━━━━━━━━━━━━━━━━━━━━━━━
2026-05-12 08:34:15,413  INFO  =======================================================
2026-05-12 08:34:15,414  INFO    PASO 2 — Subir Excel a Google Drive
2026-05-12 08:34:15,414  INFO  =======================================================
2026-05-12 08:34:15,426  INFO  Subiendo: VentasFull_2026-05-12.xlsx (0.3 MB)
2026-05-12 08:34:15,426  INFO  Autenticando con cuenta de servicio...
2026-05-12 08:34:15,495  INFO  file_cache is only supported with oauth2client<4.0.0
2026-05-12 08:34:16,897  INFO  Actualizando archivo existente (ID: 1fPkeKJ7tkw0hi5yQCKsmjAudaC2V4o6q)...
2026-05-12 08:34:20,031  INFO  ✅ Archivo actualizado: VentasFull_Actualizado.xlsx
2026-05-12 08:34:20,031  INFO  URL: https://drive.google.com/file/d/1fPkeKJ7tkw0hi5yQCKsmjAudaC2V4o6q/view
2026-05-12 08:34:20,031  INFO  
2026-05-12 08:34:20,031  INFO  ╔═════════════════════════════════════════════════════╗
2026-05-12 08:34:20,052  INFO  ║  ✅ PIPELINE COMPLETADO en 216s                      ║
2026-05-12 08:34:20,053  INFO  ║  📊 Excel en Drive: VentasFull_Actualizado.xlsx      ║
2026-05-12 08:34:20,053  INFO  ╚═════════════════════════════════════════════════════╝
2026-05-14 08:19:34,041  INFO  ╔═════════════════════════════════════════════════════╗
2026-05-14 08:19:34,044  INFO  ║   PIPELINE VENTAS FULL — Inicio: 2026-05-14 08:19   ║
2026-05-14 08:19:34,044  INFO  ╚═════════════════════════════════════════════════════╝
2026-05-14 08:19:34,044  INFO  
2026-05-14 08:19:34,044  INFO  ━━━━━━━━━━━━━━━━━━━━━━━━━━━━━━━━━━━━━━━━━━━━━━━━━━━━━━━
2026-05-14 08:19:34,044  INFO    PASO 1/3 — Descargar backup desde Manager
2026-05-14 08:19:34,045  INFO  ━━━━━━━━━━━━━━━━━━━━━━━━━━━━━━━━━━━━━━━━━━━━━━━━━━━━━━━
2026-05-14 08:19:36,089  INFO  =======================================================
2026-05-14 08:19:36,090  INFO    Iniciando descarga automática de backup Manager
2026-05-14 08:19:36,090  INFO  =======================================================
2026-05-14 08:19:36,094  INFO  ====== WebDriver manager ======
2026-05-14 08:19:38,221  INFO  Get LATEST chromedriver version for google-chrome
2026-05-14 08:19:39,077  INFO  Get LATEST chromedriver version for google-chrome
2026-05-14 08:19:39,526  INFO  There is no [win64] chromedriver "148.0.7778.167" for browser google-chrome "148.0.7778" in cache
2026-05-14 08:19:39,527  INFO  Get LATEST chromedriver version for google-chrome
2026-05-14 08:19:40,524  INFO  WebDriver version 148.0.7778.167 selected
2026-05-14 08:19:40,540  INFO  Modern chrome version https://storage.googleapis.com/chrome-for-testing-public/148.0.7778.167/win32/chromedriver-win32.zip
2026-05-14 08:19:40,541  INFO  About to download new driver from https://storage.googleapis.com/chrome-for-testing-public/148.0.7778.167/win32/chromedriver-win32.zip
2026-05-14 08:19:40,965  INFO  Driver downloading response is 200
2026-05-14 08:19:42,563  INFO  Get LATEST chromedriver version for google-chrome
2026-05-14 08:19:43,086  INFO  Driver has been saved in cache [C:\Users\atorr\.wdm\drivers\chromedriver\win64\148.0.7778.167]
2026-05-14 08:19:46,272  INFO  Abriendo login: https://prodkernel.manager.cl/index.html
2026-05-14 08:19:48,979  INFO  Inputs visibles: 3
2026-05-14 08:19:49,442  INFO  Login enviado...
2026-05-14 08:19:53,456  INFO  ✅ Login exitoso. session_id: 03784bac...
2026-05-14 08:19:53,456  INFO  Navegando a: https://prodkernel.manager.cl/managerbackups.html?session_id=03784bacb1cfd466150c5a87fc45a286&cd=prodkernel
2026-05-14 08:19:53,568  INFO  Recarga 1/10...
2026-05-14 08:19:57,736  INFO    filas .bak encontradas: 3
2026-05-14 08:19:57,737  INFO  ✅ Tabla cargada en recarga 1.
2026-05-14 08:19:57,775  INFO    Ignorando: 2026-5-14-T779354202A.bak
2026-05-14 08:19:57,806  INFO    Ignorando: 2026-5-14-T779354202B.bak
2026-05-14 08:19:57,838  INFO  Backup seleccionado: 2026-5-14-T779354202C.bak (2026-05-14 09:54:22+00:00)
2026-05-14 08:19:57,848  INFO  HTML fila completa: <td class="bucket">mng-respaldos-poliuretano</td><td class="Key">2026-5-14-T779354202C.bak</td><td class="LastModified">2026-05-14 09:54:22+00:00</td><td class="Size">0.12 GB</td><td class="presigned_url" style="display: none;">https://mng-respaldos-poliuretano.s3.amazonaws.com/2026-5-14-T779354202C.bak?AWSAccessKeyId=AKIAZPIFFWJDVFW267ZG&amp;Signature=kezmQnYBU1LyDguDlWxwDw4dcjk%3D&amp;Expires=1778761490</td><td><i onclick="downloadbackup($(this).parent().parent())" class="fas fa-download"></i>
2026-05-14 08:20:00,135  INFO  Descargando 2026-5-14-T779354202C.bak desde S3...
2026-05-14 08:20:05,653  INFO    10 MB / 119 MB (9%)
2026-05-14 08:20:12,398  INFO    21 MB / 119 MB (18%)
2026-05-14 08:20:18,102  INFO    31 MB / 119 MB (26%)
2026-05-14 08:20:21,354  INFO    42 MB / 119 MB (35%)
2026-05-14 08:20:25,403  INFO    52 MB / 119 MB (44%)
2026-05-14 08:20:29,051  INFO    63 MB / 119 MB (53%)
2026-05-14 08:20:33,153  INFO    73 MB / 119 MB (62%)
2026-05-14 08:20:36,886  INFO    84 MB / 119 MB (71%)
2026-05-14 08:20:40,830  INFO    94 MB / 119 MB (79%)
2026-05-14 08:20:44,323  INFO    105 MB / 119 MB (88%)
2026-05-14 08:20:49,686  INFO    115 MB / 119 MB (97%)
2026-05-14 08:20:51,961  INFO  ✅ Descarga completa: 2026-5-14-T779354202C.bak (118.9 MB)
2026-05-14 08:20:51,967  INFO  Backup guardado en: C:\Backups\Manager\2026-5-14-T779354202C_2026-05-14.bak
2026-05-14 08:20:51,967  INFO  ✅ Éxito — backup guardado en: C:\Backups\Manager\2026-5-14-T779354202C_2026-05-14.bak
2026-05-14 08:20:56,054  WARNING  Retrying (Retry(total=2, connect=None, read=None, redirect=None, status=None)) after connection broken by 'NewConnectionError("HTTPConnection(host='localhost', port=51945): Failed to establish a new connection: [WinError 10061] No se puede establecer una conexión ya que el equipo de destino denegó expresamente dicha conexión")': /session/e6ab56eb1ceada9aaf98bf9327945a12
2026-05-14 08:21:00,161  WARNING  Retrying (Retry(total=1, connect=None, read=None, redirect=None, status=None)) after connection broken by 'NewConnectionError("HTTPConnection(host='localhost', port=51945): Failed to establish a new connection: [WinError 10061] No se puede establecer una conexión ya que el equipo de destino denegó expresamente dicha conexión")': /session/e6ab56eb1ceada9aaf98bf9327945a12
2026-05-14 08:21:04,212  WARNING  Retrying (Retry(total=0, connect=None, read=None, redirect=None, status=None)) after connection broken by 'NewConnectionError("HTTPConnection(host='localhost', port=51945): Failed to establish a new connection: [WinError 10061] No se puede establecer una conexión ya que el equipo de destino denegó expresamente dicha conexión")': /session/e6ab56eb1ceada9aaf98bf9327945a12
2026-05-14 08:21:08,289  INFO  
2026-05-14 08:21:08,289  INFO  ━━━━━━━━━━━━━━━━━━━━━━━━━━━━━━━━━━━━━━━━━━━━━━━━━━━━━━━
2026-05-14 08:21:08,290  INFO    PASO 2/3 — Restaurar BD y extraer Ventas Full
2026-05-14 08:21:08,290  INFO  ━━━━━━━━━━━━━━━━━━━━━━━━━━━━━━━━━━━━━━━━━━━━━━━━━━━━━━━
2026-05-14 08:21:12,807  INFO  =======================================================
2026-05-14 08:21:12,807  INFO    PASO 1 — Restaurar BD y extraer Ventas Full
2026-05-14 08:21:12,807  INFO  =======================================================
2026-05-14 08:21:12,818  INFO  Usando .bak de ultimo_bak.txt: 2026-5-14-T779354202C_2026-05-14.bak
2026-05-14 08:21:12,818  INFO  Usando backup: 2026-5-14-T779354202C_2026-05-14.bak
2026-05-14 08:21:12,818  INFO  Restaurando 2026-5-14-T779354202C_2026-05-14.bak como 'T779354202A'...
2026-05-14 08:21:12,820  INFO  Copiando .bak a C:\Program Files\Microsoft SQL Server\MSSQL17.SQLEXPRESS\MSSQL\DATA\2026-5-14-T779354202C_2026-05-14.bak...
2026-05-14 08:21:13,792  INFO  Archivos lógicos → Data: NEWDATA, Log: NEWDATA_log
2026-05-14 08:21:13,792  INFO  Ejecutando RESTORE DATABASE...
2026-05-14 08:21:14,356  INFO  Esperando que la BD quede en línea...
2026-05-14 08:21:17,432  INFO  ✅ BD en línea tras 1 intentos.
2026-05-14 08:21:17,432  INFO  Configurando MULTI_USER...
2026-05-14 08:21:26,459  WARNING    Intento 1/10: ('42000', "[42000] [Microsoft][ODBC Driver 17 for SQL Server][SQL Server]ALTER DATABASE failed because a lock could not be placed on database 'T779354202A'. Try again later. (5061) (SQLExecDirectW); [42000] [Microsoft][ODBC Driver 17 for SQL Server][SQL Server]ALTER DATABASE statement failed. (5069)")
2026-05-14 08:21:35,481  WARNING    Intento 2/10: ('42000', "[42000] [Microsoft][ODBC Driver 17 for SQL Server][SQL Server]ALTER DATABASE failed because a lock could not be placed on database 'T779354202A'. Try again later. (5061) (SQLExecDirectW); [42000] [Microsoft][ODBC Driver 17 for SQL Server][SQL Server]ALTER DATABASE statement failed. (5069)")
2026-05-14 08:21:44,486  WARNING    Intento 3/10: ('42000', "[42000] [Microsoft][ODBC Driver 17 for SQL Server][SQL Server]ALTER DATABASE failed because a lock could not be placed on database 'T779354202A'. Try again later. (5061) (SQLExecDirectW); [42000] [Microsoft][ODBC Driver 17 for SQL Server][SQL Server]ALTER DATABASE statement failed. (5069)")
2026-05-14 08:21:53,501  WARNING    Intento 4/10: ('42000', "[42000] [Microsoft][ODBC Driver 17 for SQL Server][SQL Server]ALTER DATABASE failed because a lock could not be placed on database 'T779354202A'. Try again later. (5061) (SQLExecDirectW); [42000] [Microsoft][ODBC Driver 17 for SQL Server][SQL Server]ALTER DATABASE statement failed. (5069)")
2026-05-14 08:22:02,519  WARNING    Intento 5/10: ('42000', "[42000] [Microsoft][ODBC Driver 17 for SQL Server][SQL Server]ALTER DATABASE failed because a lock could not be placed on database 'T779354202A'. Try again later. (5061) (SQLExecDirectW); [42000] [Microsoft][ODBC Driver 17 for SQL Server][SQL Server]ALTER DATABASE statement failed. (5069)")
2026-05-14 08:22:11,521  WARNING    Intento 6/10: ('42000', "[42000] [Microsoft][ODBC Driver 17 for SQL Server][SQL Server]ALTER DATABASE failed because a lock could not be placed on database 'T779354202A'. Try again later. (5061) (SQLExecDirectW); [42000] [Microsoft][ODBC Driver 17 for SQL Server][SQL Server]ALTER DATABASE statement failed. (5069)")
2026-05-14 08:22:20,537  WARNING    Intento 7/10: ('42000', "[42000] [Microsoft][ODBC Driver 17 for SQL Server][SQL Server]ALTER DATABASE failed because a lock could not be placed on database 'T779354202A'. Try again later. (5061) (SQLExecDirectW); [42000] [Microsoft][ODBC Driver 17 for SQL Server][SQL Server]ALTER DATABASE statement failed. (5069)")
2026-05-14 08:22:29,541  WARNING    Intento 8/10: ('42000', "[42000] [Microsoft][ODBC Driver 17 for SQL Server][SQL Server]ALTER DATABASE failed because a lock could not be placed on database 'T779354202A'. Try again later. (5061) (SQLExecDirectW); [42000] [Microsoft][ODBC Driver 17 for SQL Server][SQL Server]ALTER DATABASE statement failed. (5069)")
2026-05-14 08:22:38,550  WARNING    Intento 9/10: ('42000', "[42000] [Microsoft][ODBC Driver 17 for SQL Server][SQL Server]ALTER DATABASE failed because a lock could not be placed on database 'T779354202A'. Try again later. (5061) (SQLExecDirectW); [42000] [Microsoft][ODBC Driver 17 for SQL Server][SQL Server]ALTER DATABASE statement failed. (5069)")
2026-05-14 08:22:47,563  WARNING    Intento 10/10: ('42000', "[42000] [Microsoft][ODBC Driver 17 for SQL Server][SQL Server]ALTER DATABASE failed because a lock could not be placed on database 'T779354202A'. Try again later. (5061) (SQLExecDirectW); [42000] [Microsoft][ODBC Driver 17 for SQL Server][SQL Server]ALTER DATABASE statement failed. (5069)")
2026-05-14 08:22:49,194  INFO  ✅ BD 'T779354202A' restaurada correctamente.
2026-05-14 08:22:49,195  INFO  Conectando a 'T779354202A' para extraer ventas 2026...
2026-05-14 08:22:50,020  INFO  Registros extraídos: 1,491
2026-05-14 08:22:50,022  INFO  Exportando a Excel: C:\Reportes\VentasFull\VentasFull_2026-05-14.xlsx
2026-05-14 08:22:54,679  INFO  ✅ Excel generado: C:\Reportes\VentasFull\VentasFull_2026-05-14.xlsx (0.3 MB)
2026-05-14 08:22:54,681  INFO  ✅ Listo → C:\Reportes\VentasFull\VentasFull_2026-05-14.xlsx
2026-05-14 08:22:54,685  INFO  
2026-05-14 08:22:54,686  INFO  ━━━━━━━━━━━━━━━━━━━━━━━━━━━━━━━━━━━━━━━━━━━━━━━━━━━━━━━
2026-05-14 08:22:54,686  INFO    PASO 3/3 — Subir Excel a Google Drive
2026-05-14 08:22:54,686  INFO  ━━━━━━━━━━━━━━━━━━━━━━━━━━━━━━━━━━━━━━━━━━━━━━━━━━━━━━━
2026-05-14 08:22:59,468  INFO  =======================================================
2026-05-14 08:22:59,470  INFO    PASO 2 — Subir Excel a Google Drive
2026-05-14 08:22:59,470  INFO  =======================================================
2026-05-14 08:22:59,488  INFO  Subiendo: VentasFull_2026-05-14.xlsx (0.3 MB)
2026-05-14 08:22:59,489  INFO  Autenticando con cuenta de servicio...
2026-05-14 08:22:59,615  INFO  file_cache is only supported with oauth2client<4.0.0
2026-05-14 08:23:01,324  INFO  Actualizando archivo existente (ID: 1fPkeKJ7tkw0hi5yQCKsmjAudaC2V4o6q)...
2026-05-14 08:23:05,043  INFO  ✅ Archivo actualizado: VentasFull_Actualizado.xlsx
2026-05-14 08:23:05,043  INFO  URL: https://drive.google.com/file/d/1fPkeKJ7tkw0hi5yQCKsmjAudaC2V4o6q/view
2026-05-14 08:23:05,044  INFO  
2026-05-14 08:23:05,044  INFO  ╔═════════════════════════════════════════════════════╗
2026-05-14 08:23:05,045  INFO  ║  ✅ PIPELINE COMPLETADO en 211s                      ║
2026-05-14 08:23:05,045  INFO  ║  📊 Excel en Drive: VentasFull_Actualizado.xlsx      ║
2026-05-14 08:23:05,045  INFO  ╚═════════════════════════════════════════════════════╝
2026-05-14 09:25:15,014  INFO  ╔═════════════════════════════════════════════════════╗
2026-05-14 09:25:15,016  INFO  ║   PIPELINE VENTAS FULL — Inicio: 2026-05-14 09:25   ║
2026-05-14 09:25:15,016  INFO  ╚═════════════════════════════════════════════════════╝
2026-05-14 09:25:15,016  INFO  
2026-05-14 09:25:15,016  INFO  ━━━━━━━━━━━━━━━━━━━━━━━━━━━━━━━━━━━━━━━━━━━━━━━━━━━━━━━
2026-05-14 09:25:15,016  INFO    PASO 1/3 — Descargar backup desde Manager
2026-05-14 09:25:15,016  INFO  ━━━━━━━━━━━━━━━━━━━━━━━━━━━━━━━━━━━━━━━━━━━━━━━━━━━━━━━
2026-05-14 09:25:16,225  INFO  =======================================================
2026-05-14 09:25:16,225  INFO    Iniciando descarga automática de backup Manager
2026-05-14 09:25:16,226  INFO  =======================================================
2026-05-14 09:25:16,229  INFO  ====== WebDriver manager ======
2026-05-14 09:25:18,244  INFO  Get LATEST chromedriver version for google-chrome
2026-05-14 09:25:18,746  INFO  Get LATEST chromedriver version for google-chrome
2026-05-14 09:25:19,151  INFO  Driver [C:\Users\atorr\.wdm\drivers\chromedriver\win64\148.0.7778.167\chromedriver-win32/chromedriver.exe] found in cache
2026-05-14 09:25:21,890  INFO  Abriendo login: https://prodkernel.manager.cl/index.html
2026-05-14 09:25:24,133  INFO  Inputs visibles: 3
2026-05-14 09:25:24,635  INFO  Login enviado...
2026-05-14 09:25:25,294  WARNING  Retrying (Retry(total=2, connect=None, read=None, redirect=None, status=None)) after connection broken by 'ConnectionResetError(10054, 'Se ha forzado la interrupción de una conexión existente por el host remoto', None, 10054, None)': /session/368d49494c33d38c55bbd8e30635b35d
2026-05-14 09:25:29,391  WARNING  Retrying (Retry(total=1, connect=None, read=None, redirect=None, status=None)) after connection broken by 'NewConnectionError("HTTPConnection(host='localhost', port=60878): Failed to establish a new connection: [WinError 10061] No se puede establecer una conexión ya que el equipo de destino denegó expresamente dicha conexión")': /session/368d49494c33d38c55bbd8e30635b35d
2026-05-14 09:25:33,489  WARNING  Retrying (Retry(total=0, connect=None, read=None, redirect=None, status=None)) after connection broken by 'NewConnectionError("HTTPConnection(host='localhost', port=60878): Failed to establish a new connection: [WinError 10061] No se puede establecer una conexión ya que el equipo de destino denegó expresamente dicha conexión")': /session/368d49494c33d38c55bbd8e30635b35d
2026-05-14 09:26:18,298  INFO  ╔═════════════════════════════════════════════════════╗
2026-05-14 09:26:18,298  INFO  ║   PIPELINE VENTAS FULL — Inicio: 2026-05-14 09:26   ║
2026-05-14 09:26:18,299  INFO  ╚═════════════════════════════════════════════════════╝
2026-05-14 09:26:18,299  INFO  
2026-05-14 09:26:18,299  INFO  ━━━━━━━━━━━━━━━━━━━━━━━━━━━━━━━━━━━━━━━━━━━━━━━━━━━━━━━
2026-05-14 09:26:18,299  INFO    PASO 1/3 — Descargar backup desde Manager
2026-05-14 09:26:18,300  INFO  ━━━━━━━━━━━━━━━━━━━━━━━━━━━━━━━━━━━━━━━━━━━━━━━━━━━━━━━
2026-05-14 09:26:18,745  INFO  =======================================================
2026-05-14 09:26:18,745  INFO    Iniciando descarga automática de backup Manager
2026-05-14 09:26:18,745  INFO  =======================================================
2026-05-14 09:26:18,746  INFO  ====== WebDriver manager ======
2026-05-14 09:26:20,539  INFO  Get LATEST chromedriver version for google-chrome
2026-05-14 09:26:20,928  INFO  Get LATEST chromedriver version for google-chrome
2026-05-14 09:26:21,295  INFO  Driver [C:\Users\atorr\.wdm\drivers\chromedriver\win64\148.0.7778.167\chromedriver-win32/chromedriver.exe] found in cache
2026-05-14 09:26:22,504  INFO  Abriendo login: https://prodkernel.manager.cl/index.html
2026-05-14 09:26:24,458  INFO  Inputs visibles: 3
2026-05-14 09:26:24,827  INFO  Login enviado...
2026-05-14 09:26:28,844  INFO  ✅ Login exitoso. session_id: a808ed28...
2026-05-14 09:26:28,844  INFO  Navegando a: https://prodkernel.manager.cl/managerbackups.html?session_id=a808ed28c00833d564c9a160f92802ae&cd=prodkernel
2026-05-14 09:26:29,173  INFO  Recarga 1/10...
2026-05-14 09:26:33,370  INFO    filas .bak encontradas: 3
2026-05-14 09:26:33,370  INFO  ✅ Tabla cargada en recarga 1.
2026-05-14 09:26:33,442  INFO    Ignorando: 2026-5-14-T779354202A.bak
2026-05-14 09:26:33,475  INFO    Ignorando: 2026-5-14-T779354202B.bak
2026-05-14 09:26:33,516  INFO  Backup seleccionado: 2026-5-14-T779354202C.bak (2026-05-14 09:54:22+00:00)
2026-05-14 09:26:33,525  INFO  HTML fila completa: <td class="bucket">mng-respaldos-poliuretano</td><td class="Key">2026-5-14-T779354202C.bak</td><td class="LastModified">2026-05-14 09:54:22+00:00</td><td class="Size">0.12 GB</td><td class="presigned_url" style="display: none;">https://mng-respaldos-poliuretano.s3.amazonaws.com/2026-5-14-T779354202C.bak?AWSAccessKeyId=AKIAZPIFFWJDVFW267ZG&amp;Signature=Lb0kF5wngycsCXaPSRRAQQtUAyQ%3D&amp;Expires=1778765484</td><td><i onclick="downloadbackup($(this).parent().parent())" class="fas fa-download"></i>
2026-05-14 09:26:35,797  INFO  Descargando 2026-5-14-T779354202C.bak desde S3...
2026-05-14 09:26:47,503  INFO    10 MB / 119 MB (9%)
2026-05-14 09:26:51,937  INFO    21 MB / 119 MB (18%)
2026-05-14 09:26:56,018  INFO    31 MB / 119 MB (26%)
2026-05-14 09:27:02,755  INFO    42 MB / 119 MB (35%)
2026-05-14 09:27:09,556  INFO    52 MB / 119 MB (44%)
2026-05-14 09:27:16,987  INFO    63 MB / 119 MB (53%)
2026-05-14 09:27:35,093  INFO    73 MB / 119 MB (62%)
2026-05-14 09:27:45,330  INFO    84 MB / 119 MB (71%)
2026-05-14 09:27:53,235  INFO    94 MB / 119 MB (79%)
2026-05-14 09:28:04,853  INFO    105 MB / 119 MB (88%)
2026-05-14 09:28:13,761  INFO    115 MB / 119 MB (97%)
2026-05-14 09:28:18,214  INFO  ✅ Descarga completa: 2026-5-14-T779354202C.bak (118.9 MB)
2026-05-14 09:28:18,219  INFO  Backup guardado en: C:\Backups\Manager\2026-5-14-T779354202C_2026-05-14_1778765298.bak
2026-05-14 09:28:18,219  INFO  ✅ Éxito — backup guardado en: C:\Backups\Manager\2026-5-14-T779354202C_2026-05-14_1778765298.bak
2026-05-14 09:28:22,322  WARNING  Retrying (Retry(total=2, connect=None, read=None, redirect=None, status=None)) after connection broken by 'NewConnectionError("HTTPConnection(host='localhost', port=57540): Failed to establish a new connection: [WinError 10061] No se puede establecer una conexión ya que el equipo de destino denegó expresamente dicha conexión")': /session/826c692b0201400c7f0b3369ca42def2
2026-05-14 09:28:26,396  WARNING  Retrying (Retry(total=1, connect=None, read=None, redirect=None, status=None)) after connection broken by 'NewConnectionError("HTTPConnection(host='localhost', port=57540): Failed to establish a new connection: [WinError 10061] No se puede establecer una conexión ya que el equipo de destino denegó expresamente dicha conexión")': /session/826c692b0201400c7f0b3369ca42def2
2026-05-14 09:28:30,490  WARNING  Retrying (Retry(total=0, connect=None, read=None, redirect=None, status=None)) after connection broken by 'NewConnectionError("HTTPConnection(host='localhost', port=57540): Failed to establish a new connection: [WinError 10061] No se puede establecer una conexión ya que el equipo de destino denegó expresamente dicha conexión")': /session/826c692b0201400c7f0b3369ca42def2
2026-05-14 09:28:34,574  INFO  
2026-05-14 09:28:34,588  INFO  ━━━━━━━━━━━━━━━━━━━━━━━━━━━━━━━━━━━━━━━━━━━━━━━━━━━━━━━
2026-05-14 09:28:34,592  INFO    PASO 2/3 — Restaurar BD y extraer Ventas Full
2026-05-14 09:28:34,592  INFO  ━━━━━━━━━━━━━━━━━━━━━━━━━━━━━━━━━━━━━━━━━━━━━━━━━━━━━━━
2026-05-14 09:28:39,397  INFO  ============================================================
2026-05-14 09:28:39,397  INFO    PASO 1 — Restaurar BD y extraer Múltiples Reportes
2026-05-14 09:28:39,397  INFO  ============================================================
2026-05-14 09:28:39,412  INFO  Usando .bak de ultimo_bak.txt: 2026-5-14-T779354202C_2026-05-14_1778765298.bak
2026-05-14 09:28:39,412  INFO  Usando backup: 2026-5-14-T779354202C_2026-05-14_1778765298.bak
2026-05-14 09:28:39,412  INFO  Restaurando 2026-5-14-T779354202C_2026-05-14_1778765298.bak como 'T779354202A'...
2026-05-14 09:28:39,413  INFO  Copiando .bak a C:\Program Files\Microsoft SQL Server\MSSQL17.SQLEXPRESS\MSSQL\DATA\2026-5-14-T779354202C_2026-05-14_1778765298.bak...
2026-05-14 09:28:43,142  INFO  Ejecutando RESTORE DATABASE...
2026-05-14 09:29:27,757  INFO  ✅ BD 'T779354202A' restaurada correctamente.
2026-05-14 09:29:27,757  INFO  Conectando a 'T779354202A' para extraer reportes...
2026-05-14 09:29:27,800  INFO  Ejecutando: base_completo...
2026-05-14 09:29:29,181  INFO    └─ 8,463 filas extraídas.
2026-05-14 09:29:29,182  INFO  Ejecutando: Ordenes_de_Compra...
2026-05-14 09:29:29,392  INFO    └─ 2,988 filas extraídas.
2026-05-14 09:29:29,392  INFO  Ejecutando: Ordenes_de_Produccion...
2026-05-14 09:29:29,398  ERROR    └─ Error ejecutando Ordenes_de_Produccion: ('42000', "[42000] [Microsoft][ODBC Driver 17 for SQL Server][SQL Server]Incorrect syntax near 'T779354202C'. (102) (SQLExecDirectW)")
2026-05-14 09:29:29,399  INFO  Ejecutando: Pendiente_a_facturar...
2026-05-14 09:29:29,482  INFO    └─ 137 filas extraídas.
2026-05-14 09:29:29,483  INFO  Ejecutando: Vales_de_Salida...
2026-05-14 09:29:29,486  ERROR    └─ Error ejecutando Vales_de_Salida: ('42000', "[42000] [Microsoft][ODBC Driver 17 for SQL Server][SQL Server]Incorrect syntax near 'T779354202A'. (102) (SQLExecDirectW)")
2026-05-14 09:29:29,487  INFO  Ejecutando: Ventas_Full...
2026-05-14 09:29:29,964  INFO    └─ 1,491 filas extraídas.
2026-05-14 09:29:29,965  INFO  Exportando a Excel multipestaña: C:\Reportes\VentasFull\Reportes_Completos_2026-05-14.xlsx
2026-05-14 09:30:10,199  INFO  ✅ Excel generado: C:\Reportes\VentasFull\Reportes_Completos_2026-05-14.xlsx (2.2 MB)
2026-05-14 09:30:10,201  INFO  ✅ Proceso Completado → C:\Reportes\VentasFull\Reportes_Completos_2026-05-14.xlsx
2026-05-14 09:30:10,211  INFO  
2026-05-14 09:30:10,211  INFO  ━━━━━━━━━━━━━━━━━━━━━━━━━━━━━━━━━━━━━━━━━━━━━━━━━━━━━━━
2026-05-14 09:30:10,211  INFO    PASO 3/3 — Subir Excel a Google Drive
2026-05-14 09:30:10,211  INFO  ━━━━━━━━━━━━━━━━━━━━━━━━━━━━━━━━━━━━━━━━━━━━━━━━━━━━━━━
2026-05-14 09:30:14,398  INFO  =======================================================
2026-05-14 09:30:14,399  INFO    PASO 2 — Subir Excel a Google Drive
2026-05-14 09:30:14,399  INFO  =======================================================
2026-05-14 09:30:14,414  INFO  Subiendo: Reportes_Completos_2026-05-14.xlsx (2.2 MB)
2026-05-14 09:30:14,415  INFO  Autenticando con cuenta de servicio...
2026-05-14 09:30:14,547  INFO  file_cache is only supported with oauth2client<4.0.0
2026-05-14 09:30:15,949  INFO  Actualizando archivo existente (ID: 1fPkeKJ7tkw0hi5yQCKsmjAudaC2V4o6q)...
2026-05-14 09:30:20,006  INFO  ✅ Archivo actualizado: VentasFull_Actualizado.xlsx
2026-05-14 09:30:20,007  INFO  URL: https://drive.google.com/file/d/1fPkeKJ7tkw0hi5yQCKsmjAudaC2V4o6q/view
2026-05-14 09:30:20,007  INFO  
2026-05-14 09:30:20,007  INFO  ╔═════════════════════════════════════════════════════╗
2026-05-14 09:30:20,008  INFO  ║  ✅ PIPELINE COMPLETADO en 241s                      ║
2026-05-14 09:30:20,009  INFO  ║  📊 Excel en Drive: VentasFull_Actualizado.xlsx      ║
2026-05-14 09:30:20,009  INFO  ╚═════════════════════════════════════════════════════╝
2026-05-14 10:36:20,787  INFO  ╔═════════════════════════════════════════════════════╗
2026-05-14 10:36:20,789  INFO  ║   PIPELINE VENTAS FULL — Inicio: 2026-05-14 10:36   ║
2026-05-14 10:36:20,789  INFO  ╚═════════════════════════════════════════════════════╝
2026-05-14 10:36:20,790  INFO  
2026-05-14 10:36:20,790  INFO  ━━━━━━━━━━━━━━━━━━━━━━━━━━━━━━━━━━━━━━━━━━━━━━━━━━━━━━━
2026-05-14 10:36:20,790  INFO    PASO 1/3 — Descargar backup desde Manager
2026-05-14 10:36:20,790  INFO  ━━━━━━━━━━━━━━━━━━━━━━━━━━━━━━━━━━━━━━━━━━━━━━━━━━━━━━━
2026-05-14 10:36:21,941  INFO  =======================================================
2026-05-14 10:36:21,942  INFO    Iniciando descarga automática de backup Manager
2026-05-14 10:36:21,942  INFO  =======================================================
2026-05-14 10:36:21,944  INFO  ====== WebDriver manager ======
2026-05-14 10:36:24,224  INFO  Get LATEST chromedriver version for google-chrome
2026-05-14 10:36:24,689  INFO  Get LATEST chromedriver version for google-chrome
2026-05-14 10:36:25,055  INFO  Driver [C:\Users\atorr\.wdm\drivers\chromedriver\win64\148.0.7778.167\chromedriver-win32/chromedriver.exe] found in cache
2026-05-14 10:36:27,316  INFO  Abriendo login: https://prodkernel.manager.cl/index.html
2026-05-14 10:36:29,372  INFO  Inputs visibles: 3
2026-05-14 10:36:29,731  INFO  Login enviado...
2026-05-14 10:36:33,743  INFO  ✅ Login exitoso. session_id: aaf13b05...
2026-05-14 10:36:33,745  INFO  Navegando a: https://prodkernel.manager.cl/managerbackups.html?session_id=aaf13b052f64967e1faa857e70564cea&cd=prodkernel
2026-05-14 10:36:33,854  INFO  Recarga 1/10...
2026-05-14 10:36:37,947  INFO    filas .bak encontradas: 0
2026-05-14 10:36:37,947  INFO  Recarga 2/10...
2026-05-14 10:36:42,030  INFO    filas .bak encontradas: 0
2026-05-14 10:36:42,031  INFO  Recarga 3/10...
2026-05-14 10:36:46,758  INFO    filas .bak encontradas: 3
2026-05-14 10:36:46,758  INFO  ✅ Tabla cargada en recarga 3.
2026-05-14 10:36:46,804  INFO    Ignorando: 2026-5-14-T779354202A.bak
2026-05-14 10:36:46,840  INFO    Ignorando: 2026-5-14-T779354202B.bak
2026-05-14 10:36:46,908  INFO  Backup seleccionado: 2026-5-14-T779354202C.bak (2026-05-14 09:54:22+00:00)
2026-05-14 10:36:46,919  INFO  HTML fila completa: <td class="bucket">mng-respaldos-poliuretano</td><td class="Key">2026-5-14-T779354202C.bak</td><td class="LastModified">2026-05-14 09:54:22+00:00</td><td class="Size">0.12 GB</td><td class="presigned_url" style="display: none;">https://mng-respaldos-poliuretano.s3.amazonaws.com/2026-5-14-T779354202C.bak?AWSAccessKeyId=AKIAZPIFFWJDVFW267ZG&amp;Signature=EKsmO%2BTqWir359%2F%2BIdX%2FgL6v%2BFA%3D&amp;Expires=1778769697</td><td><i onclick="downloadbackup($(this).parent().parent())" class="fas fa-down
2026-05-14 10:36:49,196  INFO  Descargando 2026-5-14-T779354202C.bak desde S3...
2026-05-14 10:36:56,625  INFO    10 MB / 119 MB (9%)
2026-05-14 10:37:01,589  INFO    21 MB / 119 MB (18%)
2026-05-14 10:37:05,753  INFO    31 MB / 119 MB (26%)
2026-05-14 10:37:10,213  INFO    42 MB / 119 MB (35%)
2026-05-14 10:37:14,689  INFO    52 MB / 119 MB (44%)
2026-05-14 10:37:19,901  INFO    63 MB / 119 MB (53%)
2026-05-14 10:37:25,557  INFO    73 MB / 119 MB (62%)
2026-05-14 10:37:31,429  INFO    84 MB / 119 MB (71%)
2026-05-14 10:37:44,816  INFO    94 MB / 119 MB (79%)
2026-05-14 10:38:07,164  INFO    105 MB / 119 MB (88%)
2026-05-14 10:38:11,215  INFO    115 MB / 119 MB (97%)
2026-05-14 10:38:12,614  INFO  ✅ Descarga completa: 2026-5-14-T779354202C.bak (118.9 MB)
2026-05-14 10:38:12,618  INFO  Backup guardado en: C:\Backups\Manager\2026-5-14-T779354202C_2026-05-14_1778769492.bak
2026-05-14 10:38:12,618  INFO  ✅ Éxito — backup guardado en: C:\Backups\Manager\2026-5-14-T779354202C_2026-05-14_1778769492.bak
2026-05-14 10:38:16,701  WARNING  Retrying (Retry(total=2, connect=None, read=None, redirect=None, status=None)) after connection broken by 'NewConnectionError("HTTPConnection(host='localhost', port=54726): Failed to establish a new connection: [WinError 10061] No se puede establecer una conexión ya que el equipo de destino denegó expresamente dicha conexión")': /session/8727b058070524db094d1da0e0b32ba0
2026-05-14 10:38:20,798  WARNING  Retrying (Retry(total=1, connect=None, read=None, redirect=None, status=None)) after connection broken by 'NewConnectionError("HTTPConnection(host='localhost', port=54726): Failed to establish a new connection: [WinError 10061] No se puede establecer una conexión ya que el equipo de destino denegó expresamente dicha conexión")': /session/8727b058070524db094d1da0e0b32ba0
2026-05-14 10:38:24,896  WARNING  Retrying (Retry(total=0, connect=None, read=None, redirect=None, status=None)) after connection broken by 'NewConnectionError("HTTPConnection(host='localhost', port=54726): Failed to establish a new connection: [WinError 10061] No se puede establecer una conexión ya que el equipo de destino denegó expresamente dicha conexión")': /session/8727b058070524db094d1da0e0b32ba0
2026-05-14 10:38:28,985  INFO  
2026-05-14 10:38:28,985  INFO  ━━━━━━━━━━━━━━━━━━━━━━━━━━━━━━━━━━━━━━━━━━━━━━━━━━━━━━━
2026-05-14 10:38:28,985  INFO    PASO 2/3 — Restaurar BD y extraer Ventas Full
2026-05-14 10:38:28,985  INFO  ━━━━━━━━━━━━━━━━━━━━━━━━━━━━━━━━━━━━━━━━━━━━━━━━━━━━━━━
2026-05-14 10:38:33,403  INFO  ============================================================
2026-05-14 10:38:33,403  INFO    PASO 1 — Restaurar BD y extraer Múltiples Reportes
2026-05-14 10:38:33,403  INFO  ============================================================
2026-05-14 10:38:33,417  INFO  Usando .bak de ultimo_bak.txt: 2026-5-14-T779354202C_2026-05-14_1778769492.bak
2026-05-14 10:38:33,418  INFO  Usando backup: 2026-5-14-T779354202C_2026-05-14_1778769492.bak
2026-05-14 10:38:33,418  INFO  Restaurando 2026-5-14-T779354202C_2026-05-14_1778769492.bak como 'T779354202A'...
2026-05-14 10:38:33,419  INFO  Copiando .bak a C:\Program Files\Microsoft SQL Server\MSSQL17.SQLEXPRESS\MSSQL\DATA\2026-5-14-T779354202C_2026-05-14_1778769492.bak...
2026-05-14 10:38:37,041  INFO  Ejecutando RESTORE DATABASE...
2026-05-14 10:39:25,413  INFO  ✅ BD 'T779354202A' restaurada correctamente.
2026-05-14 10:39:25,414  INFO  Conectando a 'T779354202A' para extraer reportes...
2026-05-14 10:39:25,458  INFO  Ejecutando: base_completo...
2026-05-14 10:39:26,876  INFO    └─ 8,463 filas extraídas.
2026-05-14 10:39:26,876  INFO  Ejecutando: Ordenes_de_Compra...
2026-05-14 10:39:26,921  INFO    └─ 128 filas extraídas.
2026-05-14 10:39:26,921  INFO  Ejecutando: Ordenes_de_Produccion...
2026-05-14 10:39:27,043  INFO    └─ 21 filas extraídas.
2026-05-14 10:39:27,043  INFO  Ejecutando: Pendiente_a_facturar...
2026-05-14 10:39:27,109  INFO    └─ 137 filas extraídas.
2026-05-14 10:39:27,109  INFO  Ejecutando: Vales_de_Salida...
2026-05-14 10:39:27,617  INFO    └─ 10,875 filas extraídas.
2026-05-14 10:39:27,618  INFO  Ejecutando: Ventas_Full...
2026-05-14 10:39:27,906  INFO    └─ 1,491 filas extraídas.
2026-05-14 10:39:27,907  INFO  Exportando a Excel multipestaña: C:\Reportes\VentasFull\Reportes_Completos_2026-05-14.xlsx
2026-05-14 10:39:27,909  ERROR  
2026-05-14 10:39:27,909  ERROR  ╔═════════════════════════════════════════════════════╗
2026-05-14 10:39:27,910  ERROR  ║  ❌ PIPELINE FALLÓ                                   ║
2026-05-14 10:39:27,910  ERROR  ║  Error: [Errno 13] Permission denied: 'C:\\Reportes\║
2026-05-14 10:39:27,910  ERROR  ╚═════════════════════════════════════════════════════╝
2026-05-14 10:39:27,983  ERROR  Traceback (most recent call last):
  File "C:\Scripts\BackupManager\00_pipeline_completo.py", line 51, in main
    restaurar()
    ~~~~~~~~~^^
  File "C:\Scripts\BackupManager\restaurar_y_extraer.py", line 244, in main
    ruta_excel = exportar_excel(diccionario_reportes)
  File "C:\Scripts\BackupManager\restaurar_y_extraer.py", line 174, in exportar_excel
    with pd.ExcelWriter(ruta_excel, engine="openpyxl") as writer:
         ~~~~~~~~~~~~~~^^^^^^^^^^^^^^^^^^^^^^^^^^^^^^^
  File "C:\Users\atorr\AppData\Local\Programs\Python\Python314\Lib\site-packages\pandas\io\excel\_openpyxl.py", line 62, in __init__
    super().__init__(
    ~~~~~~~~~~~~~~~~^
        path,
        ^^^^^
    ...<3 lines>...
        engine_kwargs=engine_kwargs,
        ^^^^^^^^^^^^^^^^^^^^^^^^^^^^
    )
    ^
  File "C:\Users\atorr\AppData\Local\Programs\Python\Python314\Lib\site-packages\pandas\io\excel\_base.py", line 1281, in __init__
    self._handles = get_handle(
                    ~~~~~~~~~~^
        path, mode, storage_options=storage_options, is_text=False
        ^^^^^^^^^^^^^^^^^^^^^^^^^^^^^^^^^^^^^^^^^^^^^^^^^^^^^^^^^^
    )
    ^
  File "C:\Users\atorr\AppData\Local\Programs\Python\Python314\Lib\site-packages\pandas\io\common.py", line 935, in get_handle
    handle = open(handle, ioargs.mode)
PermissionError: [Errno 13] Permission denied: 'C:\\Reportes\\VentasFull\\Reportes_Completos_2026-05-14.xlsx'

2026-05-14 10:42:47,853  INFO  ============================================================
2026-05-14 10:42:47,853  INFO    PASO 1 — Restaurar BD y extraer Múltiples Reportes
2026-05-14 10:42:47,853  INFO  ============================================================
2026-05-14 10:42:47,854  INFO  Usando .bak de ultimo_bak.txt: 2026-5-14-T779354202C_2026-05-14_1778769492.bak
2026-05-14 10:42:47,854  INFO  Usando backup: 2026-5-14-T779354202C_2026-05-14_1778769492.bak
2026-05-14 10:42:47,855  INFO  Restaurando 2026-5-14-T779354202C_2026-05-14_1778769492.bak como 'T779354202A'...
2026-05-14 10:42:47,855  INFO  Copiando .bak a C:\Program Files\Microsoft SQL Server\MSSQL17.SQLEXPRESS\MSSQL\DATA\2026-5-14-T779354202C_2026-05-14_1778769492.bak...
2026-05-14 10:42:48,237  INFO  Ejecutando RESTORE DATABASE...
2026-05-14 10:43:32,442  INFO  ✅ BD 'T779354202A' restaurada correctamente.
2026-05-14 10:43:32,443  INFO  Conectando a 'T779354202A' para extraer reportes...
2026-05-14 10:43:32,480  INFO  Ejecutando: base_completo...
2026-05-14 10:43:33,797  INFO    └─ 8,463 filas extraídas.
2026-05-14 10:43:33,797  INFO  Ejecutando: Ordenes_de_Compra...
2026-05-14 10:43:33,900  INFO    └─ 128 filas extraídas.
2026-05-14 10:43:33,901  INFO  Ejecutando: Ordenes_de_Produccion...
2026-05-14 10:43:34,030  INFO    └─ 21 filas extraídas.
2026-05-14 10:43:34,030  INFO  Ejecutando: Pendiente_a_facturar...
2026-05-14 10:43:34,132  INFO    └─ 137 filas extraídas.
2026-05-14 10:43:34,132  INFO  Ejecutando: Vales_de_Salida...
2026-05-14 10:43:34,657  INFO    └─ 10,875 filas extraídas.
2026-05-14 10:43:34,658  INFO  Ejecutando: Ventas_Full...
2026-05-14 10:43:35,017  INFO    └─ 1,491 filas extraídas.
2026-05-14 10:43:35,018  INFO  Exportando a Excel multipestaña: C:\Reportes\VentasFull\Reportes_Completos_2026-05-14.xlsx
2026-05-14 10:44:25,103  INFO  ╔═════════════════════════════════════════════════════╗
2026-05-14 10:44:25,103  INFO  ║   PIPELINE VENTAS FULL — Inicio: 2026-05-14 10:44   ║
2026-05-14 10:44:25,103  INFO  ╚═════════════════════════════════════════════════════╝
2026-05-14 10:44:25,103  INFO  
2026-05-14 10:44:25,103  INFO  ━━━━━━━━━━━━━━━━━━━━━━━━━━━━━━━━━━━━━━━━━━━━━━━━━━━━━━━
2026-05-14 10:44:25,104  INFO    PASO 1/3 — Descargar backup desde Manager
2026-05-14 10:44:25,104  INFO  ━━━━━━━━━━━━━━━━━━━━━━━━━━━━━━━━━━━━━━━━━━━━━━━━━━━━━━━
2026-05-14 10:44:25,508  INFO  =======================================================
2026-05-14 10:44:25,508  INFO    Iniciando descarga automática de backup Manager
2026-05-14 10:44:25,508  INFO  =======================================================
2026-05-14 10:44:25,510  INFO  ====== WebDriver manager ======
2026-05-14 10:44:26,828  INFO  Get LATEST chromedriver version for google-chrome
2026-05-14 10:44:27,222  INFO  Get LATEST chromedriver version for google-chrome
2026-05-14 10:44:27,582  INFO  Driver [C:\Users\atorr\.wdm\drivers\chromedriver\win64\148.0.7778.167\chromedriver-win32/chromedriver.exe] found in cache
2026-05-14 10:44:28,779  INFO  Abriendo login: https://prodkernel.manager.cl/index.html
2026-05-14 10:44:30,755  INFO  Inputs visibles: 3
2026-05-14 10:44:31,052  INFO  Login enviado...
2026-05-14 10:44:35,064  INFO  ✅ Login exitoso. session_id: 85a2954c...
2026-05-14 10:44:35,064  INFO  Navegando a: https://prodkernel.manager.cl/managerbackups.html?session_id=85a2954c178a0ccda688f8a4f9b5bfd2&cd=prodkernel
2026-05-14 10:44:35,163  INFO  Recarga 1/10...
2026-05-14 10:44:39,244  INFO    filas .bak encontradas: 0
2026-05-14 10:44:39,244  INFO  Recarga 2/10...
2026-05-14 10:44:43,315  INFO    filas .bak encontradas: 3
2026-05-14 10:44:43,316  INFO  ✅ Tabla cargada en recarga 2.
2026-05-14 10:44:43,356  INFO    Ignorando: 2026-5-14-T779354202A.bak
2026-05-14 10:44:43,390  INFO    Ignorando: 2026-5-14-T779354202B.bak
2026-05-14 10:44:43,438  INFO  Backup seleccionado: 2026-5-14-T779354202C.bak (2026-05-14 09:54:22+00:00)
2026-05-14 10:44:43,448  INFO  HTML fila completa: <td class="bucket">mng-respaldos-poliuretano</td><td class="Key">2026-5-14-T779354202C.bak</td><td class="LastModified">2026-05-14 09:54:22+00:00</td><td class="Size">0.12 GB</td><td class="presigned_url" style="display: none;">https://mng-respaldos-poliuretano.s3.amazonaws.com/2026-5-14-T779354202C.bak?AWSAccessKeyId=AKIAZPIFFWJDVFW267ZG&amp;Signature=w%2BjJFvNDnag%2FaLojF7vrOMLN9dg%3D&amp;Expires=1778770174</td><td><i onclick="downloadbackup($(this).parent().parent())" class="fas fa-download">
2026-05-14 10:44:45,681  INFO  Descargando 2026-5-14-T779354202C.bak desde S3...
2026-05-14 10:44:52,145  INFO    10 MB / 119 MB (9%)
2026-05-14 10:44:57,105  INFO    21 MB / 119 MB (18%)
2026-05-14 10:45:01,705  INFO    31 MB / 119 MB (26%)
2026-05-14 10:45:05,788  INFO    42 MB / 119 MB (35%)
2026-05-14 10:45:08,916  INFO    52 MB / 119 MB (44%)
2026-05-14 10:45:11,679  INFO    63 MB / 119 MB (53%)
2026-05-14 10:45:15,342  INFO    73 MB / 119 MB (62%)
2026-05-14 10:45:19,904  INFO    84 MB / 119 MB (71%)
2026-05-14 10:45:24,393  INFO    94 MB / 119 MB (79%)
2026-05-14 10:45:28,049  INFO    105 MB / 119 MB (88%)
2026-05-14 10:45:30,551  INFO    115 MB / 119 MB (97%)
2026-05-14 10:45:31,430  INFO  ✅ Descarga completa: 2026-5-14-T779354202C.bak (118.9 MB)
2026-05-14 10:45:31,433  INFO  Backup guardado en: C:\Backups\Manager\2026-5-14-T779354202C_2026-05-14_1778769931.bak
2026-05-14 10:45:31,433  INFO  ✅ Éxito — backup guardado en: C:\Backups\Manager\2026-5-14-T779354202C_2026-05-14_1778769931.bak
2026-05-14 10:45:35,530  WARNING  Retrying (Retry(total=2, connect=None, read=None, redirect=None, status=None)) after connection broken by 'NewConnectionError("HTTPConnection(host='localhost', port=51496): Failed to establish a new connection: [WinError 10061] No se puede establecer una conexión ya que el equipo de destino denegó expresamente dicha conexión")': /session/bf46f144fbf63d6fcfab7011bd43154f
2026-05-14 10:45:39,601  WARNING  Retrying (Retry(total=1, connect=None, read=None, redirect=None, status=None)) after connection broken by 'NewConnectionError("HTTPConnection(host='localhost', port=51496): Failed to establish a new connection: [WinError 10061] No se puede establecer una conexión ya que el equipo de destino denegó expresamente dicha conexión")': /session/bf46f144fbf63d6fcfab7011bd43154f
2026-05-14 10:45:43,709  WARNING  Retrying (Retry(total=0, connect=None, read=None, redirect=None, status=None)) after connection broken by 'NewConnectionError("HTTPConnection(host='localhost', port=51496): Failed to establish a new connection: [WinError 10061] No se puede establecer una conexión ya que el equipo de destino denegó expresamente dicha conexión")': /session/bf46f144fbf63d6fcfab7011bd43154f
2026-05-14 10:45:47,799  INFO  
2026-05-14 10:45:47,799  INFO  ━━━━━━━━━━━━━━━━━━━━━━━━━━━━━━━━━━━━━━━━━━━━━━━━━━━━━━━
2026-05-14 10:45:47,799  INFO    PASO 2/3 — Restaurar BD y extraer Ventas Full
2026-05-14 10:45:47,799  INFO  ━━━━━━━━━━━━━━━━━━━━━━━━━━━━━━━━━━━━━━━━━━━━━━━━━━━━━━━
2026-05-14 10:45:48,775  INFO  ============================================================
2026-05-14 10:45:48,776  INFO    PASO 1 — Restaurar BD y extraer Múltiples Reportes
2026-05-14 10:45:48,776  INFO  ============================================================
2026-05-14 10:45:48,787  INFO  Usando .bak de ultimo_bak.txt: 2026-5-14-T779354202C_2026-05-14_1778769931.bak
2026-05-14 10:45:48,788  INFO  Usando backup: 2026-5-14-T779354202C_2026-05-14_1778769931.bak
2026-05-14 10:45:48,788  INFO  Restaurando 2026-5-14-T779354202C_2026-05-14_1778769931.bak como 'T779354202A'...
2026-05-14 10:45:48,788  INFO  Copiando .bak a C:\Program Files\Microsoft SQL Server\MSSQL17.SQLEXPRESS\MSSQL\DATA\2026-5-14-T779354202C_2026-05-14_1778769931.bak...
2026-05-14 10:45:49,160  INFO  Ejecutando RESTORE DATABASE...
2026-05-14 10:46:33,334  INFO  ✅ BD 'T779354202A' restaurada correctamente.
2026-05-14 10:46:33,334  INFO  Conectando a 'T779354202A' para extraer reportes...
2026-05-14 10:46:33,367  INFO  Ejecutando: base_completo...
2026-05-14 10:46:34,507  INFO    └─ 8,463 filas extraídas.
2026-05-14 10:46:34,508  INFO  Ejecutando: Ordenes_de_Compra...
2026-05-14 10:46:34,536  INFO    └─ 128 filas extraídas.
2026-05-14 10:46:34,537  INFO  Ejecutando: Ordenes_de_Produccion...
2026-05-14 10:46:34,645  INFO    └─ 21 filas extraídas.
2026-05-14 10:46:34,646  INFO  Ejecutando: Pendiente_a_facturar...
2026-05-14 10:46:34,703  INFO    └─ 137 filas extraídas.
2026-05-14 10:46:34,703  INFO  Ejecutando: Vales_de_Salida...
2026-05-14 10:46:35,136  INFO    └─ 10,875 filas extraídas.
2026-05-14 10:46:35,136  INFO  Ejecutando: Ventas_Full...
2026-05-14 10:46:35,409  INFO    └─ 1,491 filas extraídas.
2026-05-14 10:46:35,410  INFO  Exportando a Excel multipestaña: C:\Reportes\VentasFull\Reportes_Completos_2026-05-14.xlsx
2026-05-14 10:47:24,576  INFO  ✅ Excel generado: C:\Reportes\VentasFull\Reportes_Completos_2026-05-14.xlsx (2.9 MB)
2026-05-14 10:47:24,577  INFO  ✅ Proceso Completado → C:\Reportes\VentasFull\Reportes_Completos_2026-05-14.xlsx
2026-05-14 10:47:24,589  INFO  
2026-05-14 10:47:24,589  INFO  ━━━━━━━━━━━━━━━━━━━━━━━━━━━━━━━━━━━━━━━━━━━━━━━━━━━━━━━
2026-05-14 10:47:24,589  INFO    PASO 3/3 — Subir Excel a Google Drive
2026-05-14 10:47:24,589  INFO  ━━━━━━━━━━━━━━━━━━━━━━━━━━━━━━━━━━━━━━━━━━━━━━━━━━━━━━━
2026-05-14 10:47:27,403  INFO  =======================================================
2026-05-14 10:47:27,403  INFO    PASO 2 — Subir Excel a Google Drive
2026-05-14 10:47:27,403  INFO  =======================================================
2026-05-14 10:47:27,405  INFO  Subiendo: Reportes_Completos_2026-05-14.xlsx (2.9 MB)
2026-05-14 10:47:27,405  INFO  Autenticando con cuenta de servicio...
2026-05-14 10:47:27,483  INFO  file_cache is only supported with oauth2client<4.0.0
2026-05-14 10:47:28,598  INFO  Actualizando archivo existente (ID: 1fPkeKJ7tkw0hi5yQCKsmjAudaC2V4o6q)...
2026-05-14 10:47:33,343  INFO  ✅ Archivo actualizado: VentasFull_Actualizado.xlsx
2026-05-14 10:47:33,343  INFO  URL: https://drive.google.com/file/d/1fPkeKJ7tkw0hi5yQCKsmjAudaC2V4o6q/view
2026-05-14 10:47:33,344  INFO  
2026-05-14 10:47:33,344  INFO  ╔═════════════════════════════════════════════════════╗
2026-05-14 10:47:33,344  INFO  ║  ✅ PIPELINE COMPLETADO en 188s                      ║
2026-05-14 10:47:33,344  INFO  ║  📊 Excel en Drive: VentasFull_Actualizado.xlsx      ║
2026-05-14 10:47:33,345  INFO  ╚═════════════════════════════════════════════════════╝
2026-05-15 09:20:51,928  INFO  ╔═════════════════════════════════════════════════════╗
2026-05-15 09:20:51,931  INFO  ║   PIPELINE VENTAS FULL — Inicio: 2026-05-15 09:20   ║
2026-05-15 09:20:51,931  INFO  ╚═════════════════════════════════════════════════════╝
2026-05-15 09:20:51,931  INFO  
2026-05-15 09:20:51,931  INFO  ━━━━━━━━━━━━━━━━━━━━━━━━━━━━━━━━━━━━━━━━━━━━━━━━━━━━━━━
2026-05-15 09:20:51,931  INFO    PASO 1/3 — Descargar backup desde Manager
2026-05-15 09:20:51,932  INFO  ━━━━━━━━━━━━━━━━━━━━━━━━━━━━━━━━━━━━━━━━━━━━━━━━━━━━━━━
2026-05-15 09:20:53,767  INFO  =======================================================
2026-05-15 09:20:53,768  INFO    Iniciando descarga automática de backup Manager
2026-05-15 09:20:53,769  INFO  =======================================================
2026-05-15 09:20:53,776  INFO  ====== WebDriver manager ======
2026-05-15 09:21:00,860  INFO  Get LATEST chromedriver version for google-chrome
2026-05-15 09:21:01,769  INFO  Get LATEST chromedriver version for google-chrome
2026-05-15 09:21:02,531  INFO  Get LATEST chromedriver version for google-chrome
2026-05-15 09:21:04,258  INFO  WebDriver version 148.0.7778.167 selected
2026-05-15 09:21:04,287  INFO  Modern chrome version https://storage.googleapis.com/chrome-for-testing-public/148.0.7778.167/win32/chromedriver-win32.zip
2026-05-15 09:21:04,296  INFO  About to download new driver from https://storage.googleapis.com/chrome-for-testing-public/148.0.7778.167/win32/chromedriver-win32.zip
2026-05-15 09:21:04,994  INFO  Driver downloading response is 200
2026-05-15 09:21:05,902  INFO  Get LATEST chromedriver version for google-chrome
2026-05-15 09:21:06,838  INFO  Driver has been saved in cache [C:\Users\atorr\.wdm\drivers\chromedriver\win64\148.0.7778.167]
2026-05-15 09:21:11,442  INFO  Abriendo login: https://prodkernel.manager.cl/index.html
2026-05-15 09:21:14,187  INFO  Inputs visibles: 3
2026-05-15 09:21:15,994  INFO  Login enviado...
2026-05-15 09:21:20,032  INFO  ✅ Login exitoso. session_id: 40655690...
2026-05-15 09:21:20,033  INFO  Navegando a: https://prodkernel.manager.cl/managerbackups.html?session_id=40655690eb9fad8e7827b7f3b8b6e97d&cd=prodkernel
2026-05-15 09:21:20,354  INFO  Recarga 1/10...
2026-05-15 09:21:24,524  INFO    filas .bak encontradas: 3
2026-05-15 09:21:24,524  INFO  ✅ Tabla cargada en recarga 1.
2026-05-15 09:21:24,581  INFO    Ignorando: 2026-5-15-T779354202A.bak
2026-05-15 09:21:24,698  INFO    Ignorando: 2026-5-15-T779354202B.bak
2026-05-15 09:21:24,743  INFO  Backup seleccionado: 2026-5-15-T779354202C.bak (2026-05-15 10:08:25+00:00)
2026-05-15 09:21:24,760  INFO  HTML fila completa: <td class="bucket">mng-respaldos-poliuretano</td><td class="Key">2026-5-15-T779354202C.bak</td><td class="LastModified">2026-05-15 10:08:25+00:00</td><td class="Size">0.12 GB</td><td class="presigned_url" style="display: none;">https://mng-respaldos-poliuretano.s3.amazonaws.com/2026-5-15-T779354202C.bak?AWSAccessKeyId=AKIAZPIFFWJDVFW267ZG&amp;Signature=AKXXMRj0%2BQnvk8DwbQ%2BPHNwTpLM%3D&amp;Expires=1778851576</td><td><i onclick="downloadbackup($(this).parent().parent())" class="fas fa-download">
2026-05-15 09:21:26,984  INFO  Descargando 2026-5-15-T779354202C.bak desde S3...
2026-05-15 09:21:33,846  INFO    10 MB / 123 MB (9%)
2026-05-15 09:21:38,585  INFO    21 MB / 123 MB (17%)
2026-05-15 09:21:41,839  INFO    31 MB / 123 MB (26%)
2026-05-15 09:21:43,872  INFO    42 MB / 123 MB (34%)
2026-05-15 09:21:45,442  INFO    52 MB / 123 MB (43%)
2026-05-15 09:21:47,494  INFO    63 MB / 123 MB (51%)
2026-05-15 09:21:50,261  INFO    73 MB / 123 MB (60%)
2026-05-15 09:21:52,861  INFO    84 MB / 123 MB (68%)
2026-05-15 09:21:55,945  INFO    94 MB / 123 MB (77%)
2026-05-15 09:22:00,348  INFO    105 MB / 123 MB (86%)
2026-05-15 09:22:08,221  INFO    115 MB / 123 MB (94%)
2026-05-15 09:22:12,302  INFO  ✅ Descarga completa: 2026-5-15-T779354202C.bak (122.6 MB)
2026-05-15 09:22:12,307  INFO  Backup guardado en: C:\Backups\Manager\2026-5-15-T779354202C_2026-05-15.bak
2026-05-15 09:22:12,308  INFO  ✅ Éxito — backup guardado en: C:\Backups\Manager\2026-5-15-T779354202C_2026-05-15.bak
2026-05-15 09:22:16,376  WARNING  Retrying (Retry(total=2, connect=None, read=None, redirect=None, status=None)) after connection broken by 'NewConnectionError("HTTPConnection(host='localhost', port=59092): Failed to establish a new connection: [WinError 10061] No se puede establecer una conexión ya que el equipo de destino denegó expresamente dicha conexión")': /session/69b03b1f16929260746f0f99805d24f8
2026-05-15 09:22:20,433  WARNING  Retrying (Retry(total=1, connect=None, read=None, redirect=None, status=None)) after connection broken by 'NewConnectionError("HTTPConnection(host='localhost', port=59092): Failed to establish a new connection: [WinError 10061] No se puede establecer una conexión ya que el equipo de destino denegó expresamente dicha conexión")': /session/69b03b1f16929260746f0f99805d24f8
2026-05-15 09:22:24,501  WARNING  Retrying (Retry(total=0, connect=None, read=None, redirect=None, status=None)) after connection broken by 'NewConnectionError("HTTPConnection(host='localhost', port=59092): Failed to establish a new connection: [WinError 10061] No se puede establecer una conexión ya que el equipo de destino denegó expresamente dicha conexión")': /session/69b03b1f16929260746f0f99805d24f8
2026-05-15 09:22:28,586  INFO  
2026-05-15 09:22:28,587  INFO  ━━━━━━━━━━━━━━━━━━━━━━━━━━━━━━━━━━━━━━━━━━━━━━━━━━━━━━━
2026-05-15 09:22:28,588  INFO    PASO 2/3 — Restaurar BD y extraer Ventas Full
2026-05-15 09:22:28,588  INFO  ━━━━━━━━━━━━━━━━━━━━━━━━━━━━━━━━━━━━━━━━━━━━━━━━━━━━━━━
2026-05-15 09:22:33,381  INFO  ============================================================
2026-05-15 09:22:33,381  INFO    PASO 1 — Restaurar BD y extraer Múltiples Reportes
2026-05-15 09:22:33,381  INFO  ============================================================
2026-05-15 09:22:33,394  INFO  Usando .bak de ultimo_bak.txt: 2026-5-15-T779354202C_2026-05-15.bak
2026-05-15 09:22:33,394  INFO  Usando backup: 2026-5-15-T779354202C_2026-05-15.bak
2026-05-15 09:22:33,394  INFO  Restaurando 2026-5-15-T779354202C_2026-05-15.bak como 'T779354202A'...
2026-05-15 09:22:33,395  INFO  Copiando .bak a C:\Program Files\Microsoft SQL Server\MSSQL17.SQLEXPRESS\MSSQL\DATA\2026-5-15-T779354202C_2026-05-15.bak...
2026-05-15 09:22:34,390  INFO  Ejecutando RESTORE DATABASE...
2026-05-15 09:23:22,932  INFO  ✅ BD 'T779354202A' restaurada correctamente.
2026-05-15 09:23:22,933  INFO  Conectando a 'T779354202A' para extraer reportes...
2026-05-15 09:23:22,999  INFO  Ejecutando: base_completo...
2026-05-15 09:23:54,375  INFO    └─ 8,464 filas extraídas.
2026-05-15 09:23:54,375  INFO  Ejecutando: Ordenes_de_Compra...
2026-05-15 09:23:54,479  INFO    └─ 142 filas extraídas.
2026-05-15 09:23:54,479  INFO  Ejecutando: Ordenes_de_produccion...
2026-05-15 09:23:54,519  INFO    └─ 223 filas extraídas.
2026-05-15 09:23:54,520  INFO  Ejecutando: Pendiente_a_facturar...
2026-05-15 09:23:54,622  INFO    └─ 127 filas extraídas.
2026-05-15 09:23:54,622  INFO  Ejecutando: Vales_de_Salida...
2026-05-15 09:23:55,384  INFO    └─ 11,065 filas extraídas.
2026-05-15 09:23:55,384  INFO  Ejecutando: Ventas_Full...
2026-05-15 09:23:55,822  INFO    └─ 1,509 filas extraídas.
2026-05-15 09:23:55,822  INFO  Ejecutando: WIP...
2026-05-15 09:23:55,988  INFO    └─ 21 filas extraídas.
2026-05-15 09:23:55,991  INFO  Exportando a Excel multipestaña: C:\Reportes\VentasFull\Reportes_Completos_2026-05-15.xlsx
2026-05-15 09:25:33,408  INFO  ✅ Excel generado: C:\Reportes\VentasFull\Reportes_Completos_2026-05-15.xlsx (2.9 MB)
2026-05-15 09:25:33,410  INFO  ✅ Proceso Completado → C:\Reportes\VentasFull\Reportes_Completos_2026-05-15.xlsx
2026-05-15 09:25:33,426  INFO  
2026-05-15 09:25:33,426  INFO  ━━━━━━━━━━━━━━━━━━━━━━━━━━━━━━━━━━━━━━━━━━━━━━━━━━━━━━━
2026-05-15 09:25:33,426  INFO    PASO 3/3 — Subir Excel a Google Drive
2026-05-15 09:25:33,427  INFO  ━━━━━━━━━━━━━━━━━━━━━━━━━━━━━━━━━━━━━━━━━━━━━━━━━━━━━━━
2026-05-15 09:25:37,649  INFO  =======================================================
2026-05-15 09:25:37,650  INFO    PASO 2 — Subir Excel a Google Drive
2026-05-15 09:25:37,650  INFO  =======================================================
2026-05-15 09:25:37,664  INFO  Subiendo: Reportes_Completos_2026-05-15.xlsx (2.9 MB)
2026-05-15 09:25:37,664  INFO  Autenticando con cuenta de servicio...
2026-05-15 09:25:37,769  INFO  file_cache is only supported with oauth2client<4.0.0
2026-05-15 09:25:39,567  INFO  Creando archivo nuevo en Drive...
2026-05-15 09:25:40,098  WARNING  Encountered 403 Forbidden with reason "storageQuotaExceeded"
2026-05-15 09:25:40,098  ERROR  
2026-05-15 09:25:40,099  ERROR  ╔═════════════════════════════════════════════════════╗
2026-05-15 09:25:40,120  ERROR  ║  ❌ PIPELINE FALLÓ                                   ║
2026-05-15 09:25:40,120  ERROR  ║  Error: <HttpError 403 when requesting None returned║
2026-05-15 09:25:40,121  ERROR  ╚═════════════════════════════════════════════════════╝
2026-05-15 09:25:40,201  ERROR  Traceback (most recent call last):
  File "C:\Scripts\BackupManager\00_pipeline_completo.py", line 56, in main
    subir()
    ~~~~~^^
  File "C:\Scripts\BackupManager\subir_a_drive.py", line 108, in main
    subir_excel(ruta_excel)
    ~~~~~~~~~~~^^^^^^^^^^^^
  File "C:\Scripts\BackupManager\subir_a_drive.py", line 83, in subir_excel
    ).execute()
      ~~~~~~~^^
  File "C:\Users\atorr\AppData\Local\Programs\Python\Python314\Lib\site-packages\googleapiclient\_helpers.py", line 130, in positional_wrapper
    return wrapped(*args, **kwargs)
  File "C:\Users\atorr\AppData\Local\Programs\Python\Python314\Lib\site-packages\googleapiclient\http.py", line 902, in execute
    _, body = self.next_chunk(http=http, num_retries=num_retries)
              ~~~~~~~~~~~~~~~^^^^^^^^^^^^^^^^^^^^^^^^^^^^^^^^^^^^
  File "C:\Users\atorr\AppData\Local\Programs\Python\Python314\Lib\site-packages\googleapiclient\_helpers.py", line 130, in positional_wrapper
    return wrapped(*args, **kwargs)
  File "C:\Users\atorr\AppData\Local\Programs\Python\Python314\Lib\site-packages\googleapiclient\http.py", line 1022, in next_chunk
    raise ResumableUploadError(resp, content)
googleapiclient.errors.ResumableUploadError: <HttpError 403 when requesting None returned "Service Accounts do not have storage quota. Leverage shared drives (https://developers.google.com/workspace/drive/api/guides/about-shareddrives), or use OAuth delegation (http://support.google.com/a/answer/7281227) instead.". Details: "[{'message': 'Service Accounts do not have storage quota. Leverage shared drives (https://developers.google.com/workspace/drive/api/guides/about-shareddrives), or use OAuth delegation (http://support.google.com/a/answer/7281227) instead.', 'domain': 'usageLimits', 'reason': 'storageQuotaExceeded'}]">

2026-05-15 10:13:40,098  INFO  ╔═════════════════════════════════════════════════════╗
2026-05-15 10:13:40,099  INFO  ║   PIPELINE VENTAS FULL — Inicio: 2026-05-15 10:13   ║
2026-05-15 10:13:40,100  INFO  ╚═════════════════════════════════════════════════════╝
2026-05-15 10:13:40,100  INFO  
2026-05-15 10:13:40,100  INFO  ━━━━━━━━━━━━━━━━━━━━━━━━━━━━━━━━━━━━━━━━━━━━━━━━━━━━━━━
2026-05-15 10:13:40,101  INFO    PASO 1/3 — Descargar backup desde Manager
2026-05-15 10:13:40,101  INFO  ━━━━━━━━━━━━━━━━━━━━━━━━━━━━━━━━━━━━━━━━━━━━━━━━━━━━━━━
2026-05-15 10:13:41,016  INFO  =======================================================
2026-05-15 10:13:41,016  INFO    Iniciando descarga automática de backup Manager
2026-05-15 10:13:41,017  INFO  =======================================================
2026-05-15 10:13:41,021  INFO  ====== WebDriver manager ======
2026-05-15 10:13:46,246  INFO  Get LATEST chromedriver version for google-chrome
2026-05-15 10:13:47,089  INFO  Get LATEST chromedriver version for google-chrome
2026-05-15 10:13:47,665  INFO  Driver [C:\Users\atorr\.wdm\drivers\chromedriver\win64\148.0.7778.167\chromedriver-win32/chromedriver.exe] found in cache
2026-05-15 10:13:49,423  INFO  Abriendo login: https://prodkernel.manager.cl/index.html
2026-05-15 10:13:51,496  INFO  Inputs visibles: 3
2026-05-15 10:13:52,038  INFO  Login enviado...
2026-05-15 10:13:56,063  INFO  ✅ Login exitoso. session_id: d75f0e26...
2026-05-15 10:13:56,063  INFO  Navegando a: https://prodkernel.manager.cl/managerbackups.html?session_id=d75f0e269cb7bb4738f9c260d5bb8b91&cd=prodkernel
2026-05-15 10:13:56,304  INFO  Recarga 1/10...
2026-05-15 10:14:00,515  INFO    filas .bak encontradas: 3
2026-05-15 10:14:00,516  INFO  ✅ Tabla cargada en recarga 1.
2026-05-15 10:14:00,601  INFO    Ignorando: 2026-5-15-T779354202A.bak
2026-05-15 10:14:00,666  INFO    Ignorando: 2026-5-15-T779354202B.bak
2026-05-15 10:14:00,725  INFO  Backup seleccionado: 2026-5-15-T779354202C.bak (2026-05-15 10:08:25+00:00)
2026-05-15 10:14:00,746  INFO  HTML fila completa: <td class="bucket">mng-respaldos-poliuretano</td><td class="Key">2026-5-15-T779354202C.bak</td><td class="LastModified">2026-05-15 10:08:25+00:00</td><td class="Size">0.12 GB</td><td class="presigned_url" style="display: none;">https://mng-respaldos-poliuretano.s3.amazonaws.com/2026-5-15-T779354202C.bak?AWSAccessKeyId=AKIAZPIFFWJDVFW267ZG&amp;Signature=N63phGzallgMx7fl7NtAF5f3v1E%3D&amp;Expires=1778854732</td><td><i onclick="downloadbackup($(this).parent().parent())" class="fas fa-download"></i>
2026-05-15 10:14:03,196  INFO  Descargando 2026-5-15-T779354202C.bak desde S3...
2026-05-15 10:14:11,203  INFO    10 MB / 123 MB (9%)
2026-05-15 10:14:16,869  INFO    21 MB / 123 MB (17%)
2026-05-15 10:14:23,701  INFO    31 MB / 123 MB (26%)
2026-05-15 10:14:31,448  INFO    42 MB / 123 MB (34%)
2026-05-15 10:14:36,776  INFO    52 MB / 123 MB (43%)
2026-05-15 10:14:43,819  INFO    63 MB / 123 MB (51%)
2026-05-15 10:14:49,073  INFO    73 MB / 123 MB (60%)
2026-05-15 10:14:54,729  INFO    84 MB / 123 MB (68%)
2026-05-15 10:15:04,882  INFO    94 MB / 123 MB (77%)
2026-05-15 10:15:19,928  INFO    105 MB / 123 MB (86%)
2026-05-15 10:15:28,119  INFO    115 MB / 123 MB (94%)
2026-05-15 10:15:31,478  INFO  ✅ Descarga completa: 2026-5-15-T779354202C.bak (122.6 MB)
2026-05-15 10:15:31,489  INFO  Backup guardado en: C:\Backups\Manager\2026-5-15-T779354202C_2026-05-15_1778854531.bak
2026-05-15 10:15:31,489  INFO  ✅ Éxito — backup guardado en: C:\Backups\Manager\2026-5-15-T779354202C_2026-05-15_1778854531.bak
2026-05-15 10:15:35,617  WARNING  Retrying (Retry(total=2, connect=None, read=None, redirect=None, status=None)) after connection broken by 'NewConnectionError("HTTPConnection(host='localhost', port=57134): Failed to establish a new connection: [WinError 10061] No se puede establecer una conexión ya que el equipo de destino denegó expresamente dicha conexión")': /session/ecefc4709de5e64d184f77917ea52768
2026-05-15 10:15:39,724  WARNING  Retrying (Retry(total=1, connect=None, read=None, redirect=None, status=None)) after connection broken by 'NewConnectionError("HTTPConnection(host='localhost', port=57134): Failed to establish a new connection: [WinError 10061] No se puede establecer una conexión ya que el equipo de destino denegó expresamente dicha conexión")': /session/ecefc4709de5e64d184f77917ea52768
2026-05-15 10:15:43,796  WARNING  Retrying (Retry(total=0, connect=None, read=None, redirect=None, status=None)) after connection broken by 'NewConnectionError("HTTPConnection(host='localhost', port=57134): Failed to establish a new connection: [WinError 10061] No se puede establecer una conexión ya que el equipo de destino denegó expresamente dicha conexión")': /session/ecefc4709de5e64d184f77917ea52768
2026-05-15 10:15:47,854  INFO  
2026-05-15 10:15:47,854  INFO  ━━━━━━━━━━━━━━━━━━━━━━━━━━━━━━━━━━━━━━━━━━━━━━━━━━━━━━━
2026-05-15 10:15:47,855  INFO    PASO 2/3 — Restaurar BD y extraer Ventas Full
2026-05-15 10:15:47,855  INFO  ━━━━━━━━━━━━━━━━━━━━━━━━━━━━━━━━━━━━━━━━━━━━━━━━━━━━━━━
2026-05-15 10:15:50,016  INFO  ============================================================
2026-05-15 10:15:50,017  INFO    PASO 1 — Restaurar BD y extraer Múltiples Reportes
2026-05-15 10:15:50,017  INFO  ============================================================
2026-05-15 10:15:50,037  INFO  Usando .bak de ultimo_bak.txt: 2026-5-15-T779354202C_2026-05-15_1778854531.bak
2026-05-15 10:15:50,038  INFO  Usando backup: 2026-5-15-T779354202C_2026-05-15_1778854531.bak
2026-05-15 10:15:50,039  INFO  Restaurando 2026-5-15-T779354202C_2026-05-15_1778854531.bak como 'T779354202A'...
2026-05-15 10:15:50,041  INFO  Copiando .bak a C:\Program Files\Microsoft SQL Server\MSSQL17.SQLEXPRESS\MSSQL\DATA\2026-5-15-T779354202C_2026-05-15_1778854531.bak...
2026-05-15 10:15:50,694  INFO  Ejecutando RESTORE DATABASE...
2026-05-15 10:16:35,340  INFO  ✅ BD 'T779354202A' restaurada correctamente.
2026-05-15 10:16:35,341  INFO  Conectando a 'T779354202A' para extraer reportes...
2026-05-15 10:16:35,391  INFO  Ejecutando: base_completo...
2026-05-15 10:16:37,035  INFO    └─ 8,464 filas extraídas.
2026-05-15 10:16:37,035  INFO  Ejecutando: Ordenes_de_Compra...
2026-05-15 10:16:37,158  INFO    └─ 142 filas extraídas.
2026-05-15 10:16:37,159  INFO  Ejecutando: Ordenes_de_produccion...
2026-05-15 10:16:37,196  INFO    └─ 223 filas extraídas.
2026-05-15 10:16:37,196  INFO  Ejecutando: Pendiente_a_facturar...
2026-05-15 10:16:37,324  INFO    └─ 127 filas extraídas.
2026-05-15 10:16:37,324  INFO  Ejecutando: Vales_de_Salida...
2026-05-15 10:16:38,016  INFO    └─ 11,065 filas extraídas.
2026-05-15 10:16:38,017  INFO  Ejecutando: Ventas_Full...
2026-05-15 10:16:38,490  INFO    └─ 1,509 filas extraídas.
2026-05-15 10:16:38,490  INFO  Ejecutando: WIP...
2026-05-15 10:16:38,660  INFO    └─ 21 filas extraídas.
2026-05-15 10:16:38,662  INFO  Exportando a Excel multipestaña: C:\Reportes\VentasFull\Reportes_Completos_2026-05-15.xlsx
2026-05-15 10:17:45,448  INFO  ✅ Excel generado: C:\Reportes\VentasFull\Reportes_Completos_2026-05-15.xlsx (2.9 MB)
2026-05-15 10:17:45,450  INFO  ✅ Proceso Completado → C:\Reportes\VentasFull\Reportes_Completos_2026-05-15.xlsx
2026-05-15 10:17:45,466  INFO  
2026-05-15 10:17:45,467  INFO  ━━━━━━━━━━━━━━━━━━━━━━━━━━━━━━━━━━━━━━━━━━━━━━━━━━━━━━━
2026-05-15 10:17:45,467  INFO    PASO 3/3 — Subir Excel a Google Drive
2026-05-15 10:17:45,467  INFO  ━━━━━━━━━━━━━━━━━━━━━━━━━━━━━━━━━━━━━━━━━━━━━━━━━━━━━━━
2026-05-15 10:17:46,439  INFO  =======================================================
2026-05-15 10:17:46,439  INFO    PASO 2 — Subir Excel a Google Drive
2026-05-15 10:17:46,439  INFO  =======================================================
2026-05-15 10:17:46,442  INFO  Subiendo: Reportes_Completos_2026-05-15.xlsx (2.9 MB)
2026-05-15 10:17:46,442  INFO  Autenticando con cuenta de servicio...
2026-05-15 10:17:46,552  INFO  file_cache is only supported with oauth2client<4.0.0
2026-05-15 10:17:47,762  INFO  Creando archivo nuevo en Drive...
2026-05-15 10:17:48,271  WARNING  Encountered 403 Forbidden with reason "storageQuotaExceeded"
2026-05-15 10:17:48,272  ERROR  
2026-05-15 10:17:48,272  ERROR  ╔═════════════════════════════════════════════════════╗
2026-05-15 10:17:48,273  ERROR  ║  ❌ PIPELINE FALLÓ                                   ║
2026-05-15 10:17:48,274  ERROR  ║  Error: <HttpError 403 when requesting None returned║
2026-05-15 10:17:48,275  ERROR  ╚═════════════════════════════════════════════════════╝
2026-05-15 10:17:48,285  ERROR  Traceback (most recent call last):
  File "C:\Scripts\BackupManager\00_pipeline_completo.py", line 56, in main
    subir()
    ~~~~~^^
  File "C:\Scripts\BackupManager\subir_a_drive.py", line 108, in main
    subir_excel(ruta_excel)
    ~~~~~~~~~~~^^^^^^^^^^^^
  File "C:\Scripts\BackupManager\subir_a_drive.py", line 83, in subir_excel
    ).execute()
      ~~~~~~~^^
  File "C:\Users\atorr\AppData\Local\Programs\Python\Python314\Lib\site-packages\googleapiclient\_helpers.py", line 130, in positional_wrapper
    return wrapped(*args, **kwargs)
  File "C:\Users\atorr\AppData\Local\Programs\Python\Python314\Lib\site-packages\googleapiclient\http.py", line 902, in execute
    _, body = self.next_chunk(http=http, num_retries=num_retries)
              ~~~~~~~~~~~~~~~^^^^^^^^^^^^^^^^^^^^^^^^^^^^^^^^^^^^
  File "C:\Users\atorr\AppData\Local\Programs\Python\Python314\Lib\site-packages\googleapiclient\_helpers.py", line 130, in positional_wrapper
    return wrapped(*args, **kwargs)
  File "C:\Users\atorr\AppData\Local\Programs\Python\Python314\Lib\site-packages\googleapiclient\http.py", line 1022, in next_chunk
    raise ResumableUploadError(resp, content)
googleapiclient.errors.ResumableUploadError: <HttpError 403 when requesting None returned "Service Accounts do not have storage quota. Leverage shared drives (https://developers.google.com/workspace/drive/api/guides/about-shareddrives), or use OAuth delegation (http://support.google.com/a/answer/7281227) instead.". Details: "[{'message': 'Service Accounts do not have storage quota. Leverage shared drives (https://developers.google.com/workspace/drive/api/guides/about-shareddrives), or use OAuth delegation (http://support.google.com/a/answer/7281227) instead.', 'domain': 'usageLimits', 'reason': 'storageQuotaExceeded'}]">

15/05/2026 11:19:14.25 - Iniciando pipeline 
Traceback (most recent call last):
  File "C:\Scripts\BackupManager\00_pipeline_completo.py", line 22, in <module>
    logging.FileHandler(r"C:\Users\atorr\Documents\pipeline_ventas.log", encoding="utf-8"),
    ~~~~~~~~~~~~~~~~~~~^^^^^^^^^^^^^^^^^^^^^^^^^^^^^^^^^^^^^^^^^
  File "C:\Users\atorr\AppData\Local\Programs\Python\Python314\Lib\logging\__init__.py", line 1219, in __init__
    StreamHandler.__init__(self, self._open())
                                 ~~~~~~~~~~^^
  File "C:\Users\atorr\AppData\Local\Programs\Python\Python314\Lib\logging\__init__.py", line 1248, in _open
    return open_func(self.baseFilename, self.mode,
                     encoding=self.encoding, errors=self.errors)
PermissionError: [Errno 13] Permission denied: 'C:\\Scripts\\BackupManager\\pipeline_ventas.log'
15/05/2026 11:19:15.00 - ERROR en el pipeline 
2026-05-15 12:59:05,344  INFO  ╔═════════════════════════════════════════════════════╗
2026-05-15 12:59:05,345  INFO  ║   PIPELINE VENTAS FULL — Inicio: 2026-05-15 12:59   ║
2026-05-15 12:59:05,346  INFO  ╚═════════════════════════════════════════════════════╝
2026-05-15 12:59:05,346  INFO  
2026-05-15 12:59:05,346  INFO  ━━━━━━━━━━━━━━━━━━━━━━━━━━━━━━━━━━━━━━━━━━━━━━━━━━━━━━━
2026-05-15 12:59:05,346  INFO    PASO 1/3 — Descargar backup desde Manager
2026-05-15 12:59:05,346  INFO  ━━━━━━━━━━━━━━━━━━━━━━━━━━━━━━━━━━━━━━━━━━━━━━━━━━━━━━━
2026-05-15 12:59:05,941  INFO  =======================================================
2026-05-15 12:59:05,941  INFO    Iniciando descarga automática de backup Manager
2026-05-15 12:59:05,941  INFO  =======================================================
2026-05-15 12:59:05,943  INFO  ====== WebDriver manager ======
2026-05-15 12:59:09,333  INFO  Get LATEST chromedriver version for google-chrome
2026-05-15 12:59:10,253  INFO  Get LATEST chromedriver version for google-chrome
2026-05-15 12:59:10,908  INFO  Driver [C:\Users\atorr\.wdm\drivers\chromedriver\win64\148.0.7778.167\chromedriver-win32/chromedriver.exe] found in cache
2026-05-15 12:59:13,080  INFO  Abriendo login: https://prodkernel.manager.cl/index.html
2026-05-15 12:59:15,894  INFO  Inputs visibles: 3
2026-05-15 12:59:16,321  INFO  Login enviado...
2026-05-15 12:59:20,333  INFO  ✅ Login exitoso. session_id: c8fd30d9...
2026-05-15 12:59:20,336  INFO  Navegando a: https://prodkernel.manager.cl/managerbackups.html?session_id=c8fd30d9fd66bb51b71e5afc48022f64&cd=prodkernel
2026-05-15 12:59:20,428  INFO  Recarga 1/10...
2026-05-15 12:59:24,502  INFO    filas .bak encontradas: 3
2026-05-15 12:59:24,503  INFO  ✅ Tabla cargada en recarga 1.
2026-05-15 12:59:24,538  INFO    Ignorando: 2026-5-15-T779354202A.bak
2026-05-15 12:59:24,564  INFO    Ignorando: 2026-5-15-T779354202B.bak
2026-05-15 12:59:24,590  INFO  Backup seleccionado: 2026-5-15-T779354202C.bak (2026-05-15 10:08:25+00:00)
2026-05-15 12:59:24,598  INFO  HTML fila completa: <td class="bucket">mng-respaldos-poliuretano</td><td class="Key">2026-5-15-T779354202C.bak</td><td class="LastModified">2026-05-15 10:08:25+00:00</td><td class="Size">0.12 GB</td><td class="presigned_url" style="display: none;">https://mng-respaldos-poliuretano.s3.amazonaws.com/2026-5-15-T779354202C.bak?AWSAccessKeyId=AKIAZPIFFWJDVFW267ZG&amp;Signature=CeBAF3q3uJOIUQwpA4IENaNmzo4%3D&amp;Expires=1778864655</td><td><i onclick="downloadbackup($(this).parent().parent())" class="fas fa-download"></i>
2026-05-15 12:59:26,804  INFO  Descargando 2026-5-15-T779354202C.bak desde S3...
2026-05-15 12:59:35,180  INFO    10 MB / 123 MB (9%)
2026-05-15 12:59:42,035  INFO    21 MB / 123 MB (17%)
2026-05-15 12:59:47,661  INFO    31 MB / 123 MB (26%)
2026-05-15 12:59:52,130  INFO    42 MB / 123 MB (34%)
2026-05-15 12:59:56,558  INFO    52 MB / 123 MB (43%)
2026-05-15 13:00:00,592  INFO    63 MB / 123 MB (51%)
2026-05-15 13:00:04,225  INFO    73 MB / 123 MB (60%)
2026-05-15 13:00:07,410  INFO    84 MB / 123 MB (68%)
2026-05-15 13:00:10,366  INFO    94 MB / 123 MB (77%)
2026-05-15 13:00:15,112  INFO    105 MB / 123 MB (86%)
2026-05-15 13:00:21,086  INFO    115 MB / 123 MB (94%)
2026-05-15 13:00:24,928  INFO  ✅ Descarga completa: 2026-5-15-T779354202C.bak (122.6 MB)
2026-05-15 13:00:24,931  INFO  Backup guardado en: C:\Backups\Manager\2026-5-15-T779354202C_2026-05-15_1778864424.bak
2026-05-15 13:00:24,932  INFO  ✅ Éxito — backup guardado en: C:\Backups\Manager\2026-5-15-T779354202C_2026-05-15_1778864424.bak
2026-05-15 13:00:28,976  WARNING  Retrying (Retry(total=2, connect=None, read=None, redirect=None, status=None)) after connection broken by 'NewConnectionError("HTTPConnection(host='localhost', port=50180): Failed to establish a new connection: [WinError 10061] No se puede establecer una conexión ya que el equipo de destino denegó expresamente dicha conexión")': /session/2427af8f32daea9c0e5eae98d20fe3e8
2026-05-15 13:00:33,030  WARNING  Retrying (Retry(total=1, connect=None, read=None, redirect=None, status=None)) after connection broken by 'NewConnectionError("HTTPConnection(host='localhost', port=50180): Failed to establish a new connection: [WinError 10061] No se puede establecer una conexión ya que el equipo de destino denegó expresamente dicha conexión")': /session/2427af8f32daea9c0e5eae98d20fe3e8
2026-05-15 13:00:37,087  WARNING  Retrying (Retry(total=0, connect=None, read=None, redirect=None, status=None)) after connection broken by 'NewConnectionError("HTTPConnection(host='localhost', port=50180): Failed to establish a new connection: [WinError 10061] No se puede establecer una conexión ya que el equipo de destino denegó expresamente dicha conexión")': /session/2427af8f32daea9c0e5eae98d20fe3e8
2026-05-15 13:00:41,156  INFO  
2026-05-15 13:00:41,156  INFO  ━━━━━━━━━━━━━━━━━━━━━━━━━━━━━━━━━━━━━━━━━━━━━━━━━━━━━━━
2026-05-15 13:00:41,156  INFO    PASO 2/3 — Restaurar BD y extraer Ventas Full
2026-05-15 13:00:41,156  INFO  ━━━━━━━━━━━━━━━━━━━━━━━━━━━━━━━━━━━━━━━━━━━━━━━━━━━━━━━
2026-05-15 13:00:45,012  INFO  ============================================================
2026-05-15 13:00:45,013  INFO    PASO 1 — Restaurar BD y extraer Múltiples Reportes
2026-05-15 13:00:45,013  INFO  ============================================================
2026-05-15 13:00:45,023  INFO  Usando .bak de ultimo_bak.txt: 2026-5-15-T779354202C_2026-05-15_1778864424.bak
2026-05-15 13:00:45,023  INFO  Usando backup: 2026-5-15-T779354202C_2026-05-15_1778864424.bak
2026-05-15 13:00:45,023  INFO  Restaurando 2026-5-15-T779354202C_2026-05-15_1778864424.bak como 'T779354202A'...
2026-05-15 13:00:45,024  INFO  Copiando .bak a C:\Program Files\Microsoft SQL Server\MSSQL17.SQLEXPRESS\MSSQL\DATA\2026-5-15-T779354202C_2026-05-15_1778864424.bak...
2026-05-15 13:00:45,719  INFO  Ejecutando RESTORE DATABASE...
2026-05-15 13:01:30,234  INFO  ✅ BD 'T779354202A' restaurada correctamente.
2026-05-15 13:01:30,234  INFO  Conectando a 'T779354202A' para extraer reportes...
2026-05-15 13:01:30,274  INFO  Ejecutando: base_completo...
2026-05-15 13:01:31,582  INFO    └─ 8,464 filas extraídas.
2026-05-15 13:01:31,582  INFO  Ejecutando: Ordenes_de_Compra...
2026-05-15 13:01:31,630  INFO    └─ 142 filas extraídas.
2026-05-15 13:01:31,631  INFO  Ejecutando: Ordenes_de_produccion...
2026-05-15 13:01:31,655  INFO    └─ 223 filas extraídas.
2026-05-15 13:01:31,655  INFO  Ejecutando: Pendiente_a_facturar...
2026-05-15 13:01:31,724  INFO    └─ 127 filas extraídas.
2026-05-15 13:01:31,725  INFO  Ejecutando: Vales_de_Salida...
2026-05-15 13:01:32,221  INFO    └─ 11,065 filas extraídas.
2026-05-15 13:01:32,221  INFO  Ejecutando: Ventas_Full...
2026-05-15 13:01:32,509  INFO    └─ 1,509 filas extraídas.
2026-05-15 13:01:32,509  INFO  Ejecutando: WIP...
2026-05-15 13:01:32,639  INFO    └─ 21 filas extraídas.
2026-05-15 13:01:32,640  INFO  Exportando a Excel multipestaña: C:\Reportes\VentasFull\Reportes_Completos_2026-05-15.xlsx
2026-05-15 13:02:20,224  INFO  ✅ Excel generado: C:\Reportes\VentasFull\Reportes_Completos_2026-05-15.xlsx (2.9 MB)
2026-05-15 13:02:20,226  INFO  ✅ Proceso Completado → C:\Reportes\VentasFull\Reportes_Completos_2026-05-15.xlsx
2026-05-15 13:02:20,236  INFO  
2026-05-15 13:02:20,236  INFO  ━━━━━━━━━━━━━━━━━━━━━━━━━━━━━━━━━━━━━━━━━━━━━━━━━━━━━━━
2026-05-15 13:02:20,237  INFO    PASO 3/3 — Subir Excel a Google Drive
2026-05-15 13:02:20,237  INFO  ━━━━━━━━━━━━━━━━━━━━━━━━━━━━━━━━━━━━━━━━━━━━━━━━━━━━━━━
2026-05-15 13:02:22,278  INFO  =======================================================
2026-05-15 13:02:22,278  INFO    PASO 2 — Subir Excel a Google Drive
2026-05-15 13:02:22,278  INFO  =======================================================
2026-05-15 13:02:22,280  INFO  Subiendo: Reportes_Completos_2026-05-15.xlsx (2.9 MB)
2026-05-15 13:02:22,280  INFO  Autenticando con cuenta de servicio...
2026-05-15 13:02:22,326  INFO  file_cache is only supported with oauth2client<4.0.0
2026-05-15 13:02:23,546  INFO  Creando archivo nuevo en Drive...
2026-05-15 13:02:24,062  WARNING  Encountered 403 Forbidden with reason "storageQuotaExceeded"
2026-05-15 13:02:24,062  ERROR  
2026-05-15 13:02:24,063  ERROR  ╔═════════════════════════════════════════════════════╗
2026-05-15 13:02:24,064  ERROR  ║  ❌ PIPELINE FALLÓ                                   ║
2026-05-15 13:02:24,064  ERROR  ║  Error: <HttpError 403 when requesting None returned║
2026-05-15 13:02:24,064  ERROR  ╚═════════════════════════════════════════════════════╝
2026-05-15 13:02:24,108  ERROR  Traceback (most recent call last):
  File "C:\Scripts\BackupManager\00_pipeline_completo.py", line 56, in main
    subir()
    ~~~~~^^
  File "C:\Scripts\BackupManager\subir_a_drive.py", line 108, in main
    subir_excel(ruta_excel)
    ~~~~~~~~~~~^^^^^^^^^^^^
  File "C:\Scripts\BackupManager\subir_a_drive.py", line 83, in subir_excel
    ).execute()
      ~~~~~~~^^
  File "C:\Users\atorr\AppData\Local\Programs\Python\Python314\Lib\site-packages\googleapiclient\_helpers.py", line 130, in positional_wrapper
    return wrapped(*args, **kwargs)
  File "C:\Users\atorr\AppData\Local\Programs\Python\Python314\Lib\site-packages\googleapiclient\http.py", line 902, in execute
    _, body = self.next_chunk(http=http, num_retries=num_retries)
              ~~~~~~~~~~~~~~~^^^^^^^^^^^^^^^^^^^^^^^^^^^^^^^^^^^^
  File "C:\Users\atorr\AppData\Local\Programs\Python\Python314\Lib\site-packages\googleapiclient\_helpers.py", line 130, in positional_wrapper
    return wrapped(*args, **kwargs)
  File "C:\Users\atorr\AppData\Local\Programs\Python\Python314\Lib\site-packages\googleapiclient\http.py", line 1022, in next_chunk
    raise ResumableUploadError(resp, content)
googleapiclient.errors.ResumableUploadError: <HttpError 403 when requesting None returned "Service Accounts do not have storage quota. Leverage shared drives (https://developers.google.com/workspace/drive/api/guides/about-shareddrives), or use OAuth delegation (http://support.google.com/a/answer/7281227) instead.". Details: "[{'message': 'Service Accounts do not have storage quota. Leverage shared drives (https://developers.google.com/workspace/drive/api/guides/about-shareddrives), or use OAuth delegation (http://support.google.com/a/answer/7281227) instead.', 'domain': 'usageLimits', 'reason': 'storageQuotaExceeded'}]">

2026-05-15 13:02:59,325  INFO  ╔═════════════════════════════════════════════════════╗
2026-05-15 13:02:59,325  INFO  ║   PIPELINE VENTAS FULL — Inicio: 2026-05-15 13:02   ║
2026-05-15 13:02:59,326  INFO  ╚═════════════════════════════════════════════════════╝
2026-05-15 13:02:59,326  INFO  
2026-05-15 13:02:59,326  INFO  ━━━━━━━━━━━━━━━━━━━━━━━━━━━━━━━━━━━━━━━━━━━━━━━━━━━━━━━
2026-05-15 13:02:59,326  INFO    PASO 1/3 — Descargar backup desde Manager
2026-05-15 13:02:59,326  INFO  ━━━━━━━━━━━━━━━━━━━━━━━━━━━━━━━━━━━━━━━━━━━━━━━━━━━━━━━
2026-05-15 13:02:59,660  INFO  =======================================================
2026-05-15 13:02:59,660  INFO    Iniciando descarga automática de backup Manager
2026-05-15 13:02:59,661  INFO  =======================================================
2026-05-15 13:02:59,662  INFO  ====== WebDriver manager ======
2026-05-15 13:03:02,700  INFO  Get LATEST chromedriver version for google-chrome
2026-05-15 13:03:03,060  INFO  Get LATEST chromedriver version for google-chrome
2026-05-15 13:03:03,400  INFO  Driver [C:\Users\atorr\.wdm\drivers\chromedriver\win64\148.0.7778.167\chromedriver-win32/chromedriver.exe] found in cache
2026-05-15 13:03:04,591  INFO  Abriendo login: https://prodkernel.manager.cl/index.html
2026-05-15 13:03:06,406  INFO  Inputs visibles: 3
2026-05-15 13:03:06,701  INFO  Login enviado...
2026-05-15 13:03:10,712  INFO  ✅ Login exitoso. session_id: f089b00f...
2026-05-15 13:03:10,712  INFO  Navegando a: https://prodkernel.manager.cl/managerbackups.html?session_id=f089b00f173d06d8bce681766acdaea3&cd=prodkernel
2026-05-15 13:03:10,811  INFO  Recarga 1/10...
2026-05-15 13:03:14,897  INFO    filas .bak encontradas: 3
2026-05-15 13:03:14,897  INFO  ✅ Tabla cargada en recarga 1.
2026-05-15 13:03:14,930  INFO    Ignorando: 2026-5-15-T779354202A.bak
2026-05-15 13:03:14,959  INFO    Ignorando: 2026-5-15-T779354202B.bak
2026-05-15 13:03:14,985  INFO  Backup seleccionado: 2026-5-15-T779354202C.bak (2026-05-15 10:08:25+00:00)
2026-05-15 13:03:14,993  INFO  HTML fila completa: <td class="bucket">mng-respaldos-poliuretano</td><td class="Key">2026-5-15-T779354202C.bak</td><td class="LastModified">2026-05-15 10:08:25+00:00</td><td class="Size">0.12 GB</td><td class="presigned_url" style="display: none;">https://mng-respaldos-poliuretano.s3.amazonaws.com/2026-5-15-T779354202C.bak?AWSAccessKeyId=AKIAZPIFFWJDVFW267ZG&amp;Signature=V2zTSrGhfGXwwqIqCTYSr8roGm0%3D&amp;Expires=1778864885</td><td><i onclick="downloadbackup($(this).parent().parent())" class="fas fa-download"></i>
2026-05-15 13:03:17,215  INFO  Descargando 2026-5-15-T779354202C.bak desde S3...
2026-05-15 13:03:26,467  INFO    10 MB / 123 MB (9%)
2026-05-15 13:03:33,324  INFO    21 MB / 123 MB (17%)
2026-05-15 13:03:41,650  INFO    31 MB / 123 MB (26%)
2026-05-15 13:03:46,917  INFO    42 MB / 123 MB (34%)
2026-05-15 13:03:52,311  INFO    52 MB / 123 MB (43%)
2026-05-15 13:03:56,857  INFO    63 MB / 123 MB (51%)
2026-05-15 13:03:59,647  INFO    73 MB / 123 MB (60%)
2026-05-15 13:04:02,352  INFO    84 MB / 123 MB (68%)
2026-05-15 13:04:06,171  INFO    94 MB / 123 MB (77%)
2026-05-15 13:04:09,818  INFO    105 MB / 123 MB (86%)
2026-05-15 13:04:13,225  INFO    115 MB / 123 MB (94%)
2026-05-15 13:04:15,053  INFO  ✅ Descarga completa: 2026-5-15-T779354202C.bak (122.6 MB)
2026-05-15 13:04:15,056  INFO  Backup guardado en: C:\Backups\Manager\2026-5-15-T779354202C_2026-05-15_1778864655.bak
2026-05-15 13:04:15,057  INFO  ✅ Éxito — backup guardado en: C:\Backups\Manager\2026-5-15-T779354202C_2026-05-15_1778864655.bak
2026-05-15 13:04:19,113  WARNING  Retrying (Retry(total=2, connect=None, read=None, redirect=None, status=None)) after connection broken by 'NewConnectionError("HTTPConnection(host='localhost', port=60351): Failed to establish a new connection: [WinError 10061] No se puede establecer una conexión ya que el equipo de destino denegó expresamente dicha conexión")': /session/355cc2aa06b8e12ec1315c84f4258c34
2026-05-15 13:04:23,170  WARNING  Retrying (Retry(total=1, connect=None, read=None, redirect=None, status=None)) after connection broken by 'NewConnectionError("HTTPConnection(host='localhost', port=60351): Failed to establish a new connection: [WinError 10061] No se puede establecer una conexión ya que el equipo de destino denegó expresamente dicha conexión")': /session/355cc2aa06b8e12ec1315c84f4258c34
2026-05-15 13:04:27,225  WARNING  Retrying (Retry(total=0, connect=None, read=None, redirect=None, status=None)) after connection broken by 'NewConnectionError("HTTPConnection(host='localhost', port=60351): Failed to establish a new connection: [WinError 10061] No se puede establecer una conexión ya que el equipo de destino denegó expresamente dicha conexión")': /session/355cc2aa06b8e12ec1315c84f4258c34
2026-05-15 13:04:31,278  INFO  
2026-05-15 13:04:31,278  INFO  ━━━━━━━━━━━━━━━━━━━━━━━━━━━━━━━━━━━━━━━━━━━━━━━━━━━━━━━
2026-05-15 13:04:31,278  INFO    PASO 2/3 — Restaurar BD y extraer Ventas Full
2026-05-15 13:04:31,279  INFO  ━━━━━━━━━━━━━━━━━━━━━━━━━━━━━━━━━━━━━━━━━━━━━━━━━━━━━━━
2026-05-15 13:04:32,081  INFO  ============================================================
2026-05-15 13:04:32,081  INFO    PASO 1 — Restaurar BD y extraer Múltiples Reportes
2026-05-15 13:04:32,081  INFO  ============================================================
2026-05-15 13:04:32,093  INFO  Usando .bak de ultimo_bak.txt: 2026-5-15-T779354202C_2026-05-15_1778864655.bak
2026-05-15 13:04:32,093  INFO  Usando backup: 2026-5-15-T779354202C_2026-05-15_1778864655.bak
2026-05-15 13:04:32,093  INFO  Restaurando 2026-5-15-T779354202C_2026-05-15_1778864655.bak como 'T779354202A'...
2026-05-15 13:04:32,093  INFO  Copiando .bak a C:\Program Files\Microsoft SQL Server\MSSQL17.SQLEXPRESS\MSSQL\DATA\2026-5-15-T779354202C_2026-05-15_1778864655.bak...
2026-05-15 13:04:32,477  INFO  Ejecutando RESTORE DATABASE...
2026-05-15 13:05:16,628  INFO  ✅ BD 'T779354202A' restaurada correctamente.
2026-05-15 13:05:16,628  INFO  Conectando a 'T779354202A' para extraer reportes...
2026-05-15 13:05:16,669  INFO  Ejecutando: base_completo...
2026-05-15 13:05:17,857  INFO    └─ 8,464 filas extraídas.
2026-05-15 13:05:17,858  INFO  Ejecutando: Ordenes_de_Compra...
2026-05-15 13:05:17,893  INFO    └─ 142 filas extraídas.
2026-05-15 13:05:17,893  INFO  Ejecutando: Ordenes_de_produccion...
2026-05-15 13:05:17,911  INFO    └─ 223 filas extraídas.
2026-05-15 13:05:17,911  INFO  Ejecutando: Pendiente_a_facturar...
2026-05-15 13:05:17,975  INFO    └─ 127 filas extraídas.
2026-05-15 13:05:17,975  INFO  Ejecutando: Vales_de_Salida...
2026-05-15 13:05:18,431  INFO    └─ 11,065 filas extraídas.
2026-05-15 13:05:18,432  INFO  Ejecutando: Ventas_Full...
2026-05-15 13:05:18,728  INFO    └─ 1,509 filas extraídas.
2026-05-15 13:05:18,728  INFO  Ejecutando: WIP...
2026-05-15 13:05:18,845  INFO    └─ 21 filas extraídas.
2026-05-15 13:05:18,846  INFO  Exportando a Excel multipestaña: C:\Reportes\VentasFull\Reportes_Completos_2026-05-15.xlsx
2026-05-15 13:06:06,495  INFO  ✅ Excel generado: C:\Reportes\VentasFull\Reportes_Completos_2026-05-15.xlsx (2.9 MB)
2026-05-15 13:06:06,496  INFO  ✅ Proceso Completado → C:\Reportes\VentasFull\Reportes_Completos_2026-05-15.xlsx
2026-05-15 13:06:06,506  INFO  
2026-05-15 13:06:06,506  INFO  ━━━━━━━━━━━━━━━━━━━━━━━━━━━━━━━━━━━━━━━━━━━━━━━━━━━━━━━
2026-05-15 13:06:06,506  INFO    PASO 3/3 — Subir Excel a Google Drive
2026-05-15 13:06:06,507  INFO  ━━━━━━━━━━━━━━━━━━━━━━━━━━━━━━━━━━━━━━━━━━━━━━━━━━━━━━━
2026-05-15 13:06:07,027  INFO  =======================================================
2026-05-15 13:06:07,028  INFO    PASO 2 — Subir Excel a Google Drive
2026-05-15 13:06:07,028  INFO  =======================================================
2026-05-15 13:06:07,030  INFO  Subiendo: Reportes_Completos_2026-05-15.xlsx (2.9 MB)
2026-05-15 13:06:07,030  INFO  Autenticando con cuenta de servicio...
2026-05-15 13:06:07,069  INFO  file_cache is only supported with oauth2client<4.0.0
2026-05-15 13:06:08,211  INFO  Creando archivo nuevo en Drive...
2026-05-15 13:06:08,687  WARNING  Encountered 403 Forbidden with reason "storageQuotaExceeded"
2026-05-15 13:06:08,687  ERROR  
2026-05-15 13:06:08,687  ERROR  ╔═════════════════════════════════════════════════════╗
2026-05-15 13:06:08,687  ERROR  ║  ❌ PIPELINE FALLÓ                                   ║
2026-05-15 13:06:08,688  ERROR  ║  Error: <HttpError 403 when requesting None returned║
2026-05-15 13:06:08,688  ERROR  ╚═════════════════════════════════════════════════════╝
2026-05-15 13:06:08,692  ERROR  Traceback (most recent call last):
  File "C:\Scripts\BackupManager\00_pipeline_completo.py", line 56, in main
    subir()
    ~~~~~^^
  File "C:\Scripts\BackupManager\subir_a_drive.py", line 108, in main
    subir_excel(ruta_excel)
    ~~~~~~~~~~~^^^^^^^^^^^^
  File "C:\Scripts\BackupManager\subir_a_drive.py", line 83, in subir_excel
    ).execute()
      ~~~~~~~^^
  File "C:\Users\atorr\AppData\Local\Programs\Python\Python314\Lib\site-packages\googleapiclient\_helpers.py", line 130, in positional_wrapper
    return wrapped(*args, **kwargs)
  File "C:\Users\atorr\AppData\Local\Programs\Python\Python314\Lib\site-packages\googleapiclient\http.py", line 902, in execute
    _, body = self.next_chunk(http=http, num_retries=num_retries)
              ~~~~~~~~~~~~~~~^^^^^^^^^^^^^^^^^^^^^^^^^^^^^^^^^^^^
  File "C:\Users\atorr\AppData\Local\Programs\Python\Python314\Lib\site-packages\googleapiclient\_helpers.py", line 130, in positional_wrapper
    return wrapped(*args, **kwargs)
  File "C:\Users\atorr\AppData\Local\Programs\Python\Python314\Lib\site-packages\googleapiclient\http.py", line 1022, in next_chunk
    raise ResumableUploadError(resp, content)
googleapiclient.errors.ResumableUploadError: <HttpError 403 when requesting None returned "Service Accounts do not have storage quota. Leverage shared drives (https://developers.google.com/workspace/drive/api/guides/about-shareddrives), or use OAuth delegation (http://support.google.com/a/answer/7281227) instead.". Details: "[{'message': 'Service Accounts do not have storage quota. Leverage shared drives (https://developers.google.com/workspace/drive/api/guides/about-shareddrives), or use OAuth delegation (http://support.google.com/a/answer/7281227) instead.', 'domain': 'usageLimits', 'reason': 'storageQuotaExceeded'}]">

2026-05-18 10:38:36,830  INFO  ╔═════════════════════════════════════════════════════╗
2026-05-18 10:38:36,854  INFO  ║   PIPELINE VENTAS FULL — Inicio: 2026-05-18 10:38   ║
2026-05-18 10:38:36,854  INFO  ╚═════════════════════════════════════════════════════╝
2026-05-18 10:38:36,854  INFO  
2026-05-18 10:38:36,855  INFO  ━━━━━━━━━━━━━━━━━━━━━━━━━━━━━━━━━━━━━━━━━━━━━━━━━━━━━━━
2026-05-18 10:38:36,855  INFO    PASO 1/3 — Descargar backup desde Manager
2026-05-18 10:38:36,855  INFO  ━━━━━━━━━━━━━━━━━━━━━━━━━━━━━━━━━━━━━━━━━━━━━━━━━━━━━━━
2026-05-18 10:38:37,382  INFO  =======================================================
2026-05-18 10:38:37,382  INFO    Iniciando descarga automática de backup Manager
2026-05-18 10:38:37,382  INFO  =======================================================
2026-05-18 10:38:37,385  INFO  ====== WebDriver manager ======
2026-05-18 10:38:41,930  INFO  Get LATEST chromedriver version for google-chrome
2026-05-18 10:38:42,435  INFO  Get LATEST chromedriver version for google-chrome
2026-05-18 10:38:42,889  INFO  Driver [C:\Users\atorr\.wdm\drivers\chromedriver\win64\148.0.7778.167\chromedriver-win32/chromedriver.exe] found in cache
2026-05-18 10:38:44,732  INFO  Abriendo login: https://prodkernel.manager.cl/index.html
2026-05-18 10:38:46,766  INFO  Inputs visibles: 3
2026-05-18 10:38:47,174  INFO  Login enviado...
2026-05-18 10:38:51,193  INFO  ✅ Login exitoso. session_id: 0a79672e...
2026-05-18 10:38:51,195  INFO  Navegando a: https://prodkernel.manager.cl/managerbackups.html?session_id=0a79672ea15d0e6397056d1463f7c660&cd=prodkernel
2026-05-18 10:38:51,306  INFO  Recarga 1/10...
2026-05-18 10:38:55,509  INFO    filas .bak encontradas: 3
2026-05-18 10:38:55,510  INFO  ✅ Tabla cargada en recarga 1.
2026-05-18 10:38:55,563  INFO    Ignorando: 2026-5-18-T779354202A.bak
2026-05-18 10:38:55,599  INFO    Ignorando: 2026-5-18-T779354202B.bak
2026-05-18 10:38:55,634  INFO  Backup seleccionado: 2026-5-18-T779354202C.bak (2026-05-18 10:07:44+00:00)
2026-05-18 10:38:55,646  INFO  HTML fila completa: <td class="bucket">mng-respaldos-poliuretano</td><td class="Key">2026-5-18-T779354202C.bak</td><td class="LastModified">2026-05-18 10:07:44+00:00</td><td class="Size">0.12 GB</td><td class="presigned_url" style="display: none;">https://mng-respaldos-poliuretano.s3.amazonaws.com/2026-5-18-T779354202C.bak?AWSAccessKeyId=AKIAZPIFFWJDVFW267ZG&amp;Signature=YGj%2FUuTeFa7Z72%2BxSLi8jm95oB0%3D&amp;Expires=1779115423</td><td><i onclick="downloadbackup($(this).parent().parent())" class="fas fa-download">
2026-05-18 10:38:57,994  INFO  Descargando 2026-5-18-T779354202C.bak desde S3...
2026-05-18 10:39:04,411  INFO    10 MB / 124 MB (8%)
2026-05-18 10:39:10,156  INFO    21 MB / 124 MB (17%)
2026-05-18 10:39:16,259  INFO    31 MB / 124 MB (25%)
2026-05-18 10:39:21,152  INFO    42 MB / 124 MB (34%)
2026-05-18 10:39:24,661  INFO    52 MB / 124 MB (42%)
2026-05-18 10:39:28,656  INFO    63 MB / 124 MB (51%)
2026-05-18 10:39:33,097  INFO    73 MB / 124 MB (59%)
2026-05-18 10:39:38,253  INFO    84 MB / 124 MB (68%)
2026-05-18 10:39:42,982  INFO    94 MB / 124 MB (76%)
2026-05-18 10:39:47,342  INFO    105 MB / 124 MB (85%)
2026-05-18 10:39:51,495  INFO    115 MB / 124 MB (93%)
2026-05-18 10:39:55,380  INFO  ✅ Descarga completa: 2026-5-18-T779354202C.bak (123.7 MB)
2026-05-18 10:39:55,384  INFO  Backup guardado en: C:\Backups\Manager\2026-5-18-T779354202C_2026-05-18_1779115195.bak
2026-05-18 10:39:55,385  INFO  ✅ Éxito — backup guardado en: C:\Backups\Manager\2026-5-18-T779354202C_2026-05-18_1779115195.bak
2026-05-18 10:39:59,542  WARNING  Retrying (Retry(total=2, connect=None, read=None, redirect=None, status=None)) after connection broken by 'NewConnectionError("HTTPConnection(host='localhost', port=59388): Failed to establish a new connection: [WinError 10061] No se puede establecer una conexión ya que el equipo de destino denegó expresamente dicha conexión")': /session/505173fd64961984ae1aecf882f5eb35
2026-05-18 10:40:03,634  WARNING  Retrying (Retry(total=1, connect=None, read=None, redirect=None, status=None)) after connection broken by 'NewConnectionError("HTTPConnection(host='localhost', port=59388): Failed to establish a new connection: [WinError 10061] No se puede establecer una conexión ya que el equipo de destino denegó expresamente dicha conexión")': /session/505173fd64961984ae1aecf882f5eb35
2026-05-18 10:40:07,732  WARNING  Retrying (Retry(total=0, connect=None, read=None, redirect=None, status=None)) after connection broken by 'NewConnectionError("HTTPConnection(host='localhost', port=59388): Failed to establish a new connection: [WinError 10061] No se puede establecer una conexión ya que el equipo de destino denegó expresamente dicha conexión")': /session/505173fd64961984ae1aecf882f5eb35
2026-05-18 10:40:11,803  INFO  
2026-05-18 10:40:11,804  INFO  ━━━━━━━━━━━━━━━━━━━━━━━━━━━━━━━━━━━━━━━━━━━━━━━━━━━━━━━
2026-05-18 10:40:11,804  INFO    PASO 2/3 — Restaurar BD y extraer Ventas Full
2026-05-18 10:40:11,804  INFO  ━━━━━━━━━━━━━━━━━━━━━━━━━━━━━━━━━━━━━━━━━━━━━━━━━━━━━━━
2026-05-18 10:40:14,150  INFO  ============================================================
2026-05-18 10:40:14,151  INFO    PASO 1 — Restaurar BD y extraer Múltiples Reportes
2026-05-18 10:40:14,152  INFO  ============================================================
2026-05-18 10:40:14,169  INFO  Usando .bak de ultimo_bak.txt: 2026-5-18-T779354202C_2026-05-18_1779115195.bak
2026-05-18 10:40:14,169  INFO  Usando backup: 2026-5-18-T779354202C_2026-05-18_1779115195.bak
2026-05-18 10:40:14,169  INFO  Restaurando 2026-5-18-T779354202C_2026-05-18_1779115195.bak como 'T779354202A'...
2026-05-18 10:40:14,174  INFO  Copiando .bak a C:\Program Files\Microsoft SQL Server\MSSQL17.SQLEXPRESS\MSSQL\DATA\2026-5-18-T779354202C_2026-05-18_1779115195.bak...
2026-05-18 10:40:15,471  INFO  Ejecutando RESTORE DATABASE...
2026-05-18 10:41:01,190  INFO  ✅ BD 'T779354202A' restaurada correctamente.
2026-05-18 10:41:01,191  INFO  Conectando a 'T779354202A' para extraer reportes...
2026-05-18 10:41:01,609  INFO  Ejecutando: base_completo...
2026-05-18 10:43:18,975  INFO    └─ 8,504 filas extraídas.
2026-05-18 10:43:18,976  INFO  Ejecutando: Ordenes_de_Compra...
2026-05-18 10:43:19,033  INFO    └─ 157 filas extraídas.
2026-05-18 10:43:19,034  INFO  Ejecutando: Ordenes_de_produccion...
2026-05-18 10:43:19,213  INFO    └─ 3,023 filas extraídas.
2026-05-18 10:43:19,214  INFO  Ejecutando: Pendiente_a_facturar...
2026-05-18 10:43:19,307  INFO    └─ 124 filas extraídas.
2026-05-18 10:43:19,307  INFO  Ejecutando: Vales_de_Salida...
2026-05-18 10:43:19,947  INFO    └─ 11,204 filas extraídas.
2026-05-18 10:43:19,947  INFO  Ejecutando: Ventas_Full...
2026-05-18 10:43:20,323  INFO    └─ 1,532 filas extraídas.
2026-05-18 10:43:20,325  INFO  Ejecutando: WIP...
2026-05-18 10:43:20,552  INFO    └─ 21 filas extraídas.
2026-05-18 10:43:20,554  INFO  Exportando a Excel multipestaña: C:\Reportes\VentasFull\Reportes_Completos_2026-05-18.xlsx
2026-05-18 10:44:28,771  INFO  ✅ Excel generado: C:\Reportes\VentasFull\Reportes_Completos_2026-05-18.xlsx (3.3 MB)
2026-05-18 10:44:28,773  INFO  ✅ Proceso Completado → C:\Reportes\VentasFull\Reportes_Completos_2026-05-18.xlsx
2026-05-18 10:44:28,789  INFO  
2026-05-18 10:44:28,790  INFO  ━━━━━━━━━━━━━━━━━━━━━━━━━━━━━━━━━━━━━━━━━━━━━━━━━━━━━━━
2026-05-18 10:44:28,790  INFO    PASO 3/3 — Subir Excel a Google Drive
2026-05-18 10:44:28,790  INFO  ━━━━━━━━━━━━━━━━━━━━━━━━━━━━━━━━━━━━━━━━━━━━━━━━━━━━━━━
2026-05-18 10:44:30,388  INFO  =======================================================
2026-05-18 10:44:30,389  INFO    PASO 2 — Subir a Drive y actualizar Google Sheets
2026-05-18 10:44:30,389  INFO  =======================================================
2026-05-18 10:44:30,391  INFO  Procesando: Reportes_Completos_2026-05-18.xlsx (3.3 MB)
2026-05-18 10:44:30,454  INFO  file_cache is only supported with oauth2client<4.0.0
2026-05-18 10:44:30,459  INFO  file_cache is only supported with oauth2client<4.0.0
2026-05-18 10:44:31,602  INFO  Creando Excel nuevo en Drive...
2026-05-18 10:44:34,758  WARNING  Encountered 403 Forbidden with reason "storageQuotaExceeded"
2026-05-18 10:44:34,759  ERROR  
2026-05-18 10:44:34,759  ERROR  ╔═════════════════════════════════════════════════════╗
2026-05-18 10:44:34,760  ERROR  ║  ❌ PIPELINE FALLÓ                                   ║
2026-05-18 10:44:34,760  ERROR  ║  Error: <HttpError 403 when requesting https://www.g║
2026-05-18 10:44:34,760  ERROR  ╚═════════════════════════════════════════════════════╝
2026-05-18 10:44:34,766  ERROR  Traceback (most recent call last):
  File "c:\Scripts\BackupManager\00_pipeline_completo.py", line 56, in main
    subir()
    ~~~~~^^
  File "c:\Scripts\BackupManager\subir_a_drive.py", line 188, in main
    subir_excel_drive(drive_service, ruta_excel)
    ~~~~~~~~~~~~~~~~~^^^^^^^^^^^^^^^^^^^^^^^^^^^
  File "c:\Scripts\BackupManager\subir_a_drive.py", line 104, in subir_excel_drive
    ).execute()
      ~~~~~~~^^
  File "C:\Users\atorr\AppData\Local\Programs\Python\Python314\Lib\site-packages\googleapiclient\_helpers.py", line 130, in positional_wrapper
    return wrapped(*args, **kwargs)
  File "C:\Users\atorr\AppData\Local\Programs\Python\Python314\Lib\site-packages\googleapiclient\http.py", line 938, in execute
    raise HttpError(resp, content, uri=self.uri)
googleapiclient.errors.HttpError: <HttpError 403 when requesting https://www.googleapis.com/upload/drive/v3/files?fields=id&supportsAllDrives=true&alt=json&uploadType=multipart returned "Service Accounts do not have storage quota. Leverage shared drives (https://developers.google.com/workspace/drive/api/guides/about-shareddrives), or use OAuth delegation (http://support.google.com/a/answer/7281227) instead.". Details: "[{'message': 'Service Accounts do not have storage quota. Leverage shared drives (https://developers.google.com/workspace/drive/api/guides/about-shareddrives), or use OAuth delegation (http://support.google.com/a/answer/7281227) instead.', 'domain': 'usageLimits', 'reason': 'storageQuotaExceeded'}]">

2026-05-18 10:45:58,463  INFO  =======================================================
2026-05-18 10:45:58,463  INFO    PASO 2 — Subir a Drive y actualizar Google Sheets
2026-05-18 10:45:58,463  INFO  =======================================================
2026-05-18 10:45:58,464  INFO  Procesando: Reportes_Completos_2026-05-18.xlsx (3.3 MB)
2026-05-18 10:45:58,509  INFO  file_cache is only supported with oauth2client<4.0.0
2026-05-18 10:45:58,514  INFO  file_cache is only supported with oauth2client<4.0.0
2026-05-18 10:45:59,553  INFO  Creando Excel nuevo en Drive...
2026-05-18 10:46:03,482  INFO  ✅ Excel subido a Drive: Reportes_Completos_Actualizado.xlsx
2026-05-18 10:46:03,483  INFO  Leyendo Excel para actualizar Google Sheets...
2026-05-18 10:46:03,795  INFO  Pestañas encontradas en Excel: ['base_completo', 'Ordenes_de_Compra', 'Ordenes_de_produccion', 'Pendiente_a_facturar', 'Vales_de_Salida', 'Ventas_Full', 'WIP']
2026-05-18 10:46:04,636  INFO  Actualizando Base Produccion → 'Orden de Produccion' (3,023 filas)...
2026-05-18 10:48:12,226  INFO  =======================================================
2026-05-18 10:48:12,226  INFO    PASO 2 — Subir a Drive y actualizar Google Sheets
2026-05-18 10:48:12,227  INFO  =======================================================
2026-05-18 10:48:12,227  INFO  Procesando: Reportes_Completos_2026-05-18.xlsx (3.3 MB)
2026-05-18 10:48:12,272  INFO  file_cache is only supported with oauth2client<4.0.0
2026-05-18 10:48:12,276  INFO  file_cache is only supported with oauth2client<4.0.0
2026-05-18 10:48:13,328  INFO  Creando Excel nuevo en Drive...
2026-05-18 10:48:16,894  INFO  ✅ Excel subido a Drive: Reportes_Completos_Actualizado.xlsx
2026-05-18 10:48:16,895  INFO  Leyendo Excel para actualizar Google Sheets...
2026-05-18 10:48:17,224  INFO  Pestañas encontradas en Excel: ['base_completo', 'Ordenes_de_Compra', 'Ordenes_de_produccion', 'Pendiente_a_facturar', 'Vales_de_Salida', 'Ventas_Full', 'WIP']
2026-05-18 10:48:18,236  INFO  Actualizando Base Produccion → 'Orden de Produccion' (3,023 filas)...
2026-05-18 10:48:19,962  INFO    Limpiando hoja 'Orden de Produccion'...
2026-05-18 10:48:20,597  INFO    Escribiendo 3,023 filas en 'Orden de Produccion'...
2026-05-18 10:49:18,168  INFO  =======================================================
2026-05-18 10:49:18,168  INFO    PASO 2 — Subir a Drive y actualizar Google Sheets
2026-05-18 10:49:18,168  INFO  =======================================================
2026-05-18 10:49:18,169  INFO  Procesando: Reportes_Completos_2026-05-18.xlsx (3.3 MB)
2026-05-18 10:49:18,209  INFO  file_cache is only supported with oauth2client<4.0.0
2026-05-18 10:49:18,213  INFO  file_cache is only supported with oauth2client<4.0.0
2026-05-18 10:49:19,257  INFO  Creando Excel nuevo en Drive...
2026-05-18 10:49:22,859  INFO  ✅ Excel subido a Drive: Reportes_Completos_Actualizado.xlsx
2026-05-18 10:49:22,860  INFO  Leyendo Excel para actualizar Google Sheets...
2026-05-18 10:49:23,148  INFO  Pestañas encontradas en Excel: ['base_completo', 'Ordenes_de_Compra', 'Ordenes_de_produccion', 'Pendiente_a_facturar', 'Vales_de_Salida', 'Ventas_Full', 'WIP']
2026-05-18 10:49:23,915  INFO  Actualizando Base Produccion → 'Orden de Produccion' (3,023 filas)...
2026-05-18 10:49:25,511  INFO    Limpiando hoja 'Orden de Produccion'...
2026-05-18 10:49:26,129  INFO    Escribiendo 3,023 filas en 'Orden de Produccion'...
2026-05-18 10:50:30,072  INFO  =======================================================
2026-05-18 10:50:30,072  INFO    PASO 2 — Subir a Drive y actualizar Google Sheets
2026-05-18 10:50:30,073  INFO  =======================================================
2026-05-18 10:50:30,073  INFO  Procesando: Reportes_Completos_2026-05-18.xlsx (3.3 MB)
2026-05-18 10:50:30,116  INFO  file_cache is only supported with oauth2client<4.0.0
2026-05-18 10:50:30,120  INFO  file_cache is only supported with oauth2client<4.0.0
2026-05-18 10:50:31,082  INFO  Creando Excel nuevo en Drive...
2026-05-18 10:50:35,627  INFO  ✅ Excel subido a Drive: Reportes_Completos_Actualizado.xlsx
2026-05-18 10:50:35,627  INFO  Leyendo Excel para actualizar Google Sheets...
2026-05-18 10:50:35,936  INFO  Pestañas encontradas en Excel: ['base_completo', 'Ordenes_de_Compra', 'Ordenes_de_produccion', 'Pendiente_a_facturar', 'Vales_de_Salida', 'Ventas_Full', 'WIP']
2026-05-18 10:50:36,704  INFO  Actualizando Base Produccion → 'Orden de Produccion' (3,023 filas)...
2026-05-18 10:50:38,272  INFO    Limpiando hoja 'Orden de Produccion'...
2026-05-18 10:50:38,828  INFO    Escribiendo 3,023 filas en 'Orden de Produccion'...
2026-05-18 10:50:41,860  INFO    ✅ Hoja 'Orden de Produccion' actualizada.
2026-05-18 10:50:41,905  INFO  Actualizando Base Produccion → 'Por Facturar' (124 filas)...
2026-05-18 10:50:42,780  INFO    Limpiando hoja 'Por Facturar'...
2026-05-18 10:50:43,248  INFO    Escribiendo 124 filas en 'Por Facturar'...
2026-05-18 10:50:43,714  INFO    ✅ Hoja 'Por Facturar' actualizada.
2026-05-18 10:50:46,232  INFO  Actualizando Base Produccion → 'Vales de Salida' (11,204 filas)...
2026-05-18 10:50:46,947  INFO    Limpiando hoja 'Vales de Salida'...
2026-05-18 10:50:47,528  INFO    Escribiendo 11,204 filas en 'Vales de Salida'...
2026-05-18 10:50:54,579  INFO    ✅ Hoja 'Vales de Salida' actualizada.
2026-05-18 10:50:55,201  INFO  Actualizando Base Produccion → 'Ventas_Full' (1,532 filas)...
2026-05-18 10:50:56,054  INFO    Limpiando hoja 'Ventas_Full'...
2026-05-18 10:50:56,424  INFO    Escribiendo 1,532 filas en 'Ventas_Full'...
2026-05-18 10:50:59,487  INFO    ✅ Hoja 'Ventas_Full' actualizada.
2026-05-18 10:50:59,502  INFO  Actualizando Base Produccion → 'WIP' (21 filas)...
2026-05-18 10:51:00,164  INFO    Limpiando hoja 'WIP'...
2026-05-18 10:51:00,435  INFO    Escribiendo 21 filas en 'WIP'...
2026-05-18 10:51:00,842  INFO    ✅ Hoja 'WIP' actualizada.
2026-05-18 10:51:01,462  INFO  Actualizando Presupuestos → 'Ventas Full Manager' (1,532 filas)...
2026-05-18 10:51:34,179  INFO  =======================================================
2026-05-18 10:51:34,179  INFO    PASO 2 — Subir a Drive y actualizar Google Sheets
2026-05-18 10:51:34,179  INFO  =======================================================
2026-05-18 10:51:34,182  INFO  Procesando: Reportes_Completos_2026-05-18.xlsx (3.3 MB)
2026-05-18 10:51:34,244  INFO  file_cache is only supported with oauth2client<4.0.0
2026-05-18 10:51:34,272  INFO  file_cache is only supported with oauth2client<4.0.0
2026-05-18 10:51:35,268  INFO  Creando Excel nuevo en Drive...
2026-05-18 10:51:38,469  INFO  ✅ Excel subido a Drive: Reportes_Completos_Actualizado.xlsx
2026-05-18 10:51:38,470  INFO  Leyendo Excel para actualizar Google Sheets...
2026-05-18 10:51:38,770  INFO  Pestañas encontradas en Excel: ['base_completo', 'Ordenes_de_Compra', 'Ordenes_de_produccion', 'Pendiente_a_facturar', 'Vales_de_Salida', 'Ventas_Full', 'WIP']
2026-05-18 10:51:39,507  INFO  Actualizando Base Produccion → 'Orden de Produccion' (3,023 filas)...
2026-05-18 10:51:40,983  INFO    Limpiando hoja 'Orden de Produccion'...
2026-05-18 10:51:41,591  INFO    Escribiendo 3,023 filas en 'Orden de Produccion'...
2026-05-18 10:51:44,750  INFO    ✅ Hoja 'Orden de Produccion' actualizada.
2026-05-18 10:51:44,782  INFO  Actualizando Base Produccion → 'Por Facturar' (124 filas)...
2026-05-18 10:51:45,503  INFO    Limpiando hoja 'Por Facturar'...
2026-05-18 10:51:45,857  INFO    Escribiendo 124 filas en 'Por Facturar'...
2026-05-18 10:51:46,414  INFO    ✅ Hoja 'Por Facturar' actualizada.
2026-05-18 10:51:48,734  INFO  Actualizando Base Produccion → 'Vales de Salida' (11,204 filas)...
2026-05-18 10:51:49,611  INFO    Limpiando hoja 'Vales de Salida'...
2026-05-18 10:51:50,060  INFO    Escribiendo 11,204 filas en 'Vales de Salida'...
2026-05-18 10:51:56,445  INFO    ✅ Hoja 'Vales de Salida' actualizada.
2026-05-18 10:51:57,277  INFO  Actualizando Base Produccion → 'Ventas_Full' (1,532 filas)...
2026-05-18 10:51:57,898  INFO    Limpiando hoja 'Ventas_Full'...
2026-05-18 10:51:58,410  INFO    Escribiendo 1,532 filas en 'Ventas_Full'...
2026-05-18 10:52:00,633  INFO    ✅ Hoja 'Ventas_Full' actualizada.
2026-05-18 10:52:00,652  INFO  Actualizando Base Produccion → 'WIP' (21 filas)...
2026-05-18 10:52:01,181  INFO    Limpiando hoja 'WIP'...
2026-05-18 10:52:01,586  INFO    Escribiendo 21 filas en 'WIP'...
2026-05-18 10:52:01,959  INFO    ✅ Hoja 'WIP' actualizada.
2026-05-18 10:52:02,547  INFO  Actualizando Presupuestos → 'Ventas Full Manager' (1,532 filas)...
2026-05-18 10:52:03,727  INFO    Limpiando hoja 'Ventas Full Manager'...
2026-05-18 10:52:04,262  INFO    Escribiendo 1,532 filas en 'Ventas Full Manager'...
2026-05-18 10:52:07,787  INFO    ✅ Hoja 'Ventas Full Manager' actualizada.
2026-05-18 10:52:07,790  INFO  
2026-05-18 10:52:07,790  INFO  ✅ Todo actualizado:
2026-05-18 10:52:07,791  INFO     📁 Drive: Reportes_Completos_Actualizado.xlsx
2026-05-18 10:52:07,791  INFO     📊 Base Produccion: ['Orden de Produccion', 'Por Facturar', 'Vales de Salida', 'Ventas_Full', 'WIP']
2026-05-18 10:52:07,791  INFO     📊 Presupuestos: Ventas Full Manager
18/05/2026 10:55:36.32 - Iniciando pipeline 
Traceback (most recent call last):
  File "C:\Scripts\BackupManager\00_pipeline_completo.py", line 22, in <module>
    logging.FileHandler(r"C:\Users\atorr\Documents\pipeline_ventas.log", encoding="utf-8"),
    ~~~~~~~~~~~~~~~~~~~^^^^^^^^^^^^^^^^^^^^^^^^^^^^^^^^^^^^^^^^^
  File "C:\Users\atorr\AppData\Local\Programs\Python\Python314\Lib\logging\__init__.py", line 1219, in __init__
    StreamHandler.__init__(self, self._open())
                                 ~~~~~~~~~~^^
  File "C:\Users\atorr\AppData\Local\Programs\Python\Python314\Lib\logging\__init__.py", line 1248, in _open
    return open_func(self.baseFilename, self.mode,
                     encoding=self.encoding, errors=self.errors)
PermissionError: [Errno 13] Permission denied: 'C:\\Scripts\\BackupManager\\pipeline_ventas.log'
18/05/2026 10:55:36.52 - ERROR en el pipeline 
18/05/2026 11:15:20.69 - Iniciando pipeline 
Traceback (most recent call last):
  File "C:\Scripts\BackupManager\00_pipeline_completo.py", line 22, in <module>
    logging.FileHandler(r"C:\Users\atorr\Documents\pipeline_ventas.log", encoding="utf-8"),
    ~~~~~~~~~~~~~~~~~~~^^^^^^^^^^^^^^^^^^^^^^^^^^^^^^^^^^^^^^^^^
  File "C:\Users\atorr\AppData\Local\Programs\Python\Python314\Lib\logging\__init__.py", line 1219, in __init__
    StreamHandler.__init__(self, self._open())
                                 ~~~~~~~~~~^^
  File "C:\Users\atorr\AppData\Local\Programs\Python\Python314\Lib\logging\__init__.py", line 1248, in _open
    return open_func(self.baseFilename, self.mode,
                     encoding=self.encoding, errors=self.errors)
PermissionError: [Errno 13] Permission denied: 'C:\\Scripts\\BackupManager\\pipeline_ventas.log'
18/05/2026 11:15:20.99 - ERROR en el pipeline 
18/05/2026 11:15:56.13 - Iniciando pipeline 
Traceback (most recent call last):
  File "C:\Scripts\BackupManager\00_pipeline_completo.py", line 22, in <module>
    logging.FileHandler(r"C:\Users\atorr\Documents\pipeline_ventas.log", encoding="utf-8"),
    ~~~~~~~~~~~~~~~~~~~^^^^^^^^^^^^^^^^^^^^^^^^^^^^^^^^^^^^^^^^^
  File "C:\Users\atorr\AppData\Local\Programs\Python\Python314\Lib\logging\__init__.py", line 1219, in __init__
    StreamHandler.__init__(self, self._open())
                                 ~~~~~~~~~~^^
  File "C:\Users\atorr\AppData\Local\Programs\Python\Python314\Lib\logging\__init__.py", line 1248, in _open
    return open_func(self.baseFilename, self.mode,
                     encoding=self.encoding, errors=self.errors)
PermissionError: [Errno 13] Permission denied: 'C:\\Scripts\\BackupManager\\pipeline_ventas.log'
18/05/2026 11:15:56.33 - ERROR en el pipeline 
18/05/2026 11:18:01.06 - Iniciando pipeline 
Traceback (most recent call last):
  File "C:\Scripts\BackupManager\00_pipeline_completo.py", line 22, in <module>
    logging.FileHandler(r"C:\Users\atorr\Documents\pipeline_ventas.log", encoding="utf-8"),
    ~~~~~~~~~~~~~~~~~~~^^^^^^^^^^^^^^^^^^^^^^^^^^^^^^^^^^^^^^^^^
  File "C:\Users\atorr\AppData\Local\Programs\Python\Python314\Lib\logging\__init__.py", line 1219, in __init__
    StreamHandler.__init__(self, self._open())
                                 ~~~~~~~~~~^^
  File "C:\Users\atorr\AppData\Local\Programs\Python\Python314\Lib\logging\__init__.py", line 1248, in _open
    return open_func(self.baseFilename, self.mode,
                     encoding=self.encoding, errors=self.errors)
PermissionError: [Errno 13] Permission denied: 'C:\\Scripts\\BackupManager\\pipeline_ventas.log'
18/05/2026 11:18:01.21 - ERROR en el pipeline 
18/05/2026 11:22:10.01 - Iniciando pipeline 
2026-05-18 11:22:10,458  INFO  \u2554\u2550\u2550\u2550\u2550\u2550\u2550\u2550\u2550\u2550\u2550\u2550\u2550\u2550\u2550\u2550\u2550\u2550\u2550\u2550\u2550\u2550\u2550\u2550\u2550\u2550\u2550\u2550\u2550\u2550\u2550\u2550\u2550\u2550\u2550\u2550\u2550\u2550\u2550\u2550\u2550\u2550\u2550\u2550\u2550\u2550\u2550\u2550\u2550\u2550\u2550\u2550\u2550\u2550\u2557
2026-05-18 11:22:10,543  INFO  \u2551   PIPELINE VENTAS FULL � Inicio: 2026-05-18 11:22   \u2551
2026-05-18 11:22:10,544  INFO  \u255a\u2550\u2550\u2550\u2550\u2550\u2550\u2550\u2550\u2550\u2550\u2550\u2550\u2550\u2550\u2550\u2550\u2550\u2550\u2550\u2550\u2550\u2550\u2550\u2550\u2550\u2550\u2550\u2550\u2550\u2550\u2550\u2550\u2550\u2550\u2550\u2550\u2550\u2550\u2550\u2550\u2550\u2550\u2550\u2550\u2550\u2550\u2550\u2550\u2550\u2550\u2550\u2550\u2550\u255d
2026-05-18 11:22:10,544  INFO  
2026-05-18 11:22:10,544  INFO  \u2501\u2501\u2501\u2501\u2501\u2501\u2501\u2501\u2501\u2501\u2501\u2501\u2501\u2501\u2501\u2501\u2501\u2501\u2501\u2501\u2501\u2501\u2501\u2501\u2501\u2501\u2501\u2501\u2501\u2501\u2501\u2501\u2501\u2501\u2501\u2501\u2501\u2501\u2501\u2501\u2501\u2501\u2501\u2501\u2501\u2501\u2501\u2501\u2501\u2501\u2501\u2501\u2501\u2501\u2501
2026-05-18 11:22:10,558  INFO    PASO 1/3 � Descargar backup desde Manager
2026-05-18 11:22:10,558  INFO  \u2501\u2501\u2501\u2501\u2501\u2501\u2501\u2501\u2501\u2501\u2501\u2501\u2501\u2501\u2501\u2501\u2501\u2501\u2501\u2501\u2501\u2501\u2501\u2501\u2501\u2501\u2501\u2501\u2501\u2501\u2501\u2501\u2501\u2501\u2501\u2501\u2501\u2501\u2501\u2501\u2501\u2501\u2501\u2501\u2501\u2501\u2501\u2501\u2501\u2501\u2501\u2501\u2501\u2501\u2501
2026-05-18 11:22:11,910  INFO  =======================================================
2026-05-18 11:22:11,911  INFO    Iniciando descarga autom�tica de backup Manager
2026-05-18 11:22:11,911  INFO  =======================================================
2026-05-18 11:22:11,912  INFO  ====== WebDriver manager ======
2026-05-18 11:22:16,085  INFO  Get LATEST chromedriver version for google-chrome
2026-05-18 11:22:16,557  INFO  Get LATEST chromedriver version for google-chrome
2026-05-18 11:22:16,897  INFO  Driver [C:\Users\atorr\.wdm\drivers\chromedriver\win64\148.0.7778.167\chromedriver-win32/chromedriver.exe] found in cache
2026-05-18 11:22:22,153  INFO  Abriendo login: https://prodkernel.manager.cl/index.html
2026-05-18 11:22:24,325  INFO  Inputs visibles: 3
2026-05-18 11:22:24,730  INFO  Login enviado...
2026-05-18 11:22:28,747  INFO  \u2705 Login exitoso. session_id: 357d3324...
2026-05-18 11:22:28,748  INFO  Navegando a: https://prodkernel.manager.cl/managerbackups.html?session_id=357d332420972b938d12d530541d2058&cd=prodkernel
2026-05-18 11:22:28,878  INFO  Recarga 1/10...
2026-05-18 11:22:32,977  INFO    filas .bak encontradas: 3
2026-05-18 11:22:32,979  INFO  \u2705 Tabla cargada en recarga 1.
2026-05-18 11:22:33,017  INFO    Ignorando: 2026-5-18-T779354202A.bak
2026-05-18 11:22:33,047  INFO    Ignorando: 2026-5-18-T779354202B.bak
2026-05-18 11:22:33,094  INFO  Backup seleccionado: 2026-5-18-T779354202C.bak (2026-05-18 10:07:44+00:00)
2026-05-18 11:22:33,105  INFO  HTML fila completa: <td class="bucket">mng-respaldos-poliuretano</td><td class="Key">2026-5-18-T779354202C.bak</td><td class="LastModified">2026-05-18 10:07:44+00:00</td><td class="Size">0.12 GB</td><td class="presigned_url" style="display: none;">https://mng-respaldos-poliuretano.s3.amazonaws.com/2026-5-18-T779354202C.bak?AWSAccessKeyId=AKIAZPIFFWJDVFW267ZG&amp;Signature=jKedaEFDXMCD1iMUX%2FSlCrRhc5c%3D&amp;Expires=1779118041</td><td><i onclick="downloadbackup($(this).parent().parent())" class="fas fa-download"></
2026-05-18 11:22:35,385  INFO  Descargando 2026-5-18-T779354202C.bak desde S3...
2026-05-18 11:22:49,755  INFO    10 MB / 124 MB (8%)
2026-05-18 11:23:01,636  INFO    21 MB / 124 MB (17%)
2026-05-18 11:23:11,418  INFO    31 MB / 124 MB (25%)
2026-05-18 11:23:20,119  INFO    42 MB / 124 MB (34%)
2026-05-18 11:23:27,013  INFO    52 MB / 124 MB (42%)
2026-05-18 11:23:33,547  INFO    63 MB / 124 MB (51%)
2026-05-18 11:23:40,051  INFO    73 MB / 124 MB (59%)
2026-05-18 11:23:45,755  INFO    84 MB / 124 MB (68%)
2026-05-18 11:23:49,089  INFO    94 MB / 124 MB (76%)
2026-05-18 11:23:52,292  INFO    105 MB / 124 MB (85%)
2026-05-18 11:23:56,710  INFO    115 MB / 124 MB (93%)
2026-05-18 11:24:00,035  INFO  \u2705 Descarga completa: 2026-5-18-T779354202C.bak (123.7 MB)
2026-05-18 11:24:00,080  INFO  Backup guardado en: C:\Backups\Manager\2026-5-18-T779354202C_2026-05-18_1779117840.bak
2026-05-18 11:24:00,080  INFO  \u2705 �xito � backup guardado en: C:\Backups\Manager\2026-5-18-T779354202C_2026-05-18_1779117840.bak
2026-05-18 11:24:04,223  WARNING  Retrying (Retry(total=2, connect=None, read=None, redirect=None, status=None)) after connection broken by 'NewConnectionError("HTTPConnection(host='localhost', port=63497): Failed to establish a new connection: [WinError 10061] No se puede establecer una conexi�n ya que el equipo de destino deneg� expresamente dicha conexi�n")': /session/0e49d7b20da78d5f99992e67060b6379
2026-05-18 11:24:08,317  WARNING  Retrying (Retry(total=1, connect=None, read=None, redirect=None, status=None)) after connection broken by 'NewConnectionError("HTTPConnection(host='localhost', port=63497): Failed to establish a new connection: [WinError 10061] No se puede establecer una conexi�n ya que el equipo de destino deneg� expresamente dicha conexi�n")': /session/0e49d7b20da78d5f99992e67060b6379
2026-05-18 11:24:12,429  WARNING  Retrying (Retry(total=0, connect=None, read=None, redirect=None, status=None)) after connection broken by 'NewConnectionError("HTTPConnection(host='localhost', port=63497): Failed to establish a new connection: [WinError 10061] No se puede establecer una conexi�n ya que el equipo de destino deneg� expresamente dicha conexi�n")': /session/0e49d7b20da78d5f99992e67060b6379
2026-05-18 11:24:16,533  INFO  
2026-05-18 11:24:16,533  INFO  \u2501\u2501\u2501\u2501\u2501\u2501\u2501\u2501\u2501\u2501\u2501\u2501\u2501\u2501\u2501\u2501\u2501\u2501\u2501\u2501\u2501\u2501\u2501\u2501\u2501\u2501\u2501\u2501\u2501\u2501\u2501\u2501\u2501\u2501\u2501\u2501\u2501\u2501\u2501\u2501\u2501\u2501\u2501\u2501\u2501\u2501\u2501\u2501\u2501\u2501\u2501\u2501\u2501\u2501\u2501
2026-05-18 11:24:16,534  INFO    PASO 2/3 � Restaurar BD y extraer Ventas Full
2026-05-18 11:24:16,534  INFO  \u2501\u2501\u2501\u2501\u2501\u2501\u2501\u2501\u2501\u2501\u2501\u2501\u2501\u2501\u2501\u2501\u2501\u2501\u2501\u2501\u2501\u2501\u2501\u2501\u2501\u2501\u2501\u2501\u2501\u2501\u2501\u2501\u2501\u2501\u2501\u2501\u2501\u2501\u2501\u2501\u2501\u2501\u2501\u2501\u2501\u2501\u2501\u2501\u2501\u2501\u2501\u2501\u2501\u2501\u2501
2026-05-18 11:24:18,713  ERROR  
2026-05-18 11:24:18,713  ERROR  \u2554\u2550\u2550\u2550\u2550\u2550\u2550\u2550\u2550\u2550\u2550\u2550\u2550\u2550\u2550\u2550\u2550\u2550\u2550\u2550\u2550\u2550\u2550\u2550\u2550\u2550\u2550\u2550\u2550\u2550\u2550\u2550\u2550\u2550\u2550\u2550\u2550\u2550\u2550\u2550\u2550\u2550\u2550\u2550\u2550\u2550\u2550\u2550\u2550\u2550\u2550\u2550\u2550\u2550\u2557
2026-05-18 11:24:18,713  ERROR  \u2551  \u274c PIPELINE FALL�                                   \u2551
2026-05-18 11:24:18,713  ERROR  \u2551  Error: [Errno 13] Permission denied: 'C:\\Scripts\\\u2551
2026-05-18 11:24:18,714  ERROR  \u255a\u2550\u2550\u2550\u2550\u2550\u2550\u2550\u2550\u2550\u2550\u2550\u2550\u2550\u2550\u2550\u2550\u2550\u2550\u2550\u2550\u2550\u2550\u2550\u2550\u2550\u2550\u2550\u2550\u2550\u2550\u2550\u2550\u2550\u2550\u2550\u2550\u2550\u2550\u2550\u2550\u2550\u2550\u2550\u2550\u2550\u2550\u2550\u2550\u2550\u2550\u2550\u2550\u2550\u255d
2026-05-18 11:24:18,719  ERROR  Traceback (most recent call last):
  File "C:\Scripts\BackupManager\00_pipeline_completo.py", line 50, in main
    from restaurar_y_extraer import main as restaurar
  File "C:\Scripts\BackupManager\restaurar_y_extraer.py", line 39, in <module>
    logging.FileHandler(r"C:\Users\atorr\Documents\pipeline_ventas.log", encoding="utf-8"),
    ~~~~~~~~~~~~~~~~~~~^^^^^^^^^^^^^^^^^^^^^^^^^^^^^^^^^^^^^^^^^
  File "C:\Users\atorr\AppData\Local\Programs\Python\Python314\Lib\logging\__init__.py", line 1219, in __init__
    StreamHandler.__init__(self, self._open())
                                 ~~~~~~~~~~^^
  File "C:\Users\atorr\AppData\Local\Programs\Python\Python314\Lib\logging\__init__.py", line 1248, in _open
    return open_func(self.baseFilename, self.mode,
                     encoding=self.encoding, errors=self.errors)
PermissionError: [Errno 13] Permission denied: 'C:\\Scripts\\BackupManager\\pipeline_ventas.log'

18/05/2026 11:24:19.05 - ERROR en el pipeline 
18/05/2026 11:26:07.78 - Iniciando pipeline 
2026-05-18 11:26:07,950  INFO  \u2554\u2550\u2550\u2550\u2550\u2550\u2550\u2550\u2550\u2550\u2550\u2550\u2550\u2550\u2550\u2550\u2550\u2550\u2550\u2550\u2550\u2550\u2550\u2550\u2550\u2550\u2550\u2550\u2550\u2550\u2550\u2550\u2550\u2550\u2550\u2550\u2550\u2550\u2550\u2550\u2550\u2550\u2550\u2550\u2550\u2550\u2550\u2550\u2550\u2550\u2550\u2550\u2550\u2550\u2557
2026-05-18 11:26:07,950  INFO  \u2551   PIPELINE VENTAS FULL � Inicio: 2026-05-18 11:26   \u2551
2026-05-18 11:26:07,950  INFO  \u255a\u2550\u2550\u2550\u2550\u2550\u2550\u2550\u2550\u2550\u2550\u2550\u2550\u2550\u2550\u2550\u2550\u2550\u2550\u2550\u2550\u2550\u2550\u2550\u2550\u2550\u2550\u2550\u2550\u2550\u2550\u2550\u2550\u2550\u2550\u2550\u2550\u2550\u2550\u2550\u2550\u2550\u2550\u2550\u2550\u2550\u2550\u2550\u2550\u2550\u2550\u2550\u2550\u2550\u255d
2026-05-18 11:26:07,950  INFO  
2026-05-18 11:26:07,950  INFO  \u2501\u2501\u2501\u2501\u2501\u2501\u2501\u2501\u2501\u2501\u2501\u2501\u2501\u2501\u2501\u2501\u2501\u2501\u2501\u2501\u2501\u2501\u2501\u2501\u2501\u2501\u2501\u2501\u2501\u2501\u2501\u2501\u2501\u2501\u2501\u2501\u2501\u2501\u2501\u2501\u2501\u2501\u2501\u2501\u2501\u2501\u2501\u2501\u2501\u2501\u2501\u2501\u2501\u2501\u2501
2026-05-18 11:26:07,950  INFO    PASO 1/3 � Descargar backup desde Manager
2026-05-18 11:26:07,950  INFO  \u2501\u2501\u2501\u2501\u2501\u2501\u2501\u2501\u2501\u2501\u2501\u2501\u2501\u2501\u2501\u2501\u2501\u2501\u2501\u2501\u2501\u2501\u2501\u2501\u2501\u2501\u2501\u2501\u2501\u2501\u2501\u2501\u2501\u2501\u2501\u2501\u2501\u2501\u2501\u2501\u2501\u2501\u2501\u2501\u2501\u2501\u2501\u2501\u2501\u2501\u2501\u2501\u2501\u2501\u2501
2026-05-18 11:26:08,475  INFO  =======================================================
2026-05-18 11:26:08,475  INFO    Iniciando descarga autom�tica de backup Manager
2026-05-18 11:26:08,475  INFO  =======================================================
2026-05-18 11:26:08,477  INFO  ====== WebDriver manager ======
2026-05-18 11:26:11,666  INFO  Get LATEST chromedriver version for google-chrome
2026-05-18 11:26:12,131  INFO  Get LATEST chromedriver version for google-chrome
2026-05-18 11:26:12,477  INFO  Driver [C:\Users\atorr\.wdm\drivers\chromedriver\win64\148.0.7778.167\chromedriver-win32/chromedriver.exe] found in cache
2026-05-18 11:26:14,996  INFO  Abriendo login: https://prodkernel.manager.cl/index.html
2026-05-18 11:26:16,839  INFO  Inputs visibles: 3
2026-05-18 11:26:17,130  INFO  Login enviado...
2026-05-18 11:26:21,142  INFO  \u2705 Login exitoso. session_id: 3dc979a1...
2026-05-18 11:26:21,142  INFO  Navegando a: https://prodkernel.manager.cl/managerbackups.html?session_id=3dc979a19f4d56d7859173b2e773c117&cd=prodkernel
2026-05-18 11:26:21,232  INFO  Recarga 1/10...
2026-05-18 11:26:25,327  INFO    filas .bak encontradas: 3
2026-05-18 11:26:25,327  INFO  \u2705 Tabla cargada en recarga 1.
2026-05-18 11:26:25,362  INFO    Ignorando: 2026-5-18-T779354202A.bak
2026-05-18 11:26:25,388  INFO    Ignorando: 2026-5-18-T779354202B.bak
2026-05-18 11:26:25,413  INFO  Backup seleccionado: 2026-5-18-T779354202C.bak (2026-05-18 10:07:44+00:00)
2026-05-18 11:26:25,421  INFO  HTML fila completa: <td class="bucket">mng-respaldos-poliuretano</td><td class="Key">2026-5-18-T779354202C.bak</td><td class="LastModified">2026-05-18 10:07:44+00:00</td><td class="Size">0.12 GB</td><td class="presigned_url" style="display: none;">https://mng-respaldos-poliuretano.s3.amazonaws.com/2026-5-18-T779354202C.bak?AWSAccessKeyId=AKIAZPIFFWJDVFW267ZG&amp;Signature=g%2FXrunRLj6rQ4v%2BShecaXr68RHI%3D&amp;Expires=1779118273</td><td><i onclick="downloadbackup($(this).parent().parent())" class="fas fa-download">
2026-05-18 11:26:27,679  INFO  Descargando 2026-5-18-T779354202C.bak desde S3...
2026-05-18 11:26:34,190  INFO    10 MB / 124 MB (8%)
2026-05-18 11:26:39,485  INFO    21 MB / 124 MB (17%)
2026-05-18 11:26:46,293  INFO    31 MB / 124 MB (25%)
2026-05-18 11:26:55,162  INFO    42 MB / 124 MB (34%)
2026-05-18 11:27:03,986  INFO    52 MB / 124 MB (42%)
2026-05-18 11:27:11,426  INFO    63 MB / 124 MB (51%)
2026-05-18 11:27:16,582  INFO    73 MB / 124 MB (59%)
2026-05-18 11:27:25,243  INFO    84 MB / 124 MB (68%)
2026-05-18 11:27:31,462  INFO    94 MB / 124 MB (76%)
2026-05-18 11:27:37,313  INFO    105 MB / 124 MB (85%)
2026-05-18 11:27:42,920  INFO    115 MB / 124 MB (93%)
2026-05-18 11:27:52,463  INFO  \u2705 Descarga completa: 2026-5-18-T779354202C.bak (123.7 MB)
2026-05-18 11:27:52,499  INFO  Backup guardado en: C:\Backups\Manager\2026-5-18-T779354202C_2026-05-18_1779118072.bak
2026-05-18 11:27:52,499  INFO  \u2705 �xito � backup guardado en: C:\Backups\Manager\2026-5-18-T779354202C_2026-05-18_1779118072.bak
2026-05-18 11:27:56,591  WARNING  Retrying (Retry(total=2, connect=None, read=None, redirect=None, status=None)) after connection broken by 'NewConnectionError("HTTPConnection(host='localhost', port=49751): Failed to establish a new connection: [WinError 10061] No se puede establecer una conexi�n ya que el equipo de destino deneg� expresamente dicha conexi�n")': /session/38d69fff7b2c9db48b4eacf74dbb810a
2026-05-18 11:28:00,703  WARNING  Retrying (Retry(total=1, connect=None, read=None, redirect=None, status=None)) after connection broken by 'NewConnectionError("HTTPConnection(host='localhost', port=49751): Failed to establish a new connection: [WinError 10061] No se puede establecer una conexi�n ya que el equipo de destino deneg� expresamente dicha conexi�n")': /session/38d69fff7b2c9db48b4eacf74dbb810a
2026-05-18 11:28:04,803  WARNING  Retrying (Retry(total=0, connect=None, read=None, redirect=None, status=None)) after connection broken by 'NewConnectionError("HTTPConnection(host='localhost', port=49751): Failed to establish a new connection: [WinError 10061] No se puede establecer una conexi�n ya que el equipo de destino deneg� expresamente dicha conexi�n")': /session/38d69fff7b2c9db48b4eacf74dbb810a
2026-05-18 11:28:08,902  INFO  
2026-05-18 11:28:08,903  INFO  \u2501\u2501\u2501\u2501\u2501\u2501\u2501\u2501\u2501\u2501\u2501\u2501\u2501\u2501\u2501\u2501\u2501\u2501\u2501\u2501\u2501\u2501\u2501\u2501\u2501\u2501\u2501\u2501\u2501\u2501\u2501\u2501\u2501\u2501\u2501\u2501\u2501\u2501\u2501\u2501\u2501\u2501\u2501\u2501\u2501\u2501\u2501\u2501\u2501\u2501\u2501\u2501\u2501\u2501\u2501
2026-05-18 11:28:08,903  INFO    PASO 2/3 � Restaurar BD y extraer Ventas Full
2026-05-18 11:28:08,903  INFO  \u2501\u2501\u2501\u2501\u2501\u2501\u2501\u2501\u2501\u2501\u2501\u2501\u2501\u2501\u2501\u2501\u2501\u2501\u2501\u2501\u2501\u2501\u2501\u2501\u2501\u2501\u2501\u2501\u2501\u2501\u2501\u2501\u2501\u2501\u2501\u2501\u2501\u2501\u2501\u2501\u2501\u2501\u2501\u2501\u2501\u2501\u2501\u2501\u2501\u2501\u2501\u2501\u2501\u2501\u2501
2026-05-18 11:28:09,767  ERROR  
2026-05-18 11:28:09,767  ERROR  \u2554\u2550\u2550\u2550\u2550\u2550\u2550\u2550\u2550\u2550\u2550\u2550\u2550\u2550\u2550\u2550\u2550\u2550\u2550\u2550\u2550\u2550\u2550\u2550\u2550\u2550\u2550\u2550\u2550\u2550\u2550\u2550\u2550\u2550\u2550\u2550\u2550\u2550\u2550\u2550\u2550\u2550\u2550\u2550\u2550\u2550\u2550\u2550\u2550\u2550\u2550\u2550\u2550\u2550\u2557
2026-05-18 11:28:09,767  ERROR  \u2551  \u274c PIPELINE FALL�                                   \u2551
2026-05-18 11:28:09,767  ERROR  \u2551  Error: [Errno 13] Permission denied: 'C:\\Scripts\\\u2551
2026-05-18 11:28:09,767  ERROR  \u255a\u2550\u2550\u2550\u2550\u2550\u2550\u2550\u2550\u2550\u2550\u2550\u2550\u2550\u2550\u2550\u2550\u2550\u2550\u2550\u2550\u2550\u2550\u2550\u2550\u2550\u2550\u2550\u2550\u2550\u2550\u2550\u2550\u2550\u2550\u2550\u2550\u2550\u2550\u2550\u2550\u2550\u2550\u2550\u2550\u2550\u2550\u2550\u2550\u2550\u2550\u2550\u2550\u2550\u255d
2026-05-18 11:28:09,769  ERROR  Traceback (most recent call last):
  File "C:\Scripts\BackupManager\00_pipeline_completo.py", line 50, in main
    from restaurar_y_extraer import main as restaurar
  File "C:\Scripts\BackupManager\restaurar_y_extraer.py", line 39, in <module>
    logging.FileHandler(r"C:\Users\atorr\Documents\pipeline_ventas.log", encoding="utf-8"),
    ~~~~~~~~~~~~~~~~~~~^^^^^^^^^^^^^^^^^^^^^^^^^^^^^^^^^^^^^^^^^
  File "C:\Users\atorr\AppData\Local\Programs\Python\Python314\Lib\logging\__init__.py", line 1219, in __init__
    StreamHandler.__init__(self, self._open())
                                 ~~~~~~~~~~^^
  File "C:\Users\atorr\AppData\Local\Programs\Python\Python314\Lib\logging\__init__.py", line 1248, in _open
    return open_func(self.baseFilename, self.mode,
                     encoding=self.encoding, errors=self.errors)
PermissionError: [Errno 13] Permission denied: 'C:\\Scripts\\BackupManager\\pipeline_ventas.log'

18/05/2026 11:28:09.97 - ERROR en el pipeline 
18/05/2026 11:31:24.86 - Iniciando pipeline 
2026-05-18 11:31:25,027  INFO  \u2554\u2550\u2550\u2550\u2550\u2550\u2550\u2550\u2550\u2550\u2550\u2550\u2550\u2550\u2550\u2550\u2550\u2550\u2550\u2550\u2550\u2550\u2550\u2550\u2550\u2550\u2550\u2550\u2550\u2550\u2550\u2550\u2550\u2550\u2550\u2550\u2550\u2550\u2550\u2550\u2550\u2550\u2550\u2550\u2550\u2550\u2550\u2550\u2550\u2550\u2550\u2550\u2550\u2550\u2557
2026-05-18 11:31:25,027  INFO  \u2551   PIPELINE VENTAS FULL � Inicio: 2026-05-18 11:31   \u2551
2026-05-18 11:31:25,027  INFO  \u255a\u2550\u2550\u2550\u2550\u2550\u2550\u2550\u2550\u2550\u2550\u2550\u2550\u2550\u2550\u2550\u2550\u2550\u2550\u2550\u2550\u2550\u2550\u2550\u2550\u2550\u2550\u2550\u2550\u2550\u2550\u2550\u2550\u2550\u2550\u2550\u2550\u2550\u2550\u2550\u2550\u2550\u2550\u2550\u2550\u2550\u2550\u2550\u2550\u2550\u2550\u2550\u2550\u2550\u255d
2026-05-18 11:31:25,027  INFO  
2026-05-18 11:31:25,027  INFO  \u2501\u2501\u2501\u2501\u2501\u2501\u2501\u2501\u2501\u2501\u2501\u2501\u2501\u2501\u2501\u2501\u2501\u2501\u2501\u2501\u2501\u2501\u2501\u2501\u2501\u2501\u2501\u2501\u2501\u2501\u2501\u2501\u2501\u2501\u2501\u2501\u2501\u2501\u2501\u2501\u2501\u2501\u2501\u2501\u2501\u2501\u2501\u2501\u2501\u2501\u2501\u2501\u2501\u2501\u2501
2026-05-18 11:31:25,027  INFO    PASO 1/3 � Descargar backup desde Manager
2026-05-18 11:31:25,027  INFO  \u2501\u2501\u2501\u2501\u2501\u2501\u2501\u2501\u2501\u2501\u2501\u2501\u2501\u2501\u2501\u2501\u2501\u2501\u2501\u2501\u2501\u2501\u2501\u2501\u2501\u2501\u2501\u2501\u2501\u2501\u2501\u2501\u2501\u2501\u2501\u2501\u2501\u2501\u2501\u2501\u2501\u2501\u2501\u2501\u2501\u2501\u2501\u2501\u2501\u2501\u2501\u2501\u2501\u2501\u2501
2026-05-18 11:31:25,372  INFO  =======================================================
2026-05-18 11:31:25,372  INFO    Iniciando descarga autom�tica de backup Manager
2026-05-18 11:31:25,372  INFO  =======================================================
2026-05-18 11:31:25,374  INFO  ====== WebDriver manager ======
2026-05-18 11:31:28,742  INFO  Get LATEST chromedriver version for google-chrome
2026-05-18 11:31:29,113  INFO  Get LATEST chromedriver version for google-chrome
2026-05-18 11:31:29,455  INFO  Driver [C:\Users\atorr\.wdm\drivers\chromedriver\win64\148.0.7778.167\chromedriver-win32/chromedriver.exe] found in cache
2026-05-18 11:31:30,658  INFO  Abriendo login: https://prodkernel.manager.cl/index.html
2026-05-18 11:31:32,749  INFO  Inputs visibles: 3
2026-05-18 11:31:33,026  INFO  Login enviado...
2026-05-18 11:31:37,038  INFO  \u2705 Login exitoso. session_id: ec5fd9e9...
2026-05-18 11:31:37,038  INFO  Navegando a: https://prodkernel.manager.cl/managerbackups.html?session_id=ec5fd9e98a14c09209ca11400f058733&cd=prodkernel
2026-05-18 11:31:37,124  INFO  Recarga 1/10...
2026-05-18 11:31:41,200  INFO    filas .bak encontradas: 3
2026-05-18 11:31:41,200  INFO  \u2705 Tabla cargada en recarga 1.
2026-05-18 11:31:41,231  INFO    Ignorando: 2026-5-18-T779354202A.bak
2026-05-18 11:31:41,257  INFO    Ignorando: 2026-5-18-T779354202B.bak
2026-05-18 11:31:41,282  INFO  Backup seleccionado: 2026-5-18-T779354202C.bak (2026-05-18 10:07:44+00:00)
2026-05-18 11:31:41,290  INFO  HTML fila completa: <td class="bucket">mng-respaldos-poliuretano</td><td class="Key">2026-5-18-T779354202C.bak</td><td class="LastModified">2026-05-18 10:07:44+00:00</td><td class="Size">0.12 GB</td><td class="presigned_url" style="display: none;">https://mng-respaldos-poliuretano.s3.amazonaws.com/2026-5-18-T779354202C.bak?AWSAccessKeyId=AKIAZPIFFWJDVFW267ZG&amp;Signature=lZtFrVOvLTJYZcbVZkzvGAx6bPY%3D&amp;Expires=1779118589</td><td><i onclick="downloadbackup($(this).parent().parent())" class="fas fa-download"></i>
2026-05-18 11:31:43,508  INFO  Descargando 2026-5-18-T779354202C.bak desde S3...
2026-05-18 11:31:49,251  INFO    10 MB / 124 MB (8%)
2026-05-18 11:31:54,805  INFO    21 MB / 124 MB (17%)
2026-05-18 11:32:02,616  INFO    31 MB / 124 MB (25%)
2026-05-18 11:32:09,981  INFO    42 MB / 124 MB (34%)
2026-05-18 11:32:16,187  INFO    52 MB / 124 MB (42%)
2026-05-18 11:32:23,678  INFO    63 MB / 124 MB (51%)
2026-05-18 11:32:29,399  INFO    73 MB / 124 MB (59%)
2026-05-18 11:32:32,560  INFO    84 MB / 124 MB (68%)
2026-05-18 11:32:38,638  INFO    94 MB / 124 MB (76%)
2026-05-18 11:32:44,188  INFO    105 MB / 124 MB (85%)
2026-05-18 11:32:48,196  INFO    115 MB / 124 MB (93%)
2026-05-18 11:32:55,613  INFO  \u2705 Descarga completa: 2026-5-18-T779354202C.bak (123.7 MB)
2026-05-18 11:32:55,616  INFO  Backup guardado en: C:\Backups\Manager\2026-5-18-T779354202C_2026-05-18_1779118375.bak
2026-05-18 11:32:55,617  INFO  \u2705 �xito � backup guardado en: C:\Backups\Manager\2026-5-18-T779354202C_2026-05-18_1779118375.bak
2026-05-18 11:32:59,703  WARNING  Retrying (Retry(total=2, connect=None, read=None, redirect=None, status=None)) after connection broken by 'NewConnectionError("HTTPConnection(host='localhost', port=62011): Failed to establish a new connection: [WinError 10061] No se puede establecer una conexi�n ya que el equipo de destino deneg� expresamente dicha conexi�n")': /session/dfc359a6e5e68d3659bb93d6a696b303
2026-05-18 11:33:03,802  WARNING  Retrying (Retry(total=1, connect=None, read=None, redirect=None, status=None)) after connection broken by 'NewConnectionError("HTTPConnection(host='localhost', port=62011): Failed to establish a new connection: [WinError 10061] No se puede establecer una conexi�n ya que el equipo de destino deneg� expresamente dicha conexi�n")': /session/dfc359a6e5e68d3659bb93d6a696b303
2026-05-18 11:33:07,898  WARNING  Retrying (Retry(total=0, connect=None, read=None, redirect=None, status=None)) after connection broken by 'NewConnectionError("HTTPConnection(host='localhost', port=62011): Failed to establish a new connection: [WinError 10061] No se puede establecer una conexi�n ya que el equipo de destino deneg� expresamente dicha conexi�n")': /session/dfc359a6e5e68d3659bb93d6a696b303
2026-05-18 11:33:11,996  INFO  
2026-05-18 11:33:11,996  INFO  \u2501\u2501\u2501\u2501\u2501\u2501\u2501\u2501\u2501\u2501\u2501\u2501\u2501\u2501\u2501\u2501\u2501\u2501\u2501\u2501\u2501\u2501\u2501\u2501\u2501\u2501\u2501\u2501\u2501\u2501\u2501\u2501\u2501\u2501\u2501\u2501\u2501\u2501\u2501\u2501\u2501\u2501\u2501\u2501\u2501\u2501\u2501\u2501\u2501\u2501\u2501\u2501\u2501\u2501\u2501
2026-05-18 11:33:11,996  INFO    PASO 2/3 � Restaurar BD y extraer Ventas Full
2026-05-18 11:33:11,996  INFO  \u2501\u2501\u2501\u2501\u2501\u2501\u2501\u2501\u2501\u2501\u2501\u2501\u2501\u2501\u2501\u2501\u2501\u2501\u2501\u2501\u2501\u2501\u2501\u2501\u2501\u2501\u2501\u2501\u2501\u2501\u2501\u2501\u2501\u2501\u2501\u2501\u2501\u2501\u2501\u2501\u2501\u2501\u2501\u2501\u2501\u2501\u2501\u2501\u2501\u2501\u2501\u2501\u2501\u2501\u2501
2026-05-18 11:33:12,876  INFO  ============================================================
2026-05-18 11:33:12,876  INFO    PASO 1 � Restaurar BD y extraer M�ltiples Reportes
2026-05-18 11:33:12,876  INFO  ============================================================
2026-05-18 11:33:12,888  INFO  Usando .bak de ultimo_bak.txt: 2026-5-18-T779354202C_2026-05-18_1779118375.bak
2026-05-18 11:33:12,888  INFO  Usando backup: 2026-5-18-T779354202C_2026-05-18_1779118375.bak
2026-05-18 11:33:12,888  INFO  Restaurando 2026-5-18-T779354202C_2026-05-18_1779118375.bak como 'T779354202A'...
2026-05-18 11:33:12,889  INFO  Copiando .bak a C:\Program Files\Microsoft SQL Server\MSSQL17.SQLEXPRESS\MSSQL\DATA\2026-5-18-T779354202C_2026-05-18_1779118375.bak...
2026-05-18 11:33:13,844  INFO  Ejecutando RESTORE DATABASE...
2026-05-18 11:33:58,491  INFO  \u2705 BD 'T779354202A' restaurada correctamente.
2026-05-18 11:33:58,492  INFO  Conectando a 'T779354202A' para extraer reportes...
2026-05-18 11:33:58,550  INFO  Ejecutando: base_completo...
C:\Scripts\BackupManager\restaurar_y_extraer.py:158: UserWarning: pandas only supports SQLAlchemy connectable (engine/connection) or database string URI or sqlite3 DBAPI2 connection. Other DBAPI2 objects are not tested. Please consider using SQLAlchemy.
  df = pd.read_sql(sql_listo, conn)
2026-05-18 11:34:00,208  INFO    \u2514\u2500 8,504 filas extra�das.
2026-05-18 11:34:00,208  INFO  Ejecutando: Ordenes_de_Compra...
2026-05-18 11:34:00,244  INFO    \u2514\u2500 157 filas extra�das.
2026-05-18 11:34:00,244  INFO  Ejecutando: Ordenes_de_produccion...
2026-05-18 11:34:00,373  INFO    \u2514\u2500 3,023 filas extra�das.
2026-05-18 11:34:00,373  INFO  Ejecutando: Pendiente_a_facturar...
2026-05-18 11:34:00,414  INFO    \u2514\u2500 124 filas extra�das.
2026-05-18 11:34:00,414  INFO  Ejecutando: Vales_de_Salida...
2026-05-18 11:34:00,906  INFO    \u2514\u2500 11,204 filas extra�das.
2026-05-18 11:34:00,907  INFO  Ejecutando: Ventas_Full...
2026-05-18 11:34:01,202  INFO    \u2514\u2500 1,532 filas extra�das.
2026-05-18 11:34:01,202  INFO  Ejecutando: WIP...
2026-05-18 11:34:01,346  INFO    \u2514\u2500 21 filas extra�das.
2026-05-18 11:34:01,348  INFO  Exportando a Excel multipesta�a: C:\Reportes\VentasFull\Reportes_Completos_2026-05-18.xlsx
2026-05-18 11:35:00,138  INFO  \u2705 Excel generado: C:\Reportes\VentasFull\Reportes_Completos_2026-05-18.xlsx (3.3 MB)
2026-05-18 11:35:00,139  INFO  \u2705 Proceso Completado \u2192 C:\Reportes\VentasFull\Reportes_Completos_2026-05-18.xlsx
2026-05-18 11:35:00,152  INFO  
2026-05-18 11:35:00,152  INFO  \u2501\u2501\u2501\u2501\u2501\u2501\u2501\u2501\u2501\u2501\u2501\u2501\u2501\u2501\u2501\u2501\u2501\u2501\u2501\u2501\u2501\u2501\u2501\u2501\u2501\u2501\u2501\u2501\u2501\u2501\u2501\u2501\u2501\u2501\u2501\u2501\u2501\u2501\u2501\u2501\u2501\u2501\u2501\u2501\u2501\u2501\u2501\u2501\u2501\u2501\u2501\u2501\u2501\u2501\u2501
2026-05-18 11:35:00,153  INFO    PASO 3/3 � Subir Excel a Google Drive
2026-05-18 11:35:00,153  INFO  \u2501\u2501\u2501\u2501\u2501\u2501\u2501\u2501\u2501\u2501\u2501\u2501\u2501\u2501\u2501\u2501\u2501\u2501\u2501\u2501\u2501\u2501\u2501\u2501\u2501\u2501\u2501\u2501\u2501\u2501\u2501\u2501\u2501\u2501\u2501\u2501\u2501\u2501\u2501\u2501\u2501\u2501\u2501\u2501\u2501\u2501\u2501\u2501\u2501\u2501\u2501\u2501\u2501\u2501\u2501
2026-05-18 11:35:01,605  INFO  =======================================================
2026-05-18 11:35:01,605  INFO    PASO 2 � Subir a Drive y actualizar Google Sheets
2026-05-18 11:35:01,605  INFO  =======================================================
2026-05-18 11:35:01,607  INFO  Procesando: Reportes_Completos_2026-05-18.xlsx (3.3 MB)
2026-05-18 11:35:01,667  INFO  file_cache is only supported with oauth2client<4.0.0
2026-05-18 11:35:01,672  INFO  file_cache is only supported with oauth2client<4.0.0
2026-05-18 11:35:02,725  INFO  Creando Excel nuevo en Drive...
2026-05-18 11:35:06,457  INFO  \u2705 Excel subido a Drive: Reportes_Completos_Actualizado.xlsx
2026-05-18 11:35:06,458  INFO  Leyendo Excel para actualizar Google Sheets...
2026-05-18 11:35:06,492  INFO  Pesta�as encontradas en Excel: ['base_completo', 'Ordenes_de_Compra', 'Ordenes_de_produccion', 'Pendiente_a_facturar', 'Vales_de_Salida', 'Ventas_Full', 'WIP']
2026-05-18 11:35:08,048  INFO  Actualizando Base Produccion \u2192 'Orden de Produccion' (3,023 filas)...
2026-05-18 11:35:09,972  INFO    Limpiando hoja 'Orden de Produccion'...
2026-05-18 11:35:10,532  INFO    Escribiendo 3,023 filas en 'Orden de Produccion'...
2026-05-18 11:35:14,435  INFO    \u2705 Hoja 'Orden de Produccion' actualizada.
2026-05-18 11:35:14,464  INFO  Actualizando Base Produccion \u2192 'Por Facturar' (124 filas)...
2026-05-18 11:35:15,296  INFO    Limpiando hoja 'Por Facturar'...
2026-05-18 11:35:15,570  INFO    Escribiendo 124 filas en 'Por Facturar'...
2026-05-18 11:35:15,858  INFO    \u2705 Hoja 'Por Facturar' actualizada.
2026-05-18 11:35:18,034  INFO  Actualizando Base Produccion \u2192 'Vales de Salida' (11,204 filas)...
2026-05-18 11:35:18,736  INFO    Limpiando hoja 'Vales de Salida'...
2026-05-18 11:35:19,194  INFO    Escribiendo 11,204 filas en 'Vales de Salida'...
2026-05-18 11:35:25,950  INFO    \u2705 Hoja 'Vales de Salida' actualizada.
2026-05-18 11:35:26,614  INFO  Actualizando Base Produccion \u2192 'Ventas_Full' (1,532 filas)...
2026-05-18 11:35:27,190  INFO    Limpiando hoja 'Ventas_Full'...
2026-05-18 11:35:27,539  INFO    Escribiendo 1,532 filas en 'Ventas_Full'...
2026-05-18 11:35:29,590  INFO    \u2705 Hoja 'Ventas_Full' actualizada.
2026-05-18 11:35:29,607  INFO  Actualizando Base Produccion \u2192 'WIP' (21 filas)...
2026-05-18 11:35:30,126  INFO    Limpiando hoja 'WIP'...
2026-05-18 11:35:30,396  INFO    Escribiendo 21 filas en 'WIP'...
2026-05-18 11:35:30,811  INFO    \u2705 Hoja 'WIP' actualizada.
2026-05-18 11:35:31,452  INFO  Actualizando Presupuestos \u2192 'Ventas Full Manager' (1,532 filas)...
2026-05-18 11:35:32,329  INFO    Limpiando hoja 'Ventas Full Manager'...
2026-05-18 11:35:32,727  INFO    Escribiendo 1,532 filas en 'Ventas Full Manager'...
2026-05-18 11:35:36,182  INFO    \u2705 Hoja 'Ventas Full Manager' actualizada.
2026-05-18 11:35:36,186  INFO  
2026-05-18 11:35:36,186  INFO  \u2705 Todo actualizado:
2026-05-18 11:35:36,186  INFO     \U0001f4c1 Drive: Reportes_Completos_Actualizado.xlsx
2026-05-18 11:35:36,187  INFO     \U0001f4ca Base Produccion: ['Orden de Produccion', 'Por Facturar', 'Vales de Salida', 'Ventas_Full', 'WIP']
2026-05-18 11:35:36,187  INFO     \U0001f4ca Presupuestos: Ventas Full Manager
2026-05-18 11:35:36,189  INFO  
2026-05-18 11:35:36,190  INFO  \u2554\u2550\u2550\u2550\u2550\u2550\u2550\u2550\u2550\u2550\u2550\u2550\u2550\u2550\u2550\u2550\u2550\u2550\u2550\u2550\u2550\u2550\u2550\u2550\u2550\u2550\u2550\u2550\u2550\u2550\u2550\u2550\u2550\u2550\u2550\u2550\u2550\u2550\u2550\u2550\u2550\u2550\u2550\u2550\u2550\u2550\u2550\u2550\u2550\u2550\u2550\u2550\u2550\u2550\u2557
2026-05-18 11:35:36,190  INFO  \u2551  \u2705 PIPELINE COMPLETADO en 251s                      \u2551
2026-05-18 11:35:36,190  INFO  \u2551  \U0001f4ca Excel en Drive: VentasFull_Actualizado.xlsx      \u2551
2026-05-18 11:35:36,191  INFO  \u255a\u2550\u2550\u2550\u2550\u2550\u2550\u2550\u2550\u2550\u2550\u2550\u2550\u2550\u2550\u2550\u2550\u2550\u2550\u2550\u2550\u2550\u2550\u2550\u2550\u2550\u2550\u2550\u2550\u2550\u2550\u2550\u2550\u2550\u2550\u2550\u2550\u2550\u2550\u2550\u2550\u2550\u2550\u2550\u2550\u2550\u2550\u2550\u2550\u2550\u2550\u2550\u2550\u2550\u255d
18/05/2026 11:35:36.88 - Pipeline completado OK 
20/05/2026  8:03:30.84 - Iniciando pipeline 
2026-05-20 08:03:32,256  INFO  \u2554\u2550\u2550\u2550\u2550\u2550\u2550\u2550\u2550\u2550\u2550\u2550\u2550\u2550\u2550\u2550\u2550\u2550\u2550\u2550\u2550\u2550\u2550\u2550\u2550\u2550\u2550\u2550\u2550\u2550\u2550\u2550\u2550\u2550\u2550\u2550\u2550\u2550\u2550\u2550\u2550\u2550\u2550\u2550\u2550\u2550\u2550\u2550\u2550\u2550\u2550\u2550\u2550\u2550\u2557
2026-05-20 08:03:32,258  INFO  \u2551   PIPELINE VENTAS FULL � Inicio: 2026-05-20 08:03   \u2551
2026-05-20 08:03:32,259  INFO  \u255a\u2550\u2550\u2550\u2550\u2550\u2550\u2550\u2550\u2550\u2550\u2550\u2550\u2550\u2550\u2550\u2550\u2550\u2550\u2550\u2550\u2550\u2550\u2550\u2550\u2550\u2550\u2550\u2550\u2550\u2550\u2550\u2550\u2550\u2550\u2550\u2550\u2550\u2550\u2550\u2550\u2550\u2550\u2550\u2550\u2550\u2550\u2550\u2550\u2550\u2550\u2550\u2550\u2550\u255d
2026-05-20 08:03:32,260  INFO  
2026-05-20 08:03:32,260  INFO  \u2501\u2501\u2501\u2501\u2501\u2501\u2501\u2501\u2501\u2501\u2501\u2501\u2501\u2501\u2501\u2501\u2501\u2501\u2501\u2501\u2501\u2501\u2501\u2501\u2501\u2501\u2501\u2501\u2501\u2501\u2501\u2501\u2501\u2501\u2501\u2501\u2501\u2501\u2501\u2501\u2501\u2501\u2501\u2501\u2501\u2501\u2501\u2501\u2501\u2501\u2501\u2501\u2501\u2501\u2501
2026-05-20 08:03:32,260  INFO    PASO 1/3 � Descargar backup desde Manager
2026-05-20 08:03:32,260  INFO  \u2501\u2501\u2501\u2501\u2501\u2501\u2501\u2501\u2501\u2501\u2501\u2501\u2501\u2501\u2501\u2501\u2501\u2501\u2501\u2501\u2501\u2501\u2501\u2501\u2501\u2501\u2501\u2501\u2501\u2501\u2501\u2501\u2501\u2501\u2501\u2501\u2501\u2501\u2501\u2501\u2501\u2501\u2501\u2501\u2501\u2501\u2501\u2501\u2501\u2501\u2501\u2501\u2501\u2501\u2501
2026-05-20 08:03:34,574  INFO  =======================================================
2026-05-20 08:03:34,575  INFO    Iniciando descarga autom�tica de backup Manager
2026-05-20 08:03:34,575  INFO  =======================================================
2026-05-20 08:03:34,579  INFO  ====== WebDriver manager ======
2026-05-20 08:03:37,804  INFO  Get LATEST chromedriver version for google-chrome
2026-05-20 08:03:38,891  INFO  Get LATEST chromedriver version for google-chrome
2026-05-20 08:03:39,655  INFO  There is no [win64] chromedriver "148.0.7778.178" for browser google-chrome "148.0.7778" in cache
2026-05-20 08:03:39,656  INFO  Get LATEST chromedriver version for google-chrome
2026-05-20 08:03:41,426  INFO  WebDriver version 148.0.7778.178 selected
2026-05-20 08:03:41,454  INFO  Modern chrome version https://storage.googleapis.com/chrome-for-testing-public/148.0.7778.178/win32/chromedriver-win32.zip
2026-05-20 08:03:41,454  INFO  About to download new driver from https://storage.googleapis.com/chrome-for-testing-public/148.0.7778.178/win32/chromedriver-win32.zip
2026-05-20 08:03:42,521  INFO  Driver downloading response is 200
2026-05-20 08:03:44,240  INFO  Get LATEST chromedriver version for google-chrome
2026-05-20 08:03:47,088  INFO  Driver has been saved in cache [C:\Users\atorr\.wdm\drivers\chromedriver\win64\148.0.7778.178]
2026-05-20 08:03:51,871  INFO  Abriendo login: https://prodkernel.manager.cl/index.html
2026-05-20 08:03:55,738  INFO  Inputs visibles: 3
2026-05-20 08:03:58,144  INFO  Login enviado...
2026-05-20 08:04:02,168  INFO  \u2705 Login exitoso. session_id: db185cf0...
2026-05-20 08:04:02,168  INFO  Navegando a: https://prodkernel.manager.cl/managerbackups.html?session_id=db185cf0e0d7edb4fbb6dd477af905c9&cd=prodkernel
2026-05-20 08:04:02,319  INFO  Recarga 1/10...
2026-05-20 08:04:06,534  INFO    filas .bak encontradas: 0
2026-05-20 08:04:06,535  INFO  Recarga 2/10...
2026-05-20 08:04:11,082  INFO    filas .bak encontradas: 3
2026-05-20 08:04:11,082  INFO  \u2705 Tabla cargada en recarga 2.
2026-05-20 08:04:11,168  INFO    Ignorando: 2026-5-20-T779354202A.bak
2026-05-20 08:04:11,221  INFO    Ignorando: 2026-5-20-T779354202B.bak
2026-05-20 08:04:11,279  INFO  Backup seleccionado: 2026-5-20-T779354202C.bak (2026-05-20 10:09:15+00:00)
2026-05-20 08:04:11,297  INFO  HTML fila completa: <td class="bucket">mng-respaldos-poliuretano</td><td class="Key">2026-5-20-T779354202C.bak</td><td class="LastModified">2026-05-20 10:09:15+00:00</td><td class="Size">0.13 GB</td><td class="presigned_url" style="display: none;">https://mng-respaldos-poliuretano.s3.amazonaws.com/2026-5-20-T779354202C.bak?AWSAccessKeyId=AKIAZPIFFWJDVFW267ZG&amp;Signature=ZHVztquFYGEqWNiev5LErEwiXE4%3D&amp;Expires=1779278945</td><td><i onclick="downloadbackup($(this).parent().parent())" class="fas fa-download"></i>
2026-05-20 08:04:50,951  INFO  Descargando 2026-5-20-T779354202C.bak desde S3...
2026-05-20 08:05:00,692  INFO    10 MB / 133 MB (8%)
2026-05-20 08:05:06,685  INFO    21 MB / 133 MB (16%)
2026-05-20 08:05:13,708  INFO    31 MB / 133 MB (24%)
2026-05-20 08:05:19,676  INFO    42 MB / 133 MB (32%)
2026-05-20 08:05:29,140  INFO    52 MB / 133 MB (40%)
2026-05-20 08:05:41,015  INFO    63 MB / 133 MB (47%)
2026-05-20 08:05:51,523  INFO    73 MB / 133 MB (55%)
2026-05-20 08:05:57,814  INFO    84 MB / 133 MB (63%)
2026-05-20 08:06:00,886  INFO    94 MB / 133 MB (71%)
2026-05-20 08:06:02,691  INFO    105 MB / 133 MB (79%)
2026-05-20 08:06:04,343  INFO    115 MB / 133 MB (87%)
2026-05-20 08:06:06,268  INFO    126 MB / 133 MB (95%)
2026-05-20 08:06:08,230  INFO  \u2705 Descarga completa: 2026-5-20-T779354202C.bak (132.5 MB)
2026-05-20 08:06:08,298  INFO  Backup guardado en: C:\Backups\Manager\2026-5-20-T779354202C_2026-05-20.bak
2026-05-20 08:06:08,298  INFO  \u2705 �xito � backup guardado en: C:\Backups\Manager\2026-5-20-T779354202C_2026-05-20.bak
2026-05-20 08:06:12,552  WARNING  Retrying (Retry(total=2, connect=None, read=None, redirect=None, status=None)) after connection broken by 'NewConnectionError("HTTPConnection(host='localhost', port=62425): Failed to establish a new connection: [WinError 10061] No se puede establecer una conexi�n ya que el equipo de destino deneg� expresamente dicha conexi�n")': /session/044c3e63766894e40b2e35486f2fc46d
2026-05-20 08:06:16,620  WARNING  Retrying (Retry(total=1, connect=None, read=None, redirect=None, status=None)) after connection broken by 'NewConnectionError("HTTPConnection(host='localhost', port=62425): Failed to establish a new connection: [WinError 10061] No se puede establecer una conexi�n ya que el equipo de destino deneg� expresamente dicha conexi�n")': /session/044c3e63766894e40b2e35486f2fc46d
2026-05-20 08:06:20,685  WARNING  Retrying (Retry(total=0, connect=None, read=None, redirect=None, status=None)) after connection broken by 'NewConnectionError("HTTPConnection(host='localhost', port=62425): Failed to establish a new connection: [WinError 10061] No se puede establecer una conexi�n ya que el equipo de destino deneg� expresamente dicha conexi�n")': /session/044c3e63766894e40b2e35486f2fc46d
2026-05-20 08:06:24,767  INFO  
2026-05-20 08:06:24,767  INFO  \u2501\u2501\u2501\u2501\u2501\u2501\u2501\u2501\u2501\u2501\u2501\u2501\u2501\u2501\u2501\u2501\u2501\u2501\u2501\u2501\u2501\u2501\u2501\u2501\u2501\u2501\u2501\u2501\u2501\u2501\u2501\u2501\u2501\u2501\u2501\u2501\u2501\u2501\u2501\u2501\u2501\u2501\u2501\u2501\u2501\u2501\u2501\u2501\u2501\u2501\u2501\u2501\u2501\u2501\u2501
2026-05-20 08:06:24,768  INFO    PASO 2/3 � Restaurar BD y extraer Ventas Full
2026-05-20 08:06:24,768  INFO  \u2501\u2501\u2501\u2501\u2501\u2501\u2501\u2501\u2501\u2501\u2501\u2501\u2501\u2501\u2501\u2501\u2501\u2501\u2501\u2501\u2501\u2501\u2501\u2501\u2501\u2501\u2501\u2501\u2501\u2501\u2501\u2501\u2501\u2501\u2501\u2501\u2501\u2501\u2501\u2501\u2501\u2501\u2501\u2501\u2501\u2501\u2501\u2501\u2501\u2501\u2501\u2501\u2501\u2501\u2501
2026-05-20 08:06:31,010  INFO  ============================================================
2026-05-20 08:06:31,010  INFO    PASO 1 � Restaurar BD y extraer M�ltiples Reportes
2026-05-20 08:06:31,010  INFO  ============================================================
2026-05-20 08:06:31,021  INFO  Usando .bak de ultimo_bak.txt: 2026-5-20-T779354202C_2026-05-20.bak
2026-05-20 08:06:31,022  INFO  Usando backup: 2026-5-20-T779354202C_2026-05-20.bak
2026-05-20 08:06:31,022  INFO  Restaurando 2026-5-20-T779354202C_2026-05-20.bak como 'T779354202A'...
2026-05-20 08:06:31,022  INFO  Copiando .bak a C:\Program Files\Microsoft SQL Server\MSSQL17.SQLEXPRESS\MSSQL\DATA\2026-5-20-T779354202C_2026-05-20.bak...
2026-05-20 08:06:32,312  INFO  Ejecutando RESTORE DATABASE...
2026-05-20 08:07:30,993  INFO  \u2705 BD 'T779354202A' restaurada correctamente.
2026-05-20 08:07:31,009  INFO  Conectando a 'T779354202A' para extraer reportes...
2026-05-20 08:07:31,119  INFO  Ejecutando: base_completo...
C:\Scripts\BackupManager\restaurar_y_extraer.py:158: UserWarning: pandas only supports SQLAlchemy connectable (engine/connection) or database string URI or sqlite3 DBAPI2 connection. Other DBAPI2 objects are not tested. Please consider using SQLAlchemy.
  df = pd.read_sql(sql_listo, conn)
2026-05-20 08:07:34,125  INFO    \u2514\u2500 8,584 filas extra�das.
2026-05-20 08:07:34,125  INFO  Ejecutando: Ordenes_de_Compra...
2026-05-20 08:07:34,135  ERROR    \u2514\u2500 Error ejecutando Ordenes_de_Compra: ('42000', '[42000] [Microsoft][ODBC Driver 17 for SQL Server][SQL Server]ORDER BY items must appear in the select list if SELECT DISTINCT is specified. (145) (SQLExecDirectW)')
2026-05-20 08:07:34,135  INFO  Ejecutando: Ordenes_de_produccion...
2026-05-20 08:07:34,343  INFO    \u2514\u2500 3,074 filas extra�das.
2026-05-20 08:07:34,343  INFO  Ejecutando: Pendiente_a_facturar...
2026-05-20 08:07:34,361  ERROR    \u2514\u2500 Error ejecutando Pendiente_a_facturar: ('42000', '[42000] [Microsoft][ODBC Driver 17 for SQL Server][SQL Server]ORDER BY items must appear in the select list if SELECT DISTINCT is specified. (145) (SQLExecDirectW)')
2026-05-20 08:07:34,361  INFO  Ejecutando: Vales_de_Salida...
2026-05-20 08:07:34,392  ERROR    \u2514\u2500 Error ejecutando Vales_de_Salida: ('42000', '[42000] [Microsoft][ODBC Driver 17 for SQL Server][SQL Server]ORDER BY items must appear in the select list if SELECT DISTINCT is specified. (145) (SQLExecDirectW)')
2026-05-20 08:07:34,392  INFO  Ejecutando: Ventas_Full...
2026-05-20 08:07:35,246  INFO    \u2514\u2500 1,575 filas extra�das.
2026-05-20 08:07:35,247  INFO  Ejecutando: WIP...
2026-05-20 08:07:35,444  INFO    \u2514\u2500 24 filas extra�das.
2026-05-20 08:07:35,447  INFO  Exportando a Excel multipesta�a: C:\Reportes\VentasFull\Reportes_Completos_2026-05-20.xlsx
2026-05-20 08:09:00,640  INFO  \u2705 Excel generado: C:\Reportes\VentasFull\Reportes_Completos_2026-05-20.xlsx (2.2 MB)
2026-05-20 08:09:00,642  INFO  \u2705 Proceso Completado \u2192 C:\Reportes\VentasFull\Reportes_Completos_2026-05-20.xlsx
2026-05-20 08:09:00,657  INFO  
2026-05-20 08:09:00,657  INFO  \u2501\u2501\u2501\u2501\u2501\u2501\u2501\u2501\u2501\u2501\u2501\u2501\u2501\u2501\u2501\u2501\u2501\u2501\u2501\u2501\u2501\u2501\u2501\u2501\u2501\u2501\u2501\u2501\u2501\u2501\u2501\u2501\u2501\u2501\u2501\u2501\u2501\u2501\u2501\u2501\u2501\u2501\u2501\u2501\u2501\u2501\u2501\u2501\u2501\u2501\u2501\u2501\u2501\u2501\u2501
2026-05-20 08:09:00,657  INFO    PASO 3/3 � Subir Excel a Google Drive
2026-05-20 08:09:00,657  INFO  \u2501\u2501\u2501\u2501\u2501\u2501\u2501\u2501\u2501\u2501\u2501\u2501\u2501\u2501\u2501\u2501\u2501\u2501\u2501\u2501\u2501\u2501\u2501\u2501\u2501\u2501\u2501\u2501\u2501\u2501\u2501\u2501\u2501\u2501\u2501\u2501\u2501\u2501\u2501\u2501\u2501\u2501\u2501\u2501\u2501\u2501\u2501\u2501\u2501\u2501\u2501\u2501\u2501\u2501\u2501
2026-05-20 08:09:08,732  INFO  =======================================================
2026-05-20 08:09:08,732  INFO    PASO 2 � Subir a Drive y actualizar Google Sheets
2026-05-20 08:09:08,732  INFO  =======================================================
2026-05-20 08:09:08,743  INFO  Procesando: Reportes_Completos_2026-05-20.xlsx (2.2 MB)
2026-05-20 08:09:08,869  INFO  file_cache is only supported with oauth2client<4.0.0
2026-05-20 08:09:08,902  INFO  file_cache is only supported with oauth2client<4.0.0
2026-05-20 08:09:11,131  INFO  Creando Excel nuevo en Drive...
2026-05-20 08:09:14,186  INFO  \u2705 Excel subido a Drive: Reportes_Completos_Actualizado.xlsx
2026-05-20 08:09:14,186  INFO  Leyendo Excel para actualizar Google Sheets...
2026-05-20 08:09:14,349  INFO  Pesta�as encontradas en Excel: ['base_completo', 'Ordenes_de_produccion', 'Ventas_Full', 'WIP']
2026-05-20 08:09:15,919  INFO  Actualizando Base Produccion \u2192 'Orden de Produccion' (3,074 filas)...
2026-05-20 08:09:18,073  INFO    Limpiando hoja 'Orden de Produccion'...
2026-05-20 08:09:19,101  INFO    Escribiendo 3,074 filas en 'Orden de Produccion'...
2026-05-20 08:09:21,151  INFO    \u2705 Hoja 'Orden de Produccion' actualizada.
2026-05-20 08:09:21,153  WARNING    Pesta�a 'Pendiente_a_facturar' no encontrada en el Excel, saltando...
2026-05-20 08:09:21,154  WARNING    Pesta�a 'Vales_de_Salida' no encontrada en el Excel, saltando...
2026-05-20 08:09:22,406  INFO  Actualizando Base Produccion \u2192 'Ventas_Full' (1,575 filas)...
2026-05-20 08:09:22,855  INFO    Limpiando hoja 'Ventas_Full'...
2026-05-20 08:09:23,306  INFO    Escribiendo 1,575 filas en 'Ventas_Full'...
2026-05-20 08:09:24,796  INFO    \u2705 Hoja 'Ventas_Full' actualizada.
2026-05-20 08:09:24,816  INFO  Actualizando Base Produccion \u2192 'WIP' (24 filas)...
2026-05-20 08:09:25,255  INFO    Limpiando hoja 'WIP'...
2026-05-20 08:09:25,478  INFO    Escribiendo 24 filas en 'WIP'...
2026-05-20 08:09:25,845  INFO    \u2705 Hoja 'WIP' actualizada.
2026-05-20 08:09:27,164  INFO  Actualizando Presupuestos \u2192 'Ventas Full Manager' (1,575 filas)...
2026-05-20 08:09:27,931  INFO    Limpiando hoja 'Ventas Full Manager'...
2026-05-20 08:09:28,450  INFO    Escribiendo 1,575 filas en 'Ventas Full Manager'...
2026-05-20 08:09:30,176  INFO    \u2705 Hoja 'Ventas Full Manager' actualizada.
2026-05-20 08:09:30,180  INFO  
2026-05-20 08:09:30,180  INFO  \u2705 Todo actualizado:
2026-05-20 08:09:30,180  INFO     \U0001f4c1 Drive: Reportes_Completos_Actualizado.xlsx
2026-05-20 08:09:30,195  INFO     \U0001f4ca Base Produccion: ['Orden de Produccion', 'Por Facturar', 'Vales de Salida', 'Ventas_Full', 'WIP']
2026-05-20 08:09:30,195  INFO     \U0001f4ca Presupuestos: Ventas Full Manager
2026-05-20 08:09:30,197  INFO  
2026-05-20 08:09:30,197  INFO  \u2554\u2550\u2550\u2550\u2550\u2550\u2550\u2550\u2550\u2550\u2550\u2550\u2550\u2550\u2550\u2550\u2550\u2550\u2550\u2550\u2550\u2550\u2550\u2550\u2550\u2550\u2550\u2550\u2550\u2550\u2550\u2550\u2550\u2550\u2550\u2550\u2550\u2550\u2550\u2550\u2550\u2550\u2550\u2550\u2550\u2550\u2550\u2550\u2550\u2550\u2550\u2550\u2550\u2550\u2557
2026-05-20 08:09:30,198  INFO  \u2551  \u2705 PIPELINE COMPLETADO en 357s                      \u2551
2026-05-20 08:09:30,198  INFO  \u2551  \U0001f4ca Excel en Drive: VentasFull_Actualizado.xlsx      \u2551
2026-05-20 08:09:30,198  INFO  \u255a\u2550\u2550\u2550\u2550\u2550\u2550\u2550\u2550\u2550\u2550\u2550\u2550\u2550\u2550\u2550\u2550\u2550\u2550\u2550\u2550\u2550\u2550\u2550\u2550\u2550\u2550\u2550\u2550\u2550\u2550\u2550\u2550\u2550\u2550\u2550\u2550\u2550\u2550\u2550\u2550\u2550\u2550\u2550\u2550\u2550\u2550\u2550\u2550\u2550\u2550\u2550\u2550\u2550\u255d
20/05/2026  8:09:32.90 - Pipeline completado OK 
25/05/2026 10:14:52.61 - Iniciando pipeline 
2026-05-25 10:14:52,797  INFO  \u2554\u2550\u2550\u2550\u2550\u2550\u2550\u2550\u2550\u2550\u2550\u2550\u2550\u2550\u2550\u2550\u2550\u2550\u2550\u2550\u2550\u2550\u2550\u2550\u2550\u2550\u2550\u2550\u2550\u2550\u2550\u2550\u2550\u2550\u2550\u2550\u2550\u2550\u2550\u2550\u2550\u2550\u2550\u2550\u2550\u2550\u2550\u2550\u2550\u2550\u2550\u2550\u2550\u2550\u2557
2026-05-25 10:14:52,798  INFO  \u2551   PIPELINE VENTAS FULL � Inicio: 2026-05-25 10:14   \u2551
2026-05-25 10:14:52,798  INFO  \u255a\u2550\u2550\u2550\u2550\u2550\u2550\u2550\u2550\u2550\u2550\u2550\u2550\u2550\u2550\u2550\u2550\u2550\u2550\u2550\u2550\u2550\u2550\u2550\u2550\u2550\u2550\u2550\u2550\u2550\u2550\u2550\u2550\u2550\u2550\u2550\u2550\u2550\u2550\u2550\u2550\u2550\u2550\u2550\u2550\u2550\u2550\u2550\u2550\u2550\u2550\u2550\u2550\u2550\u255d
2026-05-25 10:14:52,798  INFO  
2026-05-25 10:14:52,798  INFO  \u2501\u2501\u2501\u2501\u2501\u2501\u2501\u2501\u2501\u2501\u2501\u2501\u2501\u2501\u2501\u2501\u2501\u2501\u2501\u2501\u2501\u2501\u2501\u2501\u2501\u2501\u2501\u2501\u2501\u2501\u2501\u2501\u2501\u2501\u2501\u2501\u2501\u2501\u2501\u2501\u2501\u2501\u2501\u2501\u2501\u2501\u2501\u2501\u2501\u2501\u2501\u2501\u2501\u2501\u2501
2026-05-25 10:14:52,799  INFO    PASO 1/3 � Descargar backup desde Manager
2026-05-25 10:14:52,799  INFO  \u2501\u2501\u2501\u2501\u2501\u2501\u2501\u2501\u2501\u2501\u2501\u2501\u2501\u2501\u2501\u2501\u2501\u2501\u2501\u2501\u2501\u2501\u2501\u2501\u2501\u2501\u2501\u2501\u2501\u2501\u2501\u2501\u2501\u2501\u2501\u2501\u2501\u2501\u2501\u2501\u2501\u2501\u2501\u2501\u2501\u2501\u2501\u2501\u2501\u2501\u2501\u2501\u2501\u2501\u2501
2026-05-25 10:14:53,449  INFO  =======================================================
2026-05-25 10:14:53,449  INFO    Iniciando descarga autom�tica de backup Manager
2026-05-25 10:14:53,449  INFO  =======================================================
2026-05-25 10:14:53,450  INFO  ====== WebDriver manager ======
2026-05-25 10:14:54,901  INFO  Get LATEST chromedriver version for google-chrome
2026-05-25 10:14:55,340  INFO  Get LATEST chromedriver version for google-chrome
2026-05-25 10:14:55,691  INFO  Driver [C:\Users\atorr\.wdm\drivers\chromedriver\win64\148.0.7778.178\chromedriver-win32/chromedriver.exe] found in cache
2026-05-25 10:14:58,492  INFO  Abriendo login: https://prodkernel.manager.cl/index.html
2026-05-25 10:15:00,522  INFO  Inputs visibles: 3
2026-05-25 10:15:00,931  INFO  Login enviado...
2026-05-25 10:15:04,945  INFO  \u2705 Login exitoso. session_id: 7c105813...
2026-05-25 10:15:04,945  INFO  Navegando a: https://prodkernel.manager.cl/managerbackups.html?session_id=7c1058137944753720a6e0d8d21dbdd5&cd=prodkernel
2026-05-25 10:15:05,044  INFO  Recarga 1/10...
2026-05-25 10:15:09,140  INFO    filas .bak encontradas: 0
2026-05-25 10:15:09,141  INFO  Recarga 2/10...
2026-05-25 10:15:13,248  INFO    filas .bak encontradas: 3
2026-05-25 10:15:13,249  INFO  \u2705 Tabla cargada en recarga 2.
2026-05-25 10:15:13,325  INFO    Ignorando: 2026-5-25-T779354202A.bak
2026-05-25 10:15:13,365  INFO    Ignorando: 2026-5-25-T779354202B.bak
2026-05-25 10:15:13,406  INFO  Backup seleccionado: 2026-5-25-T779354202C.bak (2026-05-25 10:12:47+00:00)
2026-05-25 10:15:13,418  INFO  HTML fila completa: <td class="bucket">mng-respaldos-poliuretano</td><td class="Key">2026-5-25-T779354202C.bak</td><td class="LastModified">2026-05-25 10:12:47+00:00</td><td class="Size">0.14 GB</td><td class="presigned_url" style="display: none;">https://mng-respaldos-poliuretano.s3.amazonaws.com/2026-5-25-T779354202C.bak?AWSAccessKeyId=AKIAZPIFFWJDVFW267ZG&amp;Signature=wMSPvIEm1SsGk1xPpm0J72sSPW8%3D&amp;Expires=1779718800</td><td><i onclick="downloadbackup($(this).parent().parent())" class="fas fa-download"></i>
2026-05-25 10:15:16,187  INFO  Descargando 2026-5-25-T779354202C.bak desde S3...
2026-05-25 10:15:27,308  INFO    10 MB / 137 MB (8%)
2026-05-25 10:15:35,848  INFO    21 MB / 137 MB (15%)
2026-05-25 10:15:44,635  INFO    31 MB / 137 MB (23%)
2026-05-25 10:15:52,048  INFO    42 MB / 137 MB (31%)
2026-05-25 10:15:58,395  INFO    52 MB / 137 MB (38%)
2026-05-25 10:16:05,591  INFO    63 MB / 137 MB (46%)
2026-05-25 10:16:12,949  INFO    73 MB / 137 MB (54%)
2026-05-25 10:16:18,693  INFO    84 MB / 137 MB (61%)
2026-05-25 10:16:27,139  INFO    94 MB / 137 MB (69%)
2026-05-25 10:16:36,021  INFO    105 MB / 137 MB (76%)
2026-05-25 10:16:43,481  INFO    115 MB / 137 MB (84%)
2026-05-25 10:16:49,426  INFO    126 MB / 137 MB (92%)
2026-05-25 10:16:55,115  INFO    136 MB / 137 MB (99%)
2026-05-25 10:16:55,615  INFO    137 MB / 137 MB (100%)
2026-05-25 10:16:55,618  INFO  \u2705 Descarga completa: 2026-5-25-T779354202C.bak (137.2 MB)
2026-05-25 10:16:55,623  INFO  Backup guardado en: C:\Backups\Manager\2026-5-25-T779354202C_2026-05-25_1779718615.bak
2026-05-25 10:16:55,623  INFO  \u2705 �xito � backup guardado en: C:\Backups\Manager\2026-5-25-T779354202C_2026-05-25_1779718615.bak
2026-05-25 10:16:59,717  WARNING  Retrying (Retry(total=2, connect=None, read=None, redirect=None, status=None)) after connection broken by 'NewConnectionError("HTTPConnection(host='localhost', port=53672): Failed to establish a new connection: [WinError 10061] No se puede establecer una conexi�n ya que el equipo de destino deneg� expresamente dicha conexi�n")': /session/affd8664e11027fc64fb1e22e6ef1c7a
2026-05-25 10:17:03,805  WARNING  Retrying (Retry(total=1, connect=None, read=None, redirect=None, status=None)) after connection broken by 'NewConnectionError("HTTPConnection(host='localhost', port=53672): Failed to establish a new connection: [WinError 10061] No se puede establecer una conexi�n ya que el equipo de destino deneg� expresamente dicha conexi�n")': /session/affd8664e11027fc64fb1e22e6ef1c7a
2026-05-25 10:17:07,903  WARNING  Retrying (Retry(total=0, connect=None, read=None, redirect=None, status=None)) after connection broken by 'NewConnectionError("HTTPConnection(host='localhost', port=53672): Failed to establish a new connection: [WinError 10061] No se puede establecer una conexi�n ya que el equipo de destino deneg� expresamente dicha conexi�n")': /session/affd8664e11027fc64fb1e22e6ef1c7a
2026-05-25 10:17:12,000  INFO  
2026-05-25 10:17:12,000  INFO  \u2501\u2501\u2501\u2501\u2501\u2501\u2501\u2501\u2501\u2501\u2501\u2501\u2501\u2501\u2501\u2501\u2501\u2501\u2501\u2501\u2501\u2501\u2501\u2501\u2501\u2501\u2501\u2501\u2501\u2501\u2501\u2501\u2501\u2501\u2501\u2501\u2501\u2501\u2501\u2501\u2501\u2501\u2501\u2501\u2501\u2501\u2501\u2501\u2501\u2501\u2501\u2501\u2501\u2501\u2501
2026-05-25 10:17:12,000  INFO    PASO 2/3 � Restaurar BD y extraer Ventas Full
2026-05-25 10:17:12,000  INFO  \u2501\u2501\u2501\u2501\u2501\u2501\u2501\u2501\u2501\u2501\u2501\u2501\u2501\u2501\u2501\u2501\u2501\u2501\u2501\u2501\u2501\u2501\u2501\u2501\u2501\u2501\u2501\u2501\u2501\u2501\u2501\u2501\u2501\u2501\u2501\u2501\u2501\u2501\u2501\u2501\u2501\u2501\u2501\u2501\u2501\u2501\u2501\u2501\u2501\u2501\u2501\u2501\u2501\u2501\u2501
2026-05-25 10:17:14,175  INFO  ============================================================
2026-05-25 10:17:14,175  INFO    PASO 1 � Restaurar BD y extraer M�ltiples Reportes
2026-05-25 10:17:14,175  INFO  ============================================================
2026-05-25 10:17:14,196  INFO  Usando .bak de ultimo_bak.txt: 2026-5-25-T779354202C_2026-05-25_1779718615.bak
2026-05-25 10:17:14,197  INFO  Usando backup: 2026-5-25-T779354202C_2026-05-25_1779718615.bak
2026-05-25 10:17:14,197  INFO  Restaurando 2026-5-25-T779354202C_2026-05-25_1779718615.bak como 'T779354202A'...
2026-05-25 10:17:14,197  INFO  Copiando .bak a C:\Program Files\Microsoft SQL Server\MSSQL17.SQLEXPRESS\MSSQL\DATA\2026-5-25-T779354202C_2026-05-25_1779718615.bak...
2026-05-25 10:17:14,900  INFO  Ejecutando RESTORE DATABASE...
2026-05-25 10:17:59,619  INFO  \u2705 BD 'T779354202A' restaurada correctamente.
2026-05-25 10:17:59,620  INFO  Conectando a 'T779354202A' para extraer reportes...
2026-05-25 10:17:59,662  INFO  Ejecutando: base_completo...
C:\Scripts\BackupManager\restaurar_y_extraer.py:158: UserWarning: pandas only supports SQLAlchemy connectable (engine/connection) or database string URI or sqlite3 DBAPI2 connection. Other DBAPI2 objects are not tested. Please consider using SQLAlchemy.
  df = pd.read_sql(sql_listo, conn)
2026-05-25 10:18:01,579  INFO    \u2514\u2500 8,651 filas extra�das.
2026-05-25 10:18:01,579  INFO  Ejecutando: Inventario_aceros...
2026-05-25 10:18:01,622  INFO    \u2514\u2500 109 filas extra�das.
2026-05-25 10:18:01,622  INFO  Ejecutando: Ordenes_de_Compra...
2026-05-25 10:18:01,632  ERROR    \u2514\u2500 Error ejecutando Ordenes_de_Compra: ('42000', '[42000] [Microsoft][ODBC Driver 17 for SQL Server][SQL Server]ORDER BY items must appear in the select list if SELECT DISTINCT is specified. (145) (SQLExecDirectW)')
2026-05-25 10:18:01,632  INFO  Ejecutando: Ordenes_de_produccion...
2026-05-25 10:18:01,901  INFO    \u2514\u2500 3,097 filas extra�das.
2026-05-25 10:18:01,901  INFO  Ejecutando: Pendiente_a_facturar...
2026-05-25 10:18:01,907  ERROR    \u2514\u2500 Error ejecutando Pendiente_a_facturar: ('42000', '[42000] [Microsoft][ODBC Driver 17 for SQL Server][SQL Server]ORDER BY items must appear in the select list if SELECT DISTINCT is specified. (145) (SQLExecDirectW)')
2026-05-25 10:18:01,907  INFO  Ejecutando: Vales_de_Salida...
2026-05-25 10:18:01,920  ERROR    \u2514\u2500 Error ejecutando Vales_de_Salida: ('42000', '[42000] [Microsoft][ODBC Driver 17 for SQL Server][SQL Server]ORDER BY items must appear in the select list if SELECT DISTINCT is specified. (145) (SQLExecDirectW)')
2026-05-25 10:18:01,921  INFO  Ejecutando: Ventas_Full...
2026-05-25 10:18:02,651  INFO    \u2514\u2500 1,618 filas extra�das.
2026-05-25 10:18:02,651  INFO  Ejecutando: WIP...
2026-05-25 10:18:02,791  INFO    \u2514\u2500 25 filas extra�das.
2026-05-25 10:18:02,795  INFO  Exportando a Excel multipesta�a: C:\Reportes\VentasFull\Reportes_Completos_2026-05-25.xlsx
2026-05-25 10:19:10,437  INFO  \u2705 Excel generado: C:\Reportes\VentasFull\Reportes_Completos_2026-05-25.xlsx (2.3 MB)
2026-05-25 10:19:10,439  INFO  \u2705 Proceso Completado \u2192 C:\Reportes\VentasFull\Reportes_Completos_2026-05-25.xlsx
2026-05-25 10:19:10,452  INFO  
2026-05-25 10:19:10,452  INFO  \u2501\u2501\u2501\u2501\u2501\u2501\u2501\u2501\u2501\u2501\u2501\u2501\u2501\u2501\u2501\u2501\u2501\u2501\u2501\u2501\u2501\u2501\u2501\u2501\u2501\u2501\u2501\u2501\u2501\u2501\u2501\u2501\u2501\u2501\u2501\u2501\u2501\u2501\u2501\u2501\u2501\u2501\u2501\u2501\u2501\u2501\u2501\u2501\u2501\u2501\u2501\u2501\u2501\u2501\u2501
2026-05-25 10:19:10,452  INFO    PASO 3/3 � Subir Excel a Google Drive
2026-05-25 10:19:10,452  INFO  \u2501\u2501\u2501\u2501\u2501\u2501\u2501\u2501\u2501\u2501\u2501\u2501\u2501\u2501\u2501\u2501\u2501\u2501\u2501\u2501\u2501\u2501\u2501\u2501\u2501\u2501\u2501\u2501\u2501\u2501\u2501\u2501\u2501\u2501\u2501\u2501\u2501\u2501\u2501\u2501\u2501\u2501\u2501\u2501\u2501\u2501\u2501\u2501\u2501\u2501\u2501\u2501\u2501\u2501\u2501
2026-05-25 10:19:12,211  INFO  =======================================================
2026-05-25 10:19:12,212  INFO    PASO 2 � Subir a Drive y actualizar Google Sheets
2026-05-25 10:19:12,212  INFO  =======================================================
2026-05-25 10:19:12,227  INFO  Procesando: Reportes_Completos_2026-05-25.xlsx (2.3 MB)
2026-05-25 10:19:12,312  INFO  file_cache is only supported with oauth2client<4.0.0
2026-05-25 10:19:12,318  INFO  file_cache is only supported with oauth2client<4.0.0
2026-05-25 10:19:13,908  INFO  Creando Excel nuevo en Drive...
2026-05-25 10:19:18,383  INFO  \u2705 Excel subido a Drive: Reportes_Completos_Actualizado.xlsx
2026-05-25 10:19:18,383  INFO  Leyendo Excel para actualizar Google Sheets...
2026-05-25 10:19:18,403  INFO  Pesta�as encontradas en Excel: ['base_completo', 'Inventario_aceros', 'Ordenes_de_produccion', 'Ventas_Full', 'WIP']
2026-05-25 10:19:20,053  INFO  Actualizando Base Produccion \u2192 'Orden de Produccion' (3,097 filas)...
2026-05-25 10:19:21,299  INFO    Limpiando hoja 'Orden de Produccion'...
2026-05-25 10:19:22,154  INFO    Escribiendo 3,097 filas en 'Orden de Produccion'...
2026-05-25 10:19:24,660  INFO    \u2705 Hoja 'Orden de Produccion' actualizada.
2026-05-25 10:19:24,664  WARNING    Pesta�a 'Pendiente_a_facturar' no encontrada en el Excel, saltando...
2026-05-25 10:19:24,665  WARNING    Pesta�a 'Vales_de_Salida' no encontrada en el Excel, saltando...
2026-05-25 10:19:26,097  INFO  Actualizando Base Produccion \u2192 'Ventas_Full' (1,618 filas)...
2026-05-25 10:19:26,793  INFO    Limpiando hoja 'Ventas_Full'...
2026-05-25 10:19:27,474  INFO    Escribiendo 1,618 filas en 'Ventas_Full'...
2026-05-25 10:19:29,325  INFO    \u2705 Hoja 'Ventas_Full' actualizada.
2026-05-25 10:19:29,350  INFO  Actualizando Base Produccion \u2192 'WIP' (25 filas)...
2026-05-25 10:19:30,045  INFO    Limpiando hoja 'WIP'...
2026-05-25 10:19:30,381  INFO    Escribiendo 25 filas en 'WIP'...
2026-05-25 10:19:30,645  INFO    \u2705 Hoja 'WIP' actualizada.
2026-05-25 10:19:32,642  INFO  Actualizando Presupuestos \u2192 'Ventas Full Manager' (1,618 filas)...
2026-05-25 10:19:33,448  INFO    Limpiando hoja 'Ventas Full Manager'...
2026-05-25 10:19:34,180  INFO    Escribiendo 1,618 filas en 'Ventas Full Manager'...
2026-05-25 10:19:36,845  INFO    \u2705 Hoja 'Ventas Full Manager' actualizada.
2026-05-25 10:19:36,848  INFO  
2026-05-25 10:19:36,848  INFO  \u2705 Todo actualizado:
2026-05-25 10:19:36,848  INFO     \U0001f4c1 Drive: Reportes_Completos_Actualizado.xlsx
2026-05-25 10:19:36,849  INFO     \U0001f4ca Base Produccion: ['Orden de Produccion', 'Por Facturar', 'Vales de Salida', 'Ventas_Full', 'WIP']
2026-05-25 10:19:36,850  INFO     \U0001f4ca Presupuestos: Ventas Full Manager
2026-05-25 10:19:36,852  INFO  
2026-05-25 10:19:36,853  INFO  \u2554\u2550\u2550\u2550\u2550\u2550\u2550\u2550\u2550\u2550\u2550\u2550\u2550\u2550\u2550\u2550\u2550\u2550\u2550\u2550\u2550\u2550\u2550\u2550\u2550\u2550\u2550\u2550\u2550\u2550\u2550\u2550\u2550\u2550\u2550\u2550\u2550\u2550\u2550\u2550\u2550\u2550\u2550\u2550\u2550\u2550\u2550\u2550\u2550\u2550\u2550\u2550\u2550\u2550\u2557
2026-05-25 10:19:36,854  INFO  \u2551  \u2705 PIPELINE COMPLETADO en 284s                      \u2551
2026-05-25 10:19:36,854  INFO  \u2551  \U0001f4ca Excel en Drive: VentasFull_Actualizado.xlsx      \u2551
2026-05-25 10:19:36,855  INFO  \u255a\u2550\u2550\u2550\u2550\u2550\u2550\u2550\u2550\u2550\u2550\u2550\u2550\u2550\u2550\u2550\u2550\u2550\u2550\u2550\u2550\u2550\u2550\u2550\u2550\u2550\u2550\u2550\u2550\u2550\u2550\u2550\u2550\u2550\u2550\u2550\u2550\u2550\u2550\u2550\u2550\u2550\u2550\u2550\u2550\u2550\u2550\u2550\u2550\u2550\u2550\u2550\u2550\u2550\u255d
25/05/2026 10:19:37.61 - Pipeline completado OK 
27/05/2026  8:38:50.70 - Iniciando pipeline 
2026-05-27 08:38:51,393  INFO  \u2554\u2550\u2550\u2550\u2550\u2550\u2550\u2550\u2550\u2550\u2550\u2550\u2550\u2550\u2550\u2550\u2550\u2550\u2550\u2550\u2550\u2550\u2550\u2550\u2550\u2550\u2550\u2550\u2550\u2550\u2550\u2550\u2550\u2550\u2550\u2550\u2550\u2550\u2550\u2550\u2550\u2550\u2550\u2550\u2550\u2550\u2550\u2550\u2550\u2550\u2550\u2550\u2550\u2550\u2557
2026-05-27 08:38:51,395  INFO  \u2551   PIPELINE VENTAS FULL � Inicio: 2026-05-27 08:38   \u2551
2026-05-27 08:38:51,396  INFO  \u255a\u2550\u2550\u2550\u2550\u2550\u2550\u2550\u2550\u2550\u2550\u2550\u2550\u2550\u2550\u2550\u2550\u2550\u2550\u2550\u2550\u2550\u2550\u2550\u2550\u2550\u2550\u2550\u2550\u2550\u2550\u2550\u2550\u2550\u2550\u2550\u2550\u2550\u2550\u2550\u2550\u2550\u2550\u2550\u2550\u2550\u2550\u2550\u2550\u2550\u2550\u2550\u2550\u2550\u255d
2026-05-27 08:38:51,396  INFO  
2026-05-27 08:38:51,396  INFO  \u2501\u2501\u2501\u2501\u2501\u2501\u2501\u2501\u2501\u2501\u2501\u2501\u2501\u2501\u2501\u2501\u2501\u2501\u2501\u2501\u2501\u2501\u2501\u2501\u2501\u2501\u2501\u2501\u2501\u2501\u2501\u2501\u2501\u2501\u2501\u2501\u2501\u2501\u2501\u2501\u2501\u2501\u2501\u2501\u2501\u2501\u2501\u2501\u2501\u2501\u2501\u2501\u2501\u2501\u2501
2026-05-27 08:38:51,396  INFO    PASO 1/3 � Descargar backup desde Manager
2026-05-27 08:38:51,396  INFO  \u2501\u2501\u2501\u2501\u2501\u2501\u2501\u2501\u2501\u2501\u2501\u2501\u2501\u2501\u2501\u2501\u2501\u2501\u2501\u2501\u2501\u2501\u2501\u2501\u2501\u2501\u2501\u2501\u2501\u2501\u2501\u2501\u2501\u2501\u2501\u2501\u2501\u2501\u2501\u2501\u2501\u2501\u2501\u2501\u2501\u2501\u2501\u2501\u2501\u2501\u2501\u2501\u2501\u2501\u2501
2026-05-27 08:38:53,776  INFO  =======================================================
2026-05-27 08:38:53,776  INFO    Iniciando descarga autom�tica de backup Manager
2026-05-27 08:38:53,776  INFO  =======================================================
2026-05-27 08:38:53,779  INFO  ====== WebDriver manager ======
2026-05-27 08:38:59,549  INFO  Get LATEST chromedriver version for google-chrome
2026-05-27 08:39:01,305  INFO  Get LATEST chromedriver version for google-chrome
2026-05-27 08:39:01,995  INFO  Driver [C:\Users\atorr\.wdm\drivers\chromedriver\win64\148.0.7778.178\chromedriver-win32/chromedriver.exe] found in cache
2026-05-27 08:39:08,249  INFO  Abriendo login: https://prodkernel.manager.cl/index.html
2026-05-27 08:39:10,421  INFO  Inputs visibles: 3
2026-05-27 08:39:11,011  INFO  Login enviado...
2026-05-27 08:39:15,026  INFO  \u2705 Login exitoso. session_id: ddf23299...
2026-05-27 08:39:15,026  INFO  Navegando a: https://prodkernel.manager.cl/managerbackups.html?session_id=ddf2329955df42d2fe9a7684a3f7e645&cd=prodkernel
2026-05-27 08:39:15,170  INFO  Recarga 1/10...
2026-05-27 08:39:19,283  INFO    filas .bak encontradas: 3
2026-05-27 08:39:19,283  INFO  \u2705 Tabla cargada en recarga 1.
2026-05-27 08:39:19,437  INFO    Ignorando: 2026-5-27-T779354202A.bak
2026-05-27 08:39:19,498  INFO    Ignorando: 2026-5-27-T779354202B.bak
2026-05-27 08:39:19,576  INFO  Backup seleccionado: 2026-5-27-T779354202C.bak (2026-05-27 10:12:48+00:00)
2026-05-27 08:39:19,589  INFO  HTML fila completa: <td class="bucket">mng-respaldos-poliuretano</td><td class="Key">2026-5-27-T779354202C.bak</td><td class="LastModified">2026-05-27 10:12:48+00:00</td><td class="Size">0.15 GB</td><td class="presigned_url" style="display: none;">https://mng-respaldos-poliuretano.s3.amazonaws.com/2026-5-27-T779354202C.bak?AWSAccessKeyId=AKIAZPIFFWJDVFW267ZG&amp;Signature=QiTsgWFE2FdnE6fUL%2FkxKb4WbrM%3D&amp;Expires=1779885854</td><td><i onclick="downloadbackup($(this).parent().parent())" class="fas fa-download"></
2026-05-27 08:39:22,171  INFO  Descargando 2026-5-27-T779354202C.bak desde S3...
2026-05-27 08:39:24,796  INFO    10 MB / 147 MB (7%)
2026-05-27 08:39:25,728  INFO    21 MB / 147 MB (14%)
2026-05-27 08:39:26,659  INFO    31 MB / 147 MB (21%)
2026-05-27 08:39:27,823  INFO    42 MB / 147 MB (28%)
2026-05-27 08:39:28,921  INFO    52 MB / 147 MB (36%)
2026-05-27 08:39:30,054  INFO    63 MB / 147 MB (43%)
2026-05-27 08:39:31,103  INFO    73 MB / 147 MB (50%)
2026-05-27 08:39:32,644  INFO    84 MB / 147 MB (57%)
2026-05-27 08:39:34,490  INFO    94 MB / 147 MB (64%)
2026-05-27 08:39:36,216  INFO    105 MB / 147 MB (71%)
2026-05-27 08:39:38,398  INFO    115 MB / 147 MB (78%)
2026-05-27 08:39:40,508  INFO    126 MB / 147 MB (85%)
2026-05-27 08:39:42,696  INFO    136 MB / 147 MB (93%)
2026-05-27 08:39:45,134  INFO    147 MB / 147 MB (100%)
2026-05-27 08:39:45,177  INFO    147 MB / 147 MB (100%)
2026-05-27 08:39:45,207  INFO  \u2705 Descarga completa: 2026-5-27-T779354202C.bak (147.3 MB)
2026-05-27 08:39:45,212  INFO  Backup guardado en: C:\Backups\Manager\2026-5-27-T779354202C_2026-05-27_1779885585.bak
2026-05-27 08:39:45,213  INFO  \u2705 �xito � backup guardado en: C:\Backups\Manager\2026-5-27-T779354202C_2026-05-27_1779885585.bak
2026-05-27 08:39:49,475  WARNING  Retrying (Retry(total=2, connect=None, read=None, redirect=None, status=None)) after connection broken by 'NewConnectionError("HTTPConnection(host='localhost', port=52271): Failed to establish a new connection: [WinError 10061] No se puede establecer una conexi�n ya que el equipo de destino deneg� expresamente dicha conexi�n")': /session/cc5034af7d96137ab67f6ac7e8bcc388
2026-05-27 08:39:53,573  WARNING  Retrying (Retry(total=1, connect=None, read=None, redirect=None, status=None)) after connection broken by 'NewConnectionError("HTTPConnection(host='localhost', port=52271): Failed to establish a new connection: [WinError 10061] No se puede establecer una conexi�n ya que el equipo de destino deneg� expresamente dicha conexi�n")': /session/cc5034af7d96137ab67f6ac7e8bcc388
2026-05-27 08:39:57,654  WARNING  Retrying (Retry(total=0, connect=None, read=None, redirect=None, status=None)) after connection broken by 'NewConnectionError("HTTPConnection(host='localhost', port=52271): Failed to establish a new connection: [WinError 10061] No se puede establecer una conexi�n ya que el equipo de destino deneg� expresamente dicha conexi�n")': /session/cc5034af7d96137ab67f6ac7e8bcc388
2026-05-27 08:40:01,753  INFO  
2026-05-27 08:40:01,753  INFO  \u2501\u2501\u2501\u2501\u2501\u2501\u2501\u2501\u2501\u2501\u2501\u2501\u2501\u2501\u2501\u2501\u2501\u2501\u2501\u2501\u2501\u2501\u2501\u2501\u2501\u2501\u2501\u2501\u2501\u2501\u2501\u2501\u2501\u2501\u2501\u2501\u2501\u2501\u2501\u2501\u2501\u2501\u2501\u2501\u2501\u2501\u2501\u2501\u2501\u2501\u2501\u2501\u2501\u2501\u2501
2026-05-27 08:40:01,757  INFO    PASO 2/3 � Restaurar BD y extraer Ventas Full
2026-05-27 08:40:01,757  INFO  \u2501\u2501\u2501\u2501\u2501\u2501\u2501\u2501\u2501\u2501\u2501\u2501\u2501\u2501\u2501\u2501\u2501\u2501\u2501\u2501\u2501\u2501\u2501\u2501\u2501\u2501\u2501\u2501\u2501\u2501\u2501\u2501\u2501\u2501\u2501\u2501\u2501\u2501\u2501\u2501\u2501\u2501\u2501\u2501\u2501\u2501\u2501\u2501\u2501\u2501\u2501\u2501\u2501\u2501\u2501
2026-05-27 08:40:03,882  INFO  ============================================================
2026-05-27 08:40:03,882  INFO    PASO 1 � Restaurar BD y extraer M�ltiples Reportes
2026-05-27 08:40:03,882  INFO  ============================================================
2026-05-27 08:40:03,967  INFO  Usando .bak de ultimo_bak.txt: 2026-5-27-T779354202C_2026-05-27_1779885585.bak
2026-05-27 08:40:03,967  INFO  Usando backup: 2026-5-27-T779354202C_2026-05-27_1779885585.bak
2026-05-27 08:40:03,967  INFO  Restaurando 2026-5-27-T779354202C_2026-05-27_1779885585.bak como 'T779354202A'...
2026-05-27 08:40:03,967  INFO  Copiando .bak a C:\Program Files\Microsoft SQL Server\MSSQL17.SQLEXPRESS\MSSQL\DATA\2026-5-27-T779354202C_2026-05-27_1779885585.bak...
2026-05-27 08:40:04,684  INFO  Ejecutando RESTORE DATABASE...
2026-05-27 08:40:50,568  INFO  \u2705 BD 'T779354202A' restaurada correctamente.
2026-05-27 08:40:50,578  INFO  Conectando a 'T779354202A' para extraer reportes...
2026-05-27 08:40:51,452  INFO  Ejecutando: base_completo...
C:\Scripts\BackupManager\restaurar_y_extraer.py:158: UserWarning: pandas only supports SQLAlchemy connectable (engine/connection) or database string URI or sqlite3 DBAPI2 connection. Other DBAPI2 objects are not tested. Please consider using SQLAlchemy.
  df = pd.read_sql(sql_listo, conn)
2026-05-27 08:41:39,607  INFO    \u2514\u2500 8,736 filas extra�das.
2026-05-27 08:41:39,608  INFO  Ejecutando: calendario...
2026-05-27 08:41:39,956  INFO    \u2514\u2500 94 filas extra�das.
2026-05-27 08:41:39,956  INFO  Ejecutando: Inventario_aceros...
2026-05-27 08:41:39,988  INFO    \u2514\u2500 144 filas extra�das.
2026-05-27 08:41:39,988  INFO  Ejecutando: Ordenes_de_Compra...
2026-05-27 08:41:39,995  ERROR    \u2514\u2500 Error ejecutando Ordenes_de_Compra: ('42000', '[42000] [Microsoft][ODBC Driver 17 for SQL Server][SQL Server]ORDER BY items must appear in the select list if SELECT DISTINCT is specified. (145) (SQLExecDirectW)')
2026-05-27 08:41:39,995  INFO  Ejecutando: Ordenes_de_produccion...
2026-05-27 08:41:40,246  INFO    \u2514\u2500 3,134 filas extra�das.
2026-05-27 08:41:40,246  INFO  Ejecutando: Pendiente_a_facturar...
2026-05-27 08:41:40,256  ERROR    \u2514\u2500 Error ejecutando Pendiente_a_facturar: ('42000', '[42000] [Microsoft][ODBC Driver 17 for SQL Server][SQL Server]ORDER BY items must appear in the select list if SELECT DISTINCT is specified. (145) (SQLExecDirectW)')
2026-05-27 08:41:40,257  INFO  Ejecutando: Vales_de_Salida...
2026-05-27 08:41:40,293  ERROR    \u2514\u2500 Error ejecutando Vales_de_Salida: ('42000', '[42000] [Microsoft][ODBC Driver 17 for SQL Server][SQL Server]ORDER BY items must appear in the select list if SELECT DISTINCT is specified. (145) (SQLExecDirectW)')
2026-05-27 08:41:40,293  INFO  Ejecutando: Ventas_Full...
2026-05-27 08:41:41,320  INFO    \u2514\u2500 1,678 filas extra�das.
2026-05-27 08:41:41,340  INFO  Ejecutando: WIP...
2026-05-27 08:41:41,496  INFO    \u2514\u2500 25 filas extra�das.
2026-05-27 08:41:41,522  INFO  Exportando a Excel multipesta�a: C:\Reportes\VentasFull\Reportes_Completos_2026-05-27.xlsx
2026-05-27 08:42:52,890  INFO  \u2705 Excel generado: C:\Reportes\VentasFull\Reportes_Completos_2026-05-27.xlsx (2.3 MB)
2026-05-27 08:42:52,892  INFO  \u2705 Proceso Completado \u2192 C:\Reportes\VentasFull\Reportes_Completos_2026-05-27.xlsx
2026-05-27 08:42:52,907  INFO  
2026-05-27 08:42:52,908  INFO  \u2501\u2501\u2501\u2501\u2501\u2501\u2501\u2501\u2501\u2501\u2501\u2501\u2501\u2501\u2501\u2501\u2501\u2501\u2501\u2501\u2501\u2501\u2501\u2501\u2501\u2501\u2501\u2501\u2501\u2501\u2501\u2501\u2501\u2501\u2501\u2501\u2501\u2501\u2501\u2501\u2501\u2501\u2501\u2501\u2501\u2501\u2501\u2501\u2501\u2501\u2501\u2501\u2501\u2501\u2501
2026-05-27 08:42:52,908  INFO    PASO 3/3 � Subir Excel a Google Drive
2026-05-27 08:42:52,908  INFO  \u2501\u2501\u2501\u2501\u2501\u2501\u2501\u2501\u2501\u2501\u2501\u2501\u2501\u2501\u2501\u2501\u2501\u2501\u2501\u2501\u2501\u2501\u2501\u2501\u2501\u2501\u2501\u2501\u2501\u2501\u2501\u2501\u2501\u2501\u2501\u2501\u2501\u2501\u2501\u2501\u2501\u2501\u2501\u2501\u2501\u2501\u2501\u2501\u2501\u2501\u2501\u2501\u2501\u2501\u2501
2026-05-27 08:42:55,156  INFO  =======================================================
2026-05-27 08:42:55,157  INFO    PASO 2 � Subir a Drive y actualizar Google Sheets
2026-05-27 08:42:55,158  INFO  =======================================================
2026-05-27 08:42:55,173  INFO  Procesando: Reportes_Completos_2026-05-27.xlsx (2.3 MB)
2026-05-27 08:42:55,318  INFO  file_cache is only supported with oauth2client<4.0.0
2026-05-27 08:42:55,327  INFO  file_cache is only supported with oauth2client<4.0.0
2026-05-27 08:42:57,114  INFO  Creando Excel nuevo en Drive...
2026-05-27 08:42:59,269  INFO  \u2705 Excel subido a Drive: Reportes_Completos_Actualizado.xlsx
2026-05-27 08:42:59,270  INFO  Leyendo Excel para actualizar Google Sheets...
2026-05-27 08:42:59,295  INFO  Pesta�as encontradas en Excel: ['base_completo', 'calendario', 'Inventario_aceros', 'Ordenes_de_produccion', 'Ventas_Full', 'WIP']
2026-05-27 08:43:00,959  INFO  Actualizando Base Produccion \u2192 'Orden de Produccion' (3,134 filas)...
2026-05-27 08:43:02,321  INFO    Limpiando hoja 'Orden de Produccion'...
2026-05-27 08:43:03,456  INFO    Escribiendo 3,134 filas en 'Orden de Produccion'...
2026-05-27 08:43:05,597  INFO    \u2705 Hoja 'Orden de Produccion' actualizada.
2026-05-27 08:43:05,600  WARNING    Pesta�a 'Pendiente_a_facturar' no encontrada en el Excel, saltando...
2026-05-27 08:43:05,600  WARNING    Pesta�a 'Vales_de_Salida' no encontrada en el Excel, saltando...
2026-05-27 08:43:07,228  INFO  Actualizando Base Produccion \u2192 'Ventas_Full' (1,678 filas)...
2026-05-27 08:43:08,739  INFO    Limpiando hoja 'Ventas_Full'...
2026-05-27 08:43:09,381  INFO    Escribiendo 1,678 filas en 'Ventas_Full'...
2026-05-27 08:43:10,792  INFO    \u2705 Hoja 'Ventas_Full' actualizada.
2026-05-27 08:43:10,817  INFO  Actualizando Base Produccion \u2192 'WIP' (25 filas)...
2026-05-27 08:43:11,303  INFO    Limpiando hoja 'WIP'...
2026-05-27 08:43:11,632  INFO    Escribiendo 25 filas en 'WIP'...
2026-05-27 08:43:11,864  INFO    \u2705 Hoja 'WIP' actualizada.
2026-05-27 08:43:13,858  INFO  Actualizando Presupuestos \u2192 'Ventas Full Manager' (1,678 filas)...
2026-05-27 08:43:14,650  INFO    Limpiando hoja 'Ventas Full Manager'...
2026-05-27 08:43:15,333  INFO    Escribiendo 1,678 filas en 'Ventas Full Manager'...
2026-05-27 08:43:18,132  INFO    \u2705 Hoja 'Ventas Full Manager' actualizada.
2026-05-27 08:43:18,137  INFO  
2026-05-27 08:43:18,137  INFO  \u2705 Todo actualizado:
2026-05-27 08:43:18,137  INFO     \U0001f4c1 Drive: Reportes_Completos_Actualizado.xlsx
2026-05-27 08:43:18,138  INFO     \U0001f4ca Base Produccion: ['Orden de Produccion', 'Por Facturar', 'Vales de Salida', 'Ventas_Full', 'WIP']
2026-05-27 08:43:18,138  INFO     \U0001f4ca Presupuestos: Ventas Full Manager
2026-05-27 08:43:18,143  INFO  
2026-05-27 08:43:18,143  INFO  \u2554\u2550\u2550\u2550\u2550\u2550\u2550\u2550\u2550\u2550\u2550\u2550\u2550\u2550\u2550\u2550\u2550\u2550\u2550\u2550\u2550\u2550\u2550\u2550\u2550\u2550\u2550\u2550\u2550\u2550\u2550\u2550\u2550\u2550\u2550\u2550\u2550\u2550\u2550\u2550\u2550\u2550\u2550\u2550\u2550\u2550\u2550\u2550\u2550\u2550\u2550\u2550\u2550\u2550\u2557
2026-05-27 08:43:18,143  INFO  \u2551  \u2705 PIPELINE COMPLETADO en 266s                      \u2551
2026-05-27 08:43:18,144  INFO  \u2551  \U0001f4ca Excel en Drive: VentasFull_Actualizado.xlsx      \u2551
2026-05-27 08:43:18,144  INFO  \u255a\u2550\u2550\u2550\u2550\u2550\u2550\u2550\u2550\u2550\u2550\u2550\u2550\u2550\u2550\u2550\u2550\u2550\u2550\u2550\u2550\u2550\u2550\u2550\u2550\u2550\u2550\u2550\u2550\u2550\u2550\u2550\u2550\u2550\u2550\u2550\u2550\u2550\u2550\u2550\u2550\u2550\u2550\u2550\u2550\u2550\u2550\u2550\u2550\u2550\u2550\u2550\u2550\u2550\u255d
27/05/2026  8:43:18.87 - Pipeline completado OK 
28/05/2026  8:47:13.77 - Iniciando pipeline 
2026-05-28 08:47:13,926  INFO  \u2554\u2550\u2550\u2550\u2550\u2550\u2550\u2550\u2550\u2550\u2550\u2550\u2550\u2550\u2550\u2550\u2550\u2550\u2550\u2550\u2550\u2550\u2550\u2550\u2550\u2550\u2550\u2550\u2550\u2550\u2550\u2550\u2550\u2550\u2550\u2550\u2550\u2550\u2550\u2550\u2550\u2550\u2550\u2550\u2550\u2550\u2550\u2550\u2550\u2550\u2550\u2550\u2550\u2550\u2557
2026-05-28 08:47:13,927  INFO  \u2551   PIPELINE VENTAS FULL � Inicio: 2026-05-28 08:47   \u2551
2026-05-28 08:47:13,927  INFO  \u255a\u2550\u2550\u2550\u2550\u2550\u2550\u2550\u2550\u2550\u2550\u2550\u2550\u2550\u2550\u2550\u2550\u2550\u2550\u2550\u2550\u2550\u2550\u2550\u2550\u2550\u2550\u2550\u2550\u2550\u2550\u2550\u2550\u2550\u2550\u2550\u2550\u2550\u2550\u2550\u2550\u2550\u2550\u2550\u2550\u2550\u2550\u2550\u2550\u2550\u2550\u2550\u2550\u2550\u255d
2026-05-28 08:47:13,927  INFO  
2026-05-28 08:47:13,927  INFO  \u2501\u2501\u2501\u2501\u2501\u2501\u2501\u2501\u2501\u2501\u2501\u2501\u2501\u2501\u2501\u2501\u2501\u2501\u2501\u2501\u2501\u2501\u2501\u2501\u2501\u2501\u2501\u2501\u2501\u2501\u2501\u2501\u2501\u2501\u2501\u2501\u2501\u2501\u2501\u2501\u2501\u2501\u2501\u2501\u2501\u2501\u2501\u2501\u2501\u2501\u2501\u2501\u2501\u2501\u2501
2026-05-28 08:47:13,927  INFO    PASO 1/3 � Descargar backup desde Manager
2026-05-28 08:47:13,927  INFO  \u2501\u2501\u2501\u2501\u2501\u2501\u2501\u2501\u2501\u2501\u2501\u2501\u2501\u2501\u2501\u2501\u2501\u2501\u2501\u2501\u2501\u2501\u2501\u2501\u2501\u2501\u2501\u2501\u2501\u2501\u2501\u2501\u2501\u2501\u2501\u2501\u2501\u2501\u2501\u2501\u2501\u2501\u2501\u2501\u2501\u2501\u2501\u2501\u2501\u2501\u2501\u2501\u2501\u2501\u2501
2026-05-28 08:47:14,333  INFO  =======================================================
2026-05-28 08:47:14,334  INFO    Iniciando descarga autom�tica de backup Manager
2026-05-28 08:47:14,334  INFO  =======================================================
2026-05-28 08:47:14,334  INFO  ====== WebDriver manager ======
2026-05-28 08:47:15,609  INFO  Get LATEST chromedriver version for google-chrome
2026-05-28 08:47:15,972  INFO  Get LATEST chromedriver version for google-chrome
2026-05-28 08:47:16,340  INFO  Driver [C:\Users\atorr\.wdm\drivers\chromedriver\win64\148.0.7778.178\chromedriver-win32/chromedriver.exe] found in cache
2026-05-28 08:47:17,597  INFO  Abriendo login: https://prodkernel.manager.cl/index.html
2026-05-28 08:47:19,454  INFO  Inputs visibles: 3
2026-05-28 08:47:19,725  INFO  Login enviado...
2026-05-28 08:47:23,737  INFO  \u2705 Login exitoso. session_id: 1a2c63ac...
2026-05-28 08:47:23,737  INFO  Navegando a: https://prodkernel.manager.cl/managerbackups.html?session_id=1a2c63ac963171add4b597ab2955a57b&cd=prodkernel
2026-05-28 08:47:23,841  INFO  Recarga 1/10...
2026-05-28 08:47:27,913  INFO    filas .bak encontradas: 0
2026-05-28 08:47:27,913  INFO  Recarga 2/10...
2026-05-28 08:47:31,979  INFO    filas .bak encontradas: 3
2026-05-28 08:47:31,979  INFO  \u2705 Tabla cargada en recarga 2.
2026-05-28 08:47:32,013  INFO    Ignorando: 2026-5-28-T779354202A.bak
2026-05-28 08:47:32,038  INFO    Ignorando: 2026-5-28-T779354202B.bak
2026-05-28 08:47:32,064  INFO  Backup seleccionado: 2026-5-28-T779354202C.bak (2026-05-28 10:09:48+00:00)
2026-05-28 08:47:32,073  INFO  HTML fila completa: <td class="bucket">mng-respaldos-poliuretano</td><td class="Key">2026-5-28-T779354202C.bak</td><td class="LastModified">2026-05-28 10:09:48+00:00</td><td class="Size">0.15 GB</td><td class="presigned_url" style="display: none;">https://mng-respaldos-poliuretano.s3.amazonaws.com/2026-5-28-T779354202C.bak?AWSAccessKeyId=AKIAZPIFFWJDVFW267ZG&amp;Signature=mjXTgvwnwBWKXC5%2BsGVV7TcGQbE%3D&amp;Expires=1779972746</td><td><i onclick="downloadbackup($(this).parent().parent())" class="fas fa-download"></
2026-05-28 08:47:34,319  INFO  Descargando 2026-5-28-T779354202C.bak desde S3...
2026-05-28 08:47:36,838  INFO    10 MB / 151 MB (7%)
2026-05-28 08:47:37,735  INFO    21 MB / 151 MB (14%)
2026-05-28 08:47:38,680  INFO    31 MB / 151 MB (21%)
2026-05-28 08:47:39,790  INFO    42 MB / 151 MB (28%)
2026-05-28 08:47:41,225  INFO    52 MB / 151 MB (35%)
2026-05-28 08:47:43,261  INFO    63 MB / 151 MB (42%)
2026-05-28 08:47:46,168  INFO    73 MB / 151 MB (48%)
2026-05-28 08:47:49,445  INFO    84 MB / 151 MB (55%)
2026-05-28 08:47:52,992  INFO    94 MB / 151 MB (62%)
2026-05-28 08:47:56,098  INFO    105 MB / 151 MB (69%)
2026-05-28 08:47:59,155  INFO    115 MB / 151 MB (76%)
2026-05-28 08:48:01,813  INFO    126 MB / 151 MB (83%)
2026-05-28 08:48:04,761  INFO    136 MB / 151 MB (90%)
2026-05-28 08:48:08,114  INFO    147 MB / 151 MB (97%)
2026-05-28 08:48:09,558  INFO  \u2705 Descarga completa: 2026-5-28-T779354202C.bak (151.4 MB)
2026-05-28 08:48:09,563  INFO  Backup guardado en: C:\Backups\Manager\2026-5-28-T779354202C_2026-05-28_1779972489.bak
2026-05-28 08:48:09,563  INFO  \u2705 �xito � backup guardado en: C:\Backups\Manager\2026-5-28-T779354202C_2026-05-28_1779972489.bak
2026-05-28 08:48:13,627  WARNING  Retrying (Retry(total=2, connect=None, read=None, redirect=None, status=None)) after connection broken by 'NewConnectionError("HTTPConnection(host='localhost', port=53107): Failed to establish a new connection: [WinError 10061] No se puede establecer una conexi�n ya que el equipo de destino deneg� expresamente dicha conexi�n")': /session/90c906280070865f892c917b42b0c496
2026-05-28 08:48:17,710  WARNING  Retrying (Retry(total=1, connect=None, read=None, redirect=None, status=None)) after connection broken by 'NewConnectionError("HTTPConnection(host='localhost', port=53107): Failed to establish a new connection: [WinError 10061] No se puede establecer una conexi�n ya que el equipo de destino deneg� expresamente dicha conexi�n")': /session/90c906280070865f892c917b42b0c496
2026-05-28 08:48:21,809  WARNING  Retrying (Retry(total=0, connect=None, read=None, redirect=None, status=None)) after connection broken by 'NewConnectionError("HTTPConnection(host='localhost', port=53107): Failed to establish a new connection: [WinError 10061] No se puede establecer una conexi�n ya que el equipo de destino deneg� expresamente dicha conexi�n")': /session/90c906280070865f892c917b42b0c496
2026-05-28 08:48:25,874  INFO  
2026-05-28 08:48:25,874  INFO  \u2501\u2501\u2501\u2501\u2501\u2501\u2501\u2501\u2501\u2501\u2501\u2501\u2501\u2501\u2501\u2501\u2501\u2501\u2501\u2501\u2501\u2501\u2501\u2501\u2501\u2501\u2501\u2501\u2501\u2501\u2501\u2501\u2501\u2501\u2501\u2501\u2501\u2501\u2501\u2501\u2501\u2501\u2501\u2501\u2501\u2501\u2501\u2501\u2501\u2501\u2501\u2501\u2501\u2501\u2501
2026-05-28 08:48:25,874  INFO    PASO 2/3 � Restaurar BD y extraer Ventas Full
2026-05-28 08:48:25,874  INFO  \u2501\u2501\u2501\u2501\u2501\u2501\u2501\u2501\u2501\u2501\u2501\u2501\u2501\u2501\u2501\u2501\u2501\u2501\u2501\u2501\u2501\u2501\u2501\u2501\u2501\u2501\u2501\u2501\u2501\u2501\u2501\u2501\u2501\u2501\u2501\u2501\u2501\u2501\u2501\u2501\u2501\u2501\u2501\u2501\u2501\u2501\u2501\u2501\u2501\u2501\u2501\u2501\u2501\u2501\u2501
2026-05-28 08:48:27,159  INFO  ============================================================
2026-05-28 08:48:27,159  INFO    PASO 1 � Restaurar BD y extraer M�ltiples Reportes
2026-05-28 08:48:27,160  INFO  ============================================================
2026-05-28 08:48:27,173  INFO  Usando .bak de ultimo_bak.txt: 2026-5-28-T779354202C_2026-05-28_1779972489.bak
2026-05-28 08:48:27,173  INFO  Usando backup: 2026-5-28-T779354202C_2026-05-28_1779972489.bak
2026-05-28 08:48:27,174  INFO  Restaurando 2026-5-28-T779354202C_2026-05-28_1779972489.bak como 'T779354202A'...
2026-05-28 08:48:27,174  INFO  Copiando .bak a C:\Program Files\Microsoft SQL Server\MSSQL17.SQLEXPRESS\MSSQL\DATA\2026-5-28-T779354202C_2026-05-28_1779972489.bak...
2026-05-28 08:48:27,645  INFO  Ejecutando RESTORE DATABASE...
2026-05-28 08:49:11,912  INFO  \u2705 BD 'T779354202A' restaurada correctamente.
2026-05-28 08:49:11,912  INFO  Conectando a 'T779354202A' para extraer reportes...
2026-05-28 08:49:11,949  INFO  Ejecutando: base_completo...
C:\Scripts\BackupManager\restaurar_y_extraer.py:158: UserWarning: pandas only supports SQLAlchemy connectable (engine/connection) or database string URI or sqlite3 DBAPI2 connection. Other DBAPI2 objects are not tested. Please consider using SQLAlchemy.
  df = pd.read_sql(sql_listo, conn)
2026-05-28 08:49:13,558  INFO    \u2514\u2500 8,765 filas extra�das.
2026-05-28 08:49:13,559  INFO  Ejecutando: calendario...
2026-05-28 08:49:13,737  INFO    \u2514\u2500 94 filas extra�das.
2026-05-28 08:49:13,737  INFO  Ejecutando: Inventario_aceros...
2026-05-28 08:49:13,757  INFO    \u2514\u2500 141 filas extra�das.
2026-05-28 08:49:13,758  INFO  Ejecutando: Notas_de_venta...
2026-05-28 08:49:13,804  INFO    \u2514\u2500 720 filas extra�das.
2026-05-28 08:49:13,804  INFO  Ejecutando: Ordenes_de_Compra...
2026-05-28 08:49:13,939  INFO    \u2514\u2500 267 filas extra�das.
2026-05-28 08:49:13,939  INFO  Ejecutando: Ordenes_de_produccion...
2026-05-28 08:49:14,137  INFO    \u2514\u2500 3,147 filas extra�das.
2026-05-28 08:49:14,137  INFO  Ejecutando: Pendiente_a_facturar...
2026-05-28 08:49:14,142  ERROR    \u2514\u2500 Error ejecutando Pendiente_a_facturar: ('42000', '[42000] [Microsoft][ODBC Driver 17 for SQL Server][SQL Server]ORDER BY items must appear in the select list if SELECT DISTINCT is specified. (145) (SQLExecDirectW)')
2026-05-28 08:49:14,142  INFO  Ejecutando: Productos_Stock...
2026-05-28 08:49:14,163  INFO    \u2514\u2500 131 filas extra�das.
2026-05-28 08:49:14,163  INFO  Ejecutando: Vales_de_Salida...
2026-05-28 08:49:14,174  ERROR    \u2514\u2500 Error ejecutando Vales_de_Salida: ('42000', '[42000] [Microsoft][ODBC Driver 17 for SQL Server][SQL Server]ORDER BY items must appear in the select list if SELECT DISTINCT is specified. (145) (SQLExecDirectW)')
2026-05-28 08:49:14,175  INFO  Ejecutando: Ventas_Full...
2026-05-28 08:49:14,819  INFO    \u2514\u2500 1,695 filas extra�das.
2026-05-28 08:49:14,820  INFO  Ejecutando: WIP...
2026-05-28 08:49:14,936  INFO    \u2514\u2500 24 filas extra�das.
2026-05-28 08:49:14,937  INFO  Exportando a Excel multipesta�a: C:\Reportes\VentasFull\Reportes_Completos_2026-05-28.xlsx
2026-05-28 08:50:23,308  INFO  \u2705 Excel generado: C:\Reportes\VentasFull\Reportes_Completos_2026-05-28.xlsx (2.4 MB)
2026-05-28 08:50:23,309  INFO  \u2705 Proceso Completado \u2192 C:\Reportes\VentasFull\Reportes_Completos_2026-05-28.xlsx
2026-05-28 08:50:23,321  INFO  
2026-05-28 08:50:23,322  INFO  \u2501\u2501\u2501\u2501\u2501\u2501\u2501\u2501\u2501\u2501\u2501\u2501\u2501\u2501\u2501\u2501\u2501\u2501\u2501\u2501\u2501\u2501\u2501\u2501\u2501\u2501\u2501\u2501\u2501\u2501\u2501\u2501\u2501\u2501\u2501\u2501\u2501\u2501\u2501\u2501\u2501\u2501\u2501\u2501\u2501\u2501\u2501\u2501\u2501\u2501\u2501\u2501\u2501\u2501\u2501
2026-05-28 08:50:23,322  INFO    PASO 3/3 � Subir Excel a Google Drive
2026-05-28 08:50:23,322  INFO  \u2501\u2501\u2501\u2501\u2501\u2501\u2501\u2501\u2501\u2501\u2501\u2501\u2501\u2501\u2501\u2501\u2501\u2501\u2501\u2501\u2501\u2501\u2501\u2501\u2501\u2501\u2501\u2501\u2501\u2501\u2501\u2501\u2501\u2501\u2501\u2501\u2501\u2501\u2501\u2501\u2501\u2501\u2501\u2501\u2501\u2501\u2501\u2501\u2501\u2501\u2501\u2501\u2501\u2501\u2501
2026-05-28 08:50:24,599  INFO  =======================================================
2026-05-28 08:50:24,599  INFO    PASO 2 � Subir a Drive y actualizar Google Sheets
2026-05-28 08:50:24,599  INFO  =======================================================
2026-05-28 08:50:24,601  INFO  Procesando: Reportes_Completos_2026-05-28.xlsx (2.4 MB)
2026-05-28 08:50:24,670  INFO  file_cache is only supported with oauth2client<4.0.0
2026-05-28 08:50:24,675  INFO  file_cache is only supported with oauth2client<4.0.0
2026-05-28 08:50:26,119  INFO  Creando Excel nuevo en Drive...
2026-05-28 08:50:28,533  INFO  \u2705 Excel subido a Drive: Reportes_Completos_Actualizado.xlsx
2026-05-28 08:50:28,533  INFO  Leyendo Excel para actualizar Google Sheets...
2026-05-28 08:50:28,553  INFO  Pesta�as encontradas en Excel: ['base_completo', 'calendario', 'Inventario_aceros', 'Notas_de_venta', 'Ordenes_de_Compra', 'Ordenes_de_produccion', 'Productos_Stock', 'Ventas_Full', 'WIP']
2026-05-28 08:50:29,875  INFO  Actualizando Base Produccion \u2192 'Orden de Produccion' (3,147 filas)...
2026-05-28 08:50:31,335  INFO    Limpiando hoja 'Orden de Produccion'...
2026-05-28 08:50:32,242  INFO    Escribiendo 3,147 filas en 'Orden de Produccion'...
2026-05-28 08:50:34,538  INFO    \u2705 Hoja 'Orden de Produccion' actualizada.
2026-05-28 08:50:34,676  INFO  Actualizando Base Produccion \u2192 'Por Facturar' (94 filas)...
2026-05-28 08:50:35,220  INFO    Limpiando hoja 'Por Facturar'...
2026-05-28 08:50:35,598  INFO    Escribiendo 94 filas en 'Por Facturar'...
2026-05-28 08:50:35,890  INFO    \u2705 Hoja 'Por Facturar' actualizada.
2026-05-28 08:50:35,947  INFO  Actualizando Base Produccion \u2192 'Control Inventario' (141 filas)...
2026-05-28 08:50:36,535  INFO    Limpiando hoja 'Control Inventario'...
2026-05-28 08:50:36,819  INFO    Escribiendo 141 filas en 'Control Inventario'...
2026-05-28 08:50:37,119  INFO    \u2705 Hoja 'Control Inventario' actualizada.
2026-05-28 08:50:37,306  INFO  Actualizando Base Produccion \u2192 'Notas de Venta' (720 filas)...
2026-05-28 08:50:38,370  INFO    Limpiando hoja 'Notas de Venta'...
2026-05-28 08:50:38,671  INFO    Escribiendo 720 filas en 'Notas de Venta'...
2026-05-28 08:50:39,045  INFO    \u2705 Hoja 'Notas de Venta' actualizada.
2026-05-28 08:50:39,046  WARNING    Pesta�a 'Vales_de_Salida' no encontrada en el Excel, saltando...
2026-05-28 08:50:39,658  INFO  Actualizando Base Produccion \u2192 'Stock' (131 filas)...
2026-05-28 08:50:40,151  INFO    Limpiando hoja 'Stock'...
2026-05-28 08:50:40,404  INFO    Escribiendo 131 filas en 'Stock'...
2026-05-28 08:50:40,694  INFO    \u2705 Hoja 'Stock' actualizada.
2026-05-28 08:50:41,729  INFO  Actualizando Base Produccion \u2192 'Ventas_Full' (1,695 filas)...
2026-05-28 08:50:42,194  INFO    Limpiando hoja 'Ventas_Full'...
2026-05-28 08:50:42,691  INFO    Escribiendo 1,695 filas en 'Ventas_Full'...
2026-05-28 08:50:44,442  INFO    \u2705 Hoja 'Ventas_Full' actualizada.
2026-05-28 08:50:44,470  INFO  Actualizando Base Produccion \u2192 'WIP' (24 filas)...
2026-05-28 08:50:44,996  INFO    Limpiando hoja 'WIP'...
2026-05-28 08:50:45,236  INFO    Escribiendo 24 filas en 'WIP'...
2026-05-28 08:50:45,507  INFO    \u2705 Hoja 'WIP' actualizada.
2026-05-28 08:50:46,899  INFO  Actualizando Presupuestos \u2192 'Ventas Full Manager' (1,695 filas)...
2026-05-28 08:50:47,876  INFO    Limpiando hoja 'Ventas Full Manager'...
2026-05-28 08:50:48,401  INFO    Escribiendo 1,695 filas en 'Ventas Full Manager'...
2026-05-28 08:50:50,368  INFO    \u2705 Hoja 'Ventas Full Manager' actualizada.
2026-05-28 08:50:50,374  INFO  
2026-05-28 08:50:50,374  INFO  \u2705 Todo actualizado:
2026-05-28 08:50:50,374  INFO     \U0001f4c1 Drive: Reportes_Completos_Actualizado.xlsx
2026-05-28 08:50:50,377  INFO     \U0001f4ca Base Produccion: ['Orden de Produccion', 'Por Facturar', 'Control Inventario', 'Notas de Venta', 'Vales de Salida', 'Stock', 'Ventas_Full', 'WIP']
2026-05-28 08:50:50,377  INFO     \U0001f4ca Presupuestos: Ventas Full Manager
2026-05-28 08:50:50,381  INFO  
2026-05-28 08:50:50,381  INFO  \u2554\u2550\u2550\u2550\u2550\u2550\u2550\u2550\u2550\u2550\u2550\u2550\u2550\u2550\u2550\u2550\u2550\u2550\u2550\u2550\u2550\u2550\u2550\u2550\u2550\u2550\u2550\u2550\u2550\u2550\u2550\u2550\u2550\u2550\u2550\u2550\u2550\u2550\u2550\u2550\u2550\u2550\u2550\u2550\u2550\u2550\u2550\u2550\u2550\u2550\u2550\u2550\u2550\u2550\u2557
2026-05-28 08:50:50,382  INFO  \u2551  \u2705 PIPELINE COMPLETADO en 216s                      \u2551
2026-05-28 08:50:50,382  INFO  \u2551  \U0001f4ca Excel en Drive: VentasFull_Actualizado.xlsx      \u2551
2026-05-28 08:50:50,382  INFO  \u255a\u2550\u2550\u2550\u2550\u2550\u2550\u2550\u2550\u2550\u2550\u2550\u2550\u2550\u2550\u2550\u2550\u2550\u2550\u2550\u2550\u2550\u2550\u2550\u2550\u2550\u2550\u2550\u2550\u2550\u2550\u2550\u2550\u2550\u2550\u2550\u2550\u2550\u2550\u2550\u2550\u2550\u2550\u2550\u2550\u2550\u2550\u2550\u2550\u2550\u2550\u2550\u2550\u2550\u255d
28/05/2026  8:50:51.34 - Pipeline completado OK 
29/05/2026  7:53:02.07 - Iniciando pipeline 
2026-05-29 07:53:02,736  INFO  \u2554\u2550\u2550\u2550\u2550\u2550\u2550\u2550\u2550\u2550\u2550\u2550\u2550\u2550\u2550\u2550\u2550\u2550\u2550\u2550\u2550\u2550\u2550\u2550\u2550\u2550\u2550\u2550\u2550\u2550\u2550\u2550\u2550\u2550\u2550\u2550\u2550\u2550\u2550\u2550\u2550\u2550\u2550\u2550\u2550\u2550\u2550\u2550\u2550\u2550\u2550\u2550\u2550\u2550\u2557
2026-05-29 07:53:02,755  INFO  \u2551   PIPELINE VENTAS FULL � Inicio: 2026-05-29 07:53   \u2551
2026-05-29 07:53:02,755  INFO  \u255a\u2550\u2550\u2550\u2550\u2550\u2550\u2550\u2550\u2550\u2550\u2550\u2550\u2550\u2550\u2550\u2550\u2550\u2550\u2550\u2550\u2550\u2550\u2550\u2550\u2550\u2550\u2550\u2550\u2550\u2550\u2550\u2550\u2550\u2550\u2550\u2550\u2550\u2550\u2550\u2550\u2550\u2550\u2550\u2550\u2550\u2550\u2550\u2550\u2550\u2550\u2550\u2550\u2550\u255d
2026-05-29 07:53:02,755  INFO  
2026-05-29 07:53:02,755  INFO  \u2501\u2501\u2501\u2501\u2501\u2501\u2501\u2501\u2501\u2501\u2501\u2501\u2501\u2501\u2501\u2501\u2501\u2501\u2501\u2501\u2501\u2501\u2501\u2501\u2501\u2501\u2501\u2501\u2501\u2501\u2501\u2501\u2501\u2501\u2501\u2501\u2501\u2501\u2501\u2501\u2501\u2501\u2501\u2501\u2501\u2501\u2501\u2501\u2501\u2501\u2501\u2501\u2501\u2501\u2501
2026-05-29 07:53:02,755  INFO    PASO 1/3 � Descargar backup desde Manager
2026-05-29 07:53:02,756  INFO  \u2501\u2501\u2501\u2501\u2501\u2501\u2501\u2501\u2501\u2501\u2501\u2501\u2501\u2501\u2501\u2501\u2501\u2501\u2501\u2501\u2501\u2501\u2501\u2501\u2501\u2501\u2501\u2501\u2501\u2501\u2501\u2501\u2501\u2501\u2501\u2501\u2501\u2501\u2501\u2501\u2501\u2501\u2501\u2501\u2501\u2501\u2501\u2501\u2501\u2501\u2501\u2501\u2501\u2501\u2501
2026-05-29 07:53:04,895  INFO  =======================================================
2026-05-29 07:53:04,895  INFO    Iniciando descarga autom�tica de backup Manager
2026-05-29 07:53:04,895  INFO  =======================================================
2026-05-29 07:53:04,899  INFO  ====== WebDriver manager ======
2026-05-29 07:53:07,629  INFO  Get LATEST chromedriver version for google-chrome
2026-05-29 07:53:11,037  INFO  Get LATEST chromedriver version for google-chrome
2026-05-29 07:53:12,774  INFO  Get LATEST chromedriver version for google-chrome
2026-05-29 07:53:14,483  INFO  WebDriver version 148.0.7778.178 selected
2026-05-29 07:53:14,505  INFO  Modern chrome version https://storage.googleapis.com/chrome-for-testing-public/148.0.7778.178/win32/chromedriver-win32.zip
2026-05-29 07:53:14,505  INFO  About to download new driver from https://storage.googleapis.com/chrome-for-testing-public/148.0.7778.178/win32/chromedriver-win32.zip
2026-05-29 07:53:15,796  INFO  Driver downloading response is 200
2026-05-29 07:53:17,993  INFO  Get LATEST chromedriver version for google-chrome
2026-05-29 07:53:19,838  INFO  Driver has been saved in cache [C:\Users\atorr\.wdm\drivers\chromedriver\win64\148.0.7778.178]
2026-05-29 07:53:25,351  INFO  Abriendo login: https://prodkernel.manager.cl/index.html
2026-05-29 07:53:27,692  INFO  Inputs visibles: 3
2026-05-29 07:53:28,675  INFO  Login enviado...
2026-05-29 07:53:32,695  INFO  \u2705 Login exitoso. session_id: 46861413...
2026-05-29 07:53:32,695  INFO  Navegando a: https://prodkernel.manager.cl/managerbackups.html?session_id=46861413875c9e31c2d2cc628936d25d&cd=prodkernel
2026-05-29 07:53:32,875  INFO  Recarga 1/10...
2026-05-29 07:53:36,989  INFO    filas .bak encontradas: 3
2026-05-29 07:53:36,990  INFO  \u2705 Tabla cargada en recarga 1.
2026-05-29 07:53:37,068  INFO    Ignorando: 2026-5-29-T779354202A.bak
2026-05-29 07:53:37,111  INFO    Ignorando: 2026-5-29-T779354202B.bak
2026-05-29 07:53:37,155  INFO  Backup seleccionado: 2026-5-29-T779354202C.bak (2026-05-29 10:09:01+00:00)
2026-05-29 07:53:37,170  INFO  HTML fila completa: <td class="bucket">mng-respaldos-poliuretano</td><td class="Key">2026-5-29-T779354202C.bak</td><td class="LastModified">2026-05-29 10:09:01+00:00</td><td class="Size">0.16 GB</td><td class="presigned_url" style="display: none;">https://mng-respaldos-poliuretano.s3.amazonaws.com/2026-5-29-T779354202C.bak?AWSAccessKeyId=AKIAZPIFFWJDVFW267ZG&amp;Signature=51a5j7gsFse49ylVFYTNMn3pqgU%3D&amp;Expires=1780055910</td><td><i onclick="downloadbackup($(this).parent().parent())" class="fas fa-download"></i>
2026-05-29 07:53:54,303  INFO  Descargando 2026-5-29-T779354202C.bak desde S3...
2026-05-29 07:54:02,533  INFO    10 MB / 156 MB (7%)
2026-05-29 07:54:25,184  INFO    21 MB / 156 MB (13%)
2026-05-29 07:54:30,231  INFO    31 MB / 156 MB (20%)
2026-05-29 07:54:33,742  INFO    42 MB / 156 MB (27%)
2026-05-29 07:54:37,403  INFO    52 MB / 156 MB (34%)
2026-05-29 07:54:41,045  INFO    63 MB / 156 MB (40%)
2026-05-29 07:54:50,101  INFO    73 MB / 156 MB (47%)
2026-05-29 07:55:02,376  INFO    84 MB / 156 MB (54%)
2026-05-29 07:55:07,139  INFO    94 MB / 156 MB (61%)
2026-05-29 07:55:10,917  INFO    105 MB / 156 MB (67%)
2026-05-29 07:55:14,621  INFO    115 MB / 156 MB (74%)
2026-05-29 07:55:18,582  INFO    126 MB / 156 MB (81%)
2026-05-29 07:55:24,288  INFO    136 MB / 156 MB (87%)
2026-05-29 07:55:30,750  INFO    147 MB / 156 MB (94%)
2026-05-29 07:55:35,807  INFO  \u2705 Descarga completa: 2026-5-29-T779354202C.bak (155.9 MB)
2026-05-29 07:55:35,853  INFO  Backup guardado en: C:\Backups\Manager\2026-5-29-T779354202C_2026-05-29.bak
2026-05-29 07:55:35,853  INFO  \u2705 �xito � backup guardado en: C:\Backups\Manager\2026-5-29-T779354202C_2026-05-29.bak
2026-05-29 07:55:39,957  WARNING  Retrying (Retry(total=2, connect=None, read=None, redirect=None, status=None)) after connection broken by 'NewConnectionError("HTTPConnection(host='localhost', port=63953): Failed to establish a new connection: [WinError 10061] No se puede establecer una conexi�n ya que el equipo de destino deneg� expresamente dicha conexi�n")': /session/82da549517b32b1c6dcf3bdd66d3dfcb
2026-05-29 07:55:44,020  WARNING  Retrying (Retry(total=1, connect=None, read=None, redirect=None, status=None)) after connection broken by 'NewConnectionError("HTTPConnection(host='localhost', port=63953): Failed to establish a new connection: [WinError 10061] No se puede establecer una conexi�n ya que el equipo de destino deneg� expresamente dicha conexi�n")': /session/82da549517b32b1c6dcf3bdd66d3dfcb
2026-05-29 07:55:48,087  WARNING  Retrying (Retry(total=0, connect=None, read=None, redirect=None, status=None)) after connection broken by 'NewConnectionError("HTTPConnection(host='localhost', port=63953): Failed to establish a new connection: [WinError 10061] No se puede establecer una conexi�n ya que el equipo de destino deneg� expresamente dicha conexi�n")': /session/82da549517b32b1c6dcf3bdd66d3dfcb
2026-05-29 07:55:52,121  INFO  
2026-05-29 07:55:52,121  INFO  \u2501\u2501\u2501\u2501\u2501\u2501\u2501\u2501\u2501\u2501\u2501\u2501\u2501\u2501\u2501\u2501\u2501\u2501\u2501\u2501\u2501\u2501\u2501\u2501\u2501\u2501\u2501\u2501\u2501\u2501\u2501\u2501\u2501\u2501\u2501\u2501\u2501\u2501\u2501\u2501\u2501\u2501\u2501\u2501\u2501\u2501\u2501\u2501\u2501\u2501\u2501\u2501\u2501\u2501\u2501
2026-05-29 07:55:52,121  INFO    PASO 2/3 � Restaurar BD y extraer Ventas Full
2026-05-29 07:55:52,121  INFO  \u2501\u2501\u2501\u2501\u2501\u2501\u2501\u2501\u2501\u2501\u2501\u2501\u2501\u2501\u2501\u2501\u2501\u2501\u2501\u2501\u2501\u2501\u2501\u2501\u2501\u2501\u2501\u2501\u2501\u2501\u2501\u2501\u2501\u2501\u2501\u2501\u2501\u2501\u2501\u2501\u2501\u2501\u2501\u2501\u2501\u2501\u2501\u2501\u2501\u2501\u2501\u2501\u2501\u2501\u2501
2026-05-29 07:56:00,650  INFO  ============================================================
2026-05-29 07:56:00,650  INFO    PASO 1 � Restaurar BD y extraer M�ltiples Reportes
2026-05-29 07:56:00,650  INFO  ============================================================
2026-05-29 07:56:00,668  INFO  Usando .bak de ultimo_bak.txt: 2026-5-29-T779354202C_2026-05-29.bak
2026-05-29 07:56:00,668  INFO  Usando backup: 2026-5-29-T779354202C_2026-05-29.bak
2026-05-29 07:56:00,668  INFO  Restaurando 2026-5-29-T779354202C_2026-05-29.bak como 'T779354202A'...
2026-05-29 07:56:00,669  INFO  Copiando .bak a C:\Program Files\Microsoft SQL Server\MSSQL17.SQLEXPRESS\MSSQL\DATA\2026-5-29-T779354202C_2026-05-29.bak...
2026-05-29 07:56:01,972  INFO  Ejecutando RESTORE DATABASE...
2026-05-29 07:56:51,589  INFO  \u2705 BD 'T779354202A' restaurada correctamente.
2026-05-29 07:56:51,761  INFO  Conectando a 'T779354202A' para extraer reportes...
2026-05-29 07:56:52,281  INFO  Ejecutando: base_completo...
C:\Scripts\BackupManager\restaurar_y_extraer.py:158: UserWarning: pandas only supports SQLAlchemy connectable (engine/connection) or database string URI or sqlite3 DBAPI2 connection. Other DBAPI2 objects are not tested. Please consider using SQLAlchemy.
  df = pd.read_sql(sql_listo, conn)
2026-05-29 07:56:56,091  INFO    \u2514\u2500 8,824 filas extra�das.
2026-05-29 07:56:56,091  INFO  Ejecutando: calendario...
2026-05-29 07:56:56,356  INFO    \u2514\u2500 94 filas extra�das.
2026-05-29 07:56:56,357  INFO  Ejecutando: Inventario_aceros...
2026-05-29 07:56:56,413  INFO    \u2514\u2500 140 filas extra�das.
2026-05-29 07:56:56,413  INFO  Ejecutando: Notas_de_venta...
2026-05-29 07:56:56,508  INFO    \u2514\u2500 729 filas extra�das.
2026-05-29 07:56:56,509  INFO  Ejecutando: Ordenes_de_Compra...
2026-05-29 07:56:57,008  INFO    \u2514\u2500 282 filas extra�das.
2026-05-29 07:56:57,009  INFO  Ejecutando: Ordenes_de_produccion...
2026-05-29 07:56:57,382  INFO    \u2514\u2500 3,171 filas extra�das.
2026-05-29 07:56:57,383  INFO  Ejecutando: Pendiente_a_facturar...
2026-05-29 07:56:57,443  ERROR    \u2514\u2500 Error ejecutando Pendiente_a_facturar: ('42000', '[42000] [Microsoft][ODBC Driver 17 for SQL Server][SQL Server]ORDER BY items must appear in the select list if SELECT DISTINCT is specified. (145) (SQLExecDirectW)')
2026-05-29 07:56:57,444  INFO  Ejecutando: Productos_Stock...
2026-05-29 07:56:57,505  INFO    \u2514\u2500 131 filas extra�das.
2026-05-29 07:56:57,506  INFO  Ejecutando: Vales_de_Salida...
2026-05-29 07:56:57,553  ERROR    \u2514\u2500 Error ejecutando Vales_de_Salida: ('42000', '[42000] [Microsoft][ODBC Driver 17 for SQL Server][SQL Server]ORDER BY items must appear in the select list if SELECT DISTINCT is specified. (145) (SQLExecDirectW)')
2026-05-29 07:56:57,553  INFO  Ejecutando: Ventas_Full...
2026-05-29 07:56:59,190  INFO    \u2514\u2500 1,721 filas extra�das.
2026-05-29 07:56:59,191  INFO  Ejecutando: WIP...
2026-05-29 07:56:59,412  INFO    \u2514\u2500 23 filas extra�das.
2026-05-29 07:56:59,605  INFO  Exportando a Excel multipesta�a: C:\Reportes\VentasFull\Reportes_Completos_2026-05-29.xlsx
2026-05-29 07:58:57,466  INFO  \u2705 Excel generado: C:\Reportes\VentasFull\Reportes_Completos_2026-05-29.xlsx (2.4 MB)
2026-05-29 07:58:57,489  INFO  \u2705 Proceso Completado \u2192 C:\Reportes\VentasFull\Reportes_Completos_2026-05-29.xlsx
2026-05-29 07:58:57,509  INFO  
2026-05-29 07:58:57,509  INFO  \u2501\u2501\u2501\u2501\u2501\u2501\u2501\u2501\u2501\u2501\u2501\u2501\u2501\u2501\u2501\u2501\u2501\u2501\u2501\u2501\u2501\u2501\u2501\u2501\u2501\u2501\u2501\u2501\u2501\u2501\u2501\u2501\u2501\u2501\u2501\u2501\u2501\u2501\u2501\u2501\u2501\u2501\u2501\u2501\u2501\u2501\u2501\u2501\u2501\u2501\u2501\u2501\u2501\u2501\u2501
2026-05-29 07:58:57,509  INFO    PASO 3/3 � Subir Excel a Google Drive
2026-05-29 07:58:57,509  INFO  \u2501\u2501\u2501\u2501\u2501\u2501\u2501\u2501\u2501\u2501\u2501\u2501\u2501\u2501\u2501\u2501\u2501\u2501\u2501\u2501\u2501\u2501\u2501\u2501\u2501\u2501\u2501\u2501\u2501\u2501\u2501\u2501\u2501\u2501\u2501\u2501\u2501\u2501\u2501\u2501\u2501\u2501\u2501\u2501\u2501\u2501\u2501\u2501\u2501\u2501\u2501\u2501\u2501\u2501\u2501
2026-05-29 07:59:07,093  INFO  =======================================================
2026-05-29 07:59:07,095  INFO    PASO 2 � Subir a Drive y actualizar Google Sheets
2026-05-29 07:59:07,095  INFO  =======================================================
2026-05-29 07:59:07,111  INFO  Procesando: Reportes_Completos_2026-05-29.xlsx (2.4 MB)
2026-05-29 07:59:07,272  INFO  file_cache is only supported with oauth2client<4.0.0
2026-05-29 07:59:07,310  INFO  file_cache is only supported with oauth2client<4.0.0
2026-05-29 07:59:09,367  INFO  Creando Excel nuevo en Drive...
2026-05-29 07:59:12,355  INFO  \u2705 Excel subido a Drive: Reportes_Completos_Actualizado.xlsx
2026-05-29 07:59:12,356  INFO  Leyendo Excel para actualizar Google Sheets...
2026-05-29 07:59:12,387  INFO  Pesta�as encontradas en Excel: ['base_completo', 'calendario', 'Inventario_aceros', 'Notas_de_venta', 'Ordenes_de_Compra', 'Ordenes_de_produccion', 'Productos_Stock', 'Ventas_Full', 'WIP']
2026-05-29 07:59:14,578  INFO  Actualizando Base Produccion \u2192 'Orden de Produccion' (3,171 filas)...
2026-05-29 07:59:16,416  INFO    Limpiando hoja 'Orden de Produccion'...
2026-05-29 07:59:17,919  INFO    Escribiendo 3,171 filas en 'Orden de Produccion'...
2026-05-29 07:59:19,798  INFO    \u2705 Hoja 'Orden de Produccion' actualizada.
2026-05-29 07:59:19,902  INFO  Actualizando Base Produccion \u2192 'Por Facturar' (94 filas)...
2026-05-29 07:59:20,542  INFO    Limpiando hoja 'Por Facturar'...
2026-05-29 07:59:20,896  INFO    Escribiendo 94 filas en 'Por Facturar'...
2026-05-29 07:59:21,182  INFO    \u2705 Hoja 'Por Facturar' actualizada.
2026-05-29 07:59:21,262  INFO  Actualizando Base Produccion \u2192 'Control Inventario' (140 filas)...
2026-05-29 07:59:21,894  INFO    Limpiando hoja 'Control Inventario'...
2026-05-29 07:59:22,170  INFO    Escribiendo 140 filas en 'Control Inventario'...
2026-05-29 07:59:22,518  INFO    \u2705 Hoja 'Control Inventario' actualizada.
2026-05-29 07:59:23,289  INFO  Actualizando Base Produccion \u2192 'Notas de Venta' (729 filas)...
2026-05-29 07:59:23,931  INFO    Limpiando hoja 'Notas de Venta'...
2026-05-29 07:59:24,245  INFO    Escribiendo 729 filas en 'Notas de Venta'...
2026-05-29 07:59:24,685  INFO    \u2705 Hoja 'Notas de Venta' actualizada.
2026-05-29 07:59:24,686  WARNING    Pesta�a 'Vales_de_Salida' no encontrada en el Excel, saltando...
2026-05-29 07:59:24,732  INFO  Actualizando Base Produccion \u2192 'Stock' (131 filas)...
2026-05-29 07:59:25,296  INFO    Limpiando hoja 'Stock'...
2026-05-29 07:59:25,573  INFO    Escribiendo 131 filas en 'Stock'...
2026-05-29 07:59:25,849  INFO    \u2705 Hoja 'Stock' actualizada.
2026-05-29 07:59:27,680  INFO  Actualizando Base Produccion \u2192 'Ventas_Full' (1,721 filas)...
2026-05-29 07:59:28,349  INFO    Limpiando hoja 'Ventas_Full'...
2026-05-29 07:59:28,972  INFO    Escribiendo 1,721 filas en 'Ventas_Full'...
2026-05-29 07:59:30,497  INFO    \u2705 Hoja 'Ventas_Full' actualizada.
2026-05-29 07:59:30,524  INFO  Actualizando Base Produccion \u2192 'WIP' (23 filas)...
2026-05-29 07:59:31,051  INFO    Limpiando hoja 'WIP'...
2026-05-29 07:59:31,346  INFO    Escribiendo 23 filas en 'WIP'...
2026-05-29 07:59:31,599  INFO    \u2705 Hoja 'WIP' actualizada.
2026-05-29 07:59:33,094  INFO  Actualizando Presupuestos \u2192 'Ventas Full Manager' (1,721 filas)...
2026-05-29 07:59:33,911  INFO    Limpiando hoja 'Ventas Full Manager'...
2026-05-29 07:59:34,645  INFO    Escribiendo 1,721 filas en 'Ventas Full Manager'...
2026-05-29 07:59:38,039  INFO    \u2705 Hoja 'Ventas Full Manager' actualizada.
2026-05-29 07:59:38,199  INFO  Actualizando Presupuestos \u2192 'Notas de Venta' (729 filas)...
2026-05-29 07:59:38,853  INFO    Limpiando hoja 'Notas de Venta'...
2026-05-29 07:59:39,247  INFO    Escribiendo 729 filas en 'Notas de Venta'...
2026-05-29 07:59:39,676  INFO    \u2705 Hoja 'Notas de Venta' actualizada.
2026-05-29 07:59:39,676  INFO  
2026-05-29 07:59:39,677  INFO  \u2705 Todo actualizado:
2026-05-29 07:59:39,677  INFO     \U0001f4c1 Drive: Reportes_Completos_Actualizado.xlsx
2026-05-29 07:59:39,678  INFO     \U0001f4ca Base Produccion: ['Orden de Produccion', 'Por Facturar', 'Control Inventario', 'Notas de Venta', 'Vales de Salida', 'Stock', 'Ventas_Full', 'WIP']
2026-05-29 07:59:39,678  INFO     \U0001f4ca Presupuestos: Ventas Full Manager
2026-05-29 07:59:39,684  INFO  
2026-05-29 07:59:39,684  INFO  \u2554\u2550\u2550\u2550\u2550\u2550\u2550\u2550\u2550\u2550\u2550\u2550\u2550\u2550\u2550\u2550\u2550\u2550\u2550\u2550\u2550\u2550\u2550\u2550\u2550\u2550\u2550\u2550\u2550\u2550\u2550\u2550\u2550\u2550\u2550\u2550\u2550\u2550\u2550\u2550\u2550\u2550\u2550\u2550\u2550\u2550\u2550\u2550\u2550\u2550\u2550\u2550\u2550\u2550\u2557
2026-05-29 07:59:39,685  INFO  \u2551  \u2705 PIPELINE COMPLETADO en 396s                      \u2551
2026-05-29 07:59:39,685  INFO  \u2551  \U0001f4ca Excel en Drive: VentasFull_Actualizado.xlsx      \u2551
2026-05-29 07:59:39,685  INFO  \u255a\u2550\u2550\u2550\u2550\u2550\u2550\u2550\u2550\u2550\u2550\u2550\u2550\u2550\u2550\u2550\u2550\u2550\u2550\u2550\u2550\u2550\u2550\u2550\u2550\u2550\u2550\u2550\u2550\u2550\u2550\u2550\u2550\u2550\u2550\u2550\u2550\u2550\u2550\u2550\u2550\u2550\u2550\u2550\u2550\u2550\u2550\u2550\u2550\u2550\u2550\u2550\u2550\u2550\u255d
29/05/2026  7:59:40.49 - Pipeline completado OK 
01/06/2026  7:44:10.45 - Iniciando pipeline 
2026-06-01 07:44:10,945  INFO  \u2554\u2550\u2550\u2550\u2550\u2550\u2550\u2550\u2550\u2550\u2550\u2550\u2550\u2550\u2550\u2550\u2550\u2550\u2550\u2550\u2550\u2550\u2550\u2550\u2550\u2550\u2550\u2550\u2550\u2550\u2550\u2550\u2550\u2550\u2550\u2550\u2550\u2550\u2550\u2550\u2550\u2550\u2550\u2550\u2550\u2550\u2550\u2550\u2550\u2550\u2550\u2550\u2550\u2550\u2557
2026-06-01 07:44:10,948  INFO  \u2551   PIPELINE VENTAS FULL � Inicio: 2026-06-01 07:44   \u2551
2026-06-01 07:44:10,949  INFO  \u255a\u2550\u2550\u2550\u2550\u2550\u2550\u2550\u2550\u2550\u2550\u2550\u2550\u2550\u2550\u2550\u2550\u2550\u2550\u2550\u2550\u2550\u2550\u2550\u2550\u2550\u2550\u2550\u2550\u2550\u2550\u2550\u2550\u2550\u2550\u2550\u2550\u2550\u2550\u2550\u2550\u2550\u2550\u2550\u2550\u2550\u2550\u2550\u2550\u2550\u2550\u2550\u2550\u2550\u255d
2026-06-01 07:44:10,949  INFO  
2026-06-01 07:44:10,949  INFO  \u2501\u2501\u2501\u2501\u2501\u2501\u2501\u2501\u2501\u2501\u2501\u2501\u2501\u2501\u2501\u2501\u2501\u2501\u2501\u2501\u2501\u2501\u2501\u2501\u2501\u2501\u2501\u2501\u2501\u2501\u2501\u2501\u2501\u2501\u2501\u2501\u2501\u2501\u2501\u2501\u2501\u2501\u2501\u2501\u2501\u2501\u2501\u2501\u2501\u2501\u2501\u2501\u2501\u2501\u2501
2026-06-01 07:44:10,949  INFO    PASO 1/3 � Descargar backup desde Manager
2026-06-01 07:44:10,949  INFO  \u2501\u2501\u2501\u2501\u2501\u2501\u2501\u2501\u2501\u2501\u2501\u2501\u2501\u2501\u2501\u2501\u2501\u2501\u2501\u2501\u2501\u2501\u2501\u2501\u2501\u2501\u2501\u2501\u2501\u2501\u2501\u2501\u2501\u2501\u2501\u2501\u2501\u2501\u2501\u2501\u2501\u2501\u2501\u2501\u2501\u2501\u2501\u2501\u2501\u2501\u2501\u2501\u2501\u2501\u2501
2026-06-01 07:44:13,981  INFO  =======================================================
2026-06-01 07:44:13,981  INFO    Iniciando descarga autom�tica de backup Manager
2026-06-01 07:44:13,981  INFO  =======================================================
2026-06-01 07:44:13,986  INFO  ====== WebDriver manager ======
2026-06-01 07:44:17,484  INFO  Get LATEST chromedriver version for google-chrome
2026-06-01 07:44:21,082  INFO  Get LATEST chromedriver version for google-chrome
2026-06-01 07:44:21,838  INFO  Get LATEST chromedriver version for google-chrome
2026-06-01 07:44:23,932  INFO  WebDriver version 148.0.7778.178 selected
2026-06-01 07:44:23,960  INFO  Modern chrome version https://storage.googleapis.com/chrome-for-testing-public/148.0.7778.178/win32/chromedriver-win32.zip
2026-06-01 07:44:23,960  INFO  About to download new driver from https://storage.googleapis.com/chrome-for-testing-public/148.0.7778.178/win32/chromedriver-win32.zip
2026-06-01 07:44:24,649  INFO  Driver downloading response is 200
2026-06-01 07:44:27,226  INFO  Get LATEST chromedriver version for google-chrome
2026-06-01 07:44:28,214  INFO  Driver has been saved in cache [C:\Users\atorr\.wdm\drivers\chromedriver\win64\148.0.7778.178]
2026-06-01 07:44:31,485  INFO  Abriendo login: https://prodkernel.manager.cl/index.html
2026-06-01 07:44:35,233  INFO  Inputs visibles: 3
2026-06-01 07:44:36,968  INFO  Login enviado...
2026-06-01 07:44:42,563  INFO  \u2705 Login exitoso. session_id: 6bd73c43...
2026-06-01 07:44:42,563  INFO  Navegando a: https://prodkernel.manager.cl/managerbackups.html?session_id=6bd73c433c08c901c9bfb71584dcc42e&cd=prodkernel
2026-06-01 07:44:44,233  INFO  Recarga 1/10...
2026-06-01 07:44:49,141  INFO    filas .bak encontradas: 3
2026-06-01 07:44:49,141  INFO  \u2705 Tabla cargada en recarga 1.
2026-06-01 07:44:49,278  INFO    Ignorando: 2026-6-1-T779354202A.bak
2026-06-01 07:44:49,352  INFO    Ignorando: 2026-6-1-T779354202B.bak
2026-06-01 07:44:49,429  INFO  Backup seleccionado: 2026-6-1-T779354202C.bak (2026-06-01 10:11:20+00:00)
2026-06-01 07:44:49,456  INFO  HTML fila completa: <td class="bucket">mng-respaldos-poliuretano</td><td class="Key">2026-6-1-T779354202C.bak</td><td class="LastModified">2026-06-01 10:11:20+00:00</td><td class="Size">0.16 GB</td><td class="presigned_url" style="display: none;">https://mng-respaldos-poliuretano.s3.amazonaws.com/2026-6-1-T779354202C.bak?AWSAccessKeyId=AKIAZPIFFWJDVFW267ZG&amp;Signature=snReOX2RAvVMM6QJcJQ5YPOWrtQ%3D&amp;Expires=1780314580</td><td><i onclick="downloadbackup($(this).parent().parent())" class="fas fa-download"></i></
2026-06-01 07:45:08,108  INFO  Descargando 2026-6-1-T779354202C.bak desde S3...
2026-06-01 07:45:15,843  INFO    10 MB / 158 MB (7%)
2026-06-01 07:45:23,375  INFO    21 MB / 158 MB (13%)
2026-06-01 07:45:33,343  INFO    31 MB / 158 MB (20%)
2026-06-01 07:45:48,594  INFO    42 MB / 158 MB (27%)
2026-06-01 07:46:05,149  INFO    52 MB / 158 MB (33%)
2026-06-01 07:46:15,280  INFO    63 MB / 158 MB (40%)
2026-06-01 07:46:28,295  INFO    73 MB / 158 MB (47%)
2026-06-01 07:46:45,626  INFO    84 MB / 158 MB (53%)
2026-06-01 07:46:50,927  INFO    94 MB / 158 MB (60%)
2026-06-01 07:46:57,511  INFO    105 MB / 158 MB (67%)
2026-06-01 07:47:02,461  INFO    115 MB / 158 MB (73%)
2026-06-01 07:47:05,314  INFO    126 MB / 158 MB (80%)
2026-06-01 07:47:07,091  INFO    136 MB / 158 MB (86%)
2026-06-01 07:47:08,415  INFO    147 MB / 158 MB (93%)
2026-06-01 07:47:09,760  INFO    157 MB / 158 MB (100%)
2026-06-01 07:47:09,898  INFO    158 MB / 158 MB (100%)
2026-06-01 07:47:10,093  INFO  \u2705 Descarga completa: 2026-6-1-T779354202C.bak (157.6 MB)
2026-06-01 07:47:10,776  INFO  Backup guardado en: C:\Backups\Manager\2026-6-1-T779354202C_2026-06-01.bak
2026-06-01 07:47:10,777  INFO  \u2705 �xito � backup guardado en: C:\Backups\Manager\2026-6-1-T779354202C_2026-06-01.bak
2026-06-01 07:47:15,541  WARNING  Retrying (Retry(total=2, connect=None, read=None, redirect=None, status=None)) after connection broken by 'NewConnectionError("HTTPConnection(host='localhost', port=64857): Failed to establish a new connection: [WinError 10061] No se puede establecer una conexi�n ya que el equipo de destino deneg� expresamente dicha conexi�n")': /session/0fa00ac2a1b7737df909ea17d8bf29d3
2026-06-01 07:47:19,624  WARNING  Retrying (Retry(total=1, connect=None, read=None, redirect=None, status=None)) after connection broken by 'NewConnectionError("HTTPConnection(host='localhost', port=64857): Failed to establish a new connection: [WinError 10061] No se puede establecer una conexi�n ya que el equipo de destino deneg� expresamente dicha conexi�n")': /session/0fa00ac2a1b7737df909ea17d8bf29d3
2026-06-01 07:47:23,689  WARNING  Retrying (Retry(total=0, connect=None, read=None, redirect=None, status=None)) after connection broken by 'NewConnectionError("HTTPConnection(host='localhost', port=64857): Failed to establish a new connection: [WinError 10061] No se puede establecer una conexi�n ya que el equipo de destino deneg� expresamente dicha conexi�n")': /session/0fa00ac2a1b7737df909ea17d8bf29d3
2026-06-01 07:47:27,807  INFO  
2026-06-01 07:47:27,808  INFO  \u2501\u2501\u2501\u2501\u2501\u2501\u2501\u2501\u2501\u2501\u2501\u2501\u2501\u2501\u2501\u2501\u2501\u2501\u2501\u2501\u2501\u2501\u2501\u2501\u2501\u2501\u2501\u2501\u2501\u2501\u2501\u2501\u2501\u2501\u2501\u2501\u2501\u2501\u2501\u2501\u2501\u2501\u2501\u2501\u2501\u2501\u2501\u2501\u2501\u2501\u2501\u2501\u2501\u2501\u2501
2026-06-01 07:47:27,808  INFO    PASO 2/3 � Restaurar BD y extraer Ventas Full
2026-06-01 07:47:27,808  INFO  \u2501\u2501\u2501\u2501\u2501\u2501\u2501\u2501\u2501\u2501\u2501\u2501\u2501\u2501\u2501\u2501\u2501\u2501\u2501\u2501\u2501\u2501\u2501\u2501\u2501\u2501\u2501\u2501\u2501\u2501\u2501\u2501\u2501\u2501\u2501\u2501\u2501\u2501\u2501\u2501\u2501\u2501\u2501\u2501\u2501\u2501\u2501\u2501\u2501\u2501\u2501\u2501\u2501\u2501\u2501
2026-06-01 07:47:57,217  INFO  ============================================================
2026-06-01 07:47:57,217  INFO    PASO 1 � Restaurar BD y extraer M�ltiples Reportes
2026-06-01 07:47:57,217  INFO  ============================================================
2026-06-01 07:47:57,235  INFO  Usando .bak de ultimo_bak.txt: 2026-6-1-T779354202C_2026-06-01.bak
2026-06-01 07:47:57,235  INFO  Usando backup: 2026-6-1-T779354202C_2026-06-01.bak
2026-06-01 07:47:57,235  INFO  Restaurando 2026-6-1-T779354202C_2026-06-01.bak como 'T779354202A'...
2026-06-01 07:47:57,236  INFO  Copiando .bak a C:\Program Files\Microsoft SQL Server\MSSQL17.SQLEXPRESS\MSSQL\DATA\2026-6-1-T779354202C_2026-06-01.bak...
2026-06-01 07:48:01,110  INFO  Ejecutando RESTORE DATABASE...
2026-06-01 07:48:46,447  INFO  \u2705 BD 'T779354202A' restaurada correctamente.
2026-06-01 07:48:46,472  INFO  Conectando a 'T779354202A' para extraer reportes...
2026-06-01 07:48:46,586  INFO  Ejecutando: base_completo...
C:\Scripts\BackupManager\restaurar_y_extraer.py:158: UserWarning: pandas only supports SQLAlchemy connectable (engine/connection) or database string URI or sqlite3 DBAPI2 connection. Other DBAPI2 objects are not tested. Please consider using SQLAlchemy.
  df = pd.read_sql(sql_listo, conn)
2026-06-01 07:48:49,169  INFO    \u2514\u2500 8,838 filas extra�das.
2026-06-01 07:48:49,170  INFO  Ejecutando: calendario...
2026-06-01 07:48:49,408  INFO    \u2514\u2500 84 filas extra�das.
2026-06-01 07:48:49,408  INFO  Ejecutando: Inventario_aceros...
2026-06-01 07:48:49,457  INFO    \u2514\u2500 146 filas extra�das.
2026-06-01 07:48:49,458  INFO  Ejecutando: Notas_de_venta...
2026-06-01 07:48:49,513  INFO    \u2514\u2500 732 filas extra�das.
2026-06-01 07:48:49,513  INFO  Ejecutando: Ordenes_de_Compra...
2026-06-01 07:48:49,731  INFO    \u2514\u2500 284 filas extra�das.
2026-06-01 07:48:49,731  INFO  Ejecutando: Ordenes_de_produccion...
2026-06-01 07:48:50,013  INFO    \u2514\u2500 3,182 filas extra�das.
2026-06-01 07:48:50,013  INFO  Ejecutando: Pendiente_a_facturar...
2026-06-01 07:48:50,022  ERROR    \u2514\u2500 Error ejecutando Pendiente_a_facturar: ('42000', '[42000] [Microsoft][ODBC Driver 17 for SQL Server][SQL Server]ORDER BY items must appear in the select list if SELECT DISTINCT is specified. (145) (SQLExecDirectW)')
2026-06-01 07:48:50,023  INFO  Ejecutando: Productos_Stock...
2026-06-01 07:48:50,064  INFO    \u2514\u2500 131 filas extra�das.
2026-06-01 07:48:50,064  INFO  Ejecutando: Vales_de_Salida...
2026-06-01 07:48:50,098  ERROR    \u2514\u2500 Error ejecutando Vales_de_Salida: ('42000', '[42000] [Microsoft][ODBC Driver 17 for SQL Server][SQL Server]ORDER BY items must appear in the select list if SELECT DISTINCT is specified. (145) (SQLExecDirectW)')
2026-06-01 07:48:50,099  INFO  Ejecutando: Ventas_Full...
2026-06-01 07:48:50,993  INFO    \u2514\u2500 1,755 filas extra�das.
2026-06-01 07:48:50,994  INFO  Ejecutando: WIP...
2026-06-01 07:48:51,201  INFO    \u2514\u2500 20 filas extra�das.
2026-06-01 07:48:51,204  INFO  Exportando a Excel multipesta�a: C:\Reportes\VentasFull\Reportes_Completos_2026-06-01.xlsx
2026-06-01 07:50:11,361  INFO  \u2705 Excel generado: C:\Reportes\VentasFull\Reportes_Completos_2026-06-01.xlsx (2.5 MB)
2026-06-01 07:50:11,362  INFO  \u2705 Proceso Completado \u2192 C:\Reportes\VentasFull\Reportes_Completos_2026-06-01.xlsx
2026-06-01 07:50:11,375  INFO  
2026-06-01 07:50:11,376  INFO  \u2501\u2501\u2501\u2501\u2501\u2501\u2501\u2501\u2501\u2501\u2501\u2501\u2501\u2501\u2501\u2501\u2501\u2501\u2501\u2501\u2501\u2501\u2501\u2501\u2501\u2501\u2501\u2501\u2501\u2501\u2501\u2501\u2501\u2501\u2501\u2501\u2501\u2501\u2501\u2501\u2501\u2501\u2501\u2501\u2501\u2501\u2501\u2501\u2501\u2501\u2501\u2501\u2501\u2501\u2501
2026-06-01 07:50:11,376  INFO    PASO 3/3 � Subir Excel a Google Drive
2026-06-01 07:50:11,376  INFO  \u2501\u2501\u2501\u2501\u2501\u2501\u2501\u2501\u2501\u2501\u2501\u2501\u2501\u2501\u2501\u2501\u2501\u2501\u2501\u2501\u2501\u2501\u2501\u2501\u2501\u2501\u2501\u2501\u2501\u2501\u2501\u2501\u2501\u2501\u2501\u2501\u2501\u2501\u2501\u2501\u2501\u2501\u2501\u2501\u2501\u2501\u2501\u2501\u2501\u2501\u2501\u2501\u2501\u2501\u2501
2026-06-01 07:50:17,389  INFO  =======================================================
2026-06-01 07:50:17,390  INFO    PASO 2 � Subir a Drive y actualizar Google Sheets
2026-06-01 07:50:17,390  INFO  =======================================================
2026-06-01 07:50:17,401  INFO  Procesando: Reportes_Completos_2026-06-01.xlsx (2.5 MB)
2026-06-01 07:50:17,536  INFO  file_cache is only supported with oauth2client<4.0.0
2026-06-01 07:50:17,573  INFO  file_cache is only supported with oauth2client<4.0.0
2026-06-01 07:50:19,343  INFO  Creando Excel nuevo en Drive...
2026-06-01 07:50:22,017  INFO  \u2705 Excel subido a Drive: Reportes_Completos_Actualizado.xlsx
2026-06-01 07:50:22,018  INFO  Leyendo Excel para actualizar Google Sheets...
2026-06-01 07:50:22,041  INFO  Pesta�as encontradas en Excel: ['base_completo', 'calendario', 'Inventario_aceros', 'Notas_de_venta', 'Ordenes_de_Compra', 'Ordenes_de_produccion', 'Productos_Stock', 'Ventas_Full', 'WIP']
2026-06-01 07:50:23,655  INFO  Actualizando Base Produccion \u2192 'Orden de Produccion' (3,182 filas)...
2026-06-01 07:50:25,212  INFO    Limpiando hoja 'Orden de Produccion'...
2026-06-01 07:50:26,177  INFO    Escribiendo 3,182 filas en 'Orden de Produccion'...
2026-06-01 07:50:28,578  INFO    \u2705 Hoja 'Orden de Produccion' actualizada.
2026-06-01 07:50:28,628  INFO  Actualizando Base Produccion \u2192 'Por Facturar' (84 filas)...
2026-06-01 07:50:29,306  INFO    Limpiando hoja 'Por Facturar'...
2026-06-01 07:50:29,653  INFO    Escribiendo 84 filas en 'Por Facturar'...
2026-06-01 07:50:30,007  INFO    \u2705 Hoja 'Por Facturar' actualizada.
2026-06-01 07:50:30,071  INFO  Actualizando Base Produccion \u2192 'Control Inventario' (146 filas)...
2026-06-01 07:50:30,620  INFO    Limpiando hoja 'Control Inventario'...
2026-06-01 07:50:30,862  INFO    Escribiendo 146 filas en 'Control Inventario'...
2026-06-01 07:50:31,140  INFO    \u2705 Hoja 'Control Inventario' actualizada.
2026-06-01 07:50:31,832  INFO  Actualizando Base Produccion \u2192 'Notas de Venta' (732 filas)...
2026-06-01 07:50:32,282  INFO    Limpiando hoja 'Notas de Venta'...
2026-06-01 07:50:32,678  INFO    Escribiendo 732 filas en 'Notas de Venta'...
2026-06-01 07:50:33,034  INFO    \u2705 Hoja 'Notas de Venta' actualizada.
2026-06-01 07:50:33,035  WARNING    Pesta�a 'Vales_de_Salida' no encontrada en el Excel, saltando...
2026-06-01 07:50:33,076  INFO  Actualizando Base Produccion \u2192 'Stock' (131 filas)...
2026-06-01 07:50:33,514  INFO    Limpiando hoja 'Stock'...
2026-06-01 07:50:33,763  INFO    Escribiendo 131 filas en 'Stock'...
2026-06-01 07:50:34,024  INFO    \u2705 Hoja 'Stock' actualizada.
2026-06-01 07:50:35,169  INFO  Actualizando Base Produccion \u2192 'Ventas_Full' (1,755 filas)...
2026-06-01 07:50:35,603  INFO    Limpiando hoja 'Ventas_Full'...
2026-06-01 07:50:36,117  INFO    Escribiendo 1,755 filas en 'Ventas_Full'...
2026-06-01 07:50:38,053  INFO    \u2705 Hoja 'Ventas_Full' actualizada.
2026-06-01 07:50:38,089  INFO  Actualizando Base Produccion \u2192 'WIP' (20 filas)...
2026-06-01 07:50:38,542  INFO    Limpiando hoja 'WIP'...
2026-06-01 07:50:38,811  INFO    Escribiendo 20 filas en 'WIP'...
2026-06-01 07:50:39,063  INFO    \u2705 Hoja 'WIP' actualizada.
2026-06-01 07:50:40,652  INFO  Actualizando Presupuestos \u2192 'Ventas Full Manager' (1,755 filas)...
2026-06-01 07:50:41,473  INFO    Limpiando hoja 'Ventas Full Manager'...
2026-06-01 07:50:42,157  INFO    Escribiendo 1,755 filas en 'Ventas Full Manager'...
2026-06-01 07:50:43,988  INFO    \u2705 Hoja 'Ventas Full Manager' actualizada.
2026-06-01 07:50:44,175  INFO  Actualizando Presupuestos \u2192 'Notas de Venta' (732 filas)...
2026-06-01 07:50:44,767  INFO    Limpiando hoja 'Notas de Venta'...
2026-06-01 07:50:45,337  INFO    Escribiendo 732 filas en 'Notas de Venta'...
2026-06-01 07:50:45,753  INFO    \u2705 Hoja 'Notas de Venta' actualizada.
2026-06-01 07:50:45,753  INFO  
2026-06-01 07:50:45,753  INFO  \u2705 Todo actualizado:
2026-06-01 07:50:45,753  INFO     \U0001f4c1 Drive: Reportes_Completos_Actualizado.xlsx
2026-06-01 07:50:45,756  INFO     \U0001f4ca Base Produccion: ['Orden de Produccion', 'Por Facturar', 'Control Inventario', 'Notas de Venta', 'Vales de Salida', 'Stock', 'Ventas_Full', 'WIP']
2026-06-01 07:50:45,757  INFO     \U0001f4ca Presupuestos: Ventas Full Manager
2026-06-01 07:50:45,761  INFO  
2026-06-01 07:50:45,761  INFO  \u2554\u2550\u2550\u2550\u2550\u2550\u2550\u2550\u2550\u2550\u2550\u2550\u2550\u2550\u2550\u2550\u2550\u2550\u2550\u2550\u2550\u2550\u2550\u2550\u2550\u2550\u2550\u2550\u2550\u2550\u2550\u2550\u2550\u2550\u2550\u2550\u2550\u2550\u2550\u2550\u2550\u2550\u2550\u2550\u2550\u2550\u2550\u2550\u2550\u2550\u2550\u2550\u2550\u2550\u2557
2026-06-01 07:50:45,761  INFO  \u2551  \u2705 PIPELINE COMPLETADO en 394s                      \u2551
2026-06-01 07:50:45,761  INFO  \u2551  \U0001f4ca Excel en Drive: VentasFull_Actualizado.xlsx      \u2551
2026-06-01 07:50:45,762  INFO  \u255a\u2550\u2550\u2550\u2550\u2550\u2550\u2550\u2550\u2550\u2550\u2550\u2550\u2550\u2550\u2550\u2550\u2550\u2550\u2550\u2550\u2550\u2550\u2550\u2550\u2550\u2550\u2550\u2550\u2550\u2550\u2550\u2550\u2550\u2550\u2550\u2550\u2550\u2550\u2550\u2550\u2550\u2550\u2550\u2550\u2550\u2550\u2550\u2550\u2550\u2550\u2550\u2550\u2550\u255d
01/06/2026  7:50:46.36 - Pipeline completado OK 
02/06/2026  8:04:14.14 - Iniciando pipeline 
2026-06-02 08:04:14,646  INFO  \u2554\u2550\u2550\u2550\u2550\u2550\u2550\u2550\u2550\u2550\u2550\u2550\u2550\u2550\u2550\u2550\u2550\u2550\u2550\u2550\u2550\u2550\u2550\u2550\u2550\u2550\u2550\u2550\u2550\u2550\u2550\u2550\u2550\u2550\u2550\u2550\u2550\u2550\u2550\u2550\u2550\u2550\u2550\u2550\u2550\u2550\u2550\u2550\u2550\u2550\u2550\u2550\u2550\u2550\u2557
2026-06-02 08:04:14,649  INFO  \u2551   PIPELINE VENTAS FULL � Inicio: 2026-06-02 08:04   \u2551
2026-06-02 08:04:14,649  INFO  \u255a\u2550\u2550\u2550\u2550\u2550\u2550\u2550\u2550\u2550\u2550\u2550\u2550\u2550\u2550\u2550\u2550\u2550\u2550\u2550\u2550\u2550\u2550\u2550\u2550\u2550\u2550\u2550\u2550\u2550\u2550\u2550\u2550\u2550\u2550\u2550\u2550\u2550\u2550\u2550\u2550\u2550\u2550\u2550\u2550\u2550\u2550\u2550\u2550\u2550\u2550\u2550\u2550\u2550\u255d
2026-06-02 08:04:14,649  INFO  
2026-06-02 08:04:14,649  INFO  \u2501\u2501\u2501\u2501\u2501\u2501\u2501\u2501\u2501\u2501\u2501\u2501\u2501\u2501\u2501\u2501\u2501\u2501\u2501\u2501\u2501\u2501\u2501\u2501\u2501\u2501\u2501\u2501\u2501\u2501\u2501\u2501\u2501\u2501\u2501\u2501\u2501\u2501\u2501\u2501\u2501\u2501\u2501\u2501\u2501\u2501\u2501\u2501\u2501\u2501\u2501\u2501\u2501\u2501\u2501
2026-06-02 08:04:14,649  INFO    PASO 1/3 � Descargar backup desde Manager
2026-06-02 08:04:14,649  INFO  \u2501\u2501\u2501\u2501\u2501\u2501\u2501\u2501\u2501\u2501\u2501\u2501\u2501\u2501\u2501\u2501\u2501\u2501\u2501\u2501\u2501\u2501\u2501\u2501\u2501\u2501\u2501\u2501\u2501\u2501\u2501\u2501\u2501\u2501\u2501\u2501\u2501\u2501\u2501\u2501\u2501\u2501\u2501\u2501\u2501\u2501\u2501\u2501\u2501\u2501\u2501\u2501\u2501\u2501\u2501
2026-06-02 08:04:16,273  INFO  =======================================================
2026-06-02 08:04:16,273  INFO    Iniciando descarga autom�tica de backup Manager
2026-06-02 08:04:16,273  INFO  =======================================================
2026-06-02 08:04:16,292  INFO  ====== WebDriver manager ======
2026-06-02 08:04:22,378  INFO  Get LATEST chromedriver version for google-chrome
2026-06-02 08:04:26,309  INFO  Get LATEST chromedriver version for google-chrome
2026-06-02 08:04:27,368  INFO  Get LATEST chromedriver version for google-chrome
2026-06-02 08:04:29,583  INFO  WebDriver version 148.0.7778.178 selected
2026-06-02 08:04:29,604  INFO  Modern chrome version https://storage.googleapis.com/chrome-for-testing-public/148.0.7778.178/win32/chromedriver-win32.zip
2026-06-02 08:04:29,604  INFO  About to download new driver from https://storage.googleapis.com/chrome-for-testing-public/148.0.7778.178/win32/chromedriver-win32.zip
2026-06-02 08:04:30,432  INFO  Driver downloading response is 200
2026-06-02 08:04:32,357  INFO  Get LATEST chromedriver version for google-chrome
2026-06-02 08:04:33,514  INFO  Driver has been saved in cache [C:\Users\atorr\.wdm\drivers\chromedriver\win64\148.0.7778.178]
2026-06-02 08:04:37,135  INFO  Abriendo login: https://prodkernel.manager.cl/index.html
2026-06-02 08:04:39,381  INFO  Inputs visibles: 3
2026-06-02 08:04:40,266  INFO  Login enviado...
2026-06-02 08:04:44,305  INFO  \u2705 Login exitoso. session_id: 5f26b39b...
2026-06-02 08:04:44,306  INFO  Navegando a: https://prodkernel.manager.cl/managerbackups.html?session_id=5f26b39bef69e5353a43c76a0fb85383&cd=prodkernel
2026-06-02 08:04:44,550  INFO  Recarga 1/10...
2026-06-02 08:04:48,773  INFO    filas .bak encontradas: 3
2026-06-02 08:04:48,773  INFO  \u2705 Tabla cargada en recarga 1.
2026-06-02 08:04:48,843  INFO    Ignorando: 2026-6-2-T779354202A.bak
2026-06-02 08:04:48,933  INFO    Ignorando: 2026-6-2-T779354202B.bak
2026-06-02 08:04:48,986  INFO  Backup seleccionado: 2026-6-2-T779354202C.bak (2026-06-02 10:12:32+00:00)
2026-06-02 08:04:49,001  INFO  HTML fila completa: <td class="bucket">mng-respaldos-poliuretano</td><td class="Key">2026-6-2-T779354202C.bak</td><td class="LastModified">2026-06-02 10:12:32+00:00</td><td class="Size">0.16 GB</td><td class="presigned_url" style="display: none;">https://mng-respaldos-poliuretano.s3.amazonaws.com/2026-6-2-T779354202C.bak?AWSAccessKeyId=AKIAZPIFFWJDVFW267ZG&amp;Signature=nnsKRYs4uW8v8ksP2taZuWYvBIk%3D&amp;Expires=1780402184</td><td><i onclick="downloadbackup($(this).parent().parent())" class="fas fa-download"></i></
2026-06-02 08:04:51,917  INFO  Descargando 2026-6-2-T779354202C.bak desde S3...
2026-06-02 08:05:38,315  INFO    10 MB / 159 MB (7%)
2026-06-02 08:05:41,139  INFO    21 MB / 159 MB (13%)
2026-06-02 08:05:44,623  INFO    31 MB / 159 MB (20%)
2026-06-02 08:05:50,371  INFO    42 MB / 159 MB (26%)
2026-06-02 08:06:06,134  INFO    52 MB / 159 MB (33%)
2026-06-02 08:06:11,501  INFO    63 MB / 159 MB (39%)
2026-06-02 08:06:13,897  INFO    73 MB / 159 MB (46%)
2026-06-02 08:06:16,827  INFO    84 MB / 159 MB (53%)
2026-06-02 08:06:19,558  INFO    94 MB / 159 MB (59%)
2026-06-02 08:06:22,271  INFO    105 MB / 159 MB (66%)
2026-06-02 08:06:24,843  INFO    115 MB / 159 MB (72%)
2026-06-02 08:06:26,960  INFO    126 MB / 159 MB (79%)
2026-06-02 08:06:28,978  INFO    136 MB / 159 MB (86%)
2026-06-02 08:06:30,896  INFO    147 MB / 159 MB (92%)
2026-06-02 08:06:32,635  INFO    157 MB / 159 MB (99%)
2026-06-02 08:06:32,989  INFO  \u2705 Descarga completa: 2026-6-2-T779354202C.bak (159.3 MB)
2026-06-02 08:06:33,038  INFO  Backup guardado en: C:\Backups\Manager\2026-6-2-T779354202C_2026-06-02.bak
2026-06-02 08:06:33,039  INFO  \u2705 �xito � backup guardado en: C:\Backups\Manager\2026-6-2-T779354202C_2026-06-02.bak
2026-06-02 08:06:37,162  WARNING  Retrying (Retry(total=2, connect=None, read=None, redirect=None, status=None)) after connection broken by 'NewConnectionError("HTTPConnection(host='localhost', port=50311): Failed to establish a new connection: [WinError 10061] No se puede establecer una conexi�n ya que el equipo de destino deneg� expresamente dicha conexi�n")': /session/1408f04ca4f4f61a1a9103145ec204cf
2026-06-02 08:06:41,204  WARNING  Retrying (Retry(total=1, connect=None, read=None, redirect=None, status=None)) after connection broken by 'NewConnectionError("HTTPConnection(host='localhost', port=50311): Failed to establish a new connection: [WinError 10061] No se puede establecer una conexi�n ya que el equipo de destino deneg� expresamente dicha conexi�n")': /session/1408f04ca4f4f61a1a9103145ec204cf
2026-06-02 08:06:45,281  WARNING  Retrying (Retry(total=0, connect=None, read=None, redirect=None, status=None)) after connection broken by 'NewConnectionError("HTTPConnection(host='localhost', port=50311): Failed to establish a new connection: [WinError 10061] No se puede establecer una conexi�n ya que el equipo de destino deneg� expresamente dicha conexi�n")': /session/1408f04ca4f4f61a1a9103145ec204cf
2026-06-02 08:06:49,325  INFO  
2026-06-02 08:06:49,326  INFO  \u2501\u2501\u2501\u2501\u2501\u2501\u2501\u2501\u2501\u2501\u2501\u2501\u2501\u2501\u2501\u2501\u2501\u2501\u2501\u2501\u2501\u2501\u2501\u2501\u2501\u2501\u2501\u2501\u2501\u2501\u2501\u2501\u2501\u2501\u2501\u2501\u2501\u2501\u2501\u2501\u2501\u2501\u2501\u2501\u2501\u2501\u2501\u2501\u2501\u2501\u2501\u2501\u2501\u2501\u2501
2026-06-02 08:06:49,328  INFO    PASO 2/3 � Restaurar BD y extraer Ventas Full
2026-06-02 08:06:49,329  INFO  \u2501\u2501\u2501\u2501\u2501\u2501\u2501\u2501\u2501\u2501\u2501\u2501\u2501\u2501\u2501\u2501\u2501\u2501\u2501\u2501\u2501\u2501\u2501\u2501\u2501\u2501\u2501\u2501\u2501\u2501\u2501\u2501\u2501\u2501\u2501\u2501\u2501\u2501\u2501\u2501\u2501\u2501\u2501\u2501\u2501\u2501\u2501\u2501\u2501\u2501\u2501\u2501\u2501\u2501\u2501
2026-06-02 08:06:51,561  INFO  ============================================================
2026-06-02 08:06:51,562  INFO    PASO 1 � Restaurar BD y extraer M�ltiples Reportes
2026-06-02 08:06:51,562  INFO  ============================================================
2026-06-02 08:06:51,578  INFO  Usando .bak de ultimo_bak.txt: 2026-6-2-T779354202C_2026-06-02.bak
2026-06-02 08:06:51,578  INFO  Usando backup: 2026-6-2-T779354202C_2026-06-02.bak
2026-06-02 08:06:51,578  INFO  Restaurando 2026-6-2-T779354202C_2026-06-02.bak como 'T779354202A'...
2026-06-02 08:06:51,578  INFO  Copiando .bak a C:\Program Files\Microsoft SQL Server\MSSQL17.SQLEXPRESS\MSSQL\DATA\2026-6-2-T779354202C_2026-06-02.bak...
2026-06-02 08:06:52,514  INFO  Ejecutando RESTORE DATABASE...
2026-06-02 08:07:37,661  INFO  \u2705 BD 'T779354202A' restaurada correctamente.
2026-06-02 08:07:37,662  INFO  Conectando a 'T779354202A' para extraer reportes...
2026-06-02 08:07:37,710  INFO  Ejecutando: base_completo...
C:\Scripts\BackupManager\restaurar_y_extraer.py:158: UserWarning: pandas only supports SQLAlchemy connectable (engine/connection) or database string URI or sqlite3 DBAPI2 connection. Other DBAPI2 objects are not tested. Please consider using SQLAlchemy.
  df = pd.read_sql(sql_listo, conn)
2026-06-02 08:07:39,591  INFO    \u2514\u2500 8,857 filas extra�das.
2026-06-02 08:07:39,591  INFO  Ejecutando: calendario...
2026-06-02 08:07:39,793  INFO    \u2514\u2500 86 filas extra�das.
2026-06-02 08:07:39,793  INFO  Ejecutando: Inventario_aceros...
2026-06-02 08:07:39,819  INFO    \u2514\u2500 148 filas extra�das.
2026-06-02 08:07:39,819  INFO  Ejecutando: Notas_de_venta...
2026-06-02 08:07:39,855  INFO    \u2514\u2500 738 filas extra�das.
2026-06-02 08:07:39,855  INFO  Ejecutando: Ordenes_de_Compra...
2026-06-02 08:07:40,013  INFO    \u2514\u2500 284 filas extra�das.
2026-06-02 08:07:40,014  INFO  Ejecutando: Ordenes_de_produccion...
2026-06-02 08:07:40,239  INFO    \u2514\u2500 3,221 filas extra�das.
2026-06-02 08:07:40,239  INFO  Ejecutando: Pendiente_a_facturar...
2026-06-02 08:07:40,248  ERROR    \u2514\u2500 Error ejecutando Pendiente_a_facturar: ('42000', '[42000] [Microsoft][ODBC Driver 17 for SQL Server][SQL Server]ORDER BY items must appear in the select list if SELECT DISTINCT is specified. (145) (SQLExecDirectW)')
2026-06-02 08:07:40,249  INFO  Ejecutando: Productos_Stock...
2026-06-02 08:07:40,272  INFO    \u2514\u2500 123 filas extra�das.
2026-06-02 08:07:40,273  INFO  Ejecutando: Vales_de_Salida...
2026-06-02 08:07:40,285  ERROR    \u2514\u2500 Error ejecutando Vales_de_Salida: ('42000', '[42000] [Microsoft][ODBC Driver 17 for SQL Server][SQL Server]ORDER BY items must appear in the select list if SELECT DISTINCT is specified. (145) (SQLExecDirectW)')
2026-06-02 08:07:40,285  INFO  Ejecutando: Ventas_Full...
2026-06-02 08:07:41,007  INFO    \u2514\u2500 1,769 filas extra�das.
2026-06-02 08:07:41,007  INFO  Ejecutando: WIP...
2026-06-02 08:07:41,051  INFO    \u2514\u2500 46 filas extra�das.
2026-06-02 08:07:41,054  INFO  Exportando a Excel multipesta�a: C:\Reportes\VentasFull\Reportes_Completos_2026-06-02.xlsx
2026-06-02 08:08:56,836  INFO  \u2705 Excel generado: C:\Reportes\VentasFull\Reportes_Completos_2026-06-02.xlsx (2.5 MB)
2026-06-02 08:08:56,840  INFO  \u2705 Proceso Completado \u2192 C:\Reportes\VentasFull\Reportes_Completos_2026-06-02.xlsx
2026-06-02 08:08:56,854  INFO  
2026-06-02 08:08:56,854  INFO  \u2501\u2501\u2501\u2501\u2501\u2501\u2501\u2501\u2501\u2501\u2501\u2501\u2501\u2501\u2501\u2501\u2501\u2501\u2501\u2501\u2501\u2501\u2501\u2501\u2501\u2501\u2501\u2501\u2501\u2501\u2501\u2501\u2501\u2501\u2501\u2501\u2501\u2501\u2501\u2501\u2501\u2501\u2501\u2501\u2501\u2501\u2501\u2501\u2501\u2501\u2501\u2501\u2501\u2501\u2501
2026-06-02 08:08:56,854  INFO    PASO 3/3 � Subir Excel a Google Drive
2026-06-02 08:08:56,854  INFO  \u2501\u2501\u2501\u2501\u2501\u2501\u2501\u2501\u2501\u2501\u2501\u2501\u2501\u2501\u2501\u2501\u2501\u2501\u2501\u2501\u2501\u2501\u2501\u2501\u2501\u2501\u2501\u2501\u2501\u2501\u2501\u2501\u2501\u2501\u2501\u2501\u2501\u2501\u2501\u2501\u2501\u2501\u2501\u2501\u2501\u2501\u2501\u2501\u2501\u2501\u2501\u2501\u2501\u2501\u2501
2026-06-02 08:08:59,289  INFO  =======================================================
2026-06-02 08:08:59,289  INFO    PASO 2 � Subir a Drive y actualizar Google Sheets
2026-06-02 08:08:59,289  INFO  =======================================================
2026-06-02 08:08:59,309  INFO  Procesando: Reportes_Completos_2026-06-02.xlsx (2.5 MB)
2026-06-02 08:08:59,416  INFO  file_cache is only supported with oauth2client<4.0.0
2026-06-02 08:08:59,428  INFO  file_cache is only supported with oauth2client<4.0.0
2026-06-02 08:09:01,087  INFO  Creando Excel nuevo en Drive...
2026-06-02 08:09:03,983  INFO  \u2705 Excel subido a Drive: Reportes_Completos_Actualizado.xlsx
2026-06-02 08:09:03,983  INFO  Leyendo Excel para actualizar Google Sheets...
2026-06-02 08:09:04,022  INFO  Pesta�as encontradas en Excel: ['base_completo', 'calendario', 'Inventario_aceros', 'Notas_de_venta', 'Ordenes_de_Compra', 'Ordenes_de_produccion', 'Productos_Stock', 'Ventas_Full', 'WIP']
2026-06-02 08:09:05,943  INFO  Actualizando Base Produccion \u2192 'Orden de Produccion' (3,221 filas)...
2026-06-02 08:09:07,423  INFO    Limpiando hoja 'Orden de Produccion'...
2026-06-02 08:09:08,454  INFO    Escribiendo 3,221 filas en 'Orden de Produccion'...
2026-06-02 08:09:10,650  INFO    \u2705 Hoja 'Orden de Produccion' actualizada.
2026-06-02 08:09:10,713  INFO  Actualizando Base Produccion \u2192 'Por Facturar' (86 filas)...
2026-06-02 08:09:11,354  INFO    Limpiando hoja 'Por Facturar'...
2026-06-02 08:09:11,680  INFO    Escribiendo 86 filas en 'Por Facturar'...
2026-06-02 08:09:12,024  INFO    \u2705 Hoja 'Por Facturar' actualizada.
2026-06-02 08:09:12,091  INFO  Actualizando Base Produccion \u2192 'Control Inventario' (148 filas)...
2026-06-02 08:09:12,624  INFO    Limpiando hoja 'Control Inventario'...
2026-06-02 08:09:12,966  INFO    Escribiendo 148 filas en 'Control Inventario'...
2026-06-02 08:09:13,261  INFO    \u2705 Hoja 'Control Inventario' actualizada.
2026-06-02 08:09:14,155  INFO  Actualizando Base Produccion \u2192 'Notas de Venta' (738 filas)...
2026-06-02 08:09:14,675  INFO    Limpiando hoja 'Notas de Venta'...
2026-06-02 08:09:14,995  INFO    Escribiendo 738 filas en 'Notas de Venta'...
2026-06-02 08:09:15,401  INFO    \u2705 Hoja 'Notas de Venta' actualizada.
2026-06-02 08:09:15,401  WARNING    Pesta�a 'Vales_de_Salida' no encontrada en el Excel, saltando...
2026-06-02 08:09:15,451  INFO  Actualizando Base Produccion \u2192 'Stock' (123 filas)...
2026-06-02 08:09:16,000  INFO    Limpiando hoja 'Stock'...
2026-06-02 08:09:16,269  INFO    Escribiendo 123 filas en 'Stock'...
2026-06-02 08:09:16,548  INFO    \u2705 Hoja 'Stock' actualizada.
2026-06-02 08:09:17,892  INFO  Actualizando Base Produccion \u2192 'Ventas_Full' (1,769 filas)...
2026-06-02 08:09:18,379  INFO    Limpiando hoja 'Ventas_Full'...
2026-06-02 08:09:18,928  INFO    Escribiendo 1,769 filas en 'Ventas_Full'...
2026-06-02 08:09:21,078  INFO    \u2705 Hoja 'Ventas_Full' actualizada.
2026-06-02 08:09:21,106  INFO  Actualizando Base Produccion \u2192 'WIP' (46 filas)...
2026-06-02 08:09:21,669  INFO    Limpiando hoja 'WIP'...
2026-06-02 08:09:21,935  INFO    Escribiendo 46 filas en 'WIP'...
2026-06-02 08:09:22,190  INFO    \u2705 Hoja 'WIP' actualizada.
2026-06-02 08:09:23,325  INFO  Actualizando Presupuestos \u2192 'Ventas Full Manager' (1,769 filas)...
2026-06-02 08:09:23,999  INFO    Limpiando hoja 'Ventas Full Manager'...
2026-06-02 08:09:24,573  INFO    Escribiendo 1,769 filas en 'Ventas Full Manager'...
2026-06-02 08:09:27,859  INFO    \u2705 Hoja 'Ventas Full Manager' actualizada.
2026-06-02 08:09:28,037  INFO  Actualizando Presupuestos \u2192 'Notas de Venta' (738 filas)...
2026-06-02 08:09:28,564  INFO    Limpiando hoja 'Notas de Venta'...
2026-06-02 08:09:28,892  INFO    Escribiendo 738 filas en 'Notas de Venta'...
2026-06-02 08:09:29,283  INFO    \u2705 Hoja 'Notas de Venta' actualizada.
2026-06-02 08:09:29,283  INFO  
2026-06-02 08:09:29,284  INFO  \u2705 Todo actualizado:
2026-06-02 08:09:29,284  INFO     \U0001f4c1 Drive: Reportes_Completos_Actualizado.xlsx
2026-06-02 08:09:29,284  INFO     \U0001f4ca Base Produccion: ['Orden de Produccion', 'Por Facturar', 'Control Inventario', 'Notas de Venta', 'Vales de Salida', 'Stock', 'Ventas_Full', 'WIP']
2026-06-02 08:09:29,284  INFO     \U0001f4ca Presupuestos: Ventas Full Manager
2026-06-02 08:09:29,287  INFO  
2026-06-02 08:09:29,287  INFO  \u2554\u2550\u2550\u2550\u2550\u2550\u2550\u2550\u2550\u2550\u2550\u2550\u2550\u2550\u2550\u2550\u2550\u2550\u2550\u2550\u2550\u2550\u2550\u2550\u2550\u2550\u2550\u2550\u2550\u2550\u2550\u2550\u2550\u2550\u2550\u2550\u2550\u2550\u2550\u2550\u2550\u2550\u2550\u2550\u2550\u2550\u2550\u2550\u2550\u2550\u2550\u2550\u2550\u2550\u2557
2026-06-02 08:09:29,289  INFO  \u2551  \u2705 PIPELINE COMPLETADO en 314s                      \u2551
2026-06-02 08:09:29,290  INFO  \u2551  \U0001f4ca Excel en Drive: VentasFull_Actualizado.xlsx      \u2551
2026-06-02 08:09:29,290  INFO  \u255a\u2550\u2550\u2550\u2550\u2550\u2550\u2550\u2550\u2550\u2550\u2550\u2550\u2550\u2550\u2550\u2550\u2550\u2550\u2550\u2550\u2550\u2550\u2550\u2550\u2550\u2550\u2550\u2550\u2550\u2550\u2550\u2550\u2550\u2550\u2550\u2550\u2550\u2550\u2550\u2550\u2550\u2550\u2550\u2550\u2550\u2550\u2550\u2550\u2550\u2550\u2550\u2550\u2550\u255d
02/06/2026  8:09:30.04 - Pipeline completado OK 
02/06/2026  8:34:10.94 - Iniciando pipeline 
2026-06-02 08:34:11,193  INFO  \u2554\u2550\u2550\u2550\u2550\u2550\u2550\u2550\u2550\u2550\u2550\u2550\u2550\u2550\u2550\u2550\u2550\u2550\u2550\u2550\u2550\u2550\u2550\u2550\u2550\u2550\u2550\u2550\u2550\u2550\u2550\u2550\u2550\u2550\u2550\u2550\u2550\u2550\u2550\u2550\u2550\u2550\u2550\u2550\u2550\u2550\u2550\u2550\u2550\u2550\u2550\u2550\u2550\u2550\u2557
2026-06-02 08:34:11,194  INFO  \u2551   PIPELINE VENTAS FULL � Inicio: 2026-06-02 08:34   \u2551
2026-06-02 08:34:11,194  INFO  \u255a\u2550\u2550\u2550\u2550\u2550\u2550\u2550\u2550\u2550\u2550\u2550\u2550\u2550\u2550\u2550\u2550\u2550\u2550\u2550\u2550\u2550\u2550\u2550\u2550\u2550\u2550\u2550\u2550\u2550\u2550\u2550\u2550\u2550\u2550\u2550\u2550\u2550\u2550\u2550\u2550\u2550\u2550\u2550\u2550\u2550\u2550\u2550\u2550\u2550\u2550\u2550\u2550\u2550\u255d
2026-06-02 08:34:11,194  INFO  
2026-06-02 08:34:11,195  INFO  \u2501\u2501\u2501\u2501\u2501\u2501\u2501\u2501\u2501\u2501\u2501\u2501\u2501\u2501\u2501\u2501\u2501\u2501\u2501\u2501\u2501\u2501\u2501\u2501\u2501\u2501\u2501\u2501\u2501\u2501\u2501\u2501\u2501\u2501\u2501\u2501\u2501\u2501\u2501\u2501\u2501\u2501\u2501\u2501\u2501\u2501\u2501\u2501\u2501\u2501\u2501\u2501\u2501\u2501\u2501
2026-06-02 08:34:11,195  INFO    PASO 1/3 � Descargar backup desde Manager
2026-06-02 08:34:11,195  INFO  \u2501\u2501\u2501\u2501\u2501\u2501\u2501\u2501\u2501\u2501\u2501\u2501\u2501\u2501\u2501\u2501\u2501\u2501\u2501\u2501\u2501\u2501\u2501\u2501\u2501\u2501\u2501\u2501\u2501\u2501\u2501\u2501\u2501\u2501\u2501\u2501\u2501\u2501\u2501\u2501\u2501\u2501\u2501\u2501\u2501\u2501\u2501\u2501\u2501\u2501\u2501\u2501\u2501\u2501\u2501
2026-06-02 08:34:12,312  INFO  =======================================================
2026-06-02 08:34:12,312  INFO    Iniciando descarga autom�tica de backup Manager
2026-06-02 08:34:12,312  INFO  =======================================================
2026-06-02 08:34:12,313  INFO  ====== WebDriver manager ======
2026-06-02 08:34:13,692  INFO  Get LATEST chromedriver version for google-chrome
2026-06-02 08:34:14,211  INFO  Get LATEST chromedriver version for google-chrome
2026-06-02 08:34:14,983  INFO  Driver [C:\Users\atorr\.wdm\drivers\chromedriver\win64\148.0.7778.178\chromedriver-win32/chromedriver.exe] found in cache
2026-06-02 08:34:19,169  INFO  Abriendo login: https://prodkernel.manager.cl/index.html
2026-06-02 08:34:21,427  INFO  Inputs visibles: 3
2026-06-02 08:34:21,897  INFO  Login enviado...
2026-06-02 08:34:25,928  INFO  \u2705 Login exitoso. session_id: ec585fce...
2026-06-02 08:34:25,928  INFO  Navegando a: https://prodkernel.manager.cl/managerbackups.html?session_id=ec585fceefb78ab3c44700fc2e2a3109&cd=prodkernel
2026-06-02 08:34:26,126  INFO  Recarga 1/10...
2026-06-02 08:34:30,308  INFO    filas .bak encontradas: 3
2026-06-02 08:34:30,309  INFO  \u2705 Tabla cargada en recarga 1.
2026-06-02 08:34:30,541  INFO    Ignorando: 2026-6-2-T779354202A.bak
2026-06-02 08:34:30,643  INFO    Ignorando: 2026-6-2-T779354202B.bak
2026-06-02 08:34:30,720  INFO  Backup seleccionado: 2026-6-2-T779354202C.bak (2026-06-02 10:12:32+00:00)
2026-06-02 08:34:30,736  INFO  HTML fila completa: <td class="bucket">mng-respaldos-poliuretano</td><td class="Key">2026-6-2-T779354202C.bak</td><td class="LastModified">2026-06-02 10:12:32+00:00</td><td class="Size">0.16 GB</td><td class="presigned_url" style="display: none;">https://mng-respaldos-poliuretano.s3.amazonaws.com/2026-6-2-T779354202C.bak?AWSAccessKeyId=AKIAZPIFFWJDVFW267ZG&amp;Signature=ECFwSdXIfTgANpV%2Bms6C%2FRnu1uU%3D&amp;Expires=1780403965</td><td><i onclick="downloadbackup($(this).parent().parent())" class="fas fa-download"></
2026-06-02 08:34:33,426  INFO  Descargando 2026-6-2-T779354202C.bak desde S3...
2026-06-02 08:34:40,293  INFO    10 MB / 159 MB (7%)
2026-06-02 08:34:45,042  INFO    21 MB / 159 MB (13%)
2026-06-02 08:34:50,400  INFO    31 MB / 159 MB (20%)
2026-06-02 08:34:55,474  INFO    42 MB / 159 MB (26%)
2026-06-02 08:35:01,123  INFO    52 MB / 159 MB (33%)
2026-06-02 08:35:09,109  INFO    63 MB / 159 MB (39%)
2026-06-02 08:35:14,549  INFO    73 MB / 159 MB (46%)
2026-06-02 08:35:21,187  INFO    84 MB / 159 MB (53%)
2026-06-02 08:35:28,103  INFO    94 MB / 159 MB (59%)
2026-06-02 08:35:33,896  INFO    105 MB / 159 MB (66%)
2026-06-02 08:35:38,731  INFO    115 MB / 159 MB (72%)
2026-06-02 08:35:44,950  INFO    126 MB / 159 MB (79%)
2026-06-02 08:35:52,088  INFO    136 MB / 159 MB (86%)
2026-06-02 08:36:12,828  INFO    147 MB / 159 MB (92%)
2026-06-02 08:36:17,150  INFO    157 MB / 159 MB (99%)
2026-06-02 08:36:18,318  INFO  \u2705 Descarga completa: 2026-6-2-T779354202C.bak (159.3 MB)
2026-06-02 08:36:18,376  INFO  Backup guardado en: C:\Backups\Manager\2026-6-2-T779354202C_2026-06-02_1780403778.bak
2026-06-02 08:36:18,376  INFO  \u2705 �xito � backup guardado en: C:\Backups\Manager\2026-6-2-T779354202C_2026-06-02_1780403778.bak
2026-06-02 08:36:22,461  WARNING  Retrying (Retry(total=2, connect=None, read=None, redirect=None, status=None)) after connection broken by 'NewConnectionError("HTTPConnection(host='localhost', port=62226): Failed to establish a new connection: [WinError 10061] No se puede establecer una conexi�n ya que el equipo de destino deneg� expresamente dicha conexi�n")': /session/ed2ba9fc07a76511ea0d8f4dd72deaf6
2026-06-02 08:36:26,513  WARNING  Retrying (Retry(total=1, connect=None, read=None, redirect=None, status=None)) after connection broken by 'NewConnectionError("HTTPConnection(host='localhost', port=62226): Failed to establish a new connection: [WinError 10061] No se puede establecer una conexi�n ya que el equipo de destino deneg� expresamente dicha conexi�n")': /session/ed2ba9fc07a76511ea0d8f4dd72deaf6
2026-06-02 08:36:30,548  WARNING  Retrying (Retry(total=0, connect=None, read=None, redirect=None, status=None)) after connection broken by 'NewConnectionError("HTTPConnection(host='localhost', port=62226): Failed to establish a new connection: [WinError 10061] No se puede establecer una conexi�n ya que el equipo de destino deneg� expresamente dicha conexi�n")': /session/ed2ba9fc07a76511ea0d8f4dd72deaf6
2026-06-02 08:36:34,583  INFO  
2026-06-02 08:36:34,583  INFO  \u2501\u2501\u2501\u2501\u2501\u2501\u2501\u2501\u2501\u2501\u2501\u2501\u2501\u2501\u2501\u2501\u2501\u2501\u2501\u2501\u2501\u2501\u2501\u2501\u2501\u2501\u2501\u2501\u2501\u2501\u2501\u2501\u2501\u2501\u2501\u2501\u2501\u2501\u2501\u2501\u2501\u2501\u2501\u2501\u2501\u2501\u2501\u2501\u2501\u2501\u2501\u2501\u2501\u2501\u2501
2026-06-02 08:36:34,584  INFO    PASO 2/3 � Restaurar BD y extraer Ventas Full
2026-06-02 08:36:34,584  INFO  \u2501\u2501\u2501\u2501\u2501\u2501\u2501\u2501\u2501\u2501\u2501\u2501\u2501\u2501\u2501\u2501\u2501\u2501\u2501\u2501\u2501\u2501\u2501\u2501\u2501\u2501\u2501\u2501\u2501\u2501\u2501\u2501\u2501\u2501\u2501\u2501\u2501\u2501\u2501\u2501\u2501\u2501\u2501\u2501\u2501\u2501\u2501\u2501\u2501\u2501\u2501\u2501\u2501\u2501\u2501
2026-06-02 08:36:47,409  INFO  ============================================================
2026-06-02 08:36:47,409  INFO    PASO 1 � Restaurar BD y extraer M�ltiples Reportes
2026-06-02 08:36:47,409  INFO  ============================================================
2026-06-02 08:36:47,425  INFO  Usando .bak de ultimo_bak.txt: 2026-6-2-T779354202C_2026-06-02_1780403778.bak
2026-06-02 08:36:47,425  INFO  Usando backup: 2026-6-2-T779354202C_2026-06-02_1780403778.bak
2026-06-02 08:36:47,425  INFO  Restaurando 2026-6-2-T779354202C_2026-06-02_1780403778.bak como 'T779354202A'...
2026-06-02 08:36:47,425  INFO  Copiando .bak a C:\Program Files\Microsoft SQL Server\MSSQL17.SQLEXPRESS\MSSQL\DATA\2026-6-2-T779354202C_2026-06-02_1780403778.bak...
2026-06-02 08:36:48,831  INFO  Ejecutando RESTORE DATABASE...
2026-06-02 08:37:33,896  INFO  \u2705 BD 'T779354202A' restaurada correctamente.
2026-06-02 08:37:33,901  INFO  Conectando a 'T779354202A' para extraer reportes...
2026-06-02 08:37:33,958  INFO  Ejecutando: base_completo...
C:\Scripts\BackupManager\restaurar_y_extraer.py:158: UserWarning: pandas only supports SQLAlchemy connectable (engine/connection) or database string URI or sqlite3 DBAPI2 connection. Other DBAPI2 objects are not tested. Please consider using SQLAlchemy.
  df = pd.read_sql(sql_listo, conn)
2026-06-02 08:37:36,026  INFO    \u2514\u2500 8,857 filas extra�das.
2026-06-02 08:37:36,027  INFO  Ejecutando: calendario...
2026-06-02 08:37:36,263  INFO    \u2514\u2500 86 filas extra�das.
2026-06-02 08:37:36,263  INFO  Ejecutando: Inventario_aceros...
2026-06-02 08:37:36,305  INFO    \u2514\u2500 148 filas extra�das.
2026-06-02 08:37:36,305  INFO  Ejecutando: Notas_de_venta...
2026-06-02 08:37:36,356  INFO    \u2514\u2500 738 filas extra�das.
2026-06-02 08:37:36,356  INFO  Ejecutando: Ordenes_de_Compra...
2026-06-02 08:37:36,547  INFO    \u2514\u2500 284 filas extra�das.
2026-06-02 08:37:36,548  INFO  Ejecutando: Ordenes_de_produccion...
2026-06-02 08:37:36,785  INFO    \u2514\u2500 3,221 filas extra�das.
2026-06-02 08:37:36,785  INFO  Ejecutando: Pendiente_a_facturar...
2026-06-02 08:37:36,807  ERROR    \u2514\u2500 Error ejecutando Pendiente_a_facturar: ('42000', '[42000] [Microsoft][ODBC Driver 17 for SQL Server][SQL Server]ORDER BY items must appear in the select list if SELECT DISTINCT is specified. (145) (SQLExecDirectW)')
2026-06-02 08:37:36,807  INFO  Ejecutando: Productos_Stock...
2026-06-02 08:37:36,843  INFO    \u2514\u2500 123 filas extra�das.
2026-06-02 08:37:36,843  INFO  Ejecutando: Vales_de_Salida...
2026-06-02 08:37:36,870  ERROR    \u2514\u2500 Error ejecutando Vales_de_Salida: ('42000', '[42000] [Microsoft][ODBC Driver 17 for SQL Server][SQL Server]ORDER BY items must appear in the select list if SELECT DISTINCT is specified. (145) (SQLExecDirectW)')
2026-06-02 08:37:36,870  INFO  Ejecutando: Ventas_Full...
2026-06-02 08:37:37,596  INFO    \u2514\u2500 1,769 filas extra�das.
2026-06-02 08:37:37,596  INFO  Ejecutando: WIP...
2026-06-02 08:37:37,653  INFO    \u2514\u2500 46 filas extra�das.
2026-06-02 08:37:37,655  INFO  Exportando a Excel multipesta�a: C:\Reportes\VentasFull\Reportes_Completos_2026-06-02.xlsx
2026-06-02 08:38:54,188  INFO  \u2705 Excel generado: C:\Reportes\VentasFull\Reportes_Completos_2026-06-02.xlsx (2.5 MB)
2026-06-02 08:38:54,189  INFO  \u2705 Proceso Completado \u2192 C:\Reportes\VentasFull\Reportes_Completos_2026-06-02.xlsx
2026-06-02 08:38:54,207  INFO  
2026-06-02 08:38:54,208  INFO  \u2501\u2501\u2501\u2501\u2501\u2501\u2501\u2501\u2501\u2501\u2501\u2501\u2501\u2501\u2501\u2501\u2501\u2501\u2501\u2501\u2501\u2501\u2501\u2501\u2501\u2501\u2501\u2501\u2501\u2501\u2501\u2501\u2501\u2501\u2501\u2501\u2501\u2501\u2501\u2501\u2501\u2501\u2501\u2501\u2501\u2501\u2501\u2501\u2501\u2501\u2501\u2501\u2501\u2501\u2501
2026-06-02 08:38:54,208  INFO    PASO 3/3 � Subir Excel a Google Drive
2026-06-02 08:38:54,208  INFO  \u2501\u2501\u2501\u2501\u2501\u2501\u2501\u2501\u2501\u2501\u2501\u2501\u2501\u2501\u2501\u2501\u2501\u2501\u2501\u2501\u2501\u2501\u2501\u2501\u2501\u2501\u2501\u2501\u2501\u2501\u2501\u2501\u2501\u2501\u2501\u2501\u2501\u2501\u2501\u2501\u2501\u2501\u2501\u2501\u2501\u2501\u2501\u2501\u2501\u2501\u2501\u2501\u2501\u2501\u2501
2026-06-02 08:39:04,663  INFO  =======================================================
2026-06-02 08:39:04,664  INFO    PASO 2 � Subir a Drive y actualizar Google Sheets
2026-06-02 08:39:04,664  INFO  =======================================================
2026-06-02 08:39:04,679  INFO  Procesando: Reportes_Completos_2026-06-02.xlsx (2.5 MB)
2026-06-02 08:39:04,831  INFO  file_cache is only supported with oauth2client<4.0.0
2026-06-02 08:39:04,870  INFO  file_cache is only supported with oauth2client<4.0.0
2026-06-02 08:39:08,797  INFO  Creando Excel nuevo en Drive...
2026-06-02 08:39:20,243  INFO  \u2705 Excel subido a Drive: Reportes_Completos_Actualizado.xlsx
2026-06-02 08:39:20,244  INFO  Leyendo Excel para actualizar Google Sheets...
2026-06-02 08:39:20,284  INFO  Pesta�as encontradas en Excel: ['base_completo', 'calendario', 'Inventario_aceros', 'Notas_de_venta', 'Ordenes_de_Compra', 'Ordenes_de_produccion', 'Productos_Stock', 'Ventas_Full', 'WIP']
2026-06-02 08:39:21,739  INFO  Actualizando Base Produccion \u2192 'Orden de Produccion' (3,221 filas)...
2026-06-02 08:39:23,872  INFO    Limpiando hoja 'Orden de Produccion'...
2026-06-02 08:39:24,958  INFO    Escribiendo 3,221 filas en 'Orden de Produccion'...
2026-06-02 08:39:31,760  INFO    \u2705 Hoja 'Orden de Produccion' actualizada.
2026-06-02 08:39:31,816  INFO  Actualizando Base Produccion \u2192 'Por Facturar' (86 filas)...
2026-06-02 08:39:33,559  INFO    Limpiando hoja 'Por Facturar'...
2026-06-02 08:39:34,016  INFO    Escribiendo 86 filas en 'Por Facturar'...
2026-06-02 08:39:34,387  INFO    \u2705 Hoja 'Por Facturar' actualizada.
2026-06-02 08:39:34,446  INFO  Actualizando Base Produccion \u2192 'Control Inventario' (148 filas)...
2026-06-02 08:39:35,200  INFO    Limpiando hoja 'Control Inventario'...
2026-06-02 08:39:35,803  INFO    Escribiendo 148 filas en 'Control Inventario'...
2026-06-02 08:39:36,720  INFO    \u2705 Hoja 'Control Inventario' actualizada.
2026-06-02 08:39:37,494  INFO  Actualizando Base Produccion \u2192 'Notas de Venta' (738 filas)...
2026-06-02 08:39:38,420  INFO    Limpiando hoja 'Notas de Venta'...
2026-06-02 08:39:38,880  INFO    Escribiendo 738 filas en 'Notas de Venta'...
2026-06-02 08:39:39,872  INFO    \u2705 Hoja 'Notas de Venta' actualizada.
2026-06-02 08:39:39,872  WARNING    Pesta�a 'Vales_de_Salida' no encontrada en el Excel, saltando...
2026-06-02 08:39:39,920  INFO  Actualizando Base Produccion \u2192 'Stock' (123 filas)...
2026-06-02 08:39:40,966  INFO    Limpiando hoja 'Stock'...
2026-06-02 08:39:41,446  INFO    Escribiendo 123 filas en 'Stock'...
2026-06-02 08:39:42,152  INFO    \u2705 Hoja 'Stock' actualizada.
2026-06-02 08:39:43,518  INFO  Actualizando Base Produccion \u2192 'Ventas_Full' (1,769 filas)...
2026-06-02 08:39:45,060  INFO    Limpiando hoja 'Ventas_Full'...
2026-06-02 08:39:45,605  INFO    Escribiendo 1,769 filas en 'Ventas_Full'...
2026-06-02 08:39:52,196  INFO    \u2705 Hoja 'Ventas_Full' actualizada.
2026-06-02 08:39:52,217  INFO  Actualizando Base Produccion \u2192 'WIP' (46 filas)...
2026-06-02 08:39:53,052  INFO    Limpiando hoja 'WIP'...
2026-06-02 08:39:53,354  INFO    Escribiendo 46 filas en 'WIP'...
2026-06-02 08:39:53,807  INFO    \u2705 Hoja 'WIP' actualizada.
2026-06-02 08:39:54,961  INFO  Actualizando Presupuestos \u2192 'Ventas Full Manager' (1,769 filas)...
2026-06-02 08:39:55,752  INFO    Limpiando hoja 'Ventas Full Manager'...
2026-06-02 08:39:56,342  INFO    Escribiendo 1,769 filas en 'Ventas Full Manager'...
2026-06-02 08:40:00,054  INFO    \u2705 Hoja 'Ventas Full Manager' actualizada.
2026-06-02 08:40:00,235  INFO  Actualizando Presupuestos \u2192 'Notas de Venta' (738 filas)...
2026-06-02 08:40:00,960  INFO    Limpiando hoja 'Notas de Venta'...
2026-06-02 08:40:02,088  INFO    Escribiendo 738 filas en 'Notas de Venta'...
2026-06-02 08:40:02,703  INFO    \u2705 Hoja 'Notas de Venta' actualizada.
2026-06-02 08:40:02,704  INFO  
2026-06-02 08:40:02,704  INFO  \u2705 Todo actualizado:
2026-06-02 08:40:02,704  INFO     \U0001f4c1 Drive: Reportes_Completos_Actualizado.xlsx
2026-06-02 08:40:02,707  INFO     \U0001f4ca Base Produccion: ['Orden de Produccion', 'Por Facturar', 'Control Inventario', 'Notas de Venta', 'Vales de Salida', 'Stock', 'Ventas_Full', 'WIP']
2026-06-02 08:40:02,707  INFO     \U0001f4ca Presupuestos: Ventas Full Manager
2026-06-02 08:40:02,711  INFO  
2026-06-02 08:40:02,712  INFO  \u2554\u2550\u2550\u2550\u2550\u2550\u2550\u2550\u2550\u2550\u2550\u2550\u2550\u2550\u2550\u2550\u2550\u2550\u2550\u2550\u2550\u2550\u2550\u2550\u2550\u2550\u2550\u2550\u2550\u2550\u2550\u2550\u2550\u2550\u2550\u2550\u2550\u2550\u2550\u2550\u2550\u2550\u2550\u2550\u2550\u2550\u2550\u2550\u2550\u2550\u2550\u2550\u2550\u2550\u2557
2026-06-02 08:40:02,712  INFO  \u2551  \u2705 PIPELINE COMPLETADO en 351s                      \u2551
2026-06-02 08:40:02,713  INFO  \u2551  \U0001f4ca Excel en Drive: VentasFull_Actualizado.xlsx      \u2551
2026-06-02 08:40:02,713  INFO  \u255a\u2550\u2550\u2550\u2550\u2550\u2550\u2550\u2550\u2550\u2550\u2550\u2550\u2550\u2550\u2550\u2550\u2550\u2550\u2550\u2550\u2550\u2550\u2550\u2550\u2550\u2550\u2550\u2550\u2550\u2550\u2550\u2550\u2550\u2550\u2550\u2550\u2550\u2550\u2550\u2550\u2550\u2550\u2550\u2550\u2550\u2550\u2550\u2550\u2550\u2550\u2550\u2550\u2550\u255d
02/06/2026  8:40:04.26 - Pipeline completado OK 
03/06/2026  7:52:43.17 - Iniciando pipeline 
2026-06-03 07:52:43,510  INFO  \u2554\u2550\u2550\u2550\u2550\u2550\u2550\u2550\u2550\u2550\u2550\u2550\u2550\u2550\u2550\u2550\u2550\u2550\u2550\u2550\u2550\u2550\u2550\u2550\u2550\u2550\u2550\u2550\u2550\u2550\u2550\u2550\u2550\u2550\u2550\u2550\u2550\u2550\u2550\u2550\u2550\u2550\u2550\u2550\u2550\u2550\u2550\u2550\u2550\u2550\u2550\u2550\u2550\u2550\u2557
2026-06-03 07:52:43,512  INFO  \u2551   PIPELINE VENTAS FULL � Inicio: 2026-06-03 07:52   \u2551
2026-06-03 07:52:43,512  INFO  \u255a\u2550\u2550\u2550\u2550\u2550\u2550\u2550\u2550\u2550\u2550\u2550\u2550\u2550\u2550\u2550\u2550\u2550\u2550\u2550\u2550\u2550\u2550\u2550\u2550\u2550\u2550\u2550\u2550\u2550\u2550\u2550\u2550\u2550\u2550\u2550\u2550\u2550\u2550\u2550\u2550\u2550\u2550\u2550\u2550\u2550\u2550\u2550\u2550\u2550\u2550\u2550\u2550\u2550\u255d
2026-06-03 07:52:43,512  INFO  
2026-06-03 07:52:43,512  INFO  \u2501\u2501\u2501\u2501\u2501\u2501\u2501\u2501\u2501\u2501\u2501\u2501\u2501\u2501\u2501\u2501\u2501\u2501\u2501\u2501\u2501\u2501\u2501\u2501\u2501\u2501\u2501\u2501\u2501\u2501\u2501\u2501\u2501\u2501\u2501\u2501\u2501\u2501\u2501\u2501\u2501\u2501\u2501\u2501\u2501\u2501\u2501\u2501\u2501\u2501\u2501\u2501\u2501\u2501\u2501
2026-06-03 07:52:43,512  INFO    PASO 1/3 � Descargar backup desde Manager
2026-06-03 07:52:43,513  INFO  \u2501\u2501\u2501\u2501\u2501\u2501\u2501\u2501\u2501\u2501\u2501\u2501\u2501\u2501\u2501\u2501\u2501\u2501\u2501\u2501\u2501\u2501\u2501\u2501\u2501\u2501\u2501\u2501\u2501\u2501\u2501\u2501\u2501\u2501\u2501\u2501\u2501\u2501\u2501\u2501\u2501\u2501\u2501\u2501\u2501\u2501\u2501\u2501\u2501\u2501\u2501\u2501\u2501\u2501\u2501
2026-06-03 07:52:45,697  INFO  =======================================================
2026-06-03 07:52:45,697  INFO    Iniciando descarga autom�tica de backup Manager
2026-06-03 07:52:45,697  INFO  =======================================================
2026-06-03 07:52:45,702  INFO  ====== WebDriver manager ======
2026-06-03 07:52:48,319  INFO  Get LATEST chromedriver version for google-chrome
2026-06-03 07:52:48,944  INFO  Get LATEST chromedriver version for google-chrome
2026-06-03 07:52:49,488  INFO  Get LATEST chromedriver version for google-chrome
2026-06-03 07:52:50,689  INFO  WebDriver version 148.0.7778.178 selected
2026-06-03 07:52:50,711  INFO  Modern chrome version https://storage.googleapis.com/chrome-for-testing-public/148.0.7778.178/win32/chromedriver-win32.zip
2026-06-03 07:52:50,712  INFO  About to download new driver from https://storage.googleapis.com/chrome-for-testing-public/148.0.7778.178/win32/chromedriver-win32.zip
2026-06-03 07:52:51,298  INFO  Driver downloading response is 200
2026-06-03 07:52:54,091  INFO  Get LATEST chromedriver version for google-chrome
2026-06-03 07:52:55,473  INFO  Driver has been saved in cache [C:\Users\atorr\.wdm\drivers\chromedriver\win64\148.0.7778.178]
2026-06-03 07:53:00,901  INFO  Abriendo login: https://prodkernel.manager.cl/index.html
2026-06-03 07:53:05,349  INFO  Inputs visibles: 3
2026-06-03 07:53:06,022  INFO  Login enviado...
2026-06-03 07:53:10,052  INFO  \u2705 Login exitoso. session_id: 3ff3e191...
2026-06-03 07:53:10,052  INFO  Navegando a: https://prodkernel.manager.cl/managerbackups.html?session_id=3ff3e19124c8fec70ca3b17fcd8c3896&cd=prodkernel
2026-06-03 07:53:10,228  INFO  Recarga 1/10...
2026-06-03 07:53:14,400  INFO    filas .bak encontradas: 3
2026-06-03 07:53:14,400  INFO  \u2705 Tabla cargada en recarga 1.
2026-06-03 07:53:14,479  INFO    Ignorando: 2026-6-3-T779354202A.bak
2026-06-03 07:53:14,519  INFO    Ignorando: 2026-6-3-T779354202B.bak
2026-06-03 07:53:14,561  INFO  Backup seleccionado: 2026-6-3-T779354202C.bak (2026-06-03 10:13:08+00:00)
2026-06-03 07:53:14,572  INFO  HTML fila completa: <td class="bucket">mng-respaldos-poliuretano</td><td class="Key">2026-6-3-T779354202C.bak</td><td class="LastModified">2026-06-03 10:13:08+00:00</td><td class="Size">0.16 GB</td><td class="presigned_url" style="display: none;">https://mng-respaldos-poliuretano.s3.amazonaws.com/2026-6-3-T779354202C.bak?AWSAccessKeyId=AKIAZPIFFWJDVFW267ZG&amp;Signature=BB18AEKR3MejPTS2w%2BVjHgTy6q8%3D&amp;Expires=1780487888</td><td><i onclick="downloadbackup($(this).parent().parent())" class="fas fa-download"></i>
2026-06-03 07:53:16,964  INFO  Descargando 2026-6-3-T779354202C.bak desde S3...
2026-06-03 07:53:22,496  INFO    10 MB / 160 MB (7%)
2026-06-03 07:53:40,256  INFO    21 MB / 160 MB (13%)
2026-06-03 07:53:45,843  INFO    31 MB / 160 MB (20%)
2026-06-03 07:53:56,622  INFO    42 MB / 160 MB (26%)
2026-06-03 07:54:05,811  INFO    52 MB / 160 MB (33%)
2026-06-03 07:54:14,714  INFO    63 MB / 160 MB (39%)
2026-06-03 07:54:23,839  INFO    73 MB / 160 MB (46%)
2026-06-03 07:54:35,851  INFO    84 MB / 160 MB (52%)
2026-06-03 07:54:41,279  INFO    94 MB / 160 MB (59%)
2026-06-03 07:54:45,017  INFO    105 MB / 160 MB (66%)
2026-06-03 07:54:48,598  INFO    115 MB / 160 MB (72%)
2026-06-03 07:54:53,399  INFO    126 MB / 160 MB (79%)
2026-06-03 07:54:59,146  INFO    136 MB / 160 MB (85%)
2026-06-03 07:55:04,367  INFO    147 MB / 160 MB (92%)
2026-06-03 07:55:08,515  INFO    157 MB / 160 MB (98%)
2026-06-03 07:55:09,551  INFO  \u2705 Descarga completa: 2026-6-3-T779354202C.bak (159.9 MB)
2026-06-03 07:55:11,046  INFO  Backup guardado en: C:\Backups\Manager\2026-6-3-T779354202C_2026-06-03.bak
2026-06-03 07:55:11,074  INFO  \u2705 �xito � backup guardado en: C:\Backups\Manager\2026-6-3-T779354202C_2026-06-03.bak
2026-06-03 07:55:15,835  WARNING  Retrying (Retry(total=2, connect=None, read=None, redirect=None, status=None)) after connection broken by 'NewConnectionError("HTTPConnection(host='localhost', port=63942): Failed to establish a new connection: [WinError 10061] No se puede establecer una conexi�n ya que el equipo de destino deneg� expresamente dicha conexi�n")': /session/1b93f0417e88dd1b28138ed93846a4ae
2026-06-03 07:55:19,995  WARNING  Retrying (Retry(total=1, connect=None, read=None, redirect=None, status=None)) after connection broken by 'NewConnectionError("HTTPConnection(host='localhost', port=63942): Failed to establish a new connection: [WinError 10061] No se puede establecer una conexi�n ya que el equipo de destino deneg� expresamente dicha conexi�n")': /session/1b93f0417e88dd1b28138ed93846a4ae
2026-06-03 07:55:24,057  WARNING  Retrying (Retry(total=0, connect=None, read=None, redirect=None, status=None)) after connection broken by 'NewConnectionError("HTTPConnection(host='localhost', port=63942): Failed to establish a new connection: [WinError 10061] No se puede establecer una conexi�n ya que el equipo de destino deneg� expresamente dicha conexi�n")': /session/1b93f0417e88dd1b28138ed93846a4ae
2026-06-03 07:55:28,138  INFO  
2026-06-03 07:55:28,138  INFO  \u2501\u2501\u2501\u2501\u2501\u2501\u2501\u2501\u2501\u2501\u2501\u2501\u2501\u2501\u2501\u2501\u2501\u2501\u2501\u2501\u2501\u2501\u2501\u2501\u2501\u2501\u2501\u2501\u2501\u2501\u2501\u2501\u2501\u2501\u2501\u2501\u2501\u2501\u2501\u2501\u2501\u2501\u2501\u2501\u2501\u2501\u2501\u2501\u2501\u2501\u2501\u2501\u2501\u2501\u2501
2026-06-03 07:55:28,139  INFO    PASO 2/3 � Restaurar BD y extraer Ventas Full
2026-06-03 07:55:28,139  INFO  \u2501\u2501\u2501\u2501\u2501\u2501\u2501\u2501\u2501\u2501\u2501\u2501\u2501\u2501\u2501\u2501\u2501\u2501\u2501\u2501\u2501\u2501\u2501\u2501\u2501\u2501\u2501\u2501\u2501\u2501\u2501\u2501\u2501\u2501\u2501\u2501\u2501\u2501\u2501\u2501\u2501\u2501\u2501\u2501\u2501\u2501\u2501\u2501\u2501\u2501\u2501\u2501\u2501\u2501\u2501
2026-06-03 07:55:42,082  INFO  ============================================================
2026-06-03 07:55:42,083  INFO    PASO 1 � Restaurar BD y extraer M�ltiples Reportes
2026-06-03 07:55:42,084  INFO  ============================================================
2026-06-03 07:55:42,100  INFO  Usando .bak de ultimo_bak.txt: 2026-6-3-T779354202C_2026-06-03.bak
2026-06-03 07:55:42,100  INFO  Usando backup: 2026-6-3-T779354202C_2026-06-03.bak
2026-06-03 07:55:42,100  INFO  Restaurando 2026-6-3-T779354202C_2026-06-03.bak como 'T779354202A'...
2026-06-03 07:55:42,101  INFO  Copiando .bak a C:\Program Files\Microsoft SQL Server\MSSQL17.SQLEXPRESS\MSSQL\DATA\2026-6-3-T779354202C_2026-06-03.bak...
2026-06-03 07:55:46,396  INFO  Ejecutando RESTORE DATABASE...
2026-06-03 07:56:35,634  INFO  \u2705 BD 'T779354202A' restaurada correctamente.
2026-06-03 07:56:35,637  INFO  Conectando a 'T779354202A' para extraer reportes...
2026-06-03 07:56:35,678  INFO  Ejecutando: base_completo...
C:\Scripts\BackupManager\restaurar_y_extraer.py:158: UserWarning: pandas only supports SQLAlchemy connectable (engine/connection) or database string URI or sqlite3 DBAPI2 connection. Other DBAPI2 objects are not tested. Please consider using SQLAlchemy.
  df = pd.read_sql(sql_listo, conn)
2026-06-03 07:56:37,506  INFO    \u2514\u2500 8,883 filas extra�das.
2026-06-03 07:56:37,507  INFO  Ejecutando: calendario...
2026-06-03 07:56:37,706  INFO    \u2514\u2500 86 filas extra�das.
2026-06-03 07:56:37,706  INFO  Ejecutando: Inventario_aceros...
2026-06-03 07:56:37,746  INFO    \u2514\u2500 153 filas extra�das.
2026-06-03 07:56:37,746  INFO  Ejecutando: Notas_de_venta...
2026-06-03 07:56:37,794  INFO    \u2514\u2500 744 filas extra�das.
2026-06-03 07:56:37,794  INFO  Ejecutando: Ordenes_de_Compra...
2026-06-03 07:56:37,941  INFO    \u2514\u2500 284 filas extra�das.
2026-06-03 07:56:37,941  INFO  Ejecutando: Ordenes_de_produccion...
2026-06-03 07:56:38,164  INFO    \u2514\u2500 3,224 filas extra�das.
2026-06-03 07:56:38,165  INFO  Ejecutando: Pendiente_a_facturar...
2026-06-03 07:56:38,186  ERROR    \u2514\u2500 Error ejecutando Pendiente_a_facturar: ('42000', '[42000] [Microsoft][ODBC Driver 17 for SQL Server][SQL Server]ORDER BY items must appear in the select list if SELECT DISTINCT is specified. (145) (SQLExecDirectW)')
2026-06-03 07:56:38,186  INFO  Ejecutando: Productos_Stock...
2026-06-03 07:56:38,221  INFO    \u2514\u2500 122 filas extra�das.
2026-06-03 07:56:38,222  INFO  Ejecutando: Vales_de_Salida...
2026-06-03 07:56:38,249  ERROR    \u2514\u2500 Error ejecutando Vales_de_Salida: ('42000', '[42000] [Microsoft][ODBC Driver 17 for SQL Server][SQL Server]ORDER BY items must appear in the select list if SELECT DISTINCT is specified. (145) (SQLExecDirectW)')
2026-06-03 07:56:38,249  INFO  Ejecutando: Ventas_Full...
2026-06-03 07:56:38,951  INFO    \u2514\u2500 1,793 filas extra�das.
2026-06-03 07:56:38,951  INFO  Ejecutando: WIP...
2026-06-03 07:56:39,023  INFO    \u2514\u2500 42 filas extra�das.
2026-06-03 07:56:39,028  INFO  Exportando a Excel multipesta�a: C:\Reportes\VentasFull\Reportes_Completos_2026-06-03.xlsx
2026-06-03 07:58:05,545  INFO  \u2705 Excel generado: C:\Reportes\VentasFull\Reportes_Completos_2026-06-03.xlsx (2.5 MB)
2026-06-03 07:58:05,547  INFO  \u2705 Proceso Completado \u2192 C:\Reportes\VentasFull\Reportes_Completos_2026-06-03.xlsx
2026-06-03 07:58:05,562  INFO  
2026-06-03 07:58:05,562  INFO  \u2501\u2501\u2501\u2501\u2501\u2501\u2501\u2501\u2501\u2501\u2501\u2501\u2501\u2501\u2501\u2501\u2501\u2501\u2501\u2501\u2501\u2501\u2501\u2501\u2501\u2501\u2501\u2501\u2501\u2501\u2501\u2501\u2501\u2501\u2501\u2501\u2501\u2501\u2501\u2501\u2501\u2501\u2501\u2501\u2501\u2501\u2501\u2501\u2501\u2501\u2501\u2501\u2501\u2501\u2501
2026-06-03 07:58:05,563  INFO    PASO 3/3 � Subir Excel a Google Drive
2026-06-03 07:58:05,563  INFO  \u2501\u2501\u2501\u2501\u2501\u2501\u2501\u2501\u2501\u2501\u2501\u2501\u2501\u2501\u2501\u2501\u2501\u2501\u2501\u2501\u2501\u2501\u2501\u2501\u2501\u2501\u2501\u2501\u2501\u2501\u2501\u2501\u2501\u2501\u2501\u2501\u2501\u2501\u2501\u2501\u2501\u2501\u2501\u2501\u2501\u2501\u2501\u2501\u2501\u2501\u2501\u2501\u2501\u2501\u2501
2026-06-03 07:58:26,535  INFO  =======================================================
2026-06-03 07:58:26,610  INFO    PASO 2 � Subir a Drive y actualizar Google Sheets
2026-06-03 07:58:26,611  INFO  =======================================================
2026-06-03 07:58:26,633  INFO  Procesando: Reportes_Completos_2026-06-03.xlsx (2.5 MB)
2026-06-03 07:58:27,629  INFO  file_cache is only supported with oauth2client<4.0.0
2026-06-03 07:58:27,671  INFO  file_cache is only supported with oauth2client<4.0.0
2026-06-03 07:58:31,807  INFO  Creando Excel nuevo en Drive...
2026-06-03 07:58:34,829  INFO  \u2705 Excel subido a Drive: Reportes_Completos_Actualizado.xlsx
2026-06-03 07:58:34,829  INFO  Leyendo Excel para actualizar Google Sheets...
2026-06-03 07:58:34,861  INFO  Pesta�as encontradas en Excel: ['base_completo', 'calendario', 'Inventario_aceros', 'Notas_de_venta', 'Ordenes_de_Compra', 'Ordenes_de_produccion', 'Productos_Stock', 'Ventas_Full', 'WIP']
2026-06-03 07:58:37,254  INFO  Actualizando Base Produccion \u2192 'Orden de Produccion' (3,224 filas)...
2026-06-03 07:58:40,201  INFO    Limpiando hoja 'Orden de Produccion'...
2026-06-03 07:58:41,242  INFO    Escribiendo 3,224 filas en 'Orden de Produccion'...
2026-06-03 07:58:44,905  INFO    \u2705 Hoja 'Orden de Produccion' actualizada.
2026-06-03 07:58:46,754  INFO  Actualizando Base Produccion \u2192 'Por Facturar' (86 filas)...
2026-06-03 07:58:47,302  INFO    Limpiando hoja 'Por Facturar'...
2026-06-03 07:58:47,873  INFO    Escribiendo 86 filas en 'Por Facturar'...
2026-06-03 07:58:48,421  INFO    \u2705 Hoja 'Por Facturar' actualizada.
2026-06-03 07:58:48,594  INFO  Actualizando Base Produccion \u2192 'Control Inventario' (153 filas)...
2026-06-03 07:58:49,035  INFO    Limpiando hoja 'Control Inventario'...
2026-06-03 07:58:49,272  INFO    Escribiendo 153 filas en 'Control Inventario'...
2026-06-03 07:58:49,553  INFO    \u2705 Hoja 'Control Inventario' actualizada.
2026-06-03 07:58:50,645  INFO  Actualizando Base Produccion \u2192 'Notas de Venta' (744 filas)...
2026-06-03 07:58:51,081  INFO    Limpiando hoja 'Notas de Venta'...
2026-06-03 07:58:51,359  INFO    Escribiendo 744 filas en 'Notas de Venta'...
2026-06-03 07:58:51,792  INFO    \u2705 Hoja 'Notas de Venta' actualizada.
2026-06-03 07:58:51,794  WARNING    Pesta�a 'Vales_de_Salida' no encontrada en el Excel, saltando...
2026-06-03 07:58:52,105  INFO  Actualizando Base Produccion \u2192 'Stock' (122 filas)...
2026-06-03 07:58:52,527  INFO    Limpiando hoja 'Stock'...
2026-06-03 07:58:52,768  INFO    Escribiendo 122 filas en 'Stock'...
2026-06-03 07:58:53,010  INFO    \u2705 Hoja 'Stock' actualizada.
2026-06-03 07:58:54,857  INFO  Actualizando Base Produccion \u2192 'Ventas_Full' (1,793 filas)...
2026-06-03 07:58:55,284  INFO    Limpiando hoja 'Ventas_Full'...
2026-06-03 07:58:56,028  INFO    Escribiendo 1,793 filas en 'Ventas_Full'...
2026-06-03 07:58:57,492  INFO    \u2705 Hoja 'Ventas_Full' actualizada.
2026-06-03 07:58:57,526  INFO  Actualizando Base Produccion \u2192 'WIP' (42 filas)...
2026-06-03 07:58:57,992  INFO    Limpiando hoja 'WIP'...
2026-06-03 07:58:58,253  INFO    Escribiendo 42 filas en 'WIP'...
2026-06-03 07:58:58,821  INFO    \u2705 Hoja 'WIP' actualizada.
2026-06-03 07:59:00,268  INFO  Actualizando Presupuestos \u2192 'Ventas Full Manager' (1,793 filas)...
2026-06-03 07:59:01,144  INFO    Limpiando hoja 'Ventas Full Manager'...
2026-06-03 07:59:02,071  INFO    Escribiendo 1,793 filas en 'Ventas Full Manager'...
2026-06-03 07:59:05,360  INFO    \u2705 Hoja 'Ventas Full Manager' actualizada.
2026-06-03 07:59:05,568  INFO  Actualizando Presupuestos \u2192 'Notas de Venta' (744 filas)...
2026-06-03 07:59:06,138  INFO    Limpiando hoja 'Notas de Venta'...
2026-06-03 07:59:06,461  INFO    Escribiendo 744 filas en 'Notas de Venta'...
2026-06-03 07:59:06,865  INFO    \u2705 Hoja 'Notas de Venta' actualizada.
2026-06-03 07:59:06,866  INFO  
2026-06-03 07:59:06,866  INFO  \u2705 Todo actualizado:
2026-06-03 07:59:06,866  INFO     \U0001f4c1 Drive: Reportes_Completos_Actualizado.xlsx
2026-06-03 07:59:06,985  INFO     \U0001f4ca Base Produccion: ['Orden de Produccion', 'Por Facturar', 'Control Inventario', 'Notas de Venta', 'Vales de Salida', 'Stock', 'Ventas_Full', 'WIP']
2026-06-03 07:59:06,985  INFO     \U0001f4ca Presupuestos: Ventas Full Manager
2026-06-03 07:59:07,666  INFO  
2026-06-03 07:59:07,666  INFO  \u2554\u2550\u2550\u2550\u2550\u2550\u2550\u2550\u2550\u2550\u2550\u2550\u2550\u2550\u2550\u2550\u2550\u2550\u2550\u2550\u2550\u2550\u2550\u2550\u2550\u2550\u2550\u2550\u2550\u2550\u2550\u2550\u2550\u2550\u2550\u2550\u2550\u2550\u2550\u2550\u2550\u2550\u2550\u2550\u2550\u2550\u2550\u2550\u2550\u2550\u2550\u2550\u2550\u2550\u2557
2026-06-03 07:59:07,697  INFO  \u2551  \u2705 PIPELINE COMPLETADO en 384s                      \u2551
2026-06-03 07:59:07,697  INFO  \u2551  \U0001f4ca Excel en Drive: VentasFull_Actualizado.xlsx      \u2551
2026-06-03 07:59:07,698  INFO  \u255a\u2550\u2550\u2550\u2550\u2550\u2550\u2550\u2550\u2550\u2550\u2550\u2550\u2550\u2550\u2550\u2550\u2550\u2550\u2550\u2550\u2550\u2550\u2550\u2550\u2550\u2550\u2550\u2550\u2550\u2550\u2550\u2550\u2550\u2550\u2550\u2550\u2550\u2550\u2550\u2550\u2550\u2550\u2550\u2550\u2550\u2550\u2550\u2550\u2550\u2550\u2550\u2550\u2550\u255d
03/06/2026  7:59:12.75 - Pipeline completado OK 
05/06/2026  8:00:49.22 - Iniciando pipeline 
2026-06-05 08:00:51,180  INFO  \u2554\u2550\u2550\u2550\u2550\u2550\u2550\u2550\u2550\u2550\u2550\u2550\u2550\u2550\u2550\u2550\u2550\u2550\u2550\u2550\u2550\u2550\u2550\u2550\u2550\u2550\u2550\u2550\u2550\u2550\u2550\u2550\u2550\u2550\u2550\u2550\u2550\u2550\u2550\u2550\u2550\u2550\u2550\u2550\u2550\u2550\u2550\u2550\u2550\u2550\u2550\u2550\u2550\u2550\u2557
2026-06-05 08:00:51,226  INFO  \u2551   PIPELINE VENTAS FULL � Inicio: 2026-06-05 08:00   \u2551
2026-06-05 08:00:51,226  INFO  \u255a\u2550\u2550\u2550\u2550\u2550\u2550\u2550\u2550\u2550\u2550\u2550\u2550\u2550\u2550\u2550\u2550\u2550\u2550\u2550\u2550\u2550\u2550\u2550\u2550\u2550\u2550\u2550\u2550\u2550\u2550\u2550\u2550\u2550\u2550\u2550\u2550\u2550\u2550\u2550\u2550\u2550\u2550\u2550\u2550\u2550\u2550\u2550\u2550\u2550\u2550\u2550\u2550\u2550\u255d
2026-06-05 08:00:51,226  INFO  
2026-06-05 08:00:51,227  INFO  \u2501\u2501\u2501\u2501\u2501\u2501\u2501\u2501\u2501\u2501\u2501\u2501\u2501\u2501\u2501\u2501\u2501\u2501\u2501\u2501\u2501\u2501\u2501\u2501\u2501\u2501\u2501\u2501\u2501\u2501\u2501\u2501\u2501\u2501\u2501\u2501\u2501\u2501\u2501\u2501\u2501\u2501\u2501\u2501\u2501\u2501\u2501\u2501\u2501\u2501\u2501\u2501\u2501\u2501\u2501
2026-06-05 08:00:51,227  INFO    PASO 1/3 � Descargar backup desde Manager
2026-06-05 08:00:51,227  INFO  \u2501\u2501\u2501\u2501\u2501\u2501\u2501\u2501\u2501\u2501\u2501\u2501\u2501\u2501\u2501\u2501\u2501\u2501\u2501\u2501\u2501\u2501\u2501\u2501\u2501\u2501\u2501\u2501\u2501\u2501\u2501\u2501\u2501\u2501\u2501\u2501\u2501\u2501\u2501\u2501\u2501\u2501\u2501\u2501\u2501\u2501\u2501\u2501\u2501\u2501\u2501\u2501\u2501\u2501\u2501
2026-06-05 08:00:56,827  INFO  =======================================================
2026-06-05 08:00:56,828  INFO    Iniciando descarga autom�tica de backup Manager
2026-06-05 08:00:56,828  INFO  =======================================================
2026-06-05 08:00:56,849  INFO  ====== WebDriver manager ======
2026-06-05 08:00:59,826  INFO  Get LATEST chromedriver version for google-chrome
2026-06-05 08:01:01,515  INFO  Get LATEST chromedriver version for google-chrome
2026-06-05 08:01:02,253  INFO  Get LATEST chromedriver version for google-chrome
2026-06-05 08:01:03,632  INFO  WebDriver version 148.0.7778.178 selected
2026-06-05 08:01:03,651  INFO  Modern chrome version https://storage.googleapis.com/chrome-for-testing-public/148.0.7778.178/win32/chromedriver-win32.zip
2026-06-05 08:01:03,652  INFO  About to download new driver from https://storage.googleapis.com/chrome-for-testing-public/148.0.7778.178/win32/chromedriver-win32.zip
2026-06-05 08:01:04,185  INFO  Driver downloading response is 200
2026-06-05 08:01:05,368  INFO  Get LATEST chromedriver version for google-chrome
2026-06-05 08:01:06,120  INFO  Driver has been saved in cache [C:\Users\atorr\.wdm\drivers\chromedriver\win64\148.0.7778.178]
2026-06-05 08:01:10,348  INFO  Abriendo login: https://prodkernel.manager.cl/index.html
2026-06-05 08:01:13,825  INFO  Inputs visibles: 3
2026-06-05 08:01:14,349  INFO  Login enviado...
2026-06-05 08:01:18,443  INFO  \u2705 Login exitoso. session_id: a266cc69...
2026-06-05 08:01:18,443  INFO  Navegando a: https://prodkernel.manager.cl/managerbackups.html?session_id=a266cc69e3ffaf806896e046a38fa30e&cd=prodkernel
2026-06-05 08:01:20,547  INFO  Recarga 1/10...
2026-06-05 08:01:24,711  INFO    filas .bak encontradas: 3
2026-06-05 08:01:24,712  INFO  \u2705 Tabla cargada en recarga 1.
2026-06-05 08:01:24,826  INFO    Ignorando: 2026-6-5-T779354202A.bak
2026-06-05 08:01:24,905  INFO    Ignorando: 2026-6-5-T779354202B.bak
2026-06-05 08:01:24,957  INFO  Backup seleccionado: 2026-6-5-T779354202C.bak (2026-06-05 10:00:06+00:00)
2026-06-05 08:01:24,972  INFO  HTML fila completa: <td class="bucket">mng-respaldos-poliuretano</td><td class="Key">2026-6-5-T779354202C.bak</td><td class="LastModified">2026-06-05 10:00:06+00:00</td><td class="Size">0.16 GB</td><td class="presigned_url" style="display: none;">https://mng-respaldos-poliuretano.s3.amazonaws.com/2026-6-5-T779354202C.bak?AWSAccessKeyId=AKIAZPIFFWJDVFW267ZG&amp;Signature=yKzChM0AsrD1Hs55z7dQIsoMvo0%3D&amp;Expires=1780661180</td><td><i onclick="downloadbackup($(this).parent().parent())" class="fas fa-download"></i></
2026-06-05 08:01:27,465  INFO  Descargando 2026-6-5-T779354202C.bak desde S3...
2026-06-05 08:01:32,946  INFO    10 MB / 161 MB (7%)
2026-06-05 08:01:40,221  INFO    21 MB / 161 MB (13%)
2026-06-05 08:01:49,570  INFO    31 MB / 161 MB (20%)
2026-06-05 08:01:52,997  INFO    42 MB / 161 MB (26%)
2026-06-05 08:01:56,774  INFO    52 MB / 161 MB (33%)
2026-06-05 08:02:01,046  INFO    63 MB / 161 MB (39%)
2026-06-05 08:02:05,636  INFO    73 MB / 161 MB (46%)
2026-06-05 08:02:10,759  INFO    84 MB / 161 MB (52%)
2026-06-05 08:02:15,785  INFO    94 MB / 161 MB (59%)
2026-06-05 08:02:20,698  INFO    105 MB / 161 MB (65%)
2026-06-05 08:02:27,663  INFO    115 MB / 161 MB (72%)
2026-06-05 08:02:39,616  INFO    126 MB / 161 MB (78%)
2026-06-05 08:02:43,775  INFO    136 MB / 161 MB (85%)
2026-06-05 08:02:53,502  INFO    147 MB / 161 MB (91%)
2026-06-05 08:03:10,498  INFO    157 MB / 161 MB (98%)
2026-06-05 08:03:14,322  INFO  \u2705 Descarga completa: 2026-6-5-T779354202C.bak (160.6 MB)
2026-06-05 08:03:14,893  INFO  Backup guardado en: C:\Backups\Manager\2026-6-5-T779354202C_2026-06-05.bak
2026-06-05 08:03:14,894  INFO  \u2705 �xito � backup guardado en: C:\Backups\Manager\2026-6-5-T779354202C_2026-06-05.bak
2026-06-05 08:03:19,049  WARNING  Retrying (Retry(total=2, connect=None, read=None, redirect=None, status=None)) after connection broken by 'NewConnectionError("HTTPConnection(host='localhost', port=56127): Failed to establish a new connection: [WinError 10061] No se puede establecer una conexi�n ya que el equipo de destino deneg� expresamente dicha conexi�n")': /session/b2ad85ba97b1c95b78acb681f6fe99cb
2026-06-05 08:03:23,144  WARNING  Retrying (Retry(total=1, connect=None, read=None, redirect=None, status=None)) after connection broken by 'NewConnectionError("HTTPConnection(host='localhost', port=56127): Failed to establish a new connection: [WinError 10061] No se puede establecer una conexi�n ya que el equipo de destino deneg� expresamente dicha conexi�n")': /session/b2ad85ba97b1c95b78acb681f6fe99cb
2026-06-05 08:03:27,249  WARNING  Retrying (Retry(total=0, connect=None, read=None, redirect=None, status=None)) after connection broken by 'NewConnectionError("HTTPConnection(host='localhost', port=56127): Failed to establish a new connection: [WinError 10061] No se puede establecer una conexi�n ya que el equipo de destino deneg� expresamente dicha conexi�n")': /session/b2ad85ba97b1c95b78acb681f6fe99cb
2026-06-05 08:03:31,427  INFO  
2026-06-05 08:03:31,428  INFO  \u2501\u2501\u2501\u2501\u2501\u2501\u2501\u2501\u2501\u2501\u2501\u2501\u2501\u2501\u2501\u2501\u2501\u2501\u2501\u2501\u2501\u2501\u2501\u2501\u2501\u2501\u2501\u2501\u2501\u2501\u2501\u2501\u2501\u2501\u2501\u2501\u2501\u2501\u2501\u2501\u2501\u2501\u2501\u2501\u2501\u2501\u2501\u2501\u2501\u2501\u2501\u2501\u2501\u2501\u2501
2026-06-05 08:03:31,428  INFO    PASO 2/3 � Restaurar BD y extraer Ventas Full
2026-06-05 08:03:31,428  INFO  \u2501\u2501\u2501\u2501\u2501\u2501\u2501\u2501\u2501\u2501\u2501\u2501\u2501\u2501\u2501\u2501\u2501\u2501\u2501\u2501\u2501\u2501\u2501\u2501\u2501\u2501\u2501\u2501\u2501\u2501\u2501\u2501\u2501\u2501\u2501\u2501\u2501\u2501\u2501\u2501\u2501\u2501\u2501\u2501\u2501\u2501\u2501\u2501\u2501\u2501\u2501\u2501\u2501\u2501\u2501
2026-06-05 08:04:21,508  INFO  ============================================================
2026-06-05 08:04:21,510  INFO    PASO 1 � Restaurar BD y extraer M�ltiples Reportes
2026-06-05 08:04:21,511  INFO  ============================================================
2026-06-05 08:04:22,468  INFO  Usando .bak de ultimo_bak.txt: 2026-6-5-T779354202C_2026-06-05.bak
2026-06-05 08:04:22,468  INFO  Usando backup: 2026-6-5-T779354202C_2026-06-05.bak
2026-06-05 08:04:22,468  INFO  Restaurando 2026-6-5-T779354202C_2026-06-05.bak como 'T779354202C'...
2026-06-05 08:04:22,469  INFO  Copiando .bak a C:\Program Files\Microsoft SQL Server\MSSQL17.SQLEXPRESS\MSSQL\DATA\2026-6-5-T779354202C_2026-06-05.bak...
2026-06-05 08:04:29,114  INFO  Ejecutando RESTORE DATABASE...
2026-06-05 08:05:14,128  INFO  \u2705 BD 'T779354202C' restaurada correctamente.
2026-06-05 08:05:14,131  INFO  Conectando a 'T779354202C' para extraer reportes...
2026-06-05 08:05:14,202  INFO  Ejecutando: Aceros...
C:\Scripts\BackupManager\restaurar_y_extraer.py:158: UserWarning: pandas only supports SQLAlchemy connectable (engine/connection) or database string URI or sqlite3 DBAPI2 connection. Other DBAPI2 objects are not tested. Please consider using SQLAlchemy.
  df = pd.read_sql(sql_listo, conn)
2026-06-05 08:05:14,553  INFO    \u2514\u2500 71 filas extra�das.
2026-06-05 08:05:14,553  INFO  Ejecutando: base_completo...
2026-06-05 08:05:16,377  INFO    \u2514\u2500 9,037 filas extra�das.
2026-06-05 08:05:16,377  INFO  Ejecutando: calendario...
2026-06-05 08:05:16,613  INFO    \u2514\u2500 96 filas extra�das.
2026-06-05 08:05:16,613  INFO  Ejecutando: Cotizaciones...
2026-06-05 08:05:16,702  INFO    \u2514\u2500 3,381 filas extra�das.
2026-06-05 08:05:16,702  INFO  Ejecutando: Inventario_aceros...
2026-06-05 08:05:16,726  INFO    \u2514\u2500 140 filas extra�das.
2026-06-05 08:05:16,726  INFO  Ejecutando: Notas_de_venta...
2026-06-05 08:05:16,761  INFO    \u2514\u2500 762 filas extra�das.
2026-06-05 08:05:16,762  INFO  Ejecutando: Ordenes_de_Compra...
2026-06-05 08:05:16,935  INFO    \u2514\u2500 287 filas extra�das.
2026-06-05 08:05:16,935  INFO  Ejecutando: Ordenes_de_produccion...
2026-06-05 08:05:17,168  INFO    \u2514\u2500 3,249 filas extra�das.
2026-06-05 08:05:17,168  INFO  Ejecutando: Pendiente_a_facturar...
2026-06-05 08:05:17,187  ERROR    \u2514\u2500 Error ejecutando Pendiente_a_facturar: ('42000', '[42000] [Microsoft][ODBC Driver 17 for SQL Server][SQL Server]ORDER BY items must appear in the select list if SELECT DISTINCT is specified. (145) (SQLExecDirectW)')
2026-06-05 08:05:17,187  INFO  Ejecutando: Productos_Stock...
2026-06-05 08:05:17,226  INFO    \u2514\u2500 124 filas extra�das.
2026-06-05 08:05:17,226  INFO  Ejecutando: Stock_vendido...
2026-06-05 08:05:17,295  INFO    \u2514\u2500 155 filas extra�das.
2026-06-05 08:05:17,295  INFO  Ejecutando: Vales_de_Salida...
2026-06-05 08:05:17,317  ERROR    \u2514\u2500 Error ejecutando Vales_de_Salida: ('42000', '[42000] [Microsoft][ODBC Driver 17 for SQL Server][SQL Server]ORDER BY items must appear in the select list if SELECT DISTINCT is specified. (145) (SQLExecDirectW)')
2026-06-05 08:05:17,317  INFO  Ejecutando: Ventas_Full...
2026-06-05 08:05:18,096  INFO    \u2514\u2500 1,817 filas extra�das.
2026-06-05 08:05:18,096  INFO  Ejecutando: WIP...
2026-06-05 08:05:18,153  INFO    \u2514\u2500 41 filas extra�das.
2026-06-05 08:05:18,155  INFO  Exportando a Excel multipesta�a: C:\Reportes\VentasFull\Reportes_Completos_2026-06-05.xlsx
2026-06-05 08:06:47,461  WARNING    \u2514\u2500 Stock_vendido: columnas duplicadas renombradas
2026-06-05 08:07:13,540  INFO  \u2705 Excel generado: C:\Reportes\VentasFull\Reportes_Completos_2026-06-05.xlsx (2.7 MB)
2026-06-05 08:07:13,541  INFO  \u2705 Proceso Completado \u2192 C:\Reportes\VentasFull\Reportes_Completos_2026-06-05.xlsx
2026-06-05 08:07:13,556  INFO  
2026-06-05 08:07:13,556  INFO  \u2501\u2501\u2501\u2501\u2501\u2501\u2501\u2501\u2501\u2501\u2501\u2501\u2501\u2501\u2501\u2501\u2501\u2501\u2501\u2501\u2501\u2501\u2501\u2501\u2501\u2501\u2501\u2501\u2501\u2501\u2501\u2501\u2501\u2501\u2501\u2501\u2501\u2501\u2501\u2501\u2501\u2501\u2501\u2501\u2501\u2501\u2501\u2501\u2501\u2501\u2501\u2501\u2501\u2501\u2501
2026-06-05 08:07:13,557  INFO    PASO 3/3 � Subir Excel a Google Drive
2026-06-05 08:07:13,557  INFO  \u2501\u2501\u2501\u2501\u2501\u2501\u2501\u2501\u2501\u2501\u2501\u2501\u2501\u2501\u2501\u2501\u2501\u2501\u2501\u2501\u2501\u2501\u2501\u2501\u2501\u2501\u2501\u2501\u2501\u2501\u2501\u2501\u2501\u2501\u2501\u2501\u2501\u2501\u2501\u2501\u2501\u2501\u2501\u2501\u2501\u2501\u2501\u2501\u2501\u2501\u2501\u2501\u2501\u2501\u2501
2026-06-05 08:07:18,559  INFO  =======================================================
2026-06-05 08:07:18,559  INFO    PASO 2 � Subir a Drive y actualizar Google Sheets
2026-06-05 08:07:18,559  INFO  =======================================================
2026-06-05 08:07:18,573  INFO  Procesando: Reportes_Completos_2026-06-05.xlsx (2.7 MB)
2026-06-05 08:07:18,652  INFO  file_cache is only supported with oauth2client<4.0.0
2026-06-05 08:07:18,686  INFO  file_cache is only supported with oauth2client<4.0.0
2026-06-05 08:07:20,473  INFO  Creando Excel nuevo en Drive...
2026-06-05 08:07:24,304  INFO  \u2705 Excel subido a Drive: Reportes_Completos_Actualizado.xlsx
2026-06-05 08:07:24,304  INFO  Leyendo Excel para actualizar Google Sheets...
2026-06-05 08:07:24,331  INFO  Pesta�as encontradas en Excel: ['Aceros', 'base_completo', 'calendario', 'Cotizaciones', 'Inventario_aceros', 'Notas_de_venta', 'Ordenes_de_Compra', 'Ordenes_de_produccion', 'Productos_Stock', 'Stock_vendido', 'Ventas_Full', 'WIP']
2026-06-05 08:07:25,986  INFO  Actualizando Base Produccion \u2192 'Orden de Produccion' (3,249 filas)...
2026-06-05 08:07:27,260  INFO    Limpiando hoja 'Orden de Produccion'...
2026-06-05 08:07:28,259  INFO    Escribiendo 3,249 filas en 'Orden de Produccion'...
2026-06-05 08:07:30,993  INFO    \u2705 Hoja 'Orden de Produccion' actualizada.
2026-06-05 08:07:31,102  INFO  Actualizando Base Produccion \u2192 'Por Facturar' (96 filas)...
2026-06-05 08:07:31,834  INFO    Limpiando hoja 'Por Facturar'...
2026-06-05 08:07:32,110  INFO    Escribiendo 96 filas en 'Por Facturar'...
2026-06-05 08:07:32,429  INFO    \u2705 Hoja 'Por Facturar' actualizada.
2026-06-05 08:07:32,490  INFO  Actualizando Base Produccion \u2192 'Control Inventario' (140 filas)...
2026-06-05 08:07:33,026  INFO    Limpiando hoja 'Control Inventario'...
2026-06-05 08:07:33,393  INFO    Escribiendo 140 filas en 'Control Inventario'...
2026-06-05 08:07:33,718  INFO    \u2705 Hoja 'Control Inventario' actualizada.
2026-06-05 08:07:34,490  INFO  Actualizando Base Produccion \u2192 'Notas de Venta' (762 filas)...
2026-06-05 08:07:35,020  INFO    Limpiando hoja 'Notas de Venta'...
2026-06-05 08:07:35,434  INFO    Escribiendo 762 filas en 'Notas de Venta'...
2026-06-05 08:07:35,838  INFO    \u2705 Hoja 'Notas de Venta' actualizada.
2026-06-05 08:07:35,869  INFO  Actualizando Base Produccion \u2192 'Vales de Salida' (71 filas)...
2026-06-05 08:07:36,433  INFO    Limpiando hoja 'Vales de Salida'...
2026-06-05 08:07:36,707  INFO    Escribiendo 71 filas en 'Vales de Salida'...
2026-06-05 08:07:36,998  INFO    \u2705 Hoja 'Vales de Salida' actualizada.
2026-06-05 08:07:37,042  INFO  Actualizando Base Produccion \u2192 'Stock' (124 filas)...
2026-06-05 08:07:37,531  INFO    Limpiando hoja 'Stock'...
2026-06-05 08:07:37,811  INFO    Escribiendo 124 filas en 'Stock'...
2026-06-05 08:07:38,106  INFO    \u2705 Hoja 'Stock' actualizada.
2026-06-05 08:07:39,437  INFO  Actualizando Base Produccion \u2192 'Ventas_Full' (1,817 filas)...
2026-06-05 08:07:40,084  INFO    Limpiando hoja 'Ventas_Full'...
2026-06-05 08:07:40,583  INFO    Escribiendo 1,817 filas en 'Ventas_Full'...
2026-06-05 08:07:42,192  INFO    \u2705 Hoja 'Ventas_Full' actualizada.
2026-06-05 08:07:42,224  INFO  Actualizando Base Produccion \u2192 'WIP' (41 filas)...
2026-06-05 08:07:42,756  INFO    Limpiando hoja 'WIP'...
2026-06-05 08:07:43,005  INFO    Escribiendo 41 filas en 'WIP'...
2026-06-05 08:07:43,287  INFO    \u2705 Hoja 'WIP' actualizada.
2026-06-05 08:07:43,347  INFO  Actualizando Base Produccion \u2192 'Stock Vendido' (155 filas)...
2026-06-05 08:07:43,827  INFO    Limpiando hoja 'Stock Vendido'...
2026-06-05 08:07:44,111  INFO    Escribiendo 155 filas en 'Stock Vendido'...
2026-06-05 08:07:44,503  INFO    \u2705 Hoja 'Stock Vendido' actualizada.
2026-06-05 08:07:45,628  INFO  Actualizando Presupuestos \u2192 'Ventas Full Manager' (1,817 filas)...
2026-06-05 08:07:46,507  INFO    Limpiando hoja 'Ventas Full Manager'...
2026-06-05 08:07:47,340  INFO    Escribiendo 1,817 filas en 'Ventas Full Manager'...
2026-06-05 08:07:50,373  INFO    \u2705 Hoja 'Ventas Full Manager' actualizada.
2026-06-05 08:07:50,545  INFO  Actualizando Presupuestos \u2192 'Notas de Venta' (762 filas)...
2026-06-05 08:07:51,319  INFO    Limpiando hoja 'Notas de Venta'...
2026-06-05 08:07:51,656  INFO    Escribiendo 762 filas en 'Notas de Venta'...
2026-06-05 08:07:52,126  INFO    \u2705 Hoja 'Notas de Venta' actualizada.
2026-06-05 08:07:52,757  INFO  Actualizando Presupuestos \u2192 'Cotizaciones' (3,381 filas)...
2026-06-05 08:07:53,805  INFO    Limpiando hoja 'Cotizaciones'...
2026-06-05 08:07:54,321  INFO    Escribiendo 3,381 filas en 'Cotizaciones'...
2026-06-05 08:07:55,330  INFO    \u2705 Hoja 'Cotizaciones' actualizada.
2026-06-05 08:07:55,376  INFO  Actualizando Presupuestos \u2192 'Calendario' (96 filas)...
2026-06-05 08:07:55,944  INFO    Limpiando hoja 'Calendario'...
2026-06-05 08:07:56,228  INFO    Escribiendo 96 filas en 'Calendario'...
2026-06-05 08:07:56,538  INFO    \u2705 Hoja 'Calendario' actualizada.
2026-06-05 08:07:56,538  INFO  
2026-06-05 08:07:56,539  INFO  \u2705 Todo actualizado:
2026-06-05 08:07:56,539  INFO     \U0001f4c1 Drive: Reportes_Completos_Actualizado.xlsx
2026-06-05 08:07:56,541  INFO     \U0001f4ca Base Produccion: ['Orden de Produccion', 'Por Facturar', 'Control Inventario', 'Notas de Venta', 'Vales de Salida', 'Stock', 'Ventas_Full', 'WIP', 'Stock Vendido']
2026-06-05 08:07:56,541  INFO     \U0001f4ca Presupuestos: Ventas Full Manager
2026-06-05 08:07:56,545  INFO  
2026-06-05 08:07:56,545  INFO  \u2554\u2550\u2550\u2550\u2550\u2550\u2550\u2550\u2550\u2550\u2550\u2550\u2550\u2550\u2550\u2550\u2550\u2550\u2550\u2550\u2550\u2550\u2550\u2550\u2550\u2550\u2550\u2550\u2550\u2550\u2550\u2550\u2550\u2550\u2550\u2550\u2550\u2550\u2550\u2550\u2550\u2550\u2550\u2550\u2550\u2550\u2550\u2550\u2550\u2550\u2550\u2550\u2550\u2550\u2557
2026-06-05 08:07:56,545  INFO  \u2551  \u2705 PIPELINE COMPLETADO en 425s                      \u2551
2026-06-05 08:07:56,546  INFO  \u2551  \U0001f4ca Excel en Drive: VentasFull_Actualizado.xlsx      \u2551
2026-06-05 08:07:56,546  INFO  \u255a\u2550\u2550\u2550\u2550\u2550\u2550\u2550\u2550\u2550\u2550\u2550\u2550\u2550\u2550\u2550\u2550\u2550\u2550\u2550\u2550\u2550\u2550\u2550\u2550\u2550\u2550\u2550\u2550\u2550\u2550\u2550\u2550\u2550\u2550\u2550\u2550\u2550\u2550\u2550\u2550\u2550\u2550\u2550\u2550\u2550\u2550\u2550\u2550\u2550\u2550\u2550\u2550\u2550\u255d
05/06/2026  8:07:57.40 - Pipeline completado OK 
08/06/2026  8:04:37.40 - Iniciando pipeline 
2026-06-08 08:04:38,156  INFO  \u2554\u2550\u2550\u2550\u2550\u2550\u2550\u2550\u2550\u2550\u2550\u2550\u2550\u2550\u2550\u2550\u2550\u2550\u2550\u2550\u2550\u2550\u2550\u2550\u2550\u2550\u2550\u2550\u2550\u2550\u2550\u2550\u2550\u2550\u2550\u2550\u2550\u2550\u2550\u2550\u2550\u2550\u2550\u2550\u2550\u2550\u2550\u2550\u2550\u2550\u2550\u2550\u2550\u2550\u2557
2026-06-08 08:04:38,157  INFO  \u2551   PIPELINE VENTAS FULL � Inicio: 2026-06-08 08:04   \u2551
2026-06-08 08:04:38,158  INFO  \u255a\u2550\u2550\u2550\u2550\u2550\u2550\u2550\u2550\u2550\u2550\u2550\u2550\u2550\u2550\u2550\u2550\u2550\u2550\u2550\u2550\u2550\u2550\u2550\u2550\u2550\u2550\u2550\u2550\u2550\u2550\u2550\u2550\u2550\u2550\u2550\u2550\u2550\u2550\u2550\u2550\u2550\u2550\u2550\u2550\u2550\u2550\u2550\u2550\u2550\u2550\u2550\u2550\u2550\u255d
2026-06-08 08:04:38,165  INFO  
2026-06-08 08:04:38,173  INFO  \u2501\u2501\u2501\u2501\u2501\u2501\u2501\u2501\u2501\u2501\u2501\u2501\u2501\u2501\u2501\u2501\u2501\u2501\u2501\u2501\u2501\u2501\u2501\u2501\u2501\u2501\u2501\u2501\u2501\u2501\u2501\u2501\u2501\u2501\u2501\u2501\u2501\u2501\u2501\u2501\u2501\u2501\u2501\u2501\u2501\u2501\u2501\u2501\u2501\u2501\u2501\u2501\u2501\u2501\u2501
2026-06-08 08:04:38,175  INFO    PASO 1/3 � Descargar backup desde Manager
2026-06-08 08:04:38,175  INFO  \u2501\u2501\u2501\u2501\u2501\u2501\u2501\u2501\u2501\u2501\u2501\u2501\u2501\u2501\u2501\u2501\u2501\u2501\u2501\u2501\u2501\u2501\u2501\u2501\u2501\u2501\u2501\u2501\u2501\u2501\u2501\u2501\u2501\u2501\u2501\u2501\u2501\u2501\u2501\u2501\u2501\u2501\u2501\u2501\u2501\u2501\u2501\u2501\u2501\u2501\u2501\u2501\u2501\u2501\u2501
2026-06-08 08:04:45,965  INFO  =======================================================
2026-06-08 08:04:45,966  INFO    Iniciando descarga autom�tica de backup Manager
2026-06-08 08:04:45,966  INFO  =======================================================
2026-06-08 08:04:45,969  INFO  ====== WebDriver manager ======
2026-06-08 08:05:01,826  INFO  Get LATEST chromedriver version for google-chrome
2026-06-08 08:05:04,139  INFO  Get LATEST chromedriver version for google-chrome
2026-06-08 08:05:06,509  INFO  Driver [C:\Users\atorr\.wdm\drivers\chromedriver\win64\149.0.7827.54\chromedriver-win32/chromedriver.exe] found in cache
2026-06-08 08:05:08,803  INFO  Abriendo login: https://prodkernel.manager.cl/index.html
2026-06-08 08:05:12,059  INFO  Inputs visibles: 3
2026-06-08 08:05:13,953  INFO  Login enviado...
2026-06-08 08:05:18,058  INFO  \u2705 Login exitoso. session_id: bbbec3c4...
2026-06-08 08:05:18,058  INFO  Navegando a: https://prodkernel.manager.cl/managerbackups.html?session_id=bbbec3c4ea807148d0f897c1b74e37e3&cd=prodkernel
2026-06-08 08:05:18,252  INFO  Recarga 1/10...
2026-06-08 08:05:22,554  INFO    filas .bak encontradas: 3
2026-06-08 08:05:22,554  INFO  \u2705 Tabla cargada en recarga 1.
2026-06-08 08:05:22,812  INFO    Ignorando: 2026-6-8-T779354202A.bak
2026-06-08 08:05:23,065  INFO    Ignorando: 2026-6-8-T779354202B.bak
2026-06-08 08:05:23,228  INFO  Backup seleccionado: 2026-6-8-T779354202C.bak (2026-06-08 10:10:13+00:00)
2026-06-08 08:05:23,268  INFO  HTML fila completa: <td class="bucket">mng-respaldos-poliuretano</td><td class="Key">2026-6-8-T779354202C.bak</td><td class="LastModified">2026-06-08 10:10:13+00:00</td><td class="Size">0.17 GB</td><td class="presigned_url" style="display: none;">https://mng-respaldos-poliuretano.s3.amazonaws.com/2026-6-8-T779354202C.bak?AWSAccessKeyId=AKIAZPIFFWJDVFW267ZG&amp;Signature=P0pqFgXRZ4Owgnz11BJ%2BavQp8Hg%3D&amp;Expires=1780920614</td><td><i onclick="downloadbackup($(this).parent().parent())" class="fas fa-download"></i>
2026-06-08 08:06:18,696  INFO  Descargando 2026-6-8-T779354202C.bak desde S3...
2026-06-08 08:06:25,825  INFO    10 MB / 165 MB (6%)
2026-06-08 08:06:29,763  INFO    21 MB / 165 MB (13%)
2026-06-08 08:06:35,139  INFO    31 MB / 165 MB (19%)
2026-06-08 08:06:42,548  INFO    42 MB / 165 MB (25%)
2026-06-08 08:06:47,464  INFO    52 MB / 165 MB (32%)
2026-06-08 08:06:51,247  INFO    63 MB / 165 MB (38%)
2026-06-08 08:06:55,787  INFO    73 MB / 165 MB (44%)
2026-06-08 08:07:02,213  INFO    84 MB / 165 MB (51%)
2026-06-08 08:07:08,304  INFO    94 MB / 165 MB (57%)
2026-06-08 08:07:21,781  INFO    105 MB / 165 MB (63%)
2026-06-08 08:07:29,997  INFO    115 MB / 165 MB (70%)
2026-06-08 08:07:40,964  INFO    126 MB / 165 MB (76%)
2026-06-08 08:08:01,461  INFO    136 MB / 165 MB (83%)
2026-06-08 08:08:09,307  INFO    147 MB / 165 MB (89%)
2026-06-08 08:08:15,662  INFO    157 MB / 165 MB (95%)
2026-06-08 08:08:19,844  INFO  \u2705 Descarga completa: 2026-6-8-T779354202C.bak (165.2 MB)
2026-06-08 08:08:21,373  ERROR  \u274c Error: [WinError 32] El proceso no tiene acceso al archivo porque est� siendo utilizado por otro proceso: 'C:\\Users\\atorr\\AppData\\Local\\Temp\\manager_dl\\2026-6-8-T779354202C.bak'
2026-06-08 08:08:25,652  WARNING  Retrying (Retry(total=2, connect=None, read=None, redirect=None, status=None)) after connection broken by 'NewConnectionError("HTTPConnection(host='localhost', port=58331): Failed to establish a new connection: [WinError 10061] No se puede establecer una conexi�n ya que el equipo de destino deneg� expresamente dicha conexi�n")': /session/5a326c9fe00b06eb920a30351c42ff70/screenshot
2026-06-08 08:08:29,719  WARNING  Retrying (Retry(total=1, connect=None, read=None, redirect=None, status=None)) after connection broken by 'NewConnectionError("HTTPConnection(host='localhost', port=58331): Failed to establish a new connection: [WinError 10061] No se puede establecer una conexi�n ya que el equipo de destino deneg� expresamente dicha conexi�n")': /session/5a326c9fe00b06eb920a30351c42ff70/screenshot
2026-06-08 08:08:33,773  WARNING  Retrying (Retry(total=0, connect=None, read=None, redirect=None, status=None)) after connection broken by 'NewConnectionError("HTTPConnection(host='localhost', port=58331): Failed to establish a new connection: [WinError 10061] No se puede establecer una conexi�n ya que el equipo de destino deneg� expresamente dicha conexi�n")': /session/5a326c9fe00b06eb920a30351c42ff70/screenshot
2026-06-08 08:08:41,936  WARNING  Retrying (Retry(total=2, connect=None, read=None, redirect=None, status=None)) after connection broken by 'NewConnectionError("HTTPConnection(host='localhost', port=58331): Failed to establish a new connection: [WinError 10061] No se puede establecer una conexi�n ya que el equipo de destino deneg� expresamente dicha conexi�n")': /session/5a326c9fe00b06eb920a30351c42ff70
2026-06-08 08:08:46,008  WARNING  Retrying (Retry(total=1, connect=None, read=None, redirect=None, status=None)) after connection broken by 'NewConnectionError("HTTPConnection(host='localhost', port=58331): Failed to establish a new connection: [WinError 10061] No se puede establecer una conexi�n ya que el equipo de destino deneg� expresamente dicha conexi�n")': /session/5a326c9fe00b06eb920a30351c42ff70
2026-06-08 08:08:50,509  WARNING  Retrying (Retry(total=0, connect=None, read=None, redirect=None, status=None)) after connection broken by 'NewConnectionError("HTTPConnection(host='localhost', port=58331): Failed to establish a new connection: [WinError 10061] No se puede establecer una conexi�n ya que el equipo de destino deneg� expresamente dicha conexi�n")': /session/5a326c9fe00b06eb920a30351c42ff70
2026-06-08 08:08:56,020  ERROR  
2026-06-08 08:08:56,787  ERROR  \u2554\u2550\u2550\u2550\u2550\u2550\u2550\u2550\u2550\u2550\u2550\u2550\u2550\u2550\u2550\u2550\u2550\u2550\u2550\u2550\u2550\u2550\u2550\u2550\u2550\u2550\u2550\u2550\u2550\u2550\u2550\u2550\u2550\u2550\u2550\u2550\u2550\u2550\u2550\u2550\u2550\u2550\u2550\u2550\u2550\u2550\u2550\u2550\u2550\u2550\u2550\u2550\u2550\u2550\u2557
2026-06-08 08:08:58,663  ERROR  \u2551  \u274c PIPELINE FALL�                                   \u2551
2026-06-08 08:08:58,678  ERROR  \u2551  Error: [WinError 32] El proceso no tiene acceso al \u2551
2026-06-08 08:08:58,802  ERROR  \u255a\u2550\u2550\u2550\u2550\u2550\u2550\u2550\u2550\u2550\u2550\u2550\u2550\u2550\u2550\u2550\u2550\u2550\u2550\u2550\u2550\u2550\u2550\u2550\u2550\u2550\u2550\u2550\u2550\u2550\u2550\u2550\u2550\u2550\u2550\u2550\u2550\u2550\u2550\u2550\u2550\u2550\u2550\u2550\u2550\u2550\u2550\u2550\u2550\u2550\u2550\u2550\u2550\u2550\u255d
2026-06-08 08:09:02,604  ERROR  Traceback (most recent call last):
  File "C:\Users\atorr\AppData\Local\Programs\Python\Python314\Lib\shutil.py", line 918, in move
    os.rename(src, real_dst)
    ~~~~~~~~~^^^^^^^^^^^^^^^
PermissionError: [WinError 32] El proceso no tiene acceso al archivo porque est� siendo utilizado por otro proceso: 'C:\\Users\\atorr\\AppData\\Local\\Temp\\manager_dl\\2026-6-8-T779354202C.bak' -> 'C:\\Backups\\Manager\\2026-6-8-T779354202C_2026-06-08.bak'

During handling of the above exception, another exception occurred:

Traceback (most recent call last):
  File "C:\Scripts\BackupManager\00_pipeline_completo.py", line 46, in main
    descargar()
    ~~~~~~~~~^^
  File "C:\Scripts\BackupManager\descargar_backup_manager.py", line 242, in main
    ruta_final = mover_a_destino(archivo_tmp, destino, nombre_archivo)
  File "C:\Scripts\BackupManager\descargar_backup_manager.py", line 210, in mover_a_destino
    shutil.move(str(archivo), str(destino_final))
    ~~~~~~~~~~~^^^^^^^^^^^^^^^^^^^^^^^^^^^^^^^^^^
  File "C:\Users\atorr\AppData\Local\Programs\Python\Python314\Lib\shutil.py", line 939, in move
    os.unlink(src)
    ~~~~~~~~~^^^^^
PermissionError: [WinError 32] El proceso no tiene acceso al archivo porque est� siendo utilizado por otro proceso: 'C:\\Users\\atorr\\AppData\\Local\\Temp\\manager_dl\\2026-6-8-T779354202C.bak'

08/06/2026  8:09:06.69 - ERROR en el pipeline 
09/06/2026 10:12:19.96 - Iniciando pipeline 
2026-06-09 10:12:20,297  INFO  \u2554\u2550\u2550\u2550\u2550\u2550\u2550\u2550\u2550\u2550\u2550\u2550\u2550\u2550\u2550\u2550\u2550\u2550\u2550\u2550\u2550\u2550\u2550\u2550\u2550\u2550\u2550\u2550\u2550\u2550\u2550\u2550\u2550\u2550\u2550\u2550\u2550\u2550\u2550\u2550\u2550\u2550\u2550\u2550\u2550\u2550\u2550\u2550\u2550\u2550\u2550\u2550\u2550\u2550\u2557
2026-06-09 10:12:20,301  INFO  \u2551   PIPELINE VENTAS FULL � Inicio: 2026-06-09 10:12   \u2551
2026-06-09 10:12:20,301  INFO  \u255a\u2550\u2550\u2550\u2550\u2550\u2550\u2550\u2550\u2550\u2550\u2550\u2550\u2550\u2550\u2550\u2550\u2550\u2550\u2550\u2550\u2550\u2550\u2550\u2550\u2550\u2550\u2550\u2550\u2550\u2550\u2550\u2550\u2550\u2550\u2550\u2550\u2550\u2550\u2550\u2550\u2550\u2550\u2550\u2550\u2550\u2550\u2550\u2550\u2550\u2550\u2550\u2550\u2550\u255d
2026-06-09 10:12:20,301  INFO  
2026-06-09 10:12:20,301  INFO  \u2501\u2501\u2501\u2501\u2501\u2501\u2501\u2501\u2501\u2501\u2501\u2501\u2501\u2501\u2501\u2501\u2501\u2501\u2501\u2501\u2501\u2501\u2501\u2501\u2501\u2501\u2501\u2501\u2501\u2501\u2501\u2501\u2501\u2501\u2501\u2501\u2501\u2501\u2501\u2501\u2501\u2501\u2501\u2501\u2501\u2501\u2501\u2501\u2501\u2501\u2501\u2501\u2501\u2501\u2501
2026-06-09 10:12:20,301  INFO    PASO 1/3 � Descargar backup desde Manager
2026-06-09 10:12:20,301  INFO  \u2501\u2501\u2501\u2501\u2501\u2501\u2501\u2501\u2501\u2501\u2501\u2501\u2501\u2501\u2501\u2501\u2501\u2501\u2501\u2501\u2501\u2501\u2501\u2501\u2501\u2501\u2501\u2501\u2501\u2501\u2501\u2501\u2501\u2501\u2501\u2501\u2501\u2501\u2501\u2501\u2501\u2501\u2501\u2501\u2501\u2501\u2501\u2501\u2501\u2501\u2501\u2501\u2501\u2501\u2501
2026-06-09 10:12:21,915  INFO  =======================================================
2026-06-09 10:12:21,915  INFO    Iniciando descarga autom�tica de backup Manager
2026-06-09 10:12:21,915  INFO  =======================================================
2026-06-09 10:12:21,918  INFO  ====== WebDriver manager ======
2026-06-09 10:12:25,519  INFO  Get LATEST chromedriver version for google-chrome
2026-06-09 10:12:26,310  INFO  Get LATEST chromedriver version for google-chrome
2026-06-09 10:12:26,947  INFO  Driver [C:\Users\atorr\.wdm\drivers\chromedriver\win64\149.0.7827.55\chromedriver-win32/chromedriver.exe] found in cache
2026-06-09 10:12:31,345  INFO  Abriendo login: https://prodkernel.manager.cl/index.html
2026-06-09 10:12:33,590  INFO  Inputs visibles: 3
2026-06-09 10:12:34,108  INFO  Login enviado...
2026-06-09 10:12:38,127  INFO  \u2705 Login exitoso. session_id: 75e5a927...
2026-06-09 10:12:38,128  INFO  Navegando a: https://prodkernel.manager.cl/managerbackups.html?session_id=75e5a92777647f187977d86b1839e266&cd=prodkernel
2026-06-09 10:12:38,321  INFO  Recarga 1/10...
2026-06-09 10:12:42,449  INFO    filas .bak encontradas: 0
2026-06-09 10:12:42,449  INFO  Recarga 2/10...
2026-06-09 10:12:46,967  INFO    filas .bak encontradas: 0
2026-06-09 10:12:46,967  INFO  Recarga 3/10...
2026-06-09 10:12:51,197  INFO    filas .bak encontradas: 0
2026-06-09 10:12:51,197  INFO  Recarga 4/10...
2026-06-09 10:12:55,282  INFO    filas .bak encontradas: 3
2026-06-09 10:12:55,282  INFO  \u2705 Tabla cargada en recarga 4.
2026-06-09 10:12:55,334  INFO    Ignorando: 2026-6-9-T779354202A.bak
2026-06-09 10:12:55,391  INFO    Ignorando: 2026-6-9-T779354202B.bak
2026-06-09 10:12:55,428  INFO  Backup seleccionado: 2026-6-9-T779354202C.bak (2026-06-09 10:09:37+00:00)
2026-06-09 10:12:55,441  INFO  HTML fila completa: <td class="bucket">mng-respaldos-poliuretano</td><td class="Key">2026-6-9-T779354202C.bak</td><td class="LastModified">2026-06-09 10:09:37+00:00</td><td class="Size">0.17 GB</td><td class="presigned_url" style="display: none;">https://mng-respaldos-poliuretano.s3.amazonaws.com/2026-6-9-T779354202C.bak?AWSAccessKeyId=AKIAZPIFFWJDVFW267ZG&amp;Signature=XlJXmUU6%2FKgKWyY37TU8a0ZhFe8%3D&amp;Expires=1781014668</td><td><i onclick="downloadbackup($(this).parent().parent())" class="fas fa-download"></i>
2026-06-09 10:12:57,825  INFO  Descargando 2026-6-9-T779354202C.bak desde S3...
2026-06-09 10:13:04,192  INFO    10 MB / 170 MB (6%)
2026-06-09 10:13:09,374  INFO    21 MB / 170 MB (12%)
2026-06-09 10:13:15,090  INFO    31 MB / 170 MB (19%)
2026-06-09 10:13:19,717  INFO    42 MB / 170 MB (25%)
2026-06-09 10:13:23,542  INFO    52 MB / 170 MB (31%)
2026-06-09 10:13:27,987  INFO    63 MB / 170 MB (37%)
2026-06-09 10:13:32,004  INFO    73 MB / 170 MB (43%)
2026-06-09 10:13:36,001  INFO    84 MB / 170 MB (49%)
2026-06-09 10:13:40,568  INFO    94 MB / 170 MB (56%)
2026-06-09 10:13:49,521  INFO    105 MB / 170 MB (62%)
2026-06-09 10:14:00,873  INFO    115 MB / 170 MB (68%)
2026-06-09 10:14:05,406  INFO    126 MB / 170 MB (74%)
2026-06-09 10:14:11,640  INFO    136 MB / 170 MB (80%)
2026-06-09 10:14:19,894  INFO    147 MB / 170 MB (86%)
2026-06-09 10:14:27,252  INFO    157 MB / 170 MB (93%)
2026-06-09 10:14:33,741  INFO    168 MB / 170 MB (99%)
2026-06-09 10:14:34,878  INFO  \u2705 Descarga completa: 2026-6-9-T779354202C.bak (169.8 MB)
2026-06-09 10:14:34,888  INFO  Backup guardado en: C:\Backups\Manager\2026-6-9-T779354202C_2026-06-09_1781014474.bak
2026-06-09 10:14:34,888  INFO  \u2705 �xito � backup guardado en: C:\Backups\Manager\2026-6-9-T779354202C_2026-06-09_1781014474.bak
2026-06-09 10:14:38,992  WARNING  Retrying (Retry(total=2, connect=None, read=None, redirect=None, status=None)) after connection broken by 'NewConnectionError("HTTPConnection(host='localhost', port=49862): Failed to establish a new connection: [WinError 10061] No se puede establecer una conexi�n ya que el equipo de destino deneg� expresamente dicha conexi�n")': /session/c315b345f38ef83e062c50145edf3f41
2026-06-09 10:14:43,094  WARNING  Retrying (Retry(total=1, connect=None, read=None, redirect=None, status=None)) after connection broken by 'NewConnectionError("HTTPConnection(host='localhost', port=49862): Failed to establish a new connection: [WinError 10061] No se puede establecer una conexi�n ya que el equipo de destino deneg� expresamente dicha conexi�n")': /session/c315b345f38ef83e062c50145edf3f41
2026-06-09 10:14:47,175  WARNING  Retrying (Retry(total=0, connect=None, read=None, redirect=None, status=None)) after connection broken by 'NewConnectionError("HTTPConnection(host='localhost', port=49862): Failed to establish a new connection: [WinError 10061] No se puede establecer una conexi�n ya que el equipo de destino deneg� expresamente dicha conexi�n")': /session/c315b345f38ef83e062c50145edf3f41
2026-06-09 10:14:51,271  INFO  
2026-06-09 10:14:51,272  INFO  \u2501\u2501\u2501\u2501\u2501\u2501\u2501\u2501\u2501\u2501\u2501\u2501\u2501\u2501\u2501\u2501\u2501\u2501\u2501\u2501\u2501\u2501\u2501\u2501\u2501\u2501\u2501\u2501\u2501\u2501\u2501\u2501\u2501\u2501\u2501\u2501\u2501\u2501\u2501\u2501\u2501\u2501\u2501\u2501\u2501\u2501\u2501\u2501\u2501\u2501\u2501\u2501\u2501\u2501\u2501
2026-06-09 10:14:51,272  INFO    PASO 2/3 � Restaurar BD y extraer Ventas Full
2026-06-09 10:14:51,272  INFO  \u2501\u2501\u2501\u2501\u2501\u2501\u2501\u2501\u2501\u2501\u2501\u2501\u2501\u2501\u2501\u2501\u2501\u2501\u2501\u2501\u2501\u2501\u2501\u2501\u2501\u2501\u2501\u2501\u2501\u2501\u2501\u2501\u2501\u2501\u2501\u2501\u2501\u2501\u2501\u2501\u2501\u2501\u2501\u2501\u2501\u2501\u2501\u2501\u2501\u2501\u2501\u2501\u2501\u2501\u2501
2026-06-09 10:14:57,207  INFO  ============================================================
2026-06-09 10:14:57,207  INFO    PASO 1 � Restaurar BD y extraer M�ltiples Reportes
2026-06-09 10:14:57,208  INFO  ============================================================
2026-06-09 10:14:57,223  INFO  Usando .bak de ultimo_bak.txt: 2026-6-9-T779354202C_2026-06-09_1781014474.bak
2026-06-09 10:14:57,223  INFO  Usando backup: 2026-6-9-T779354202C_2026-06-09_1781014474.bak
2026-06-09 10:14:57,223  INFO  Restaurando 2026-6-9-T779354202C_2026-06-09_1781014474.bak como 'T779354202C'...
2026-06-09 10:14:57,224  INFO  Copiando .bak a C:\Program Files\Microsoft SQL Server\MSSQL17.SQLEXPRESS\MSSQL\DATA\2026-6-9-T779354202C_2026-06-09_1781014474.bak...
2026-06-09 10:14:58,692  INFO  Ejecutando RESTORE DATABASE...
2026-06-09 10:15:48,441  INFO  \u2705 BD 'T779354202C' restaurada correctamente.
2026-06-09 10:15:48,443  INFO  Conectando a 'T779354202C' para extraer reportes...
2026-06-09 10:15:48,509  INFO  Ejecutando: Aceros...
C:\Scripts\BackupManager\restaurar_y_extraer.py:158: UserWarning: pandas only supports SQLAlchemy connectable (engine/connection) or database string URI or sqlite3 DBAPI2 connection. Other DBAPI2 objects are not tested. Please consider using SQLAlchemy.
  df = pd.read_sql(sql_listo, conn)
2026-06-09 10:15:48,872  INFO    \u2514\u2500 71 filas extra�das.
2026-06-09 10:15:48,873  INFO  Ejecutando: base_completo...
2026-06-09 10:15:50,620  INFO    \u2514\u2500 9,101 filas extra�das.
2026-06-09 10:15:50,621  INFO  Ejecutando: calendario...
2026-06-09 10:15:50,838  INFO    \u2514\u2500 96 filas extra�das.
2026-06-09 10:15:50,838  INFO  Ejecutando: Consumos_acero...
2026-06-09 10:15:50,979  INFO    \u2514\u2500 169 filas extra�das.
2026-06-09 10:15:50,979  INFO  Ejecutando: Cotizaciones...
2026-06-09 10:15:51,070  INFO    \u2514\u2500 3,454 filas extra�das.
2026-06-09 10:15:51,071  INFO  Ejecutando: Inventario_aceros...
2026-06-09 10:15:51,108  INFO    \u2514\u2500 136 filas extra�das.
2026-06-09 10:15:51,108  INFO  Ejecutando: Notas_de_venta...
2026-06-09 10:15:51,155  INFO    \u2514\u2500 775 filas extra�das.
2026-06-09 10:15:51,155  INFO  Ejecutando: Ordenes_de_Compra...
2026-06-09 10:15:51,298  INFO    \u2514\u2500 287 filas extra�das.
2026-06-09 10:15:51,298  INFO  Ejecutando: Ordenes_de_produccion...
2026-06-09 10:15:51,582  INFO    \u2514\u2500 3,278 filas extra�das.
2026-06-09 10:15:51,582  INFO  Ejecutando: Pendiente_a_facturar...
2026-06-09 10:15:51,604  ERROR    \u2514\u2500 Error ejecutando Pendiente_a_facturar: ('42000', '[42000] [Microsoft][ODBC Driver 17 for SQL Server][SQL Server]ORDER BY items must appear in the select list if SELECT DISTINCT is specified. (145) (SQLExecDirectW)')
2026-06-09 10:15:51,604  INFO  Ejecutando: Productos_Stock...
2026-06-09 10:15:51,639  INFO    \u2514\u2500 125 filas extra�das.
2026-06-09 10:15:51,639  INFO  Ejecutando: Stock_vendido...
2026-06-09 10:15:51,710  INFO    \u2514\u2500 157 filas extra�das.
2026-06-09 10:15:51,711  INFO  Ejecutando: Vales_de_Salida...
2026-06-09 10:15:51,732  ERROR    \u2514\u2500 Error ejecutando Vales_de_Salida: ('42000', '[42000] [Microsoft][ODBC Driver 17 for SQL Server][SQL Server]ORDER BY items must appear in the select list if SELECT DISTINCT is specified. (145) (SQLExecDirectW)')
2026-06-09 10:15:51,733  INFO  Ejecutando: Ventas_Full...
2026-06-09 10:15:52,270  INFO    \u2514\u2500 1,853 filas extra�das.
2026-06-09 10:15:52,271  INFO  Ejecutando: WIP...
2026-06-09 10:15:52,325  INFO    \u2514\u2500 42 filas extra�das.
2026-06-09 10:15:52,327  INFO  Exportando a Excel multipesta�a: C:\Reportes\VentasFull\Reportes_Completos_2026-06-09.xlsx
2026-06-09 10:17:16,428  WARNING    \u2514\u2500 Stock_vendido: columnas duplicadas renombradas
2026-06-09 10:17:48,178  INFO  \u2705 Excel generado: C:\Reportes\VentasFull\Reportes_Completos_2026-06-09.xlsx (2.7 MB)
2026-06-09 10:17:48,179  INFO  \u2705 Proceso Completado \u2192 C:\Reportes\VentasFull\Reportes_Completos_2026-06-09.xlsx
2026-06-09 10:17:48,193  INFO  
2026-06-09 10:17:48,193  INFO  \u2501\u2501\u2501\u2501\u2501\u2501\u2501\u2501\u2501\u2501\u2501\u2501\u2501\u2501\u2501\u2501\u2501\u2501\u2501\u2501\u2501\u2501\u2501\u2501\u2501\u2501\u2501\u2501\u2501\u2501\u2501\u2501\u2501\u2501\u2501\u2501\u2501\u2501\u2501\u2501\u2501\u2501\u2501\u2501\u2501\u2501\u2501\u2501\u2501\u2501\u2501\u2501\u2501\u2501\u2501
2026-06-09 10:17:48,193  INFO    PASO 3/3 � Subir Excel a Google Drive
2026-06-09 10:17:48,194  INFO  \u2501\u2501\u2501\u2501\u2501\u2501\u2501\u2501\u2501\u2501\u2501\u2501\u2501\u2501\u2501\u2501\u2501\u2501\u2501\u2501\u2501\u2501\u2501\u2501\u2501\u2501\u2501\u2501\u2501\u2501\u2501\u2501\u2501\u2501\u2501\u2501\u2501\u2501\u2501\u2501\u2501\u2501\u2501\u2501\u2501\u2501\u2501\u2501\u2501\u2501\u2501\u2501\u2501\u2501\u2501
2026-06-09 10:17:51,502  INFO  =======================================================
2026-06-09 10:17:51,504  INFO    PASO 2 � Subir a Drive y actualizar Google Sheets
2026-06-09 10:17:51,504  INFO  =======================================================
2026-06-09 10:17:51,509  INFO  Procesando: Reportes_Completos_2026-06-09.xlsx (2.7 MB)
2026-06-09 10:17:51,638  INFO  file_cache is only supported with oauth2client<4.0.0
2026-06-09 10:17:51,647  INFO  file_cache is only supported with oauth2client<4.0.0
2026-06-09 10:17:54,422  INFO  Creando Excel nuevo en Drive...
2026-06-09 10:17:59,733  INFO  \u2705 Excel subido a Drive: Reportes_Completos_Actualizado.xlsx
2026-06-09 10:17:59,735  INFO  Leyendo Excel para actualizar Google Sheets...
2026-06-09 10:18:00,264  INFO  Pesta�as encontradas en Excel: ['Aceros', 'base_completo', 'calendario', 'Consumos_acero', 'Cotizaciones', 'Inventario_aceros', 'Notas_de_venta', 'Ordenes_de_Compra', 'Ordenes_de_produccion', 'Productos_Stock', 'Stock_vendido', 'Ventas_Full', 'WIP']
2026-06-09 10:18:03,100  INFO  Actualizando Base Produccion \u2192 'Orden de Produccion' (3,278 filas)...
2026-06-09 10:18:04,857  INFO    Limpiando hoja 'Orden de Produccion'...
2026-06-09 10:18:06,561  INFO    Escribiendo 3,278 filas en 'Orden de Produccion'...
2026-06-09 10:18:11,620  INFO    \u2705 Hoja 'Orden de Produccion' actualizada.
2026-06-09 10:18:11,688  INFO  Actualizando Base Produccion \u2192 'Por Facturar' (96 filas)...
2026-06-09 10:18:12,292  INFO    Limpiando hoja 'Por Facturar'...
2026-06-09 10:18:12,646  INFO    Escribiendo 96 filas en 'Por Facturar'...
2026-06-09 10:18:13,028  INFO    \u2705 Hoja 'Por Facturar' actualizada.
2026-06-09 10:18:13,119  INFO  Actualizando Base Produccion \u2192 'Control Inventario' (136 filas)...
2026-06-09 10:18:15,057  INFO    Limpiando hoja 'Control Inventario'...
2026-06-09 10:18:15,384  INFO    Escribiendo 136 filas en 'Control Inventario'...
2026-06-09 10:18:15,709  INFO    \u2705 Hoja 'Control Inventario' actualizada.
2026-06-09 10:18:16,275  INFO  Actualizando Base Produccion \u2192 'Notas de Venta' (775 filas)...
2026-06-09 10:18:16,781  INFO    Limpiando hoja 'Notas de Venta'...
2026-06-09 10:18:17,096  INFO    Escribiendo 775 filas en 'Notas de Venta'...
2026-06-09 10:18:17,585  INFO    \u2705 Hoja 'Notas de Venta' actualizada.
2026-06-09 10:18:17,635  INFO  Actualizando Base Produccion \u2192 'Vales de Salida' (71 filas)...
2026-06-09 10:18:18,159  INFO    Limpiando hoja 'Vales de Salida'...
2026-06-09 10:18:18,471  INFO    Escribiendo 71 filas en 'Vales de Salida'...
2026-06-09 10:18:18,767  INFO    \u2705 Hoja 'Vales de Salida' actualizada.
2026-06-09 10:18:18,829  INFO  Actualizando Base Produccion \u2192 'Stock' (125 filas)...
2026-06-09 10:18:19,370  INFO    Limpiando hoja 'Stock'...
2026-06-09 10:18:19,647  INFO    Escribiendo 125 filas en 'Stock'...
2026-06-09 10:18:19,927  INFO    \u2705 Hoja 'Stock' actualizada.
2026-06-09 10:18:21,869  INFO  Actualizando Base Produccion \u2192 'Ventas_Full' (1,853 filas)...
2026-06-09 10:18:22,395  INFO    Limpiando hoja 'Ventas_Full'...
2026-06-09 10:18:23,042  INFO    Escribiendo 1,853 filas en 'Ventas_Full'...
2026-06-09 10:18:25,270  INFO    \u2705 Hoja 'Ventas_Full' actualizada.
2026-06-09 10:18:25,654  INFO  Actualizando Base Produccion \u2192 'WIP' (42 filas)...
2026-06-09 10:18:26,411  INFO    Limpiando hoja 'WIP'...
2026-06-09 10:18:27,608  INFO    Escribiendo 42 filas en 'WIP'...
2026-06-09 10:18:27,914  INFO    \u2705 Hoja 'WIP' actualizada.
2026-06-09 10:18:28,300  INFO  Actualizando Base Produccion \u2192 'Stock Vendido' (157 filas)...
2026-06-09 10:18:28,870  INFO    Limpiando hoja 'Stock Vendido'...
2026-06-09 10:18:29,197  INFO    Escribiendo 157 filas en 'Stock Vendido'...
2026-06-09 10:18:29,554  INFO    \u2705 Hoja 'Stock Vendido' actualizada.
2026-06-09 10:18:29,697  INFO  Actualizando Base Produccion \u2192 'Consumos Acero' (169 filas)...
2026-06-09 10:18:30,348  INFO    Limpiando hoja 'Consumos Acero'...
2026-06-09 10:18:30,672  INFO    Escribiendo 169 filas en 'Consumos Acero'...
2026-06-09 10:18:30,997  INFO    \u2705 Hoja 'Consumos Acero' actualizada.
2026-06-09 10:18:32,798  INFO  Actualizando Presupuestos \u2192 'Ventas Full Manager' (1,853 filas)...
2026-06-09 10:18:33,818  INFO    Limpiando hoja 'Ventas Full Manager'...
2026-06-09 10:18:34,610  INFO    Escribiendo 1,853 filas en 'Ventas Full Manager'...
2026-06-09 10:18:37,997  INFO    \u2705 Hoja 'Ventas Full Manager' actualizada.
2026-06-09 10:18:39,088  INFO  Actualizando Presupuestos \u2192 'Notas de Venta' (775 filas)...
2026-06-09 10:18:40,035  INFO    Limpiando hoja 'Notas de Venta'...
2026-06-09 10:18:40,641  INFO    Escribiendo 775 filas en 'Notas de Venta'...
2026-06-09 10:18:41,319  INFO    \u2705 Hoja 'Notas de Venta' actualizada.
2026-06-09 10:18:42,044  INFO  Actualizando Presupuestos \u2192 'Cotizaciones' (3,454 filas)...
2026-06-09 10:18:42,787  INFO    Limpiando hoja 'Cotizaciones'...
2026-06-09 10:18:43,272  INFO    Escribiendo 3,454 filas en 'Cotizaciones'...
2026-06-09 10:18:44,583  INFO    \u2705 Hoja 'Cotizaciones' actualizada.
2026-06-09 10:18:44,808  INFO  Actualizando Presupuestos \u2192 'Calendario' (96 filas)...
2026-06-09 10:18:45,548  INFO    Limpiando hoja 'Calendario'...
2026-06-09 10:18:45,958  INFO    Escribiendo 96 filas en 'Calendario'...
2026-06-09 10:18:46,475  INFO    \u2705 Hoja 'Calendario' actualizada.
2026-06-09 10:18:46,476  INFO  
2026-06-09 10:18:46,476  INFO  \u2705 Todo actualizado:
2026-06-09 10:18:46,476  INFO     \U0001f4c1 Drive: Reportes_Completos_Actualizado.xlsx
2026-06-09 10:18:46,478  INFO     \U0001f4ca Base Produccion: ['Orden de Produccion', 'Por Facturar', 'Control Inventario', 'Notas de Venta', 'Vales de Salida', 'Stock', 'Ventas_Full', 'WIP', 'Stock Vendido', 'Consumos Acero']
2026-06-09 10:18:46,478  INFO     \U0001f4ca Presupuestos: Ventas Full Manager
2026-06-09 10:18:46,483  INFO  
2026-06-09 10:18:46,483  INFO  \u2554\u2550\u2550\u2550\u2550\u2550\u2550\u2550\u2550\u2550\u2550\u2550\u2550\u2550\u2550\u2550\u2550\u2550\u2550\u2550\u2550\u2550\u2550\u2550\u2550\u2550\u2550\u2550\u2550\u2550\u2550\u2550\u2550\u2550\u2550\u2550\u2550\u2550\u2550\u2550\u2550\u2550\u2550\u2550\u2550\u2550\u2550\u2550\u2550\u2550\u2550\u2550\u2550\u2550\u2557
2026-06-09 10:18:46,486  INFO  \u2551  \u2705 PIPELINE COMPLETADO en 386s                      \u2551
2026-06-09 10:18:46,486  INFO  \u2551  \U0001f4ca Excel en Drive: VentasFull_Actualizado.xlsx      \u2551
2026-06-09 10:18:46,486  INFO  \u255a\u2550\u2550\u2550\u2550\u2550\u2550\u2550\u2550\u2550\u2550\u2550\u2550\u2550\u2550\u2550\u2550\u2550\u2550\u2550\u2550\u2550\u2550\u2550\u2550\u2550\u2550\u2550\u2550\u2550\u2550\u2550\u2550\u2550\u2550\u2550\u2550\u2550\u2550\u2550\u2550\u2550\u2550\u2550\u2550\u2550\u2550\u2550\u2550\u2550\u2550\u2550\u2550\u2550\u255d
09/06/2026 10:18:47.29 - Pipeline completado OK 
10/06/2026  8:31:43.14 - Iniciando pipeline 
2026-06-10 08:31:43,461  INFO  \u2554\u2550\u2550\u2550\u2550\u2550\u2550\u2550\u2550\u2550\u2550\u2550\u2550\u2550\u2550\u2550\u2550\u2550\u2550\u2550\u2550\u2550\u2550\u2550\u2550\u2550\u2550\u2550\u2550\u2550\u2550\u2550\u2550\u2550\u2550\u2550\u2550\u2550\u2550\u2550\u2550\u2550\u2550\u2550\u2550\u2550\u2550\u2550\u2550\u2550\u2550\u2550\u2550\u2550\u2557
2026-06-10 08:31:43,463  INFO  \u2551   PIPELINE VENTAS FULL � Inicio: 2026-06-10 08:31   \u2551
2026-06-10 08:31:43,463  INFO  \u255a\u2550\u2550\u2550\u2550\u2550\u2550\u2550\u2550\u2550\u2550\u2550\u2550\u2550\u2550\u2550\u2550\u2550\u2550\u2550\u2550\u2550\u2550\u2550\u2550\u2550\u2550\u2550\u2550\u2550\u2550\u2550\u2550\u2550\u2550\u2550\u2550\u2550\u2550\u2550\u2550\u2550\u2550\u2550\u2550\u2550\u2550\u2550\u2550\u2550\u2550\u2550\u2550\u2550\u255d
2026-06-10 08:31:43,463  INFO  
2026-06-10 08:31:43,463  INFO  \u2501\u2501\u2501\u2501\u2501\u2501\u2501\u2501\u2501\u2501\u2501\u2501\u2501\u2501\u2501\u2501\u2501\u2501\u2501\u2501\u2501\u2501\u2501\u2501\u2501\u2501\u2501\u2501\u2501\u2501\u2501\u2501\u2501\u2501\u2501\u2501\u2501\u2501\u2501\u2501\u2501\u2501\u2501\u2501\u2501\u2501\u2501\u2501\u2501\u2501\u2501\u2501\u2501\u2501\u2501
2026-06-10 08:31:43,463  INFO    PASO 1/3 � Descargar backup desde Manager
2026-06-10 08:31:43,464  INFO  \u2501\u2501\u2501\u2501\u2501\u2501\u2501\u2501\u2501\u2501\u2501\u2501\u2501\u2501\u2501\u2501\u2501\u2501\u2501\u2501\u2501\u2501\u2501\u2501\u2501\u2501\u2501\u2501\u2501\u2501\u2501\u2501\u2501\u2501\u2501\u2501\u2501\u2501\u2501\u2501\u2501\u2501\u2501\u2501\u2501\u2501\u2501\u2501\u2501\u2501\u2501\u2501\u2501\u2501\u2501
2026-06-10 08:31:45,156  INFO  =======================================================
2026-06-10 08:31:45,156  INFO    Iniciando descarga autom�tica de backup Manager
2026-06-10 08:31:45,156  INFO  =======================================================
2026-06-10 08:31:45,159  INFO  ====== WebDriver manager ======
2026-06-10 08:31:52,818  INFO  Get LATEST chromedriver version for google-chrome
2026-06-10 08:31:54,494  INFO  Get LATEST chromedriver version for google-chrome
2026-06-10 08:31:55,690  INFO  Driver [C:\Users\atorr\.wdm\drivers\chromedriver\win64\149.0.7827.55\chromedriver-win32/chromedriver.exe] found in cache
2026-06-10 08:32:01,602  INFO  Abriendo login: https://prodkernel.manager.cl/index.html
2026-06-10 08:32:04,758  INFO  Inputs visibles: 3
2026-06-10 08:32:05,849  INFO  Login enviado...
2026-06-10 08:32:09,895  INFO  \u2705 Login exitoso. session_id: 2d20134c...
2026-06-10 08:32:09,895  INFO  Navegando a: https://prodkernel.manager.cl/managerbackups.html?session_id=2d20134ce0243c00acfe5a05946a665d&cd=prodkernel
2026-06-10 08:32:10,298  INFO  Recarga 1/10...
2026-06-10 08:32:14,742  INFO    filas .bak encontradas: 3
2026-06-10 08:32:14,742  INFO  \u2705 Tabla cargada en recarga 1.
2026-06-10 08:32:14,854  INFO    Ignorando: 2026-6-10-T779354202A.bak
2026-06-10 08:32:14,895  INFO    Ignorando: 2026-6-10-T779354202B.bak
2026-06-10 08:32:14,948  INFO  Backup seleccionado: 2026-6-10-T779354202C.bak (2026-06-10 10:10:48+00:00)
2026-06-10 08:32:14,965  INFO  HTML fila completa: <td class="bucket">mng-respaldos-poliuretano</td><td class="Key">2026-6-10-T779354202C.bak</td><td class="LastModified">2026-06-10 10:10:48+00:00</td><td class="Size">0.17 GB</td><td class="presigned_url" style="display: none;">https://mng-respaldos-poliuretano.s3.amazonaws.com/2026-6-10-T779354202C.bak?AWSAccessKeyId=AKIAZPIFFWJDVFW267ZG&amp;Signature=1wgqrvdQh%2FwOuP2Lb52aR04XiKk%3D&amp;Expires=1781095029</td><td><i onclick="downloadbackup($(this).parent().parent())" class="fas fa-download"></
2026-06-10 08:32:17,646  INFO  Descargando 2026-6-10-T779354202C.bak desde S3...
2026-06-10 08:32:32,271  INFO    10 MB / 173 MB (6%)
2026-06-10 08:32:47,838  INFO    21 MB / 173 MB (12%)
2026-06-10 08:33:14,235  INFO    31 MB / 173 MB (18%)
2026-06-10 08:33:51,101  INFO    42 MB / 173 MB (24%)
2026-06-10 08:34:32,309  INFO    52 MB / 173 MB (30%)
2026-06-10 08:35:23,250  INFO    63 MB / 173 MB (36%)
2026-06-10 08:35:49,234  INFO    73 MB / 173 MB (43%)
2026-06-10 08:36:00,629  INFO    84 MB / 173 MB (49%)
2026-06-10 08:36:16,628  INFO    94 MB / 173 MB (55%)
2026-06-10 08:36:25,521  INFO    105 MB / 173 MB (61%)
2026-06-10 08:36:35,609  INFO    115 MB / 173 MB (67%)
2026-06-10 08:36:39,655  INFO    126 MB / 173 MB (73%)
2026-06-10 08:36:42,577  INFO    136 MB / 173 MB (79%)
2026-06-10 08:36:46,749  INFO    147 MB / 173 MB (85%)
2026-06-10 08:36:50,756  INFO    157 MB / 173 MB (91%)
2026-06-10 08:36:59,454  INFO    168 MB / 173 MB (97%)
2026-06-10 08:37:02,058  INFO  \u2705 Descarga completa: 2026-6-10-T779354202C.bak (172.6 MB)
2026-06-10 08:37:02,101  INFO  Backup guardado en: C:\Backups\Manager\2026-6-10-T779354202C_2026-06-10_1781095022.bak
2026-06-10 08:37:02,101  INFO  \u2705 �xito � backup guardado en: C:\Backups\Manager\2026-6-10-T779354202C_2026-06-10_1781095022.bak
2026-06-10 08:37:06,319  WARNING  Retrying (Retry(total=2, connect=None, read=None, redirect=None, status=None)) after connection broken by 'NewConnectionError("HTTPConnection(host='localhost', port=63868): Failed to establish a new connection: [WinError 10061] No se puede establecer una conexi�n ya que el equipo de destino deneg� expresamente dicha conexi�n")': /session/21615cc0946f2fe6dbb5ea4c1f2dd04c
2026-06-10 08:37:10,435  WARNING  Retrying (Retry(total=1, connect=None, read=None, redirect=None, status=None)) after connection broken by 'NewConnectionError("HTTPConnection(host='localhost', port=63868): Failed to establish a new connection: [WinError 10061] No se puede establecer una conexi�n ya que el equipo de destino deneg� expresamente dicha conexi�n")': /session/21615cc0946f2fe6dbb5ea4c1f2dd04c
2026-06-10 08:37:14,531  WARNING  Retrying (Retry(total=0, connect=None, read=None, redirect=None, status=None)) after connection broken by 'NewConnectionError("HTTPConnection(host='localhost', port=63868): Failed to establish a new connection: [WinError 10061] No se puede establecer una conexi�n ya que el equipo de destino deneg� expresamente dicha conexi�n")': /session/21615cc0946f2fe6dbb5ea4c1f2dd04c
2026-06-10 08:37:18,625  INFO  
2026-06-10 08:37:18,625  INFO  \u2501\u2501\u2501\u2501\u2501\u2501\u2501\u2501\u2501\u2501\u2501\u2501\u2501\u2501\u2501\u2501\u2501\u2501\u2501\u2501\u2501\u2501\u2501\u2501\u2501\u2501\u2501\u2501\u2501\u2501\u2501\u2501\u2501\u2501\u2501\u2501\u2501\u2501\u2501\u2501\u2501\u2501\u2501\u2501\u2501\u2501\u2501\u2501\u2501\u2501\u2501\u2501\u2501\u2501\u2501
2026-06-10 08:37:18,626  INFO    PASO 2/3 � Restaurar BD y extraer Ventas Full
2026-06-10 08:37:18,626  INFO  \u2501\u2501\u2501\u2501\u2501\u2501\u2501\u2501\u2501\u2501\u2501\u2501\u2501\u2501\u2501\u2501\u2501\u2501\u2501\u2501\u2501\u2501\u2501\u2501\u2501\u2501\u2501\u2501\u2501\u2501\u2501\u2501\u2501\u2501\u2501\u2501\u2501\u2501\u2501\u2501\u2501\u2501\u2501\u2501\u2501\u2501\u2501\u2501\u2501\u2501\u2501\u2501\u2501\u2501\u2501
2026-06-10 08:37:28,790  INFO  ============================================================
2026-06-10 08:37:28,790  INFO    PASO 1 � Restaurar BD y extraer M�ltiples Reportes
2026-06-10 08:37:28,790  INFO  ============================================================
2026-06-10 08:37:28,813  INFO  Usando .bak de ultimo_bak.txt: 2026-6-10-T779354202C_2026-06-10_1781095022.bak
2026-06-10 08:37:28,813  INFO  Usando backup: 2026-6-10-T779354202C_2026-06-10_1781095022.bak
2026-06-10 08:37:28,813  INFO  Restaurando 2026-6-10-T779354202C_2026-06-10_1781095022.bak como 'T779354202C'...
2026-06-10 08:37:28,829  INFO  Copiando .bak a C:\Program Files\Microsoft SQL Server\MSSQL17.SQLEXPRESS\MSSQL\DATA\2026-6-10-T779354202C_2026-06-10_1781095022.bak...
2026-06-10 08:37:30,677  INFO  Ejecutando RESTORE DATABASE...
2026-06-10 08:38:27,826  INFO  \u2705 BD 'T779354202C' restaurada correctamente.
2026-06-10 08:38:27,952  INFO  Conectando a 'T779354202C' para extraer reportes...
2026-06-10 08:38:28,471  INFO  Ejecutando: Aceros...
C:\Scripts\BackupManager\restaurar_y_extraer.py:158: UserWarning: pandas only supports SQLAlchemy connectable (engine/connection) or database string URI or sqlite3 DBAPI2 connection. Other DBAPI2 objects are not tested. Please consider using SQLAlchemy.
  df = pd.read_sql(sql_listo, conn)
2026-06-10 08:38:30,354  INFO    \u2514\u2500 71 filas extra�das.
2026-06-10 08:38:30,355  INFO  Ejecutando: base_completo...
2026-06-10 08:38:34,034  INFO    \u2514\u2500 9,121 filas extra�das.
2026-06-10 08:38:34,034  INFO  Ejecutando: calendario...
2026-06-10 08:38:34,380  INFO    \u2514\u2500 95 filas extra�das.
2026-06-10 08:38:34,380  INFO  Ejecutando: Consumos_acero...
2026-06-10 08:38:34,667  INFO    \u2514\u2500 169 filas extra�das.
2026-06-10 08:38:34,667  INFO  Ejecutando: Cotizaciones...
2026-06-10 08:38:34,909  INFO    \u2514\u2500 3,475 filas extra�das.
2026-06-10 08:38:34,909  INFO  Ejecutando: Inventario_aceros...
2026-06-10 08:38:34,995  INFO    \u2514\u2500 119 filas extra�das.
2026-06-10 08:38:34,995  INFO  Ejecutando: Notas_de_venta...
2026-06-10 08:38:35,066  INFO    \u2514\u2500 780 filas extra�das.
2026-06-10 08:38:35,066  INFO  Ejecutando: Ordenes_de_Compra...
2026-06-10 08:38:35,642  INFO    \u2514\u2500 287 filas extra�das.
2026-06-10 08:38:35,643  INFO  Ejecutando: Ordenes_de_produccion...
2026-06-10 08:38:36,033  INFO    \u2514\u2500 3,292 filas extra�das.
2026-06-10 08:38:36,033  INFO  Ejecutando: Pendiente_a_facturar...
2026-06-10 08:38:36,086  ERROR    \u2514\u2500 Error ejecutando Pendiente_a_facturar: ('42000', '[42000] [Microsoft][ODBC Driver 17 for SQL Server][SQL Server]ORDER BY items must appear in the select list if SELECT DISTINCT is specified. (145) (SQLExecDirectW)')
2026-06-10 08:38:36,086  INFO  Ejecutando: Productos_Stock...
2026-06-10 08:38:36,146  INFO    \u2514\u2500 125 filas extra�das.
2026-06-10 08:38:36,147  INFO  Ejecutando: Stock_vendido...
2026-06-10 08:38:36,266  INFO    \u2514\u2500 159 filas extra�das.
2026-06-10 08:38:36,266  INFO  Ejecutando: Vales_de_Salida...
2026-06-10 08:38:36,298  ERROR    \u2514\u2500 Error ejecutando Vales_de_Salida: ('42000', '[42000] [Microsoft][ODBC Driver 17 for SQL Server][SQL Server]ORDER BY items must appear in the select list if SELECT DISTINCT is specified. (145) (SQLExecDirectW)')
2026-06-10 08:38:36,299  INFO  Ejecutando: Ventas_Full...
2026-06-10 08:38:39,547  INFO    \u2514\u2500 1,879 filas extra�das.
2026-06-10 08:38:39,548  INFO  Ejecutando: WIP...
2026-06-10 08:38:41,020  INFO    \u2514\u2500 43 filas extra�das.
2026-06-10 08:38:44,632  INFO  Exportando a Excel multipesta�a: C:\Reportes\VentasFull\Reportes_Completos_2026-06-10.xlsx
2026-06-10 08:40:33,967  WARNING    \u2514\u2500 Stock_vendido: columnas duplicadas renombradas
2026-06-10 08:41:00,648  INFO  \u2705 Excel generado: C:\Reportes\VentasFull\Reportes_Completos_2026-06-10.xlsx (2.7 MB)
2026-06-10 08:41:00,650  INFO  \u2705 Proceso Completado \u2192 C:\Reportes\VentasFull\Reportes_Completos_2026-06-10.xlsx
2026-06-10 08:41:00,667  INFO  
2026-06-10 08:41:00,668  INFO  \u2501\u2501\u2501\u2501\u2501\u2501\u2501\u2501\u2501\u2501\u2501\u2501\u2501\u2501\u2501\u2501\u2501\u2501\u2501\u2501\u2501\u2501\u2501\u2501\u2501\u2501\u2501\u2501\u2501\u2501\u2501\u2501\u2501\u2501\u2501\u2501\u2501\u2501\u2501\u2501\u2501\u2501\u2501\u2501\u2501\u2501\u2501\u2501\u2501\u2501\u2501\u2501\u2501\u2501\u2501
2026-06-10 08:41:00,668  INFO    PASO 3/3 � Subir Excel a Google Drive
2026-06-10 08:41:00,668  INFO  \u2501\u2501\u2501\u2501\u2501\u2501\u2501\u2501\u2501\u2501\u2501\u2501\u2501\u2501\u2501\u2501\u2501\u2501\u2501\u2501\u2501\u2501\u2501\u2501\u2501\u2501\u2501\u2501\u2501\u2501\u2501\u2501\u2501\u2501\u2501\u2501\u2501\u2501\u2501\u2501\u2501\u2501\u2501\u2501\u2501\u2501\u2501\u2501\u2501\u2501\u2501\u2501\u2501\u2501\u2501
2026-06-10 08:41:05,495  INFO  =======================================================
2026-06-10 08:41:05,495  INFO    PASO 2 � Subir a Drive y actualizar Google Sheets
2026-06-10 08:41:05,495  INFO  =======================================================
2026-06-10 08:41:05,508  INFO  Procesando: Reportes_Completos_2026-06-10.xlsx (2.7 MB)
2026-06-10 08:41:05,606  INFO  file_cache is only supported with oauth2client<4.0.0
2026-06-10 08:41:05,636  INFO  file_cache is only supported with oauth2client<4.0.0
2026-06-10 08:41:07,272  INFO  Creando Excel nuevo en Drive...
2026-06-10 08:41:10,108  INFO  \u2705 Excel subido a Drive: Reportes_Completos_Actualizado.xlsx
2026-06-10 08:41:10,108  INFO  Leyendo Excel para actualizar Google Sheets...
2026-06-10 08:41:10,145  INFO  Pesta�as encontradas en Excel: ['Aceros', 'base_completo', 'calendario', 'Consumos_acero', 'Cotizaciones', 'Inventario_aceros', 'Notas_de_venta', 'Ordenes_de_Compra', 'Ordenes_de_produccion', 'Productos_Stock', 'Stock_vendido', 'Ventas_Full', 'WIP']
2026-06-10 08:41:11,657  INFO  Actualizando Base Produccion \u2192 'Orden de Produccion' (3,292 filas)...
2026-06-10 08:41:13,232  INFO    Limpiando hoja 'Orden de Produccion'...
2026-06-10 08:41:14,622  INFO    Escribiendo 3,292 filas en 'Orden de Produccion'...
2026-06-10 08:41:17,799  INFO    \u2705 Hoja 'Orden de Produccion' actualizada.
2026-06-10 08:41:17,897  INFO  Actualizando Base Produccion \u2192 'Por Facturar' (95 filas)...
2026-06-10 08:41:18,814  INFO    Limpiando hoja 'Por Facturar'...
2026-06-10 08:41:19,247  INFO    Escribiendo 95 filas en 'Por Facturar'...
2026-06-10 08:41:19,564  INFO    \u2705 Hoja 'Por Facturar' actualizada.
2026-06-10 08:41:19,620  INFO  Actualizando Base Produccion \u2192 'Control Inventario' (119 filas)...
2026-06-10 08:41:20,182  INFO    Limpiando hoja 'Control Inventario'...
2026-06-10 08:41:20,501  INFO    Escribiendo 119 filas en 'Control Inventario'...
2026-06-10 08:41:20,832  INFO    \u2705 Hoja 'Control Inventario' actualizada.
2026-06-10 08:41:21,586  INFO  Actualizando Base Produccion \u2192 'Notas de Venta' (780 filas)...
2026-06-10 08:41:22,239  INFO    Limpiando hoja 'Notas de Venta'...
2026-06-10 08:41:22,579  INFO    Escribiendo 780 filas en 'Notas de Venta'...
2026-06-10 08:41:23,020  INFO    \u2705 Hoja 'Notas de Venta' actualizada.
2026-06-10 08:41:23,069  INFO  Actualizando Base Produccion \u2192 'Vales de Salida' (71 filas)...
2026-06-10 08:41:23,611  INFO    Limpiando hoja 'Vales de Salida'...
2026-06-10 08:41:23,906  INFO    Escribiendo 71 filas en 'Vales de Salida'...
2026-06-10 08:41:24,384  INFO    \u2705 Hoja 'Vales de Salida' actualizada.
2026-06-10 08:41:24,428  INFO  Actualizando Base Produccion \u2192 'Stock' (125 filas)...
2026-06-10 08:41:24,935  INFO    Limpiando hoja 'Stock'...
2026-06-10 08:41:25,222  INFO    Escribiendo 125 filas en 'Stock'...
2026-06-10 08:41:25,842  INFO    \u2705 Hoja 'Stock' actualizada.
2026-06-10 08:41:27,177  INFO  Actualizando Base Produccion \u2192 'Ventas_Full' (1,879 filas)...
2026-06-10 08:41:27,880  INFO    Limpiando hoja 'Ventas_Full'...
2026-06-10 08:41:28,500  INFO    Escribiendo 1,879 filas en 'Ventas_Full'...
2026-06-10 08:41:30,801  INFO    \u2705 Hoja 'Ventas_Full' actualizada.
2026-06-10 08:41:30,838  INFO  Actualizando Base Produccion \u2192 'WIP' (43 filas)...
2026-06-10 08:41:31,389  INFO    Limpiando hoja 'WIP'...
2026-06-10 08:41:31,680  INFO    Escribiendo 43 filas en 'WIP'...
2026-06-10 08:41:31,960  INFO    \u2705 Hoja 'WIP' actualizada.
2026-06-10 08:41:32,017  INFO  Actualizando Base Produccion \u2192 'Stock Vendido' (159 filas)...
2026-06-10 08:41:32,692  INFO    Limpiando hoja 'Stock Vendido'...
2026-06-10 08:41:32,988  INFO    Escribiendo 159 filas en 'Stock Vendido'...
2026-06-10 08:41:33,352  INFO    \u2705 Hoja 'Stock Vendido' actualizada.
2026-06-10 08:41:33,405  INFO  Actualizando Base Produccion \u2192 'Consumos Acero' (169 filas)...
2026-06-10 08:41:33,946  INFO    Limpiando hoja 'Consumos Acero'...
2026-06-10 08:41:34,256  INFO    Escribiendo 169 filas en 'Consumos Acero'...
2026-06-10 08:41:34,586  INFO    \u2705 Hoja 'Consumos Acero' actualizada.
2026-06-10 08:41:35,808  INFO  Actualizando Presupuestos \u2192 'Ventas Full Manager' (1,879 filas)...
2026-06-10 08:41:36,757  INFO    Limpiando hoja 'Ventas Full Manager'...
2026-06-10 08:41:37,352  INFO    Escribiendo 1,879 filas en 'Ventas Full Manager'...
2026-06-10 08:41:39,315  INFO    \u2705 Hoja 'Ventas Full Manager' actualizada.
2026-06-10 08:41:39,504  INFO  Actualizando Presupuestos \u2192 'Notas de Venta' (780 filas)...
2026-06-10 08:41:40,258  INFO    Limpiando hoja 'Notas de Venta'...
2026-06-10 08:41:40,630  INFO    Escribiendo 780 filas en 'Notas de Venta'...
2026-06-10 08:41:41,095  INFO    \u2705 Hoja 'Notas de Venta' actualizada.
2026-06-10 08:41:41,802  INFO  Actualizando Presupuestos \u2192 'Cotizaciones' (3,475 filas)...
2026-06-10 08:41:43,887  INFO    Limpiando hoja 'Cotizaciones'...
2026-06-10 08:41:44,394  INFO    Escribiendo 3,475 filas en 'Cotizaciones'...
2026-06-10 08:41:45,435  INFO    \u2705 Hoja 'Cotizaciones' actualizada.
2026-06-10 08:41:45,490  INFO  Actualizando Presupuestos \u2192 'Calendario' (95 filas)...
2026-06-10 08:41:46,169  INFO    Limpiando hoja 'Calendario'...
2026-06-10 08:41:46,641  INFO    Escribiendo 95 filas en 'Calendario'...
2026-06-10 08:41:46,960  INFO    \u2705 Hoja 'Calendario' actualizada.
2026-06-10 08:41:46,961  INFO  
2026-06-10 08:41:46,961  INFO  \u2705 Todo actualizado:
2026-06-10 08:41:46,961  INFO     \U0001f4c1 Drive: Reportes_Completos_Actualizado.xlsx
2026-06-10 08:41:46,961  INFO     \U0001f4ca Base Produccion: ['Orden de Produccion', 'Por Facturar', 'Control Inventario', 'Notas de Venta', 'Vales de Salida', 'Stock', 'Ventas_Full', 'WIP', 'Stock Vendido', 'Consumos Acero']
2026-06-10 08:41:46,961  INFO     \U0001f4ca Presupuestos: Ventas Full Manager
2026-06-10 08:41:46,964  INFO  
2026-06-10 08:41:46,964  INFO  \u2554\u2550\u2550\u2550\u2550\u2550\u2550\u2550\u2550\u2550\u2550\u2550\u2550\u2550\u2550\u2550\u2550\u2550\u2550\u2550\u2550\u2550\u2550\u2550\u2550\u2550\u2550\u2550\u2550\u2550\u2550\u2550\u2550\u2550\u2550\u2550\u2550\u2550\u2550\u2550\u2550\u2550\u2550\u2550\u2550\u2550\u2550\u2550\u2550\u2550\u2550\u2550\u2550\u2550\u2557
2026-06-10 08:41:46,966  INFO  \u2551  \u2705 PIPELINE COMPLETADO en 603s                      \u2551
2026-06-10 08:41:46,966  INFO  \u2551  \U0001f4ca Excel en Drive: VentasFull_Actualizado.xlsx      \u2551
2026-06-10 08:41:46,966  INFO  \u255a\u2550\u2550\u2550\u2550\u2550\u2550\u2550\u2550\u2550\u2550\u2550\u2550\u2550\u2550\u2550\u2550\u2550\u2550\u2550\u2550\u2550\u2550\u2550\u2550\u2550\u2550\u2550\u2550\u2550\u2550\u2550\u2550\u2550\u2550\u2550\u2550\u2550\u2550\u2550\u2550\u2550\u2550\u2550\u2550\u2550\u2550\u2550\u2550\u2550\u2550\u2550\u2550\u2550\u255d
10/06/2026  8:41:47.64 - Pipeline completado OK 
12/06/2026  8:35:15.34 - Iniciando pipeline 
2026-06-12 08:35:15,545  INFO  \u2554\u2550\u2550\u2550\u2550\u2550\u2550\u2550\u2550\u2550\u2550\u2550\u2550\u2550\u2550\u2550\u2550\u2550\u2550\u2550\u2550\u2550\u2550\u2550\u2550\u2550\u2550\u2550\u2550\u2550\u2550\u2550\u2550\u2550\u2550\u2550\u2550\u2550\u2550\u2550\u2550\u2550\u2550\u2550\u2550\u2550\u2550\u2550\u2550\u2550\u2550\u2550\u2550\u2550\u2557
2026-06-12 08:35:15,546  INFO  \u2551   PIPELINE VENTAS FULL � Inicio: 2026-06-12 08:35   \u2551
2026-06-12 08:35:15,546  INFO  \u255a\u2550\u2550\u2550\u2550\u2550\u2550\u2550\u2550\u2550\u2550\u2550\u2550\u2550\u2550\u2550\u2550\u2550\u2550\u2550\u2550\u2550\u2550\u2550\u2550\u2550\u2550\u2550\u2550\u2550\u2550\u2550\u2550\u2550\u2550\u2550\u2550\u2550\u2550\u2550\u2550\u2550\u2550\u2550\u2550\u2550\u2550\u2550\u2550\u2550\u2550\u2550\u2550\u2550\u255d
2026-06-12 08:35:15,546  INFO  
2026-06-12 08:35:15,546  INFO  \u2501\u2501\u2501\u2501\u2501\u2501\u2501\u2501\u2501\u2501\u2501\u2501\u2501\u2501\u2501\u2501\u2501\u2501\u2501\u2501\u2501\u2501\u2501\u2501\u2501\u2501\u2501\u2501\u2501\u2501\u2501\u2501\u2501\u2501\u2501\u2501\u2501\u2501\u2501\u2501\u2501\u2501\u2501\u2501\u2501\u2501\u2501\u2501\u2501\u2501\u2501\u2501\u2501\u2501\u2501
2026-06-12 08:35:15,546  INFO    PASO 1/3 � Descargar backup desde Manager
2026-06-12 08:35:15,546  INFO  \u2501\u2501\u2501\u2501\u2501\u2501\u2501\u2501\u2501\u2501\u2501\u2501\u2501\u2501\u2501\u2501\u2501\u2501\u2501\u2501\u2501\u2501\u2501\u2501\u2501\u2501\u2501\u2501\u2501\u2501\u2501\u2501\u2501\u2501\u2501\u2501\u2501\u2501\u2501\u2501\u2501\u2501\u2501\u2501\u2501\u2501\u2501\u2501\u2501\u2501\u2501\u2501\u2501\u2501\u2501
2026-06-12 08:35:16,570  INFO  =======================================================
2026-06-12 08:35:16,570  INFO    Iniciando descarga autom�tica de backup Manager
2026-06-12 08:35:16,570  INFO  =======================================================
2026-06-12 08:35:16,571  INFO  ====== WebDriver manager ======
2026-06-12 08:35:19,685  INFO  Get LATEST chromedriver version for google-chrome
2026-06-12 08:35:20,147  INFO  Get LATEST chromedriver version for google-chrome
2026-06-12 08:35:20,484  INFO  Driver [C:\Users\atorr\.wdm\drivers\chromedriver\win64\149.0.7827.115\chromedriver-win32/chromedriver.exe] found in cache
2026-06-12 08:35:24,022  INFO  Abriendo login: https://prodkernel.manager.cl/index.html
2026-06-12 08:35:26,018  INFO  Inputs visibles: 3
2026-06-12 08:35:26,326  INFO  Login enviado...
2026-06-12 08:35:30,339  INFO  \u2705 Login exitoso. session_id: a9c01e17...
2026-06-12 08:35:30,340  INFO  Navegando a: https://prodkernel.manager.cl/managerbackups.html?session_id=a9c01e17fe83c210da4ea03f0ec3c9b2&cd=prodkernel
2026-06-12 08:35:30,445  INFO  Recarga 1/10...
2026-06-12 08:35:34,529  INFO    filas .bak encontradas: 0
2026-06-12 08:35:34,529  INFO  Recarga 2/10...
2026-06-12 08:35:38,599  INFO    filas .bak encontradas: 3
2026-06-12 08:35:38,600  INFO  \u2705 Tabla cargada en recarga 2.
2026-06-12 08:35:38,635  INFO    Ignorando: 2026-6-12-T779354202A.bak
2026-06-12 08:35:38,659  INFO    Ignorando: 2026-6-12-T779354202B.bak
2026-06-12 08:35:38,683  INFO  Backup seleccionado: 2026-6-12-T779354202C.bak (2026-06-12 10:10:48+00:00)
2026-06-12 08:35:38,690  INFO  HTML fila completa: <td class="bucket">mng-respaldos-poliuretano</td><td class="Key">2026-6-12-T779354202C.bak</td><td class="LastModified">2026-06-12 10:10:48+00:00</td><td class="Size">0.18 GB</td><td class="presigned_url" style="display: none;">https://mng-respaldos-poliuretano.s3.amazonaws.com/2026-6-12-T779354202C.bak?AWSAccessKeyId=AKIAZPIFFWJDVFW267ZG&amp;Signature=zQx6pnaHqI4C5SiZNqItpC8Ab14%3D&amp;Expires=1781268032</td><td><i onclick="downloadbackup($(this).parent().parent())" class="fas fa-download"></i>
2026-06-12 08:35:40,918  INFO  Descargando 2026-6-12-T779354202C.bak desde S3...
2026-06-12 08:35:50,524  INFO    10 MB / 179 MB (6%)
2026-06-12 08:35:55,152  INFO    21 MB / 179 MB (12%)
2026-06-12 08:35:57,683  INFO    31 MB / 179 MB (18%)
2026-06-12 08:36:01,184  INFO    42 MB / 179 MB (23%)
2026-06-12 08:36:05,480  INFO    52 MB / 179 MB (29%)
2026-06-12 08:36:09,716  INFO    63 MB / 179 MB (35%)
2026-06-12 08:36:13,649  INFO    73 MB / 179 MB (41%)
2026-06-12 08:36:19,177  INFO    84 MB / 179 MB (47%)
2026-06-12 08:36:28,250  INFO    94 MB / 179 MB (53%)
2026-06-12 08:36:31,065  INFO    105 MB / 179 MB (58%)
2026-06-12 08:36:33,176  INFO    115 MB / 179 MB (64%)
2026-06-12 08:36:35,774  INFO    126 MB / 179 MB (70%)
2026-06-12 08:36:38,731  INFO    136 MB / 179 MB (76%)
2026-06-12 08:36:43,744  INFO    147 MB / 179 MB (82%)
2026-06-12 08:36:48,967  INFO    157 MB / 179 MB (88%)
2026-06-12 08:36:53,806  INFO    168 MB / 179 MB (94%)
2026-06-12 08:36:57,756  INFO    178 MB / 179 MB (99%)
2026-06-12 08:36:58,089  INFO  \u2705 Descarga completa: 2026-6-12-T779354202C.bak (179.4 MB)
2026-06-12 08:36:58,095  INFO  Backup guardado en: C:\Backups\Manager\2026-6-12-T779354202C_2026-06-12_1781267818.bak
2026-06-12 08:36:58,095  INFO  \u2705 �xito � backup guardado en: C:\Backups\Manager\2026-6-12-T779354202C_2026-06-12_1781267818.bak
2026-06-12 08:37:02,195  WARNING  Retrying (Retry(total=2, connect=None, read=None, redirect=None, status=None)) after connection broken by 'NewConnectionError("HTTPConnection(host='localhost', port=59798): Failed to establish a new connection: [WinError 10061] No se puede establecer una conexi�n ya que el equipo de destino deneg� expresamente dicha conexi�n")': /session/9796aa63d416dc17db5888da346da355
2026-06-12 08:37:06,298  WARNING  Retrying (Retry(total=1, connect=None, read=None, redirect=None, status=None)) after connection broken by 'NewConnectionError("HTTPConnection(host='localhost', port=59798): Failed to establish a new connection: [WinError 10061] No se puede establecer una conexi�n ya que el equipo de destino deneg� expresamente dicha conexi�n")': /session/9796aa63d416dc17db5888da346da355
2026-06-12 08:37:10,378  WARNING  Retrying (Retry(total=0, connect=None, read=None, redirect=None, status=None)) after connection broken by 'NewConnectionError("HTTPConnection(host='localhost', port=59798): Failed to establish a new connection: [WinError 10061] No se puede establecer una conexi�n ya que el equipo de destino deneg� expresamente dicha conexi�n")': /session/9796aa63d416dc17db5888da346da355
2026-06-12 08:37:14,474  INFO  
2026-06-12 08:37:14,474  INFO  \u2501\u2501\u2501\u2501\u2501\u2501\u2501\u2501\u2501\u2501\u2501\u2501\u2501\u2501\u2501\u2501\u2501\u2501\u2501\u2501\u2501\u2501\u2501\u2501\u2501\u2501\u2501\u2501\u2501\u2501\u2501\u2501\u2501\u2501\u2501\u2501\u2501\u2501\u2501\u2501\u2501\u2501\u2501\u2501\u2501\u2501\u2501\u2501\u2501\u2501\u2501\u2501\u2501\u2501\u2501
2026-06-12 08:37:14,474  INFO    PASO 2/3 � Restaurar BD y extraer Ventas Full
2026-06-12 08:37:14,474  INFO  \u2501\u2501\u2501\u2501\u2501\u2501\u2501\u2501\u2501\u2501\u2501\u2501\u2501\u2501\u2501\u2501\u2501\u2501\u2501\u2501\u2501\u2501\u2501\u2501\u2501\u2501\u2501\u2501\u2501\u2501\u2501\u2501\u2501\u2501\u2501\u2501\u2501\u2501\u2501\u2501\u2501\u2501\u2501\u2501\u2501\u2501\u2501\u2501\u2501\u2501\u2501\u2501\u2501\u2501\u2501
2026-06-12 08:37:20,290  INFO  ============================================================
2026-06-12 08:37:20,290  INFO    PASO 1 � Restaurar BD y extraer M�ltiples Reportes
2026-06-12 08:37:20,290  INFO  ============================================================
2026-06-12 08:37:20,303  INFO  Usando .bak de ultimo_bak.txt: 2026-6-12-T779354202C_2026-06-12_1781267818.bak
2026-06-12 08:37:20,303  INFO  Usando backup: 2026-6-12-T779354202C_2026-06-12_1781267818.bak
2026-06-12 08:37:20,303  INFO  Restaurando 2026-6-12-T779354202C_2026-06-12_1781267818.bak como 'T779354202C'...
2026-06-12 08:37:20,304  INFO  Copiando .bak a C:\Program Files\Microsoft SQL Server\MSSQL17.SQLEXPRESS\MSSQL\DATA\2026-6-12-T779354202C_2026-06-12_1781267818.bak...
2026-06-12 08:37:21,061  INFO  Ejecutando RESTORE DATABASE...
2026-06-12 08:38:05,517  INFO  \u2705 BD 'T779354202C' restaurada correctamente.
2026-06-12 08:38:05,518  INFO  Conectando a 'T779354202C' para extraer reportes...
2026-06-12 08:38:05,570  INFO  Ejecutando: Aceros...
C:\Scripts\BackupManager\restaurar_y_extraer.py:158: UserWarning: pandas only supports SQLAlchemy connectable (engine/connection) or database string URI or sqlite3 DBAPI2 connection. Other DBAPI2 objects are not tested. Please consider using SQLAlchemy.
  df = pd.read_sql(sql_listo, conn)
2026-06-12 08:38:05,869  INFO    \u2514\u2500 71 filas extra�das.
2026-06-12 08:38:05,870  INFO  Ejecutando: base_completo...
2026-06-12 08:38:07,686  INFO    \u2514\u2500 9,184 filas extra�das.
2026-06-12 08:38:07,686  INFO  Ejecutando: calendario...
2026-06-12 08:38:07,909  INFO    \u2514\u2500 94 filas extra�das.
2026-06-12 08:38:07,910  INFO  Ejecutando: Consumos_acero...
2026-06-12 08:38:08,066  INFO    \u2514\u2500 185 filas extra�das.
2026-06-12 08:38:08,066  INFO  Ejecutando: Cotizaciones...
2026-06-12 08:38:08,169  INFO    \u2514\u2500 3,518 filas extra�das.
2026-06-12 08:38:08,169  INFO  Ejecutando: Inventario_aceros...
2026-06-12 08:38:08,209  INFO    \u2514\u2500 122 filas extra�das.
2026-06-12 08:38:08,209  INFO  Ejecutando: Notas_de_venta...
2026-06-12 08:38:08,255  INFO    \u2514\u2500 791 filas extra�das.
2026-06-12 08:38:08,256  INFO  Ejecutando: Ordenes_de_Compra...
2026-06-12 08:38:08,411  INFO    \u2514\u2500 287 filas extra�das.
2026-06-12 08:38:08,411  INFO  Ejecutando: Ordenes_de_produccion...
2026-06-12 08:38:08,666  INFO    \u2514\u2500 3,320 filas extra�das.
2026-06-12 08:38:08,666  INFO  Ejecutando: Pendiente_a_facturar...
2026-06-12 08:38:08,686  ERROR    \u2514\u2500 Error ejecutando Pendiente_a_facturar: ('42000', '[42000] [Microsoft][ODBC Driver 17 for SQL Server][SQL Server]ORDER BY items must appear in the select list if SELECT DISTINCT is specified. (145) (SQLExecDirectW)')
2026-06-12 08:38:08,686  INFO  Ejecutando: Productos_Stock...
2026-06-12 08:38:08,720  INFO    \u2514\u2500 125 filas extra�das.
2026-06-12 08:38:08,720  INFO  Ejecutando: Stock_vendido...
2026-06-12 08:38:08,786  INFO    \u2514\u2500 160 filas extra�das.
2026-06-12 08:38:08,786  INFO  Ejecutando: Vales_de_Salida...
2026-06-12 08:38:08,809  ERROR    \u2514\u2500 Error ejecutando Vales_de_Salida: ('42000', '[42000] [Microsoft][ODBC Driver 17 for SQL Server][SQL Server]ORDER BY items must appear in the select list if SELECT DISTINCT is specified. (145) (SQLExecDirectW)')
2026-06-12 08:38:08,810  INFO  Ejecutando: Ventas_Full...
2026-06-12 08:38:09,362  INFO    \u2514\u2500 1,916 filas extra�das.
2026-06-12 08:38:09,363  INFO  Ejecutando: WIP...
2026-06-12 08:38:09,421  INFO    \u2514\u2500 43 filas extra�das.
2026-06-12 08:38:09,424  INFO  Exportando a Excel multipesta�a: C:\Reportes\VentasFull\Reportes_Completos_2026-06-12.xlsx
2026-06-12 08:39:31,809  WARNING    \u2514\u2500 Stock_vendido: columnas duplicadas renombradas
2026-06-12 08:39:58,001  INFO  \u2705 Excel generado: C:\Reportes\VentasFull\Reportes_Completos_2026-06-12.xlsx (2.8 MB)
2026-06-12 08:39:58,003  INFO  \u2705 Proceso Completado \u2192 C:\Reportes\VentasFull\Reportes_Completos_2026-06-12.xlsx
2026-06-12 08:39:58,018  INFO  
2026-06-12 08:39:58,018  INFO  \u2501\u2501\u2501\u2501\u2501\u2501\u2501\u2501\u2501\u2501\u2501\u2501\u2501\u2501\u2501\u2501\u2501\u2501\u2501\u2501\u2501\u2501\u2501\u2501\u2501\u2501\u2501\u2501\u2501\u2501\u2501\u2501\u2501\u2501\u2501\u2501\u2501\u2501\u2501\u2501\u2501\u2501\u2501\u2501\u2501\u2501\u2501\u2501\u2501\u2501\u2501\u2501\u2501\u2501\u2501
2026-06-12 08:39:58,018  INFO    PASO 3/3 � Subir Excel a Google Drive
2026-06-12 08:39:58,018  INFO  \u2501\u2501\u2501\u2501\u2501\u2501\u2501\u2501\u2501\u2501\u2501\u2501\u2501\u2501\u2501\u2501\u2501\u2501\u2501\u2501\u2501\u2501\u2501\u2501\u2501\u2501\u2501\u2501\u2501\u2501\u2501\u2501\u2501\u2501\u2501\u2501\u2501\u2501\u2501\u2501\u2501\u2501\u2501\u2501\u2501\u2501\u2501\u2501\u2501\u2501\u2501\u2501\u2501\u2501\u2501
2026-06-12 08:40:02,736  INFO  =======================================================
2026-06-12 08:40:02,736  INFO    PASO 2 � Subir a Drive y actualizar Google Sheets
2026-06-12 08:40:02,736  INFO  =======================================================
2026-06-12 08:40:02,749  INFO  Procesando: Reportes_Completos_2026-06-12.xlsx (2.8 MB)
2026-06-12 08:40:02,847  INFO  file_cache is only supported with oauth2client<4.0.0
2026-06-12 08:40:02,876  INFO  file_cache is only supported with oauth2client<4.0.0
2026-06-12 08:40:04,388  INFO  Creando Excel nuevo en Drive...
2026-06-12 08:40:07,746  INFO  \u2705 Excel subido a Drive: Reportes_Completos_Actualizado.xlsx
2026-06-12 08:40:07,746  INFO  Leyendo Excel para actualizar Google Sheets...
2026-06-12 08:40:07,777  INFO  Pesta�as encontradas en Excel: ['Aceros', 'base_completo', 'calendario', 'Consumos_acero', 'Cotizaciones', 'Inventario_aceros', 'Notas_de_venta', 'Ordenes_de_Compra', 'Ordenes_de_produccion', 'Productos_Stock', 'Stock_vendido', 'Ventas_Full', 'WIP']
2026-06-12 08:40:09,339  INFO  Actualizando Base Produccion \u2192 'Orden de Produccion' (3,320 filas)...
2026-06-12 08:40:10,720  INFO    Limpiando hoja 'Orden de Produccion'...
2026-06-12 08:40:11,690  INFO    Escribiendo 3,320 filas en 'Orden de Produccion'...
2026-06-12 08:40:14,306  INFO    \u2705 Hoja 'Orden de Produccion' actualizada.
2026-06-12 08:40:14,432  INFO  Actualizando Base Produccion \u2192 'Por Facturar' (94 filas)...
2026-06-12 08:40:15,085  INFO    Limpiando hoja 'Por Facturar'...
2026-06-12 08:40:15,401  INFO    Escribiendo 94 filas en 'Por Facturar'...
2026-06-12 08:40:15,690  INFO    \u2705 Hoja 'Por Facturar' actualizada.
2026-06-12 08:40:15,760  INFO  Actualizando Base Produccion \u2192 'Control Inventario' (122 filas)...
2026-06-12 08:40:16,345  INFO    Limpiando hoja 'Control Inventario'...
2026-06-12 08:40:16,675  INFO    Escribiendo 122 filas en 'Control Inventario'...
2026-06-12 08:40:17,026  INFO    \u2705 Hoja 'Control Inventario' actualizada.
2026-06-12 08:40:17,864  INFO  Actualizando Base Produccion \u2192 'Notas de Venta' (791 filas)...
2026-06-12 08:40:18,446  INFO    Limpiando hoja 'Notas de Venta'...
2026-06-12 08:40:18,820  INFO    Escribiendo 791 filas en 'Notas de Venta'...
2026-06-12 08:40:19,271  INFO    \u2705 Hoja 'Notas de Venta' actualizada.
2026-06-12 08:40:19,303  INFO  Actualizando Base Produccion \u2192 'Vales de Salida' (71 filas)...
2026-06-12 08:40:19,872  INFO    Limpiando hoja 'Vales de Salida'...
2026-06-12 08:40:20,196  INFO    Escribiendo 71 filas en 'Vales de Salida'...
2026-06-12 08:40:20,510  INFO    \u2705 Hoja 'Vales de Salida' actualizada.
2026-06-12 08:40:20,558  INFO  Actualizando Base Produccion \u2192 'Stock' (125 filas)...
2026-06-12 08:40:21,084  INFO    Limpiando hoja 'Stock'...
2026-06-12 08:40:21,386  INFO    Escribiendo 125 filas en 'Stock'...
2026-06-12 08:40:21,663  INFO    \u2705 Hoja 'Stock' actualizada.
2026-06-12 08:40:22,974  INFO  Actualizando Base Produccion \u2192 'Ventas_Full' (1,916 filas)...
2026-06-12 08:40:23,471  INFO    Limpiando hoja 'Ventas_Full'...
2026-06-12 08:40:24,080  INFO    Escribiendo 1,916 filas en 'Ventas_Full'...
2026-06-12 08:40:26,195  INFO    \u2705 Hoja 'Ventas_Full' actualizada.
2026-06-12 08:40:26,358  INFO  Actualizando Base Produccion \u2192 'WIP' (43 filas)...
2026-06-12 08:40:26,961  INFO    Limpiando hoja 'WIP'...
2026-06-12 08:40:27,288  INFO    Escribiendo 43 filas en 'WIP'...
2026-06-12 08:40:27,579  INFO    \u2705 Hoja 'WIP' actualizada.
2026-06-12 08:40:27,653  INFO  Actualizando Base Produccion \u2192 'Stock Vendido' (160 filas)...
2026-06-12 08:40:28,176  INFO    Limpiando hoja 'Stock Vendido'...
2026-06-12 08:40:28,495  INFO    Escribiendo 160 filas en 'Stock Vendido'...
2026-06-12 08:40:28,832  INFO    \u2705 Hoja 'Stock Vendido' actualizada.
2026-06-12 08:40:28,916  INFO  Actualizando Base Produccion \u2192 'Consumos Acero' (185 filas)...
2026-06-12 08:40:29,434  INFO    Limpiando hoja 'Consumos Acero'...
2026-06-12 08:40:29,737  INFO    Escribiendo 185 filas en 'Consumos Acero'...
2026-06-12 08:40:30,050  INFO    \u2705 Hoja 'Consumos Acero' actualizada.
2026-06-12 08:40:31,491  INFO  Actualizando Presupuestos \u2192 'Ventas Full Manager' (1,916 filas)...
2026-06-12 08:40:32,427  INFO    Limpiando hoja 'Ventas Full Manager'...
2026-06-12 08:40:33,775  INFO    Escribiendo 1,916 filas en 'Ventas Full Manager'...
2026-06-12 08:40:35,670  INFO    \u2705 Hoja 'Ventas Full Manager' actualizada.
2026-06-12 08:40:35,858  INFO  Actualizando Presupuestos \u2192 'Notas de Venta' (791 filas)...
2026-06-12 08:40:36,521  INFO    Limpiando hoja 'Notas de Venta'...
2026-06-12 08:40:36,836  INFO    Escribiendo 791 filas en 'Notas de Venta'...
2026-06-12 08:40:37,213  INFO    \u2705 Hoja 'Notas de Venta' actualizada.
2026-06-12 08:40:38,162  INFO  Actualizando Presupuestos \u2192 'Cotizaciones' (3,518 filas)...
2026-06-12 08:40:38,772  INFO    Limpiando hoja 'Cotizaciones'...
2026-06-12 08:40:39,308  INFO    Escribiendo 3,518 filas en 'Cotizaciones'...
2026-06-12 08:40:40,101  INFO    \u2705 Hoja 'Cotizaciones' actualizada.
2026-06-12 08:40:40,177  INFO  Actualizando Presupuestos \u2192 'Calendario' (94 filas)...
2026-06-12 08:40:40,788  INFO    Limpiando hoja 'Calendario'...
2026-06-12 08:40:41,068  INFO    Escribiendo 94 filas en 'Calendario'...
2026-06-12 08:40:41,384  INFO    \u2705 Hoja 'Calendario' actualizada.
2026-06-12 08:40:41,385  INFO  
2026-06-12 08:40:41,385  INFO  \u2705 Todo actualizado:
2026-06-12 08:40:41,385  INFO     \U0001f4c1 Drive: Reportes_Completos_Actualizado.xlsx
2026-06-12 08:40:41,388  INFO     \U0001f4ca Base Produccion: ['Orden de Produccion', 'Por Facturar', 'Control Inventario', 'Notas de Venta', 'Vales de Salida', 'Stock', 'Ventas_Full', 'WIP', 'Stock Vendido', 'Consumos Acero']
2026-06-12 08:40:41,388  INFO     \U0001f4ca Presupuestos: Ventas Full Manager
2026-06-12 08:40:41,391  INFO  
2026-06-12 08:40:41,392  INFO  \u2554\u2550\u2550\u2550\u2550\u2550\u2550\u2550\u2550\u2550\u2550\u2550\u2550\u2550\u2550\u2550\u2550\u2550\u2550\u2550\u2550\u2550\u2550\u2550\u2550\u2550\u2550\u2550\u2550\u2550\u2550\u2550\u2550\u2550\u2550\u2550\u2550\u2550\u2550\u2550\u2550\u2550\u2550\u2550\u2550\u2550\u2550\u2550\u2550\u2550\u2550\u2550\u2550\u2550\u2557
2026-06-12 08:40:41,392  INFO  \u2551  \u2705 PIPELINE COMPLETADO en 325s                      \u2551
2026-06-12 08:40:41,392  INFO  \u2551  \U0001f4ca Excel en Drive: VentasFull_Actualizado.xlsx      \u2551
2026-06-12 08:40:41,393  INFO  \u255a\u2550\u2550\u2550\u2550\u2550\u2550\u2550\u2550\u2550\u2550\u2550\u2550\u2550\u2550\u2550\u2550\u2550\u2550\u2550\u2550\u2550\u2550\u2550\u2550\u2550\u2550\u2550\u2550\u2550\u2550\u2550\u2550\u2550\u2550\u2550\u2550\u2550\u2550\u2550\u2550\u2550\u2550\u2550\u2550\u2550\u2550\u2550\u2550\u2550\u2550\u2550\u2550\u2550\u255d
12/06/2026  8:40:42.26 - Pipeline completado OK 
15/06/2026  8:44:14.19 - Iniciando pipeline 
2026-06-15 08:44:14,411  INFO  \u2554\u2550\u2550\u2550\u2550\u2550\u2550\u2550\u2550\u2550\u2550\u2550\u2550\u2550\u2550\u2550\u2550\u2550\u2550\u2550\u2550\u2550\u2550\u2550\u2550\u2550\u2550\u2550\u2550\u2550\u2550\u2550\u2550\u2550\u2550\u2550\u2550\u2550\u2550\u2550\u2550\u2550\u2550\u2550\u2550\u2550\u2550\u2550\u2550\u2550\u2550\u2550\u2550\u2550\u2557
2026-06-15 08:44:14,413  INFO  \u2551   PIPELINE VENTAS FULL � Inicio: 2026-06-15 08:44   \u2551
2026-06-15 08:44:14,413  INFO  \u255a\u2550\u2550\u2550\u2550\u2550\u2550\u2550\u2550\u2550\u2550\u2550\u2550\u2550\u2550\u2550\u2550\u2550\u2550\u2550\u2550\u2550\u2550\u2550\u2550\u2550\u2550\u2550\u2550\u2550\u2550\u2550\u2550\u2550\u2550\u2550\u2550\u2550\u2550\u2550\u2550\u2550\u2550\u2550\u2550\u2550\u2550\u2550\u2550\u2550\u2550\u2550\u2550\u2550\u255d
2026-06-15 08:44:14,413  INFO  
2026-06-15 08:44:14,413  INFO  \u2501\u2501\u2501\u2501\u2501\u2501\u2501\u2501\u2501\u2501\u2501\u2501\u2501\u2501\u2501\u2501\u2501\u2501\u2501\u2501\u2501\u2501\u2501\u2501\u2501\u2501\u2501\u2501\u2501\u2501\u2501\u2501\u2501\u2501\u2501\u2501\u2501\u2501\u2501\u2501\u2501\u2501\u2501\u2501\u2501\u2501\u2501\u2501\u2501\u2501\u2501\u2501\u2501\u2501\u2501
2026-06-15 08:44:14,414  INFO    PASO 1/3 � Descargar backup desde Manager
2026-06-15 08:44:14,414  INFO  \u2501\u2501\u2501\u2501\u2501\u2501\u2501\u2501\u2501\u2501\u2501\u2501\u2501\u2501\u2501\u2501\u2501\u2501\u2501\u2501\u2501\u2501\u2501\u2501\u2501\u2501\u2501\u2501\u2501\u2501\u2501\u2501\u2501\u2501\u2501\u2501\u2501\u2501\u2501\u2501\u2501\u2501\u2501\u2501\u2501\u2501\u2501\u2501\u2501\u2501\u2501\u2501\u2501\u2501\u2501
2026-06-15 08:44:15,264  INFO  =======================================================
2026-06-15 08:44:15,264  INFO    Iniciando descarga autom�tica de backup Manager
2026-06-15 08:44:15,264  INFO  =======================================================
2026-06-15 08:44:15,265  INFO  ====== WebDriver manager ======
2026-06-15 08:44:16,711  INFO  Get LATEST chromedriver version for google-chrome
2026-06-15 08:44:17,178  INFO  Get LATEST chromedriver version for google-chrome
2026-06-15 08:44:17,741  INFO  Driver [C:\Users\atorr\.wdm\drivers\chromedriver\win64\149.0.7827.115\chromedriver-win32/chromedriver.exe] found in cache
2026-06-15 08:44:21,809  INFO  Abriendo login: https://prodkernel.manager.cl/index.html
2026-06-15 08:44:23,894  INFO  Inputs visibles: 3
2026-06-15 08:44:24,265  INFO  Login enviado...
2026-06-15 08:44:28,284  INFO  \u2705 Login exitoso. session_id: fee795db...
2026-06-15 08:44:28,285  INFO  Navegando a: https://prodkernel.manager.cl/managerbackups.html?session_id=fee795dbadb6dc5991d38d9175d967bf&cd=prodkernel
2026-06-15 08:44:28,400  INFO  Recarga 1/10...
2026-06-15 08:44:32,529  INFO    filas .bak encontradas: 3
2026-06-15 08:44:32,529  INFO  \u2705 Tabla cargada en recarga 1.
2026-06-15 08:44:32,617  INFO    Ignorando: 2026-6-15-T779354202A.bak
2026-06-15 08:44:32,678  INFO    Ignorando: 2026-6-15-T779354202B.bak
2026-06-15 08:44:32,706  INFO  Backup seleccionado: 2026-6-15-T779354202C.bak (2026-06-15 10:12:58+00:00)
2026-06-15 08:44:32,715  INFO  HTML fila completa: <td class="bucket">mng-respaldos-poliuretano</td><td class="Key">2026-6-15-T779354202C.bak</td><td class="LastModified">2026-06-15 10:12:58+00:00</td><td class="Size">0.18 GB</td><td class="presigned_url" style="display: none;">https://mng-respaldos-poliuretano.s3.amazonaws.com/2026-6-15-T779354202C.bak?AWSAccessKeyId=AKIAZPIFFWJDVFW267ZG&amp;Signature=GwGDP9eBNHWFM2bJBk7F%2FADE8C4%3D&amp;Expires=1781527763</td><td><i onclick="downloadbackup($(this).parent().parent())" class="fas fa-download"></
2026-06-15 08:44:35,057  INFO  Descargando 2026-6-15-T779354202C.bak desde S3...
2026-06-15 08:44:43,122  INFO    10 MB / 179 MB (6%)
2026-06-15 08:44:49,239  INFO    21 MB / 179 MB (12%)
2026-06-15 08:45:09,928  INFO    31 MB / 179 MB (18%)
2026-06-15 08:45:17,628  INFO    42 MB / 179 MB (23%)
2026-06-15 08:45:21,651  INFO    52 MB / 179 MB (29%)
2026-06-15 08:45:25,411  INFO    63 MB / 179 MB (35%)
2026-06-15 08:45:28,693  INFO    73 MB / 179 MB (41%)
2026-06-15 08:45:31,337  INFO    84 MB / 179 MB (47%)
2026-06-15 08:45:33,892  INFO    94 MB / 179 MB (53%)
2026-06-15 08:45:36,125  INFO    105 MB / 179 MB (58%)
2026-06-15 08:45:39,050  INFO    115 MB / 179 MB (64%)
2026-06-15 08:45:44,040  INFO    126 MB / 179 MB (70%)
2026-06-15 08:45:46,753  INFO    136 MB / 179 MB (76%)
2026-06-15 08:45:50,592  INFO    147 MB / 179 MB (82%)
2026-06-15 08:45:57,040  INFO    157 MB / 179 MB (88%)
2026-06-15 08:46:03,619  INFO    168 MB / 179 MB (94%)
2026-06-15 08:46:10,362  INFO    178 MB / 179 MB (99%)
2026-06-15 08:46:12,075  INFO  \u2705 Descarga completa: 2026-6-15-T779354202C.bak (179.4 MB)
2026-06-15 08:46:12,080  INFO  Backup guardado en: C:\Backups\Manager\2026-6-15-T779354202C_2026-06-15_1781527572.bak
2026-06-15 08:46:12,080  INFO  \u2705 �xito � backup guardado en: C:\Backups\Manager\2026-6-15-T779354202C_2026-06-15_1781527572.bak
2026-06-15 08:46:16,158  WARNING  Retrying (Retry(total=2, connect=None, read=None, redirect=None, status=None)) after connection broken by 'NewConnectionError("HTTPConnection(host='localhost', port=49370): Failed to establish a new connection: [WinError 10061] No se puede establecer una conexi�n ya que el equipo de destino deneg� expresamente dicha conexi�n")': /session/125b1bd6316b3f3d37cfb2cf621c07e2
2026-06-15 08:46:20,236  WARNING  Retrying (Retry(total=1, connect=None, read=None, redirect=None, status=None)) after connection broken by 'NewConnectionError("HTTPConnection(host='localhost', port=49370): Failed to establish a new connection: [WinError 10061] No se puede establecer una conexi�n ya que el equipo de destino deneg� expresamente dicha conexi�n")': /session/125b1bd6316b3f3d37cfb2cf621c07e2
2026-06-15 08:46:24,336  WARNING  Retrying (Retry(total=0, connect=None, read=None, redirect=None, status=None)) after connection broken by 'NewConnectionError("HTTPConnection(host='localhost', port=49370): Failed to establish a new connection: [WinError 10061] No se puede establecer una conexi�n ya que el equipo de destino deneg� expresamente dicha conexi�n")': /session/125b1bd6316b3f3d37cfb2cf621c07e2
2026-06-15 08:46:28,440  INFO  
2026-06-15 08:46:28,440  INFO  \u2501\u2501\u2501\u2501\u2501\u2501\u2501\u2501\u2501\u2501\u2501\u2501\u2501\u2501\u2501\u2501\u2501\u2501\u2501\u2501\u2501\u2501\u2501\u2501\u2501\u2501\u2501\u2501\u2501\u2501\u2501\u2501\u2501\u2501\u2501\u2501\u2501\u2501\u2501\u2501\u2501\u2501\u2501\u2501\u2501\u2501\u2501\u2501\u2501\u2501\u2501\u2501\u2501\u2501\u2501
2026-06-15 08:46:28,441  INFO    PASO 2/3 � Restaurar BD y extraer Ventas Full
2026-06-15 08:46:28,441  INFO  \u2501\u2501\u2501\u2501\u2501\u2501\u2501\u2501\u2501\u2501\u2501\u2501\u2501\u2501\u2501\u2501\u2501\u2501\u2501\u2501\u2501\u2501\u2501\u2501\u2501\u2501\u2501\u2501\u2501\u2501\u2501\u2501\u2501\u2501\u2501\u2501\u2501\u2501\u2501\u2501\u2501\u2501\u2501\u2501\u2501\u2501\u2501\u2501\u2501\u2501\u2501\u2501\u2501\u2501\u2501
2026-06-15 08:46:33,642  INFO  ============================================================
2026-06-15 08:46:33,642  INFO    PASO 1 � Restaurar BD y extraer M�ltiples Reportes
2026-06-15 08:46:33,642  INFO  ============================================================
2026-06-15 08:46:33,657  INFO  Usando .bak de ultimo_bak.txt: 2026-6-15-T779354202C_2026-06-15_1781527572.bak
2026-06-15 08:46:33,658  INFO  Usando backup: 2026-6-15-T779354202C_2026-06-15_1781527572.bak
2026-06-15 08:46:33,658  INFO  Restaurando 2026-6-15-T779354202C_2026-06-15_1781527572.bak como 'T779354202C'...
2026-06-15 08:46:33,658  INFO  Copiando .bak a C:\Program Files\Microsoft SQL Server\MSSQL17.SQLEXPRESS\MSSQL\DATA\2026-6-15-T779354202C_2026-06-15_1781527572.bak...
2026-06-15 08:46:34,414  INFO  Ejecutando RESTORE DATABASE...
2026-06-15 08:47:19,299  INFO  \u2705 BD 'T779354202C' restaurada correctamente.
2026-06-15 08:47:19,300  INFO  Conectando a 'T779354202C' para extraer reportes...
2026-06-15 08:47:19,346  INFO  Ejecutando: Aceros...
C:\Scripts\BackupManager\restaurar_y_extraer.py:158: UserWarning: pandas only supports SQLAlchemy connectable (engine/connection) or database string URI or sqlite3 DBAPI2 connection. Other DBAPI2 objects are not tested. Please consider using SQLAlchemy.
  df = pd.read_sql(sql_listo, conn)
2026-06-15 08:47:19,613  INFO    \u2514\u2500 71 filas extra�das.
2026-06-15 08:47:19,614  INFO  Ejecutando: base_completo...
2026-06-15 08:47:21,372  INFO    \u2514\u2500 9,214 filas extra�das.
2026-06-15 08:47:21,372  INFO  Ejecutando: calendario...
2026-06-15 08:47:21,616  INFO    \u2514\u2500 92 filas extra�das.
2026-06-15 08:47:21,616  INFO  Ejecutando: Consumos_acero...
2026-06-15 08:47:21,778  INFO    \u2514\u2500 176 filas extra�das.
2026-06-15 08:47:21,778  INFO  Ejecutando: Cotizaciones...
2026-06-15 08:47:21,890  INFO    \u2514\u2500 3,542 filas extra�das.
2026-06-15 08:47:21,891  INFO  Ejecutando: Inventario_aceros...
2026-06-15 08:47:21,929  INFO    \u2514\u2500 119 filas extra�das.
2026-06-15 08:47:21,930  INFO  Ejecutando: Notas_de_venta...
2026-06-15 08:47:21,976  INFO    \u2514\u2500 798 filas extra�das.
2026-06-15 08:47:21,976  INFO  Ejecutando: Ordenes_de_Compra...
2026-06-15 08:47:22,124  INFO    \u2514\u2500 287 filas extra�das.
2026-06-15 08:47:22,124  INFO  Ejecutando: Ordenes_de_produccion...
2026-06-15 08:47:22,361  INFO    \u2514\u2500 3,327 filas extra�das.
2026-06-15 08:47:22,361  INFO  Ejecutando: Pendiente_a_facturar...
2026-06-15 08:47:22,380  ERROR    \u2514\u2500 Error ejecutando Pendiente_a_facturar: ('42000', '[42000] [Microsoft][ODBC Driver 17 for SQL Server][SQL Server]ORDER BY items must appear in the select list if SELECT DISTINCT is specified. (145) (SQLExecDirectW)')
2026-06-15 08:47:22,381  INFO  Ejecutando: Productos_Stock...
2026-06-15 08:47:22,412  INFO    \u2514\u2500 125 filas extra�das.
2026-06-15 08:47:22,412  INFO  Ejecutando: Stock_vendido...
2026-06-15 08:47:22,481  INFO    \u2514\u2500 161 filas extra�das.
2026-06-15 08:47:22,481  INFO  Ejecutando: Vales_de_Salida...
2026-06-15 08:47:22,503  ERROR    \u2514\u2500 Error ejecutando Vales_de_Salida: ('42000', '[42000] [Microsoft][ODBC Driver 17 for SQL Server][SQL Server]ORDER BY items must appear in the select list if SELECT DISTINCT is specified. (145) (SQLExecDirectW)')
2026-06-15 08:47:22,504  INFO  Ejecutando: Ventas_Full...
2026-06-15 08:47:23,064  INFO    \u2514\u2500 1,928 filas extra�das.
2026-06-15 08:47:23,065  INFO  Ejecutando: WIP...
2026-06-15 08:47:23,132  INFO    \u2514\u2500 43 filas extra�das.
2026-06-15 08:47:23,135  INFO  Exportando a Excel multipesta�a: C:\Reportes\VentasFull\Reportes_Completos_2026-06-15.xlsx
2026-06-15 08:48:57,496  WARNING    \u2514\u2500 Stock_vendido: columnas duplicadas renombradas
2026-06-15 08:49:30,953  INFO  \u2705 Excel generado: C:\Reportes\VentasFull\Reportes_Completos_2026-06-15.xlsx (2.8 MB)
2026-06-15 08:49:31,000  INFO  \u2705 Proceso Completado \u2192 C:\Reportes\VentasFull\Reportes_Completos_2026-06-15.xlsx
2026-06-15 08:49:31,023  INFO  
2026-06-15 08:49:31,024  INFO  \u2501\u2501\u2501\u2501\u2501\u2501\u2501\u2501\u2501\u2501\u2501\u2501\u2501\u2501\u2501\u2501\u2501\u2501\u2501\u2501\u2501\u2501\u2501\u2501\u2501\u2501\u2501\u2501\u2501\u2501\u2501\u2501\u2501\u2501\u2501\u2501\u2501\u2501\u2501\u2501\u2501\u2501\u2501\u2501\u2501\u2501\u2501\u2501\u2501\u2501\u2501\u2501\u2501\u2501\u2501
2026-06-15 08:49:31,024  INFO    PASO 3/3 � Subir Excel a Google Drive
2026-06-15 08:49:31,025  INFO  \u2501\u2501\u2501\u2501\u2501\u2501\u2501\u2501\u2501\u2501\u2501\u2501\u2501\u2501\u2501\u2501\u2501\u2501\u2501\u2501\u2501\u2501\u2501\u2501\u2501\u2501\u2501\u2501\u2501\u2501\u2501\u2501\u2501\u2501\u2501\u2501\u2501\u2501\u2501\u2501\u2501\u2501\u2501\u2501\u2501\u2501\u2501\u2501\u2501\u2501\u2501\u2501\u2501\u2501\u2501
2026-06-15 08:49:36,235  INFO  =======================================================
2026-06-15 08:49:36,236  INFO    PASO 2 � Subir a Drive y actualizar Google Sheets
2026-06-15 08:49:36,236  INFO  =======================================================
2026-06-15 08:49:36,262  INFO  Procesando: Reportes_Completos_2026-06-15.xlsx (2.8 MB)
2026-06-15 08:49:36,384  INFO  file_cache is only supported with oauth2client<4.0.0
2026-06-15 08:49:36,443  INFO  file_cache is only supported with oauth2client<4.0.0
2026-06-15 08:49:38,268  INFO  Creando Excel nuevo en Drive...
2026-06-15 08:49:40,851  INFO  \u2705 Excel subido a Drive: Reportes_Completos_Actualizado.xlsx
2026-06-15 08:49:40,852  INFO  Leyendo Excel para actualizar Google Sheets...
2026-06-15 08:49:40,916  INFO  Pesta�as encontradas en Excel: ['Aceros', 'base_completo', 'calendario', 'Consumos_acero', 'Cotizaciones', 'Inventario_aceros', 'Notas_de_venta', 'Ordenes_de_Compra', 'Ordenes_de_produccion', 'Productos_Stock', 'Stock_vendido', 'Ventas_Full', 'WIP']
2026-06-15 08:49:42,787  INFO  Actualizando Base Produccion \u2192 'Orden de Produccion' (3,327 filas)...
2026-06-15 08:49:44,017  INFO    Limpiando hoja 'Orden de Produccion'...
2026-06-15 08:49:45,108  INFO    Escribiendo 3,327 filas en 'Orden de Produccion'...
2026-06-15 08:49:47,627  INFO    \u2705 Hoja 'Orden de Produccion' actualizada.
2026-06-15 08:49:47,817  INFO  Actualizando Base Produccion \u2192 'Por Facturar' (92 filas)...
2026-06-15 08:49:48,439  INFO    Limpiando hoja 'Por Facturar'...
2026-06-15 08:49:48,730  INFO    Escribiendo 92 filas en 'Por Facturar'...
2026-06-15 08:49:49,042  INFO    \u2705 Hoja 'Por Facturar' actualizada.
2026-06-15 08:49:49,109  INFO  Actualizando Base Produccion \u2192 'Control Inventario' (119 filas)...
2026-06-15 08:49:49,598  INFO    Limpiando hoja 'Control Inventario'...
2026-06-15 08:49:49,854  INFO    Escribiendo 119 filas en 'Control Inventario'...
2026-06-15 08:49:50,148  INFO    \u2705 Hoja 'Control Inventario' actualizada.
2026-06-15 08:49:50,957  INFO  Actualizando Base Produccion \u2192 'Notas de Venta' (798 filas)...
2026-06-15 08:49:51,490  INFO    Limpiando hoja 'Notas de Venta'...
2026-06-15 08:49:51,854  INFO    Escribiendo 798 filas en 'Notas de Venta'...
2026-06-15 08:49:52,326  INFO    \u2705 Hoja 'Notas de Venta' actualizada.
2026-06-15 08:49:52,360  INFO  Actualizando Base Produccion \u2192 'Vales de Salida' (71 filas)...
2026-06-15 08:49:52,887  INFO    Limpiando hoja 'Vales de Salida'...
2026-06-15 08:49:53,168  INFO    Escribiendo 71 filas en 'Vales de Salida'...
2026-06-15 08:49:53,446  INFO    \u2705 Hoja 'Vales de Salida' actualizada.
2026-06-15 08:49:53,486  INFO  Actualizando Base Produccion \u2192 'Stock' (125 filas)...
2026-06-15 08:49:53,969  INFO    Limpiando hoja 'Stock'...
2026-06-15 08:49:54,264  INFO    Escribiendo 125 filas en 'Stock'...
2026-06-15 08:49:54,551  INFO    \u2705 Hoja 'Stock' actualizada.
2026-06-15 08:49:55,789  INFO  Actualizando Base Produccion \u2192 'Ventas_Full' (1,928 filas)...
2026-06-15 08:49:56,271  INFO    Limpiando hoja 'Ventas_Full'...
2026-06-15 08:49:56,808  INFO    Escribiendo 1,928 filas en 'Ventas_Full'...
2026-06-15 08:49:58,954  INFO    \u2705 Hoja 'Ventas_Full' actualizada.
2026-06-15 08:49:58,991  INFO  Actualizando Base Produccion \u2192 'WIP' (43 filas)...
2026-06-15 08:49:59,547  INFO    Limpiando hoja 'WIP'...
2026-06-15 08:49:59,812  INFO    Escribiendo 43 filas en 'WIP'...
2026-06-15 08:50:00,067  INFO    \u2705 Hoja 'WIP' actualizada.
2026-06-15 08:50:00,118  INFO  Actualizando Base Produccion \u2192 'Stock Vendido' (161 filas)...
2026-06-15 08:50:00,596  INFO    Limpiando hoja 'Stock Vendido'...
2026-06-15 08:50:00,860  INFO    Escribiendo 161 filas en 'Stock Vendido'...
2026-06-15 08:50:01,164  INFO    \u2705 Hoja 'Stock Vendido' actualizada.
2026-06-15 08:50:01,215  INFO  Actualizando Base Produccion \u2192 'Consumos Acero' (176 filas)...
2026-06-15 08:50:01,688  INFO    Limpiando hoja 'Consumos Acero'...
2026-06-15 08:50:01,983  INFO    Escribiendo 176 filas en 'Consumos Acero'...
2026-06-15 08:50:02,293  INFO    \u2705 Hoja 'Consumos Acero' actualizada.
2026-06-15 08:50:03,753  INFO  Actualizando Presupuestos \u2192 'Ventas Full Manager' (1,928 filas)...
2026-06-15 08:50:04,588  INFO    Limpiando hoja 'Ventas Full Manager'...
2026-06-15 08:50:05,232  INFO    Escribiendo 1,928 filas en 'Ventas Full Manager'...
2026-06-15 08:50:07,634  INFO    \u2705 Hoja 'Ventas Full Manager' actualizada.
2026-06-15 08:50:07,802  INFO  Actualizando Presupuestos \u2192 'Notas de Venta' (798 filas)...
2026-06-15 08:50:08,478  INFO    Limpiando hoja 'Notas de Venta'...
2026-06-15 08:50:08,861  INFO    Escribiendo 798 filas en 'Notas de Venta'...
2026-06-15 08:50:09,222  INFO    \u2705 Hoja 'Notas de Venta' actualizada.
2026-06-15 08:50:09,943  INFO  Actualizando Presupuestos \u2192 'Cotizaciones' (3,542 filas)...
2026-06-15 08:50:10,599  INFO    Limpiando hoja 'Cotizaciones'...
2026-06-15 08:50:11,100  INFO    Escribiendo 3,542 filas en 'Cotizaciones'...
2026-06-15 08:50:12,132  INFO    \u2705 Hoja 'Cotizaciones' actualizada.
2026-06-15 08:50:12,202  INFO  Actualizando Presupuestos \u2192 'Calendario' (92 filas)...
2026-06-15 08:50:12,710  INFO    Limpiando hoja 'Calendario'...
2026-06-15 08:50:12,994  INFO    Escribiendo 92 filas en 'Calendario'...
2026-06-15 08:50:13,292  INFO    \u2705 Hoja 'Calendario' actualizada.
2026-06-15 08:50:13,292  INFO  
2026-06-15 08:50:13,292  INFO  \u2705 Todo actualizado:
2026-06-15 08:50:13,292  INFO     \U0001f4c1 Drive: Reportes_Completos_Actualizado.xlsx
2026-06-15 08:50:13,293  INFO     \U0001f4ca Base Produccion: ['Orden de Produccion', 'Por Facturar', 'Control Inventario', 'Notas de Venta', 'Vales de Salida', 'Stock', 'Ventas_Full', 'WIP', 'Stock Vendido', 'Consumos Acero']
2026-06-15 08:50:13,294  INFO     \U0001f4ca Presupuestos: Ventas Full Manager
2026-06-15 08:50:13,298  INFO  
2026-06-15 08:50:13,298  INFO  \u2554\u2550\u2550\u2550\u2550\u2550\u2550\u2550\u2550\u2550\u2550\u2550\u2550\u2550\u2550\u2550\u2550\u2550\u2550\u2550\u2550\u2550\u2550\u2550\u2550\u2550\u2550\u2550\u2550\u2550\u2550\u2550\u2550\u2550\u2550\u2550\u2550\u2550\u2550\u2550\u2550\u2550\u2550\u2550\u2550\u2550\u2550\u2550\u2550\u2550\u2550\u2550\u2550\u2550\u2557
2026-06-15 08:50:13,299  INFO  \u2551  \u2705 PIPELINE COMPLETADO en 358s                      \u2551
2026-06-15 08:50:13,299  INFO  \u2551  \U0001f4ca Excel en Drive: VentasFull_Actualizado.xlsx      \u2551
2026-06-15 08:50:13,299  INFO  \u255a\u2550\u2550\u2550\u2550\u2550\u2550\u2550\u2550\u2550\u2550\u2550\u2550\u2550\u2550\u2550\u2550\u2550\u2550\u2550\u2550\u2550\u2550\u2550\u2550\u2550\u2550\u2550\u2550\u2550\u2550\u2550\u2550\u2550\u2550\u2550\u2550\u2550\u2550\u2550\u2550\u2550\u2550\u2550\u2550\u2550\u2550\u2550\u2550\u2550\u2550\u2550\u2550\u2550\u255d
15/06/2026  8:50:13.92 - Pipeline completado OK 
16/06/2026  9:32:41.01 - Iniciando pipeline 
2026-06-16 09:32:41,312  INFO  \u2554\u2550\u2550\u2550\u2550\u2550\u2550\u2550\u2550\u2550\u2550\u2550\u2550\u2550\u2550\u2550\u2550\u2550\u2550\u2550\u2550\u2550\u2550\u2550\u2550\u2550\u2550\u2550\u2550\u2550\u2550\u2550\u2550\u2550\u2550\u2550\u2550\u2550\u2550\u2550\u2550\u2550\u2550\u2550\u2550\u2550\u2550\u2550\u2550\u2550\u2550\u2550\u2550\u2550\u2557
2026-06-16 09:32:41,314  INFO  \u2551   PIPELINE VENTAS FULL � Inicio: 2026-06-16 09:32   \u2551
2026-06-16 09:32:41,315  INFO  \u255a\u2550\u2550\u2550\u2550\u2550\u2550\u2550\u2550\u2550\u2550\u2550\u2550\u2550\u2550\u2550\u2550\u2550\u2550\u2550\u2550\u2550\u2550\u2550\u2550\u2550\u2550\u2550\u2550\u2550\u2550\u2550\u2550\u2550\u2550\u2550\u2550\u2550\u2550\u2550\u2550\u2550\u2550\u2550\u2550\u2550\u2550\u2550\u2550\u2550\u2550\u2550\u2550\u2550\u255d
2026-06-16 09:32:41,315  INFO  
2026-06-16 09:32:41,315  INFO  \u2501\u2501\u2501\u2501\u2501\u2501\u2501\u2501\u2501\u2501\u2501\u2501\u2501\u2501\u2501\u2501\u2501\u2501\u2501\u2501\u2501\u2501\u2501\u2501\u2501\u2501\u2501\u2501\u2501\u2501\u2501\u2501\u2501\u2501\u2501\u2501\u2501\u2501\u2501\u2501\u2501\u2501\u2501\u2501\u2501\u2501\u2501\u2501\u2501\u2501\u2501\u2501\u2501\u2501\u2501
2026-06-16 09:32:41,315  INFO    PASO 1/3 � Descargar backup desde Manager
2026-06-16 09:32:41,315  INFO  \u2501\u2501\u2501\u2501\u2501\u2501\u2501\u2501\u2501\u2501\u2501\u2501\u2501\u2501\u2501\u2501\u2501\u2501\u2501\u2501\u2501\u2501\u2501\u2501\u2501\u2501\u2501\u2501\u2501\u2501\u2501\u2501\u2501\u2501\u2501\u2501\u2501\u2501\u2501\u2501\u2501\u2501\u2501\u2501\u2501\u2501\u2501\u2501\u2501\u2501\u2501\u2501\u2501\u2501\u2501
2026-06-16 09:32:42,540  INFO  =======================================================
2026-06-16 09:32:42,541  INFO    Iniciando descarga autom�tica de backup Manager
2026-06-16 09:32:42,541  INFO  =======================================================
2026-06-16 09:32:42,543  INFO  ====== WebDriver manager ======
2026-06-16 09:32:44,119  INFO  Get LATEST chromedriver version for google-chrome
2026-06-16 09:32:44,947  INFO  Get LATEST chromedriver version for google-chrome
2026-06-16 09:32:45,561  INFO  Driver [C:\Users\atorr\.wdm\drivers\chromedriver\win64\149.0.7827.115\chromedriver-win32/chromedriver.exe] found in cache
2026-06-16 09:32:49,925  INFO  Abriendo login: https://prodkernel.manager.cl/index.html
2026-06-16 09:32:52,048  INFO  Inputs visibles: 3
2026-06-16 09:32:52,592  INFO  Login enviado...
2026-06-16 09:32:56,743  INFO  \u2705 Login exitoso. session_id: 2ef06d47...
2026-06-16 09:32:56,743  INFO  Navegando a: https://prodkernel.manager.cl/managerbackups.html?session_id=2ef06d471bf6e9be70686184ea86f349&cd=prodkernel
2026-06-16 09:32:56,927  INFO  Recarga 1/10...
2026-06-16 09:33:01,117  INFO    filas .bak encontradas: 3
2026-06-16 09:33:01,117  INFO  \u2705 Tabla cargada en recarga 1.
2026-06-16 09:33:01,209  INFO    Ignorando: 2026-6-16-T779354202A.bak
2026-06-16 09:33:01,269  INFO    Ignorando: 2026-6-16-T779354202B.bak
2026-06-16 09:33:01,345  INFO  Backup seleccionado: 2026-6-16-T779354202C.bak (2026-06-16 10:10:53+00:00)
2026-06-16 09:33:01,357  INFO  HTML fila completa: <td class="bucket">mng-respaldos-poliuretano</td><td class="Key">2026-6-16-T779354202C.bak</td><td class="LastModified">2026-06-16 10:10:53+00:00</td><td class="Size">0.18 GB</td><td class="presigned_url" style="display: none;">https://mng-respaldos-poliuretano.s3.amazonaws.com/2026-6-16-T779354202C.bak?AWSAccessKeyId=AKIAZPIFFWJDVFW267ZG&amp;Signature=ZTFD2xE%2FAg7DJTSEje5MUwgKE%2F4%3D&amp;Expires=1781617075</td><td><i onclick="downloadbackup($(this).parent().parent())" class="fas fa-download">
2026-06-16 09:33:03,680  INFO  Descargando 2026-6-16-T779354202C.bak desde S3...
2026-06-16 09:33:08,037  INFO    10 MB / 182 MB (6%)
2026-06-16 09:33:10,874  INFO    21 MB / 182 MB (12%)
2026-06-16 09:33:14,073  INFO    31 MB / 182 MB (17%)
2026-06-16 09:33:17,627  INFO    42 MB / 182 MB (23%)
2026-06-16 09:33:21,045  INFO    52 MB / 182 MB (29%)
2026-06-16 09:33:24,280  INFO    63 MB / 182 MB (35%)
2026-06-16 09:33:27,339  INFO    73 MB / 182 MB (40%)
2026-06-16 09:33:30,188  INFO    84 MB / 182 MB (46%)
2026-06-16 09:33:33,413  INFO    94 MB / 182 MB (52%)
2026-06-16 09:33:36,462  INFO    105 MB / 182 MB (58%)
2026-06-16 09:33:39,678  INFO    115 MB / 182 MB (63%)
2026-06-16 09:33:43,142  INFO    126 MB / 182 MB (69%)
2026-06-16 09:33:46,838  INFO    136 MB / 182 MB (75%)
2026-06-16 09:33:50,436  INFO    147 MB / 182 MB (81%)
2026-06-16 09:33:54,493  INFO    157 MB / 182 MB (86%)
2026-06-16 09:33:58,261  INFO    168 MB / 182 MB (92%)
2026-06-16 09:34:01,726  INFO    178 MB / 182 MB (98%)
2026-06-16 09:34:02,999  INFO  \u2705 Descarga completa: 2026-6-16-T779354202C.bak (182.3 MB)
2026-06-16 09:34:03,004  INFO  Backup guardado en: C:\Backups\Manager\2026-6-16-T779354202C_2026-06-16_1781616843.bak
2026-06-16 09:34:03,004  INFO  \u2705 �xito � backup guardado en: C:\Backups\Manager\2026-6-16-T779354202C_2026-06-16_1781616843.bak
2026-06-16 09:34:07,085  WARNING  Retrying (Retry(total=2, connect=None, read=None, redirect=None, status=None)) after connection broken by 'NewConnectionError("HTTPConnection(host='localhost', port=56481): Failed to establish a new connection: [WinError 10061] No se puede establecer una conexi�n ya que el equipo de destino deneg� expresamente dicha conexi�n")': /session/8ba860dea60b9538eff07e3095f260bd
2026-06-16 09:34:11,197  WARNING  Retrying (Retry(total=1, connect=None, read=None, redirect=None, status=None)) after connection broken by 'NewConnectionError("HTTPConnection(host='localhost', port=56481): Failed to establish a new connection: [WinError 10061] No se puede establecer una conexi�n ya que el equipo de destino deneg� expresamente dicha conexi�n")': /session/8ba860dea60b9538eff07e3095f260bd
2026-06-16 09:34:15,288  WARNING  Retrying (Retry(total=0, connect=None, read=None, redirect=None, status=None)) after connection broken by 'NewConnectionError("HTTPConnection(host='localhost', port=56481): Failed to establish a new connection: [WinError 10061] No se puede establecer una conexi�n ya que el equipo de destino deneg� expresamente dicha conexi�n")': /session/8ba860dea60b9538eff07e3095f260bd
2026-06-16 09:34:19,370  INFO  
2026-06-16 09:34:19,371  INFO  \u2501\u2501\u2501\u2501\u2501\u2501\u2501\u2501\u2501\u2501\u2501\u2501\u2501\u2501\u2501\u2501\u2501\u2501\u2501\u2501\u2501\u2501\u2501\u2501\u2501\u2501\u2501\u2501\u2501\u2501\u2501\u2501\u2501\u2501\u2501\u2501\u2501\u2501\u2501\u2501\u2501\u2501\u2501\u2501\u2501\u2501\u2501\u2501\u2501\u2501\u2501\u2501\u2501\u2501\u2501
2026-06-16 09:34:19,371  INFO    PASO 2/3 � Restaurar BD y extraer Ventas Full
2026-06-16 09:34:19,371  INFO  \u2501\u2501\u2501\u2501\u2501\u2501\u2501\u2501\u2501\u2501\u2501\u2501\u2501\u2501\u2501\u2501\u2501\u2501\u2501\u2501\u2501\u2501\u2501\u2501\u2501\u2501\u2501\u2501\u2501\u2501\u2501\u2501\u2501\u2501\u2501\u2501\u2501\u2501\u2501\u2501\u2501\u2501\u2501\u2501\u2501\u2501\u2501\u2501\u2501\u2501\u2501\u2501\u2501\u2501\u2501
2026-06-16 09:34:24,844  INFO  ============================================================
2026-06-16 09:34:24,845  INFO    PASO 1 � Restaurar BD y extraer M�ltiples Reportes
2026-06-16 09:34:24,845  INFO  ============================================================
2026-06-16 09:34:24,860  INFO  Usando .bak de ultimo_bak.txt: 2026-6-16-T779354202C_2026-06-16_1781616843.bak
2026-06-16 09:34:24,860  INFO  Usando backup: 2026-6-16-T779354202C_2026-06-16_1781616843.bak
2026-06-16 09:34:24,860  INFO  Restaurando 2026-6-16-T779354202C_2026-06-16_1781616843.bak como 'T779354202C'...
2026-06-16 09:34:24,861  INFO  Copiando .bak a C:\Program Files\Microsoft SQL Server\MSSQL17.SQLEXPRESS\MSSQL\DATA\2026-6-16-T779354202C_2026-06-16_1781616843.bak...
2026-06-16 09:34:25,868  INFO  Ejecutando RESTORE DATABASE...
2026-06-16 09:35:11,097  INFO  \u2705 BD 'T779354202C' restaurada correctamente.
2026-06-16 09:35:11,098  INFO  Conectando a 'T779354202C' para extraer reportes...
2026-06-16 09:35:11,154  INFO  Ejecutando: Aceros...
C:\Scripts\BackupManager\restaurar_y_extraer.py:158: UserWarning: pandas only supports SQLAlchemy connectable (engine/connection) or database string URI or sqlite3 DBAPI2 connection. Other DBAPI2 objects are not tested. Please consider using SQLAlchemy.
  df = pd.read_sql(sql_listo, conn)
2026-06-16 09:35:11,497  INFO    \u2514\u2500 71 filas extra�das.
2026-06-16 09:35:11,498  INFO  Ejecutando: base_completo...
2026-06-16 09:35:13,398  INFO    \u2514\u2500 9,236 filas extra�das.
2026-06-16 09:35:13,398  INFO  Ejecutando: calendario...
2026-06-16 09:35:13,633  INFO    \u2514\u2500 93 filas extra�das.
2026-06-16 09:35:13,633  INFO  Ejecutando: Consumos_acero...
2026-06-16 09:35:13,779  INFO    \u2514\u2500 177 filas extra�das.
2026-06-16 09:35:13,780  INFO  Ejecutando: Cotizaciones...
2026-06-16 09:35:13,882  INFO    \u2514\u2500 3,569 filas extra�das.
2026-06-16 09:35:13,882  INFO  Ejecutando: Inventario_aceros...
2026-06-16 09:35:13,919  INFO    \u2514\u2500 120 filas extra�das.
2026-06-16 09:35:13,919  INFO  Ejecutando: Notas_de_venta...
2026-06-16 09:35:13,969  INFO    \u2514\u2500 802 filas extra�das.
2026-06-16 09:35:13,969  INFO  Ejecutando: Ordenes_de_Compra...
2026-06-16 09:35:14,115  INFO    \u2514\u2500 287 filas extra�das.
2026-06-16 09:35:14,115  INFO  Ejecutando: Ordenes_de_produccion...
2026-06-16 09:35:14,376  INFO    \u2514\u2500 3,331 filas extra�das.
2026-06-16 09:35:14,376  INFO  Ejecutando: Pendiente_a_facturar...
2026-06-16 09:35:14,398  ERROR    \u2514\u2500 Error ejecutando Pendiente_a_facturar: ('42000', '[42000] [Microsoft][ODBC Driver 17 for SQL Server][SQL Server]ORDER BY items must appear in the select list if SELECT DISTINCT is specified. (145) (SQLExecDirectW)')
2026-06-16 09:35:14,399  INFO  Ejecutando: Productos_Stock...
2026-06-16 09:35:14,433  INFO    \u2514\u2500 125 filas extra�das.
2026-06-16 09:35:14,433  INFO  Ejecutando: Stock_vendido...
2026-06-16 09:35:14,505  INFO    \u2514\u2500 161 filas extra�das.
2026-06-16 09:35:14,506  INFO  Ejecutando: Vales_de_Salida...
2026-06-16 09:35:14,525  ERROR    \u2514\u2500 Error ejecutando Vales_de_Salida: ('42000', '[42000] [Microsoft][ODBC Driver 17 for SQL Server][SQL Server]ORDER BY items must appear in the select list if SELECT DISTINCT is specified. (145) (SQLExecDirectW)')
2026-06-16 09:35:14,525  INFO  Ejecutando: Ventas_Full...
2026-06-16 09:35:15,168  INFO    \u2514\u2500 1,950 filas extra�das.
2026-06-16 09:35:15,169  INFO  Ejecutando: WIP...
2026-06-16 09:35:15,231  INFO    \u2514\u2500 41 filas extra�das.
2026-06-16 09:35:15,233  INFO  Exportando a Excel multipesta�a: C:\Reportes\VentasFull\Reportes_Completos_2026-06-16.xlsx
2026-06-16 09:36:44,077  WARNING    \u2514\u2500 Stock_vendido: columnas duplicadas renombradas
2026-06-16 09:37:11,958  INFO  \u2705 Excel generado: C:\Reportes\VentasFull\Reportes_Completos_2026-06-16.xlsx (2.8 MB)
2026-06-16 09:37:11,959  INFO  \u2705 Proceso Completado \u2192 C:\Reportes\VentasFull\Reportes_Completos_2026-06-16.xlsx
2026-06-16 09:37:11,974  INFO  
2026-06-16 09:37:11,974  INFO  \u2501\u2501\u2501\u2501\u2501\u2501\u2501\u2501\u2501\u2501\u2501\u2501\u2501\u2501\u2501\u2501\u2501\u2501\u2501\u2501\u2501\u2501\u2501\u2501\u2501\u2501\u2501\u2501\u2501\u2501\u2501\u2501\u2501\u2501\u2501\u2501\u2501\u2501\u2501\u2501\u2501\u2501\u2501\u2501\u2501\u2501\u2501\u2501\u2501\u2501\u2501\u2501\u2501\u2501\u2501
2026-06-16 09:37:11,974  INFO    PASO 3/3 � Subir Excel a Google Drive
2026-06-16 09:37:11,974  INFO  \u2501\u2501\u2501\u2501\u2501\u2501\u2501\u2501\u2501\u2501\u2501\u2501\u2501\u2501\u2501\u2501\u2501\u2501\u2501\u2501\u2501\u2501\u2501\u2501\u2501\u2501\u2501\u2501\u2501\u2501\u2501\u2501\u2501\u2501\u2501\u2501\u2501\u2501\u2501\u2501\u2501\u2501\u2501\u2501\u2501\u2501\u2501\u2501\u2501\u2501\u2501\u2501\u2501\u2501\u2501
2026-06-16 09:37:17,221  INFO  =======================================================
2026-06-16 09:37:17,221  INFO    PASO 2 � Subir a Drive y actualizar Google Sheets
2026-06-16 09:37:17,221  INFO  =======================================================
2026-06-16 09:37:17,237  INFO  Procesando: Reportes_Completos_2026-06-16.xlsx (2.8 MB)
2026-06-16 09:37:17,334  INFO  file_cache is only supported with oauth2client<4.0.0
2026-06-16 09:37:17,366  INFO  file_cache is only supported with oauth2client<4.0.0
2026-06-16 09:37:18,929  INFO  Creando Excel nuevo en Drive...
2026-06-16 09:37:21,679  INFO  \u2705 Excel subido a Drive: Reportes_Completos_Actualizado.xlsx
2026-06-16 09:37:21,679  INFO  Leyendo Excel para actualizar Google Sheets...
2026-06-16 09:37:21,708  INFO  Pesta�as encontradas en Excel: ['Aceros', 'base_completo', 'calendario', 'Consumos_acero', 'Cotizaciones', 'Inventario_aceros', 'Notas_de_venta', 'Ordenes_de_Compra', 'Ordenes_de_produccion', 'Productos_Stock', 'Stock_vendido', 'Ventas_Full', 'WIP']
2026-06-16 09:37:23,357  INFO  Actualizando Base Produccion \u2192 'Orden de Produccion' (3,331 filas)...
2026-06-16 09:37:24,879  INFO    Limpiando hoja 'Orden de Produccion'...
2026-06-16 09:37:25,839  INFO    Escribiendo 3,331 filas en 'Orden de Produccion'...
2026-06-16 09:37:31,672  INFO    \u2705 Hoja 'Orden de Produccion' actualizada.
2026-06-16 09:37:31,765  INFO  Actualizando Base Produccion \u2192 'Por Facturar' (93 filas)...
2026-06-16 09:37:32,490  INFO    Limpiando hoja 'Por Facturar'...
2026-06-16 09:37:32,863  INFO    Escribiendo 93 filas en 'Por Facturar'...
2026-06-16 09:37:33,278  INFO    \u2705 Hoja 'Por Facturar' actualizada.
2026-06-16 09:37:33,337  INFO  Actualizando Base Produccion \u2192 'Control Inventario' (120 filas)...
2026-06-16 09:37:33,971  INFO    Limpiando hoja 'Control Inventario'...
2026-06-16 09:37:34,323  INFO    Escribiendo 120 filas en 'Control Inventario'...
2026-06-16 09:37:34,690  INFO    \u2705 Hoja 'Control Inventario' actualizada.
2026-06-16 09:37:35,475  INFO  Actualizando Base Produccion \u2192 'Notas de Venta' (802 filas)...
2026-06-16 09:37:36,117  INFO    Limpiando hoja 'Notas de Venta'...
2026-06-16 09:37:36,467  INFO    Escribiendo 802 filas en 'Notas de Venta'...
2026-06-16 09:37:36,916  INFO    \u2705 Hoja 'Notas de Venta' actualizada.
2026-06-16 09:37:36,949  INFO  Actualizando Base Produccion \u2192 'Vales de Salida' (71 filas)...
2026-06-16 09:37:37,527  INFO    Limpiando hoja 'Vales de Salida'...
2026-06-16 09:37:37,809  INFO    Escribiendo 71 filas en 'Vales de Salida'...
2026-06-16 09:37:38,078  INFO    \u2705 Hoja 'Vales de Salida' actualizada.
2026-06-16 09:37:38,130  INFO  Actualizando Base Produccion \u2192 'Stock' (125 filas)...
2026-06-16 09:37:38,637  INFO    Limpiando hoja 'Stock'...
2026-06-16 09:37:38,925  INFO    Escribiendo 125 filas en 'Stock'...
2026-06-16 09:37:39,353  INFO    \u2705 Hoja 'Stock' actualizada.
2026-06-16 09:37:40,675  INFO  Actualizando Base Produccion \u2192 'Ventas_Full' (1,950 filas)...
2026-06-16 09:37:41,175  INFO    Limpiando hoja 'Ventas_Full'...
2026-06-16 09:37:41,735  INFO    Escribiendo 1,950 filas en 'Ventas_Full'...
2026-06-16 09:37:43,672  INFO    \u2705 Hoja 'Ventas_Full' actualizada.
2026-06-16 09:37:43,706  INFO  Actualizando Base Produccion \u2192 'WIP' (41 filas)...
2026-06-16 09:37:44,262  INFO    Limpiando hoja 'WIP'...
2026-06-16 09:37:44,573  INFO    Escribiendo 41 filas en 'WIP'...
2026-06-16 09:37:44,826  INFO    \u2705 Hoja 'WIP' actualizada.
2026-06-16 09:37:44,884  INFO  Actualizando Base Produccion \u2192 'Stock Vendido' (161 filas)...
2026-06-16 09:37:45,344  INFO    Limpiando hoja 'Stock Vendido'...
2026-06-16 09:37:45,636  INFO    Escribiendo 161 filas en 'Stock Vendido'...
2026-06-16 09:37:45,939  INFO    \u2705 Hoja 'Stock Vendido' actualizada.
2026-06-16 09:37:45,995  INFO  Actualizando Base Produccion \u2192 'Consumos Acero' (177 filas)...
2026-06-16 09:37:46,518  INFO    Limpiando hoja 'Consumos Acero'...
2026-06-16 09:37:46,795  INFO    Escribiendo 177 filas en 'Consumos Acero'...
2026-06-16 09:37:47,079  INFO    \u2705 Hoja 'Consumos Acero' actualizada.
2026-06-16 09:37:48,372  INFO  Actualizando Presupuestos \u2192 'Ventas Full Manager' (1,950 filas)...
2026-06-16 09:37:49,218  INFO    Limpiando hoja 'Ventas Full Manager'...
2026-06-16 09:37:49,817  INFO    Escribiendo 1,950 filas en 'Ventas Full Manager'...
2026-06-16 09:37:51,700  INFO    \u2705 Hoja 'Ventas Full Manager' actualizada.
2026-06-16 09:37:51,923  INFO  Actualizando Presupuestos \u2192 'Notas de Venta' (802 filas)...
2026-06-16 09:37:52,490  INFO    Limpiando hoja 'Notas de Venta'...
2026-06-16 09:37:52,802  INFO    Escribiendo 802 filas en 'Notas de Venta'...
2026-06-16 09:37:53,226  INFO    \u2705 Hoja 'Notas de Venta' actualizada.
2026-06-16 09:37:54,027  INFO  Actualizando Presupuestos \u2192 'Cotizaciones' (3,569 filas)...
2026-06-16 09:37:54,519  INFO    Limpiando hoja 'Cotizaciones'...
2026-06-16 09:37:55,387  INFO    Escribiendo 3,569 filas en 'Cotizaciones'...
2026-06-16 09:37:56,496  INFO    \u2705 Hoja 'Cotizaciones' actualizada.
2026-06-16 09:37:56,567  INFO  Actualizando Presupuestos \u2192 'Calendario' (93 filas)...
2026-06-16 09:37:57,208  INFO    Limpiando hoja 'Calendario'...
2026-06-16 09:37:57,434  INFO    Escribiendo 93 filas en 'Calendario'...
2026-06-16 09:37:57,693  INFO    \u2705 Hoja 'Calendario' actualizada.
2026-06-16 09:37:57,694  INFO  
2026-06-16 09:37:57,694  INFO  \u2705 Todo actualizado:
2026-06-16 09:37:57,694  INFO     \U0001f4c1 Drive: Reportes_Completos_Actualizado.xlsx
2026-06-16 09:37:57,697  INFO     \U0001f4ca Base Produccion: ['Orden de Produccion', 'Por Facturar', 'Control Inventario', 'Notas de Venta', 'Vales de Salida', 'Stock', 'Ventas_Full', 'WIP', 'Stock Vendido', 'Consumos Acero']
2026-06-16 09:37:57,697  INFO     \U0001f4ca Presupuestos: Ventas Full Manager
2026-06-16 09:37:57,699  INFO  
2026-06-16 09:37:57,699  INFO  \u2554\u2550\u2550\u2550\u2550\u2550\u2550\u2550\u2550\u2550\u2550\u2550\u2550\u2550\u2550\u2550\u2550\u2550\u2550\u2550\u2550\u2550\u2550\u2550\u2550\u2550\u2550\u2550\u2550\u2550\u2550\u2550\u2550\u2550\u2550\u2550\u2550\u2550\u2550\u2550\u2550\u2550\u2550\u2550\u2550\u2550\u2550\u2550\u2550\u2550\u2550\u2550\u2550\u2550\u2557
2026-06-16 09:37:57,700  INFO  \u2551  \u2705 PIPELINE COMPLETADO en 316s                      \u2551
2026-06-16 09:37:57,700  INFO  \u2551  \U0001f4ca Excel en Drive: VentasFull_Actualizado.xlsx      \u2551
2026-06-16 09:37:57,700  INFO  \u255a\u2550\u2550\u2550\u2550\u2550\u2550\u2550\u2550\u2550\u2550\u2550\u2550\u2550\u2550\u2550\u2550\u2550\u2550\u2550\u2550\u2550\u2550\u2550\u2550\u2550\u2550\u2550\u2550\u2550\u2550\u2550\u2550\u2550\u2550\u2550\u2550\u2550\u2550\u2550\u2550\u2550\u2550\u2550\u2550\u2550\u2550\u2550\u2550\u2550\u2550\u2550\u2550\u2550\u255d
16/06/2026  9:37:58.22 - Pipeline completado OK 
17/06/2026  8:04:09.60 - Iniciando pipeline 
2026-06-17 08:04:09,802  INFO  \u2554\u2550\u2550\u2550\u2550\u2550\u2550\u2550\u2550\u2550\u2550\u2550\u2550\u2550\u2550\u2550\u2550\u2550\u2550\u2550\u2550\u2550\u2550\u2550\u2550\u2550\u2550\u2550\u2550\u2550\u2550\u2550\u2550\u2550\u2550\u2550\u2550\u2550\u2550\u2550\u2550\u2550\u2550\u2550\u2550\u2550\u2550\u2550\u2550\u2550\u2550\u2550\u2550\u2550\u2557
2026-06-17 08:04:09,804  INFO  \u2551   PIPELINE VENTAS FULL � Inicio: 2026-06-17 08:04   \u2551
2026-06-17 08:04:09,804  INFO  \u255a\u2550\u2550\u2550\u2550\u2550\u2550\u2550\u2550\u2550\u2550\u2550\u2550\u2550\u2550\u2550\u2550\u2550\u2550\u2550\u2550\u2550\u2550\u2550\u2550\u2550\u2550\u2550\u2550\u2550\u2550\u2550\u2550\u2550\u2550\u2550\u2550\u2550\u2550\u2550\u2550\u2550\u2550\u2550\u2550\u2550\u2550\u2550\u2550\u2550\u2550\u2550\u2550\u2550\u255d
2026-06-17 08:04:09,804  INFO  
2026-06-17 08:04:09,804  INFO  \u2501\u2501\u2501\u2501\u2501\u2501\u2501\u2501\u2501\u2501\u2501\u2501\u2501\u2501\u2501\u2501\u2501\u2501\u2501\u2501\u2501\u2501\u2501\u2501\u2501\u2501\u2501\u2501\u2501\u2501\u2501\u2501\u2501\u2501\u2501\u2501\u2501\u2501\u2501\u2501\u2501\u2501\u2501\u2501\u2501\u2501\u2501\u2501\u2501\u2501\u2501\u2501\u2501\u2501\u2501
2026-06-17 08:04:09,804  INFO    PASO 1/3 � Descargar backup desde Manager
2026-06-17 08:04:09,804  INFO  \u2501\u2501\u2501\u2501\u2501\u2501\u2501\u2501\u2501\u2501\u2501\u2501\u2501\u2501\u2501\u2501\u2501\u2501\u2501\u2501\u2501\u2501\u2501\u2501\u2501\u2501\u2501\u2501\u2501\u2501\u2501\u2501\u2501\u2501\u2501\u2501\u2501\u2501\u2501\u2501\u2501\u2501\u2501\u2501\u2501\u2501\u2501\u2501\u2501\u2501\u2501\u2501\u2501\u2501\u2501
2026-06-17 08:04:10,574  INFO  =======================================================
2026-06-17 08:04:10,574  INFO    Iniciando descarga autom�tica de backup Manager
2026-06-17 08:04:10,574  INFO  =======================================================
2026-06-17 08:04:10,575  INFO  ====== WebDriver manager ======
2026-06-17 08:04:12,094  INFO  Get LATEST chromedriver version for google-chrome
2026-06-17 08:04:12,564  INFO  Get LATEST chromedriver version for google-chrome
2026-06-17 08:04:12,917  INFO  Driver [C:\Users\atorr\.wdm\drivers\chromedriver\win64\149.0.7827.155\chromedriver-win32/chromedriver.exe] found in cache
2026-06-17 08:04:15,931  INFO  Abriendo login: https://prodkernel.manager.cl/index.html
2026-06-17 08:04:17,929  INFO  Inputs visibles: 3
2026-06-17 08:04:18,284  INFO  Login enviado...
2026-06-17 08:04:22,301  INFO  \u2705 Login exitoso. session_id: 5268bf0d...
2026-06-17 08:04:22,301  INFO  Navegando a: https://prodkernel.manager.cl/managerbackups.html?session_id=5268bf0d1fb852328564f12c9acdcdd0&cd=prodkernel
2026-06-17 08:04:22,396  INFO  Recarga 1/10...
2026-06-17 08:04:26,481  INFO    filas .bak encontradas: 3
2026-06-17 08:04:26,481  INFO  \u2705 Tabla cargada en recarga 1.
2026-06-17 08:04:26,522  INFO    Ignorando: 2026-6-17-T779354202A.bak
2026-06-17 08:04:26,575  INFO    Ignorando: 2026-6-17-T779354202B.bak
2026-06-17 08:04:26,602  INFO  Backup seleccionado: 2026-6-17-T779354202C.bak (2026-06-17 10:08:08+00:00)
2026-06-17 08:04:26,610  INFO  HTML fila completa: <td class="bucket">mng-respaldos-poliuretano</td><td class="Key">2026-6-17-T779354202C.bak</td><td class="LastModified">2026-06-17 10:08:08+00:00</td><td class="Size">0.18 GB</td><td class="presigned_url" style="display: none;">https://mng-respaldos-poliuretano.s3.amazonaws.com/2026-6-17-T779354202C.bak?AWSAccessKeyId=AKIAZPIFFWJDVFW267ZG&amp;Signature=rcaEH50qdsjxHSRZW9%2B6WWddQTE%3D&amp;Expires=1781698161</td><td><i onclick="downloadbackup($(this).parent().parent())" class="fas fa-download"></
2026-06-17 08:04:28,824  INFO  Descargando 2026-6-17-T779354202C.bak desde S3...
2026-06-17 08:04:35,526  INFO    10 MB / 183 MB (6%)
2026-06-17 08:04:41,389  INFO    21 MB / 183 MB (11%)
2026-06-17 08:04:47,267  INFO    31 MB / 183 MB (17%)
2026-06-17 08:05:02,651  INFO    42 MB / 183 MB (23%)
2026-06-17 08:05:22,605  INFO    52 MB / 183 MB (29%)
2026-06-17 08:05:28,817  INFO    63 MB / 183 MB (34%)
2026-06-17 08:05:35,325  INFO    73 MB / 183 MB (40%)
2026-06-17 08:05:40,554  INFO    84 MB / 183 MB (46%)
2026-06-17 08:05:43,981  INFO    94 MB / 183 MB (52%)
2026-06-17 08:05:48,511  INFO    105 MB / 183 MB (57%)
2026-06-17 08:05:57,238  INFO    115 MB / 183 MB (63%)
2026-06-17 08:06:03,244  INFO    126 MB / 183 MB (69%)
2026-06-17 08:06:06,571  INFO    136 MB / 183 MB (75%)
2026-06-17 08:06:09,808  INFO    147 MB / 183 MB (80%)
2026-06-17 08:06:14,096  INFO    157 MB / 183 MB (86%)
2026-06-17 08:06:18,136  INFO    168 MB / 183 MB (92%)
2026-06-17 08:06:22,439  INFO    178 MB / 183 MB (97%)
2026-06-17 08:06:24,626  INFO  \u2705 Descarga completa: 2026-6-17-T779354202C.bak (183.0 MB)
2026-06-17 08:06:24,665  INFO  Backup guardado en: C:\Backups\Manager\2026-6-17-T779354202C_2026-06-17_1781697984.bak
2026-06-17 08:06:24,665  INFO  \u2705 �xito � backup guardado en: C:\Backups\Manager\2026-6-17-T779354202C_2026-06-17_1781697984.bak
2026-06-17 08:06:28,809  WARNING  Retrying (Retry(total=2, connect=None, read=None, redirect=None, status=None)) after connection broken by 'NewConnectionError("HTTPConnection(host='localhost', port=56949): Failed to establish a new connection: [WinError 10061] No se puede establecer una conexi�n ya que el equipo de destino deneg� expresamente dicha conexi�n")': /session/7e7f4bc8e097759324d2234785b73d49
2026-06-17 08:06:32,907  WARNING  Retrying (Retry(total=1, connect=None, read=None, redirect=None, status=None)) after connection broken by 'NewConnectionError("HTTPConnection(host='localhost', port=56949): Failed to establish a new connection: [WinError 10061] No se puede establecer una conexi�n ya que el equipo de destino deneg� expresamente dicha conexi�n")': /session/7e7f4bc8e097759324d2234785b73d49
2026-06-17 08:06:37,002  WARNING  Retrying (Retry(total=0, connect=None, read=None, redirect=None, status=None)) after connection broken by 'NewConnectionError("HTTPConnection(host='localhost', port=56949): Failed to establish a new connection: [WinError 10061] No se puede establecer una conexi�n ya que el equipo de destino deneg� expresamente dicha conexi�n")': /session/7e7f4bc8e097759324d2234785b73d49
2026-06-17 08:06:41,105  INFO  
2026-06-17 08:06:41,105  INFO  \u2501\u2501\u2501\u2501\u2501\u2501\u2501\u2501\u2501\u2501\u2501\u2501\u2501\u2501\u2501\u2501\u2501\u2501\u2501\u2501\u2501\u2501\u2501\u2501\u2501\u2501\u2501\u2501\u2501\u2501\u2501\u2501\u2501\u2501\u2501\u2501\u2501\u2501\u2501\u2501\u2501\u2501\u2501\u2501\u2501\u2501\u2501\u2501\u2501\u2501\u2501\u2501\u2501\u2501\u2501
2026-06-17 08:06:41,105  INFO    PASO 2/3 � Restaurar BD y extraer Ventas Full
2026-06-17 08:06:41,105  INFO  \u2501\u2501\u2501\u2501\u2501\u2501\u2501\u2501\u2501\u2501\u2501\u2501\u2501\u2501\u2501\u2501\u2501\u2501\u2501\u2501\u2501\u2501\u2501\u2501\u2501\u2501\u2501\u2501\u2501\u2501\u2501\u2501\u2501\u2501\u2501\u2501\u2501\u2501\u2501\u2501\u2501\u2501\u2501\u2501\u2501\u2501\u2501\u2501\u2501\u2501\u2501\u2501\u2501\u2501\u2501
2026-06-17 08:06:45,723  INFO  ============================================================
2026-06-17 08:06:45,723  INFO    PASO 1 � Restaurar BD y extraer M�ltiples Reportes
2026-06-17 08:06:45,723  INFO  ============================================================
2026-06-17 08:06:45,737  INFO  Usando .bak de ultimo_bak.txt: 2026-6-17-T779354202C_2026-06-17_1781697984.bak
2026-06-17 08:06:45,737  INFO  Usando backup: 2026-6-17-T779354202C_2026-06-17_1781697984.bak
2026-06-17 08:06:45,737  INFO  Restaurando 2026-6-17-T779354202C_2026-06-17_1781697984.bak como 'T779354202C'...
2026-06-17 08:06:45,737  INFO  Copiando .bak a C:\Program Files\Microsoft SQL Server\MSSQL17.SQLEXPRESS\MSSQL\DATA\2026-6-17-T779354202C_2026-06-17_1781697984.bak...
2026-06-17 08:06:46,438  INFO  Ejecutando RESTORE DATABASE...
2026-06-17 08:07:31,219  INFO  \u2705 BD 'T779354202C' restaurada correctamente.
2026-06-17 08:07:31,220  INFO  Conectando a 'T779354202C' para extraer reportes...
2026-06-17 08:07:31,259  INFO  Ejecutando: Aceros...
C:\Scripts\BackupManager\restaurar_y_extraer.py:158: UserWarning: pandas only supports SQLAlchemy connectable (engine/connection) or database string URI or sqlite3 DBAPI2 connection. Other DBAPI2 objects are not tested. Please consider using SQLAlchemy.
  df = pd.read_sql(sql_listo, conn)
2026-06-17 08:07:31,532  INFO    \u2514\u2500 71 filas extra�das.
2026-06-17 08:07:31,532  INFO  Ejecutando: base_completo...
2026-06-17 08:07:33,276  INFO    \u2514\u2500 9,268 filas extra�das.
2026-06-17 08:07:33,276  INFO  Ejecutando: calendario...
2026-06-17 08:07:33,589  INFO    \u2514\u2500 95 filas extra�das.
2026-06-17 08:07:33,589  INFO  Ejecutando: Consumos_acero...
2026-06-17 08:07:33,717  INFO    \u2514\u2500 175 filas extra�das.
2026-06-17 08:07:33,718  INFO  Ejecutando: Cotizaciones...
2026-06-17 08:07:33,816  INFO    \u2514\u2500 3,604 filas extra�das.
2026-06-17 08:07:33,816  INFO  Ejecutando: Inventario_aceros...
2026-06-17 08:07:33,849  INFO    \u2514\u2500 120 filas extra�das.
2026-06-17 08:07:33,849  INFO  Ejecutando: Notas_de_venta...
2026-06-17 08:07:33,894  INFO    \u2514\u2500 810 filas extra�das.
2026-06-17 08:07:33,894  INFO  Ejecutando: Ordenes_de_Compra...
2026-06-17 08:07:34,032  INFO    \u2514\u2500 287 filas extra�das.
2026-06-17 08:07:34,032  INFO  Ejecutando: Ordenes_de_produccion...
2026-06-17 08:07:34,273  INFO    \u2514\u2500 3,342 filas extra�das.
2026-06-17 08:07:34,274  INFO  Ejecutando: Pendiente_a_facturar...
2026-06-17 08:07:34,292  ERROR    \u2514\u2500 Error ejecutando Pendiente_a_facturar: ('42000', '[42000] [Microsoft][ODBC Driver 17 for SQL Server][SQL Server]ORDER BY items must appear in the select list if SELECT DISTINCT is specified. (145) (SQLExecDirectW)')
2026-06-17 08:07:34,292  INFO  Ejecutando: Productos_Stock...
2026-06-17 08:07:34,320  INFO    \u2514\u2500 125 filas extra�das.
2026-06-17 08:07:34,321  INFO  Ejecutando: Stock_vendido...
2026-06-17 08:07:34,384  INFO    \u2514\u2500 161 filas extra�das.
2026-06-17 08:07:34,384  INFO  Ejecutando: Vales_de_Salida...
2026-06-17 08:07:34,402  ERROR    \u2514\u2500 Error ejecutando Vales_de_Salida: ('42000', '[42000] [Microsoft][ODBC Driver 17 for SQL Server][SQL Server]ORDER BY items must appear in the select list if SELECT DISTINCT is specified. (145) (SQLExecDirectW)')
2026-06-17 08:07:34,402  INFO  Ejecutando: Ventas_Full...
2026-06-17 08:07:34,984  INFO    \u2514\u2500 1,975 filas extra�das.
2026-06-17 08:07:34,985  INFO  Ejecutando: WIP...
2026-06-17 08:07:35,061  INFO    \u2514\u2500 41 filas extra�das.
2026-06-17 08:07:35,062  INFO  Exportando a Excel multipesta�a: C:\Reportes\VentasFull\Reportes_Completos_2026-06-17.xlsx
2026-06-17 08:08:54,785  WARNING    \u2514\u2500 Stock_vendido: columnas duplicadas renombradas
2026-06-17 08:09:19,885  INFO  \u2705 Excel generado: C:\Reportes\VentasFull\Reportes_Completos_2026-06-17.xlsx (2.8 MB)
2026-06-17 08:09:19,886  INFO  \u2705 Proceso Completado \u2192 C:\Reportes\VentasFull\Reportes_Completos_2026-06-17.xlsx
2026-06-17 08:09:19,900  INFO  
2026-06-17 08:09:19,901  INFO  \u2501\u2501\u2501\u2501\u2501\u2501\u2501\u2501\u2501\u2501\u2501\u2501\u2501\u2501\u2501\u2501\u2501\u2501\u2501\u2501\u2501\u2501\u2501\u2501\u2501\u2501\u2501\u2501\u2501\u2501\u2501\u2501\u2501\u2501\u2501\u2501\u2501\u2501\u2501\u2501\u2501\u2501\u2501\u2501\u2501\u2501\u2501\u2501\u2501\u2501\u2501\u2501\u2501\u2501\u2501
2026-06-17 08:09:19,901  INFO    PASO 3/3 � Subir Excel a Google Drive
2026-06-17 08:09:19,901  INFO  \u2501\u2501\u2501\u2501\u2501\u2501\u2501\u2501\u2501\u2501\u2501\u2501\u2501\u2501\u2501\u2501\u2501\u2501\u2501\u2501\u2501\u2501\u2501\u2501\u2501\u2501\u2501\u2501\u2501\u2501\u2501\u2501\u2501\u2501\u2501\u2501\u2501\u2501\u2501\u2501\u2501\u2501\u2501\u2501\u2501\u2501\u2501\u2501\u2501\u2501\u2501\u2501\u2501\u2501\u2501
2026-06-17 08:09:23,577  INFO  =======================================================
2026-06-17 08:09:23,578  INFO    PASO 2 � Subir a Drive y actualizar Google Sheets
2026-06-17 08:09:23,578  INFO  =======================================================
2026-06-17 08:09:23,590  INFO  Procesando: Reportes_Completos_2026-06-17.xlsx (2.8 MB)
2026-06-17 08:09:23,679  INFO  file_cache is only supported with oauth2client<4.0.0
2026-06-17 08:09:23,707  INFO  file_cache is only supported with oauth2client<4.0.0
2026-06-17 08:09:25,137  INFO  Creando Excel nuevo en Drive...
2026-06-17 08:09:28,885  INFO  \u2705 Excel subido a Drive: Reportes_Completos_Actualizado.xlsx
2026-06-17 08:09:28,885  INFO  Leyendo Excel para actualizar Google Sheets...
2026-06-17 08:09:28,914  INFO  Pesta�as encontradas en Excel: ['Aceros', 'base_completo', 'calendario', 'Consumos_acero', 'Cotizaciones', 'Inventario_aceros', 'Notas_de_venta', 'Ordenes_de_Compra', 'Ordenes_de_produccion', 'Productos_Stock', 'Stock_vendido', 'Ventas_Full', 'WIP']
2026-06-17 08:09:30,309  INFO  Actualizando Base Produccion \u2192 'Orden de Produccion' (3,342 filas)...
2026-06-17 08:09:31,376  INFO    Limpiando hoja 'Orden de Produccion'...
2026-06-17 08:09:32,221  INFO    Escribiendo 3,342 filas en 'Orden de Produccion'...
2026-06-17 08:09:34,496  INFO    \u2705 Hoja 'Orden de Produccion' actualizada.
2026-06-17 08:09:34,548  INFO  Actualizando Base Produccion \u2192 'Por Facturar' (95 filas)...
2026-06-17 08:09:34,979  INFO    Limpiando hoja 'Por Facturar'...
2026-06-17 08:09:35,204  INFO    Escribiendo 95 filas en 'Por Facturar'...
2026-06-17 08:09:35,427  INFO    \u2705 Hoja 'Por Facturar' actualizada.
2026-06-17 08:09:35,517  INFO  Actualizando Base Produccion \u2192 'Control Inventario' (120 filas)...
2026-06-17 08:09:36,645  INFO    Limpiando hoja 'Control Inventario'...
2026-06-17 08:09:36,879  INFO    Escribiendo 120 filas en 'Control Inventario'...
2026-06-17 08:09:37,129  INFO    \u2705 Hoja 'Control Inventario' actualizada.
2026-06-17 08:09:37,991  INFO  Actualizando Base Produccion \u2192 'Notas de Venta' (810 filas)...
2026-06-17 08:09:38,445  INFO    Limpiando hoja 'Notas de Venta'...
2026-06-17 08:09:38,699  INFO    Escribiendo 810 filas en 'Notas de Venta'...
2026-06-17 08:09:39,050  INFO    \u2705 Hoja 'Notas de Venta' actualizada.
2026-06-17 08:09:39,084  INFO  Actualizando Base Produccion \u2192 'Vales de Salida' (71 filas)...
2026-06-17 08:09:39,508  INFO    Limpiando hoja 'Vales de Salida'...
2026-06-17 08:09:39,733  INFO    Escribiendo 71 filas en 'Vales de Salida'...
2026-06-17 08:09:39,953  INFO    \u2705 Hoja 'Vales de Salida' actualizada.
2026-06-17 08:09:40,027  INFO  Actualizando Base Produccion \u2192 'Stock' (125 filas)...
2026-06-17 08:09:40,464  INFO    Limpiando hoja 'Stock'...
2026-06-17 08:09:40,700  INFO    Escribiendo 125 filas en 'Stock'...
2026-06-17 08:09:40,927  INFO    \u2705 Hoja 'Stock' actualizada.
2026-06-17 08:09:45,653  INFO  Actualizando Base Produccion \u2192 'Ventas_Full' (1,975 filas)...
2026-06-17 08:09:46,043  INFO    Limpiando hoja 'Ventas_Full'...
2026-06-17 08:09:46,662  INFO    Escribiendo 1,975 filas en 'Ventas_Full'...
2026-06-17 08:09:48,129  INFO    \u2705 Hoja 'Ventas_Full' actualizada.
2026-06-17 08:09:48,191  INFO  Actualizando Base Produccion \u2192 'WIP' (41 filas)...
2026-06-17 08:09:48,609  INFO    Limpiando hoja 'WIP'...
2026-06-17 08:09:48,843  INFO    Escribiendo 41 filas en 'WIP'...
2026-06-17 08:09:49,073  INFO    \u2705 Hoja 'WIP' actualizada.
2026-06-17 08:09:49,244  INFO  Actualizando Base Produccion \u2192 'Stock Vendido' (161 filas)...
2026-06-17 08:09:49,624  INFO    Limpiando hoja 'Stock Vendido'...
2026-06-17 08:09:49,877  INFO    Escribiendo 161 filas en 'Stock Vendido'...
2026-06-17 08:09:50,128  INFO    \u2705 Hoja 'Stock Vendido' actualizada.
2026-06-17 08:09:50,269  INFO  Actualizando Base Produccion \u2192 'Consumos Acero' (175 filas)...
2026-06-17 08:09:50,651  INFO    Limpiando hoja 'Consumos Acero'...
2026-06-17 08:09:50,953  INFO    Escribiendo 175 filas en 'Consumos Acero'...
2026-06-17 08:09:51,201  INFO    \u2705 Hoja 'Consumos Acero' actualizada.
2026-06-17 08:09:53,305  INFO  Actualizando Presupuestos \u2192 'Ventas Full Manager' (1,975 filas)...
2026-06-17 08:09:54,191  INFO    Limpiando hoja 'Ventas Full Manager'...
2026-06-17 08:09:55,078  INFO    Escribiendo 1,975 filas en 'Ventas Full Manager'...
2026-06-17 08:09:58,017  INFO    \u2705 Hoja 'Ventas Full Manager' actualizada.
2026-06-17 08:09:58,295  INFO  Actualizando Presupuestos \u2192 'Notas de Venta' (810 filas)...
2026-06-17 08:09:59,030  INFO    Limpiando hoja 'Notas de Venta'...
2026-06-17 08:09:59,567  INFO    Escribiendo 810 filas en 'Notas de Venta'...
2026-06-17 08:10:00,051  INFO    \u2705 Hoja 'Notas de Venta' actualizada.
2026-06-17 08:10:01,192  INFO  Actualizando Presupuestos \u2192 'Cotizaciones' (3,604 filas)...
2026-06-17 08:10:01,986  INFO    Limpiando hoja 'Cotizaciones'...
2026-06-17 08:10:02,740  INFO    Escribiendo 3,604 filas en 'Cotizaciones'...
2026-06-17 08:10:03,820  INFO    \u2705 Hoja 'Cotizaciones' actualizada.
2026-06-17 08:10:03,945  INFO  Actualizando Presupuestos \u2192 'Calendario' (95 filas)...
2026-06-17 08:10:04,739  INFO    Limpiando hoja 'Calendario'...
2026-06-17 08:10:05,194  INFO    Escribiendo 95 filas en 'Calendario'...
2026-06-17 08:10:05,873  INFO    \u2705 Hoja 'Calendario' actualizada.
2026-06-17 08:10:05,873  INFO  
2026-06-17 08:10:05,874  INFO  \u2705 Todo actualizado:
2026-06-17 08:10:05,874  INFO     \U0001f4c1 Drive: Reportes_Completos_Actualizado.xlsx
2026-06-17 08:10:05,875  INFO     \U0001f4ca Base Produccion: ['Orden de Produccion', 'Por Facturar', 'Control Inventario', 'Notas de Venta', 'Vales de Salida', 'Stock', 'Ventas_Full', 'WIP', 'Stock Vendido', 'Consumos Acero']
2026-06-17 08:10:05,875  INFO     \U0001f4ca Presupuestos: Ventas Full Manager
2026-06-17 08:10:05,879  INFO  
2026-06-17 08:10:05,879  INFO  \u2554\u2550\u2550\u2550\u2550\u2550\u2550\u2550\u2550\u2550\u2550\u2550\u2550\u2550\u2550\u2550\u2550\u2550\u2550\u2550\u2550\u2550\u2550\u2550\u2550\u2550\u2550\u2550\u2550\u2550\u2550\u2550\u2550\u2550\u2550\u2550\u2550\u2550\u2550\u2550\u2550\u2550\u2550\u2550\u2550\u2550\u2550\u2550\u2550\u2550\u2550\u2550\u2550\u2550\u2557
2026-06-17 08:10:05,879  INFO  \u2551  \u2705 PIPELINE COMPLETADO en 356s                      \u2551
2026-06-17 08:10:05,880  INFO  \u2551  \U0001f4ca Excel en Drive: VentasFull_Actualizado.xlsx      \u2551
2026-06-17 08:10:05,880  INFO  \u255a\u2550\u2550\u2550\u2550\u2550\u2550\u2550\u2550\u2550\u2550\u2550\u2550\u2550\u2550\u2550\u2550\u2550\u2550\u2550\u2550\u2550\u2550\u2550\u2550\u2550\u2550\u2550\u2550\u2550\u2550\u2550\u2550\u2550\u2550\u2550\u2550\u2550\u2550\u2550\u2550\u2550\u2550\u2550\u2550\u2550\u2550\u2550\u2550\u2550\u2550\u2550\u2550\u2550\u255d
17/06/2026  8:10:06.80 - Pipeline completado OK 
17/06/2026 11:09:10.30 - Iniciando pipeline 
2026-06-17 11:09:10,563  INFO  \u2554\u2550\u2550\u2550\u2550\u2550\u2550\u2550\u2550\u2550\u2550\u2550\u2550\u2550\u2550\u2550\u2550\u2550\u2550\u2550\u2550\u2550\u2550\u2550\u2550\u2550\u2550\u2550\u2550\u2550\u2550\u2550\u2550\u2550\u2550\u2550\u2550\u2550\u2550\u2550\u2550\u2550\u2550\u2550\u2550\u2550\u2550\u2550\u2550\u2550\u2550\u2550\u2550\u2550\u2557
2026-06-17 11:09:10,566  INFO  \u2551   PIPELINE VENTAS FULL � Inicio: 2026-06-17 11:09   \u2551
2026-06-17 11:09:10,566  INFO  \u255a\u2550\u2550\u2550\u2550\u2550\u2550\u2550\u2550\u2550\u2550\u2550\u2550\u2550\u2550\u2550\u2550\u2550\u2550\u2550\u2550\u2550\u2550\u2550\u2550\u2550\u2550\u2550\u2550\u2550\u2550\u2550\u2550\u2550\u2550\u2550\u2550\u2550\u2550\u2550\u2550\u2550\u2550\u2550\u2550\u2550\u2550\u2550\u2550\u2550\u2550\u2550\u2550\u2550\u255d
2026-06-17 11:09:10,566  INFO  
2026-06-17 11:09:10,566  INFO  \u2501\u2501\u2501\u2501\u2501\u2501\u2501\u2501\u2501\u2501\u2501\u2501\u2501\u2501\u2501\u2501\u2501\u2501\u2501\u2501\u2501\u2501\u2501\u2501\u2501\u2501\u2501\u2501\u2501\u2501\u2501\u2501\u2501\u2501\u2501\u2501\u2501\u2501\u2501\u2501\u2501\u2501\u2501\u2501\u2501\u2501\u2501\u2501\u2501\u2501\u2501\u2501\u2501\u2501\u2501
2026-06-17 11:09:10,566  INFO    PASO 1/3 � Descargar backup desde Manager
2026-06-17 11:09:10,566  INFO  \u2501\u2501\u2501\u2501\u2501\u2501\u2501\u2501\u2501\u2501\u2501\u2501\u2501\u2501\u2501\u2501\u2501\u2501\u2501\u2501\u2501\u2501\u2501\u2501\u2501\u2501\u2501\u2501\u2501\u2501\u2501\u2501\u2501\u2501\u2501\u2501\u2501\u2501\u2501\u2501\u2501\u2501\u2501\u2501\u2501\u2501\u2501\u2501\u2501\u2501\u2501\u2501\u2501\u2501\u2501
2026-06-17 11:09:12,015  INFO  =======================================================
2026-06-17 11:09:12,015  INFO    Iniciando descarga autom�tica de backup Manager
2026-06-17 11:09:12,016  INFO  =======================================================
2026-06-17 11:09:12,018  INFO  ====== WebDriver manager ======
2026-06-17 11:09:13,788  INFO  Get LATEST chromedriver version for google-chrome
2026-06-17 11:09:14,410  INFO  Get LATEST chromedriver version for google-chrome
2026-06-17 11:09:14,939  INFO  Driver [C:\Users\atorr\.wdm\drivers\chromedriver\win64\149.0.7827.155\chromedriver-win32/chromedriver.exe] found in cache
2026-06-17 11:09:18,516  INFO  Abriendo login: https://prodkernel.manager.cl/index.html
2026-06-17 11:09:20,649  INFO  Inputs visibles: 3
2026-06-17 11:09:21,070  INFO  Login enviado...
2026-06-17 11:09:25,085  INFO  \u2705 Login exitoso. session_id: b0c5bd40...
2026-06-17 11:09:25,085  INFO  Navegando a: https://prodkernel.manager.cl/managerbackups.html?session_id=b0c5bd40456e8016a5195436b7a02847&cd=prodkernel
2026-06-17 11:09:25,186  INFO  Recarga 1/10...
2026-06-17 11:09:29,277  INFO    filas .bak encontradas: 0
2026-06-17 11:09:29,277  INFO  Recarga 2/10...
2026-06-17 11:09:33,367  INFO    filas .bak encontradas: 3
2026-06-17 11:09:33,368  INFO  \u2705 Tabla cargada en recarga 2.
2026-06-17 11:09:33,428  INFO    Ignorando: 2026-6-17-T779354202A.bak
2026-06-17 11:09:33,485  INFO    Ignorando: 2026-6-17-T779354202B.bak
2026-06-17 11:09:33,538  INFO  Backup seleccionado: 2026-6-17-T779354202C.bak (2026-06-17 10:08:08+00:00)
2026-06-17 11:09:33,548  INFO  HTML fila completa: <td class="bucket">mng-respaldos-poliuretano</td><td class="Key">2026-6-17-T779354202C.bak</td><td class="LastModified">2026-06-17 10:08:08+00:00</td><td class="Size">0.18 GB</td><td class="presigned_url" style="display: none;">https://mng-respaldos-poliuretano.s3.amazonaws.com/2026-6-17-T779354202C.bak?AWSAccessKeyId=AKIAZPIFFWJDVFW267ZG&amp;Signature=7j04AMQ71ryxz3WgGkr7YE4E%2B00%3D&amp;Expires=1781709268</td><td><i onclick="downloadbackup($(this).parent().parent())" class="fas fa-download"></
2026-06-17 11:09:35,869  INFO  Descargando 2026-6-17-T779354202C.bak desde S3...
2026-06-17 11:09:43,650  INFO    10 MB / 183 MB (6%)
2026-06-17 11:09:48,631  INFO    21 MB / 183 MB (11%)
2026-06-17 11:09:51,485  INFO    31 MB / 183 MB (17%)
2026-06-17 11:09:54,985  INFO    42 MB / 183 MB (23%)
2026-06-17 11:09:58,919  INFO    52 MB / 183 MB (29%)
2026-06-17 11:10:03,146  INFO    63 MB / 183 MB (34%)
2026-06-17 11:10:07,426  INFO    73 MB / 183 MB (40%)
2026-06-17 11:10:11,291  INFO    84 MB / 183 MB (46%)
2026-06-17 11:10:14,782  INFO    94 MB / 183 MB (52%)
2026-06-17 11:10:18,283  INFO    105 MB / 183 MB (57%)
2026-06-17 11:10:22,242  INFO    115 MB / 183 MB (63%)
2026-06-17 11:10:25,888  INFO    126 MB / 183 MB (69%)
2026-06-17 11:10:29,394  INFO    136 MB / 183 MB (75%)
2026-06-17 11:10:32,726  INFO    147 MB / 183 MB (80%)
2026-06-17 11:10:37,247  INFO    157 MB / 183 MB (86%)
2026-06-17 11:10:42,199  INFO    168 MB / 183 MB (92%)
2026-06-17 11:10:47,407  INFO    178 MB / 183 MB (97%)
^C18/06/2026  9:18:45.36 - Iniciando pipeline 
2026-06-18 09:18:45,643  INFO  \u2554\u2550\u2550\u2550\u2550\u2550\u2550\u2550\u2550\u2550\u2550\u2550\u2550\u2550\u2550\u2550\u2550\u2550\u2550\u2550\u2550\u2550\u2550\u2550\u2550\u2550\u2550\u2550\u2550\u2550\u2550\u2550\u2550\u2550\u2550\u2550\u2550\u2550\u2550\u2550\u2550\u2550\u2550\u2550\u2550\u2550\u2550\u2550\u2550\u2550\u2550\u2550\u2550\u2550\u2557
2026-06-18 09:18:45,645  INFO  \u2551   PIPELINE VENTAS FULL � Inicio: 2026-06-18 09:18   \u2551
2026-06-18 09:18:45,646  INFO  \u255a\u2550\u2550\u2550\u2550\u2550\u2550\u2550\u2550\u2550\u2550\u2550\u2550\u2550\u2550\u2550\u2550\u2550\u2550\u2550\u2550\u2550\u2550\u2550\u2550\u2550\u2550\u2550\u2550\u2550\u2550\u2550\u2550\u2550\u2550\u2550\u2550\u2550\u2550\u2550\u2550\u2550\u2550\u2550\u2550\u2550\u2550\u2550\u2550\u2550\u2550\u2550\u2550\u2550\u255d
2026-06-18 09:18:45,646  INFO  
2026-06-18 09:18:45,646  INFO  \u2501\u2501\u2501\u2501\u2501\u2501\u2501\u2501\u2501\u2501\u2501\u2501\u2501\u2501\u2501\u2501\u2501\u2501\u2501\u2501\u2501\u2501\u2501\u2501\u2501\u2501\u2501\u2501\u2501\u2501\u2501\u2501\u2501\u2501\u2501\u2501\u2501\u2501\u2501\u2501\u2501\u2501\u2501\u2501\u2501\u2501\u2501\u2501\u2501\u2501\u2501\u2501\u2501\u2501\u2501
2026-06-18 09:18:45,646  INFO    PASO 1/3 � Descargar backup desde Manager
2026-06-18 09:18:45,646  INFO  \u2501\u2501\u2501\u2501\u2501\u2501\u2501\u2501\u2501\u2501\u2501\u2501\u2501\u2501\u2501\u2501\u2501\u2501\u2501\u2501\u2501\u2501\u2501\u2501\u2501\u2501\u2501\u2501\u2501\u2501\u2501\u2501\u2501\u2501\u2501\u2501\u2501\u2501\u2501\u2501\u2501\u2501\u2501\u2501\u2501\u2501\u2501\u2501\u2501\u2501\u2501\u2501\u2501\u2501\u2501
2026-06-18 09:18:46,663  INFO  =======================================================
2026-06-18 09:18:46,663  INFO    Iniciando descarga autom�tica de backup Manager
2026-06-18 09:18:46,663  INFO  =======================================================
2026-06-18 09:18:46,665  INFO  ====== WebDriver manager ======
2026-06-18 09:18:50,141  INFO  Get LATEST chromedriver version for google-chrome
2026-06-18 09:18:51,087  INFO  Get LATEST chromedriver version for google-chrome
2026-06-18 09:18:51,800  INFO  Driver [C:\Users\atorr\.wdm\drivers\chromedriver\win64\149.0.7827.155\chromedriver-win32/chromedriver.exe] found in cache
2026-06-18 09:18:57,086  INFO  Abriendo login: https://prodkernel.manager.cl/index.html
2026-06-18 09:18:59,349  INFO  Inputs visibles: 3
2026-06-18 09:19:00,190  INFO  Login enviado...
2026-06-18 09:19:04,217  INFO  \u2705 Login exitoso. session_id: 878e99b1...
2026-06-18 09:19:04,217  INFO  Navegando a: https://prodkernel.manager.cl/managerbackups.html?session_id=878e99b168312b2f7e399a29ff4b8d47&cd=prodkernel
2026-06-18 09:19:04,359  INFO  Recarga 1/10...
2026-06-18 09:19:08,504  INFO    filas .bak encontradas: 3
2026-06-18 09:19:08,504  INFO  \u2705 Tabla cargada en recarga 1.
2026-06-18 09:19:08,558  INFO    Ignorando: 2026-6-18-T779354202A.bak
2026-06-18 09:19:08,598  INFO    Ignorando: 2026-6-18-T779354202B.bak
2026-06-18 09:19:08,632  INFO  Backup seleccionado: 2026-6-18-T779354202C.bak (2026-06-18 10:18:11+00:00)
2026-06-18 09:19:08,643  INFO  HTML fila completa: <td class="bucket">mng-respaldos-poliuretano</td><td class="Key">2026-6-18-T779354202C.bak</td><td class="LastModified">2026-06-18 10:18:11+00:00</td><td class="Size">0.18 GB</td><td class="presigned_url" style="display: none;">https://mng-respaldos-poliuretano.s3.amazonaws.com/2026-6-18-T779354202C.bak?AWSAccessKeyId=AKIAZPIFFWJDVFW267ZG&amp;Signature=lv9kk4%2BJUirnFGER9y9yiUUaeac%3D&amp;Expires=1781789042</td><td><i onclick="downloadbackup($(this).parent().parent())" class="fas fa-download"></
2026-06-18 09:19:11,096  INFO  Descargando 2026-6-18-T779354202C.bak desde S3...
2026-06-18 09:19:17,529  INFO    10 MB / 183 MB (6%)
2026-06-18 09:19:23,457  INFO    21 MB / 183 MB (11%)
2026-06-18 09:19:29,669  INFO    31 MB / 183 MB (17%)
2026-06-18 09:19:33,165  INFO    42 MB / 183 MB (23%)
2026-06-18 09:19:37,196  INFO    52 MB / 183 MB (29%)
2026-06-18 09:19:41,000  INFO    63 MB / 183 MB (34%)
2026-06-18 09:19:44,339  INFO    73 MB / 183 MB (40%)
2026-06-18 09:19:47,566  INFO    84 MB / 183 MB (46%)
2026-06-18 09:19:50,837  INFO    94 MB / 183 MB (51%)
2026-06-18 09:19:54,011  INFO    105 MB / 183 MB (57%)
2026-06-18 09:20:03,909  INFO    115 MB / 183 MB (63%)
2026-06-18 09:20:12,311  INFO    126 MB / 183 MB (69%)
2026-06-18 09:20:20,234  INFO    136 MB / 183 MB (74%)
2026-06-18 09:20:26,143  INFO    147 MB / 183 MB (80%)
2026-06-18 09:20:31,152  INFO    157 MB / 183 MB (86%)
2026-06-18 09:20:35,903  INFO    168 MB / 183 MB (92%)
2026-06-18 09:20:40,800  INFO    178 MB / 183 MB (97%)
2026-06-18 09:20:44,388  INFO  \u2705 Descarga completa: 2026-6-18-T779354202C.bak (183.3 MB)
2026-06-18 09:20:44,395  INFO  Backup guardado en: C:\Backups\Manager\2026-6-18-T779354202C_2026-06-18_1781788844.bak
2026-06-18 09:20:44,396  INFO  \u2705 �xito � backup guardado en: C:\Backups\Manager\2026-6-18-T779354202C_2026-06-18_1781788844.bak
2026-06-18 09:20:48,507  WARNING  Retrying (Retry(total=2, connect=None, read=None, redirect=None, status=None)) after connection broken by 'NewConnectionError("HTTPConnection(host='localhost', port=50828): Failed to establish a new connection: [WinError 10061] No se puede establecer una conexi�n ya que el equipo de destino deneg� expresamente dicha conexi�n")': /session/409f754e7164de42ea0918d268e3ddac
2026-06-18 09:20:52,603  WARNING  Retrying (Retry(total=1, connect=None, read=None, redirect=None, status=None)) after connection broken by 'NewConnectionError("HTTPConnection(host='localhost', port=50828): Failed to establish a new connection: [WinError 10061] No se puede establecer una conexi�n ya que el equipo de destino deneg� expresamente dicha conexi�n")': /session/409f754e7164de42ea0918d268e3ddac
2026-06-18 09:20:56,682  WARNING  Retrying (Retry(total=0, connect=None, read=None, redirect=None, status=None)) after connection broken by 'NewConnectionError("HTTPConnection(host='localhost', port=50828): Failed to establish a new connection: [WinError 10061] No se puede establecer una conexi�n ya que el equipo de destino deneg� expresamente dicha conexi�n")': /session/409f754e7164de42ea0918d268e3ddac
2026-06-18 09:21:00,784  INFO  
2026-06-18 09:21:00,784  INFO  \u2501\u2501\u2501\u2501\u2501\u2501\u2501\u2501\u2501\u2501\u2501\u2501\u2501\u2501\u2501\u2501\u2501\u2501\u2501\u2501\u2501\u2501\u2501\u2501\u2501\u2501\u2501\u2501\u2501\u2501\u2501\u2501\u2501\u2501\u2501\u2501\u2501\u2501\u2501\u2501\u2501\u2501\u2501\u2501\u2501\u2501\u2501\u2501\u2501\u2501\u2501\u2501\u2501\u2501\u2501
2026-06-18 09:21:00,784  INFO    PASO 2/3 � Restaurar BD y extraer Ventas Full
2026-06-18 09:21:00,784  INFO  \u2501\u2501\u2501\u2501\u2501\u2501\u2501\u2501\u2501\u2501\u2501\u2501\u2501\u2501\u2501\u2501\u2501\u2501\u2501\u2501\u2501\u2501\u2501\u2501\u2501\u2501\u2501\u2501\u2501\u2501\u2501\u2501\u2501\u2501\u2501\u2501\u2501\u2501\u2501\u2501\u2501\u2501\u2501\u2501\u2501\u2501\u2501\u2501\u2501\u2501\u2501\u2501\u2501\u2501\u2501
2026-06-18 09:21:08,173  INFO  ============================================================
2026-06-18 09:21:08,173  INFO    PASO 1 � Restaurar BD y extraer M�ltiples Reportes
2026-06-18 09:21:08,174  INFO  ============================================================
2026-06-18 09:21:08,188  INFO  Usando .bak de ultimo_bak.txt: 2026-6-18-T779354202C_2026-06-18_1781788844.bak
2026-06-18 09:21:08,188  INFO  Usando backup: 2026-6-18-T779354202C_2026-06-18_1781788844.bak
2026-06-18 09:21:08,188  INFO  Restaurando 2026-6-18-T779354202C_2026-06-18_1781788844.bak como 'T779354202C'...
2026-06-18 09:21:08,188  INFO  Copiando .bak a C:\Program Files\Microsoft SQL Server\MSSQL17.SQLEXPRESS\MSSQL\DATA\2026-6-18-T779354202C_2026-06-18_1781788844.bak...
2026-06-18 09:21:09,396  INFO  Ejecutando RESTORE DATABASE...
2026-06-18 09:21:54,771  INFO  \u2705 BD 'T779354202C' restaurada correctamente.
2026-06-18 09:21:54,772  INFO  Conectando a 'T779354202C' para extraer reportes...
2026-06-18 09:21:54,825  INFO  Ejecutando: Aceros...
C:\Scripts\BackupManager\restaurar_y_extraer.py:158: UserWarning: pandas only supports SQLAlchemy connectable (engine/connection) or database string URI or sqlite3 DBAPI2 connection. Other DBAPI2 objects are not tested. Please consider using SQLAlchemy.
  df = pd.read_sql(sql_listo, conn)
2026-06-18 09:21:55,130  INFO    \u2514\u2500 72 filas extra�das.
2026-06-18 09:21:55,130  INFO  Ejecutando: base_completo...
2026-06-18 09:21:56,836  INFO    \u2514\u2500 9,288 filas extra�das.
2026-06-18 09:21:56,837  INFO  Ejecutando: calendario...
2026-06-18 09:21:57,057  INFO    \u2514\u2500 91 filas extra�das.
2026-06-18 09:21:57,057  INFO  Ejecutando: Consumos_acero...
2026-06-18 09:21:57,185  INFO    \u2514\u2500 173 filas extra�das.
2026-06-18 09:21:57,186  INFO  Ejecutando: Cotizaciones...
2026-06-18 09:21:57,284  INFO    \u2514\u2500 3,624 filas extra�das.
2026-06-18 09:21:57,285  INFO  Ejecutando: Inventario_aceros...
2026-06-18 09:21:57,322  INFO    \u2514\u2500 197 filas extra�das.
2026-06-18 09:21:57,323  INFO  Ejecutando: Notas_de_venta...
2026-06-18 09:21:57,369  INFO    \u2514\u2500 813 filas extra�das.
2026-06-18 09:21:57,369  INFO  Ejecutando: Ordenes_de_Compra...
2026-06-18 09:21:57,514  INFO    \u2514\u2500 287 filas extra�das.
2026-06-18 09:21:57,515  INFO  Ejecutando: Ordenes_de_produccion...
2026-06-18 09:21:57,756  INFO    \u2514\u2500 3,349 filas extra�das.
2026-06-18 09:21:57,756  INFO  Ejecutando: Pendiente_a_facturar...
2026-06-18 09:21:57,775  ERROR    \u2514\u2500 Error ejecutando Pendiente_a_facturar: ('42000', '[42000] [Microsoft][ODBC Driver 17 for SQL Server][SQL Server]ORDER BY items must appear in the select list if SELECT DISTINCT is specified. (145) (SQLExecDirectW)')
2026-06-18 09:21:57,776  INFO  Ejecutando: Productos_Stock...
2026-06-18 09:21:57,804  INFO    \u2514\u2500 126 filas extra�das.
2026-06-18 09:21:57,804  INFO  Ejecutando: Stock_vendido...
2026-06-18 09:21:57,880  INFO    \u2514\u2500 164 filas extra�das.
2026-06-18 09:21:57,881  INFO  Ejecutando: Vales_de_Salida...
2026-06-18 09:21:57,902  ERROR    \u2514\u2500 Error ejecutando Vales_de_Salida: ('42000', '[42000] [Microsoft][ODBC Driver 17 for SQL Server][SQL Server]ORDER BY items must appear in the select list if SELECT DISTINCT is specified. (145) (SQLExecDirectW)')
2026-06-18 09:21:57,903  INFO  Ejecutando: Ventas_Full...
2026-06-18 09:21:58,584  INFO    \u2514\u2500 1,995 filas extra�das.
2026-06-18 09:21:58,584  INFO  Ejecutando: WIP...
2026-06-18 09:21:58,659  INFO    \u2514\u2500 40 filas extra�das.
2026-06-18 09:21:58,662  INFO  Exportando a Excel multipesta�a: C:\Reportes\VentasFull\Reportes_Completos_2026-06-18.xlsx
2026-06-18 09:23:25,079  WARNING    \u2514\u2500 Stock_vendido: columnas duplicadas renombradas
2026-06-18 09:23:54,982  INFO  \u2705 Excel generado: C:\Reportes\VentasFull\Reportes_Completos_2026-06-18.xlsx (2.8 MB)
2026-06-18 09:23:54,983  INFO  \u2705 Proceso Completado \u2192 C:\Reportes\VentasFull\Reportes_Completos_2026-06-18.xlsx
2026-06-18 09:23:55,001  INFO  
2026-06-18 09:23:55,001  INFO  \u2501\u2501\u2501\u2501\u2501\u2501\u2501\u2501\u2501\u2501\u2501\u2501\u2501\u2501\u2501\u2501\u2501\u2501\u2501\u2501\u2501\u2501\u2501\u2501\u2501\u2501\u2501\u2501\u2501\u2501\u2501\u2501\u2501\u2501\u2501\u2501\u2501\u2501\u2501\u2501\u2501\u2501\u2501\u2501\u2501\u2501\u2501\u2501\u2501\u2501\u2501\u2501\u2501\u2501\u2501
2026-06-18 09:23:55,001  INFO    PASO 3/3 � Subir Excel a Google Drive
2026-06-18 09:23:55,001  INFO  \u2501\u2501\u2501\u2501\u2501\u2501\u2501\u2501\u2501\u2501\u2501\u2501\u2501\u2501\u2501\u2501\u2501\u2501\u2501\u2501\u2501\u2501\u2501\u2501\u2501\u2501\u2501\u2501\u2501\u2501\u2501\u2501\u2501\u2501\u2501\u2501\u2501\u2501\u2501\u2501\u2501\u2501\u2501\u2501\u2501\u2501\u2501\u2501\u2501\u2501\u2501\u2501\u2501\u2501\u2501
2026-06-18 09:23:59,872  INFO  =======================================================
2026-06-18 09:23:59,872  INFO    PASO 2 � Subir a Drive y actualizar Google Sheets
2026-06-18 09:23:59,872  INFO  =======================================================
2026-06-18 09:23:59,887  INFO  Procesando: Reportes_Completos_2026-06-18.xlsx (2.8 MB)
2026-06-18 09:23:59,979  INFO  file_cache is only supported with oauth2client<4.0.0
2026-06-18 09:24:00,009  INFO  file_cache is only supported with oauth2client<4.0.0
2026-06-18 09:24:01,568  INFO  Creando Excel nuevo en Drive...
2026-06-18 09:24:04,774  INFO  \u2705 Excel subido a Drive: Reportes_Completos_Actualizado.xlsx
2026-06-18 09:24:04,775  INFO  Leyendo Excel para actualizar Google Sheets...
2026-06-18 09:24:04,820  INFO  Pesta�as encontradas en Excel: ['Aceros', 'base_completo', 'calendario', 'Consumos_acero', 'Cotizaciones', 'Inventario_aceros', 'Notas_de_venta', 'Ordenes_de_Compra', 'Ordenes_de_produccion', 'Productos_Stock', 'Stock_vendido', 'Ventas_Full', 'WIP']
2026-06-18 09:24:06,779  INFO  Actualizando Base Produccion \u2192 'Orden de Produccion' (3,349 filas)...
2026-06-18 09:24:08,180  INFO    Limpiando hoja 'Orden de Produccion'...
2026-06-18 09:24:09,448  INFO    Escribiendo 3,349 filas en 'Orden de Produccion'...
2026-06-18 09:24:12,437  INFO    \u2705 Hoja 'Orden de Produccion' actualizada.
2026-06-18 09:24:12,521  INFO  Actualizando Base Produccion \u2192 'Por Facturar' (91 filas)...
2026-06-18 09:24:13,285  INFO    Limpiando hoja 'Por Facturar'...
2026-06-18 09:24:13,558  INFO    Escribiendo 91 filas en 'Por Facturar'...
2026-06-18 09:24:13,872  INFO    \u2705 Hoja 'Por Facturar' actualizada.
2026-06-18 09:24:14,010  INFO  Actualizando Base Produccion \u2192 'Control Inventario' (197 filas)...
2026-06-18 09:24:14,513  INFO    Limpiando hoja 'Control Inventario'...
2026-06-18 09:24:14,814  INFO    Escribiendo 197 filas en 'Control Inventario'...
2026-06-18 09:24:15,163  INFO    \u2705 Hoja 'Control Inventario' actualizada.
2026-06-18 09:24:16,455  INFO  Actualizando Base Produccion \u2192 'Notas de Venta' (813 filas)...
2026-06-18 09:24:16,969  INFO    Limpiando hoja 'Notas de Venta'...
2026-06-18 09:24:17,317  INFO    Escribiendo 813 filas en 'Notas de Venta'...
2026-06-18 09:24:17,820  INFO    \u2705 Hoja 'Notas de Venta' actualizada.
2026-06-18 09:24:17,866  INFO  Actualizando Base Produccion \u2192 'Vales de Salida' (72 filas)...
2026-06-18 09:24:18,349  INFO    Limpiando hoja 'Vales de Salida'...
2026-06-18 09:24:18,614  INFO    Escribiendo 72 filas en 'Vales de Salida'...
2026-06-18 09:24:18,878  INFO    \u2705 Hoja 'Vales de Salida' actualizada.
2026-06-18 09:24:18,925  INFO  Actualizando Base Produccion \u2192 'Stock' (126 filas)...
2026-06-18 09:24:19,696  INFO    Limpiando hoja 'Stock'...
2026-06-18 09:24:20,127  INFO    Escribiendo 126 filas en 'Stock'...
2026-06-18 09:24:20,979  INFO    \u2705 Hoja 'Stock' actualizada.
2026-06-18 09:24:22,601  INFO  Actualizando Base Produccion \u2192 'Ventas_Full' (1,995 filas)...
2026-06-18 09:24:23,208  INFO    Limpiando hoja 'Ventas_Full'...
2026-06-18 09:24:23,856  INFO    Escribiendo 1,995 filas en 'Ventas_Full'...
2026-06-18 09:24:26,313  INFO    \u2705 Hoja 'Ventas_Full' actualizada.
2026-06-18 09:24:26,368  INFO  Actualizando Base Produccion \u2192 'WIP' (40 filas)...
2026-06-18 09:24:26,902  INFO    Limpiando hoja 'WIP'...
2026-06-18 09:24:27,145  INFO    Escribiendo 40 filas en 'WIP'...
2026-06-18 09:24:27,421  INFO    \u2705 Hoja 'WIP' actualizada.
2026-06-18 09:24:27,505  INFO  Actualizando Base Produccion \u2192 'Stock Vendido' (164 filas)...
2026-06-18 09:24:27,993  INFO    Limpiando hoja 'Stock Vendido'...
2026-06-18 09:24:28,255  INFO    Escribiendo 164 filas en 'Stock Vendido'...
2026-06-18 09:24:28,557  INFO    \u2705 Hoja 'Stock Vendido' actualizada.
2026-06-18 09:24:28,627  INFO  Actualizando Base Produccion \u2192 'Consumos Acero' (173 filas)...
2026-06-18 09:24:29,171  INFO    Limpiando hoja 'Consumos Acero'...
2026-06-18 09:24:29,437  INFO    Escribiendo 173 filas en 'Consumos Acero'...
2026-06-18 09:24:29,819  INFO    \u2705 Hoja 'Consumos Acero' actualizada.
2026-06-18 09:24:31,352  INFO  Actualizando Presupuestos \u2192 'Ventas Full Manager' (1,995 filas)...
2026-06-18 09:24:32,017  INFO    Limpiando hoja 'Ventas Full Manager'...
2026-06-18 09:24:32,656  INFO    Escribiendo 1,995 filas en 'Ventas Full Manager'...
2026-06-18 09:24:34,061  INFO    \u2705 Hoja 'Ventas Full Manager' actualizada.
2026-06-18 09:24:34,271  INFO  Actualizando Presupuestos \u2192 'Notas de Venta' (813 filas)...
2026-06-18 09:24:34,812  INFO    Limpiando hoja 'Notas de Venta'...
2026-06-18 09:24:35,167  INFO    Escribiendo 813 filas en 'Notas de Venta'...
2026-06-18 09:24:35,545  INFO    \u2705 Hoja 'Notas de Venta' actualizada.
2026-06-18 09:24:36,346  INFO  Actualizando Presupuestos \u2192 'Cotizaciones' (3,624 filas)...
2026-06-18 09:24:36,864  INFO    Limpiando hoja 'Cotizaciones'...
2026-06-18 09:24:37,271  INFO    Escribiendo 3,624 filas en 'Cotizaciones'...
2026-06-18 09:24:38,324  INFO    \u2705 Hoja 'Cotizaciones' actualizada.
2026-06-18 09:24:38,376  INFO  Actualizando Presupuestos \u2192 'Calendario' (91 filas)...
2026-06-18 09:24:38,896  INFO    Limpiando hoja 'Calendario'...
2026-06-18 09:24:39,129  INFO    Escribiendo 91 filas en 'Calendario'...
2026-06-18 09:24:39,366  INFO    \u2705 Hoja 'Calendario' actualizada.
2026-06-18 09:24:39,366  INFO  
2026-06-18 09:24:39,366  INFO  \u2705 Todo actualizado:
2026-06-18 09:24:39,367  INFO     \U0001f4c1 Drive: Reportes_Completos_Actualizado.xlsx
2026-06-18 09:24:39,369  INFO     \U0001f4ca Base Produccion: ['Orden de Produccion', 'Por Facturar', 'Control Inventario', 'Notas de Venta', 'Vales de Salida', 'Stock', 'Ventas_Full', 'WIP', 'Stock Vendido', 'Consumos Acero']
2026-06-18 09:24:39,369  INFO     \U0001f4ca Presupuestos: Ventas Full Manager
2026-06-18 09:24:39,372  INFO  
2026-06-18 09:24:39,372  INFO  \u2554\u2550\u2550\u2550\u2550\u2550\u2550\u2550\u2550\u2550\u2550\u2550\u2550\u2550\u2550\u2550\u2550\u2550\u2550\u2550\u2550\u2550\u2550\u2550\u2550\u2550\u2550\u2550\u2550\u2550\u2550\u2550\u2550\u2550\u2550\u2550\u2550\u2550\u2550\u2550\u2550\u2550\u2550\u2550\u2550\u2550\u2550\u2550\u2550\u2550\u2550\u2550\u2550\u2550\u2557
2026-06-18 09:24:39,373  INFO  \u2551  \u2705 PIPELINE COMPLETADO en 353s                      \u2551
2026-06-18 09:24:39,373  INFO  \u2551  \U0001f4ca Excel en Drive: VentasFull_Actualizado.xlsx      \u2551
2026-06-18 09:24:39,373  INFO  \u255a\u2550\u2550\u2550\u2550\u2550\u2550\u2550\u2550\u2550\u2550\u2550\u2550\u2550\u2550\u2550\u2550\u2550\u2550\u2550\u2550\u2550\u2550\u2550\u2550\u2550\u2550\u2550\u2550\u2550\u2550\u2550\u2550\u2550\u2550\u2550\u2550\u2550\u2550\u2550\u2550\u2550\u2550\u2550\u2550\u2550\u2550\u2550\u2550\u2550\u2550\u2550\u2550\u2550\u255d
18/06/2026  9:24:40.37 - Pipeline completado OK 
19/06/2026 10:35:30.09 - Iniciando pipeline 
2026-06-19 10:35:30,277  INFO  \u2554\u2550\u2550\u2550\u2550\u2550\u2550\u2550\u2550\u2550\u2550\u2550\u2550\u2550\u2550\u2550\u2550\u2550\u2550\u2550\u2550\u2550\u2550\u2550\u2550\u2550\u2550\u2550\u2550\u2550\u2550\u2550\u2550\u2550\u2550\u2550\u2550\u2550\u2550\u2550\u2550\u2550\u2550\u2550\u2550\u2550\u2550\u2550\u2550\u2550\u2550\u2550\u2550\u2550\u2557
2026-06-19 10:35:30,278  INFO  \u2551   PIPELINE VENTAS FULL � Inicio: 2026-06-19 10:35   \u2551
2026-06-19 10:35:30,278  INFO  \u255a\u2550\u2550\u2550\u2550\u2550\u2550\u2550\u2550\u2550\u2550\u2550\u2550\u2550\u2550\u2550\u2550\u2550\u2550\u2550\u2550\u2550\u2550\u2550\u2550\u2550\u2550\u2550\u2550\u2550\u2550\u2550\u2550\u2550\u2550\u2550\u2550\u2550\u2550\u2550\u2550\u2550\u2550\u2550\u2550\u2550\u2550\u2550\u2550\u2550\u2550\u2550\u2550\u2550\u255d
2026-06-19 10:35:30,278  INFO  
2026-06-19 10:35:30,278  INFO  \u2501\u2501\u2501\u2501\u2501\u2501\u2501\u2501\u2501\u2501\u2501\u2501\u2501\u2501\u2501\u2501\u2501\u2501\u2501\u2501\u2501\u2501\u2501\u2501\u2501\u2501\u2501\u2501\u2501\u2501\u2501\u2501\u2501\u2501\u2501\u2501\u2501\u2501\u2501\u2501\u2501\u2501\u2501\u2501\u2501\u2501\u2501\u2501\u2501\u2501\u2501\u2501\u2501\u2501\u2501
2026-06-19 10:35:30,278  INFO    PASO 1/3 � Descargar backup desde Manager
2026-06-19 10:35:30,278  INFO  \u2501\u2501\u2501\u2501\u2501\u2501\u2501\u2501\u2501\u2501\u2501\u2501\u2501\u2501\u2501\u2501\u2501\u2501\u2501\u2501\u2501\u2501\u2501\u2501\u2501\u2501\u2501\u2501\u2501\u2501\u2501\u2501\u2501\u2501\u2501\u2501\u2501\u2501\u2501\u2501\u2501\u2501\u2501\u2501\u2501\u2501\u2501\u2501\u2501\u2501\u2501\u2501\u2501\u2501\u2501
2026-06-19 10:35:31,063  INFO  =======================================================
2026-06-19 10:35:31,063  INFO    Iniciando descarga autom�tica de backup Manager
2026-06-19 10:35:31,063  INFO  =======================================================
2026-06-19 10:35:31,064  INFO  ====== WebDriver manager ======
2026-06-19 10:35:32,692  INFO  Get LATEST chromedriver version for google-chrome
2026-06-19 10:35:33,145  INFO  Get LATEST chromedriver version for google-chrome
2026-06-19 10:35:33,971  INFO  Driver [C:\Users\atorr\.wdm\drivers\chromedriver\win64\149.0.7827.155\chromedriver-win32/chromedriver.exe] found in cache
2026-06-19 10:35:38,304  INFO  Abriendo login: https://prodkernel.manager.cl/index.html
2026-06-19 10:35:40,148  INFO  Inputs visibles: 3
2026-06-19 10:35:40,528  INFO  Login enviado...
2026-06-19 10:35:44,545  INFO  \u2705 Login exitoso. session_id: 2495b8dc...
2026-06-19 10:35:44,545  INFO  Navegando a: https://prodkernel.manager.cl/managerbackups.html?session_id=2495b8dc453cc20cfa3a9c437df0f57f&cd=prodkernel
2026-06-19 10:35:44,655  INFO  Recarga 1/10...
2026-06-19 10:35:48,757  INFO    filas .bak encontradas: 0
2026-06-19 10:35:48,757  INFO  Recarga 2/10...
2026-06-19 10:35:52,854  INFO    filas .bak encontradas: 3
2026-06-19 10:35:52,855  INFO  \u2705 Tabla cargada en recarga 2.
2026-06-19 10:35:52,908  INFO    Ignorando: 2026-6-19-T779354202A.bak
2026-06-19 10:35:52,948  INFO    Ignorando: 2026-6-19-T779354202B.bak
2026-06-19 10:35:52,985  INFO  Backup seleccionado: 2026-6-19-T779354202C.bak (2026-06-19 10:20:15+00:00)
2026-06-19 10:35:52,996  INFO  HTML fila completa: <td class="bucket">mng-respaldos-poliuretano</td><td class="Key">2026-6-19-T779354202C.bak</td><td class="LastModified">2026-06-19 10:20:15+00:00</td><td class="Size">0.18 GB</td><td class="presigned_url" style="display: none;">https://mng-respaldos-poliuretano.s3.amazonaws.com/2026-6-19-T779354202C.bak?AWSAccessKeyId=AKIAZPIFFWJDVFW267ZG&amp;Signature=KycxGR5lrP2DRQXdIi3%2BZXZAek0%3D&amp;Expires=1781880049</td><td><i onclick="downloadbackup($(this).parent().parent())" class="fas fa-download"></
2026-06-19 10:35:55,366  INFO  Descargando 2026-6-19-T779354202C.bak desde S3...
2026-06-19 10:36:01,260  INFO    10 MB / 184 MB (6%)
2026-06-19 10:36:05,979  INFO    21 MB / 184 MB (11%)
2026-06-19 10:36:09,878  INFO    31 MB / 184 MB (17%)
2026-06-19 10:36:13,580  INFO    42 MB / 184 MB (23%)
2026-06-19 10:36:17,130  INFO    52 MB / 184 MB (29%)
2026-06-19 10:36:20,286  INFO    63 MB / 184 MB (34%)
2026-06-19 10:36:23,301  INFO    73 MB / 184 MB (40%)
2026-06-19 10:36:26,180  INFO    84 MB / 184 MB (46%)
2026-06-19 10:36:28,667  INFO    94 MB / 184 MB (51%)
2026-06-19 10:36:30,656  INFO    105 MB / 184 MB (57%)
2026-06-19 10:36:32,476  INFO    115 MB / 184 MB (63%)
2026-06-19 10:36:35,288  INFO    126 MB / 184 MB (68%)
2026-06-19 10:36:38,313  INFO    136 MB / 184 MB (74%)
2026-06-19 10:36:41,539  INFO    147 MB / 184 MB (80%)
2026-06-19 10:36:44,433  INFO    157 MB / 184 MB (86%)
2026-06-19 10:36:47,718  INFO    168 MB / 184 MB (91%)
2026-06-19 10:36:50,598  INFO    178 MB / 184 MB (97%)
2026-06-19 10:36:52,071  INFO  \u2705 Descarga completa: 2026-6-19-T779354202C.bak (183.8 MB)
2026-06-19 10:36:52,076  INFO  Backup guardado en: C:\Backups\Manager\2026-6-19-T779354202C_2026-06-19_1781879812.bak
2026-06-19 10:36:52,076  INFO  \u2705 �xito � backup guardado en: C:\Backups\Manager\2026-6-19-T779354202C_2026-06-19_1781879812.bak
2026-06-19 10:36:56,174  WARNING  Retrying (Retry(total=2, connect=None, read=None, redirect=None, status=None)) after connection broken by 'NewConnectionError("HTTPConnection(host='localhost', port=59170): Failed to establish a new connection: [WinError 10061] No se puede establecer una conexi�n ya que el equipo de destino deneg� expresamente dicha conexi�n")': /session/1c6bd7b2d71c5feee50cd9a7e7cc8009
2026-06-19 10:37:00,278  WARNING  Retrying (Retry(total=1, connect=None, read=None, redirect=None, status=None)) after connection broken by 'NewConnectionError("HTTPConnection(host='localhost', port=59170): Failed to establish a new connection: [WinError 10061] No se puede establecer una conexi�n ya que el equipo de destino deneg� expresamente dicha conexi�n")': /session/1c6bd7b2d71c5feee50cd9a7e7cc8009
2026-06-19 10:37:04,380  WARNING  Retrying (Retry(total=0, connect=None, read=None, redirect=None, status=None)) after connection broken by 'NewConnectionError("HTTPConnection(host='localhost', port=59170): Failed to establish a new connection: [WinError 10061] No se puede establecer una conexi�n ya que el equipo de destino deneg� expresamente dicha conexi�n")': /session/1c6bd7b2d71c5feee50cd9a7e7cc8009
2026-06-19 10:37:08,476  INFO  
2026-06-19 10:37:08,476  INFO  \u2501\u2501\u2501\u2501\u2501\u2501\u2501\u2501\u2501\u2501\u2501\u2501\u2501\u2501\u2501\u2501\u2501\u2501\u2501\u2501\u2501\u2501\u2501\u2501\u2501\u2501\u2501\u2501\u2501\u2501\u2501\u2501\u2501\u2501\u2501\u2501\u2501\u2501\u2501\u2501\u2501\u2501\u2501\u2501\u2501\u2501\u2501\u2501\u2501\u2501\u2501\u2501\u2501\u2501\u2501
2026-06-19 10:37:08,477  INFO    PASO 2/3 � Restaurar BD y extraer Ventas Full
2026-06-19 10:37:08,477  INFO  \u2501\u2501\u2501\u2501\u2501\u2501\u2501\u2501\u2501\u2501\u2501\u2501\u2501\u2501\u2501\u2501\u2501\u2501\u2501\u2501\u2501\u2501\u2501\u2501\u2501\u2501\u2501\u2501\u2501\u2501\u2501\u2501\u2501\u2501\u2501\u2501\u2501\u2501\u2501\u2501\u2501\u2501\u2501\u2501\u2501\u2501\u2501\u2501\u2501\u2501\u2501\u2501\u2501\u2501\u2501
2026-06-19 10:37:10,580  INFO  ============================================================
2026-06-19 10:37:10,581  INFO    PASO 1 � Restaurar BD y extraer M�ltiples Reportes
2026-06-19 10:37:10,581  INFO  ============================================================
2026-06-19 10:37:10,593  INFO  Usando .bak de ultimo_bak.txt: 2026-6-19-T779354202C_2026-06-19_1781879812.bak
2026-06-19 10:37:10,593  INFO  Usando backup: 2026-6-19-T779354202C_2026-06-19_1781879812.bak
2026-06-19 10:37:10,593  INFO  Restaurando 2026-6-19-T779354202C_2026-06-19_1781879812.bak como 'T779354202C'...
2026-06-19 10:37:10,593  INFO  Copiando .bak a C:\Program Files\Microsoft SQL Server\MSSQL17.SQLEXPRESS\MSSQL\DATA\2026-6-19-T779354202C_2026-06-19_1781879812.bak...
2026-06-19 10:37:11,393  INFO  Ejecutando RESTORE DATABASE...
2026-06-19 10:37:56,483  INFO  \u2705 BD 'T779354202C' restaurada correctamente.
2026-06-19 10:37:56,563  INFO  Conectando a 'T779354202C' para extraer reportes...
2026-06-19 10:37:56,712  INFO  Ejecutando: Aceros...
C:\Scripts\BackupManager\restaurar_y_extraer.py:158: UserWarning: pandas only supports SQLAlchemy connectable (engine/connection) or database string URI or sqlite3 DBAPI2 connection. Other DBAPI2 objects are not tested. Please consider using SQLAlchemy.
  df = pd.read_sql(sql_listo, conn)
2026-06-19 10:37:57,147  INFO    \u2514\u2500 72 filas extra�das.
2026-06-19 10:37:57,147  INFO  Ejecutando: base_completo...
2026-06-19 10:37:59,217  INFO    \u2514\u2500 9,373 filas extra�das.
2026-06-19 10:37:59,218  INFO  Ejecutando: calendario...
2026-06-19 10:37:59,520  INFO    \u2514\u2500 91 filas extra�das.
2026-06-19 10:37:59,521  INFO  Ejecutando: Consumos_acero...
2026-06-19 10:37:59,664  INFO    \u2514\u2500 171 filas extra�das.
2026-06-19 10:37:59,665  INFO  Ejecutando: Cotizaciones...
2026-06-19 10:37:59,774  INFO    \u2514\u2500 3,641 filas extra�das.
2026-06-19 10:37:59,774  INFO  Ejecutando: Inventario_aceros...
2026-06-19 10:37:59,812  INFO    \u2514\u2500 199 filas extra�das.
2026-06-19 10:37:59,812  INFO  Ejecutando: Notas_de_venta...
2026-06-19 10:37:59,863  INFO    \u2514\u2500 823 filas extra�das.
2026-06-19 10:37:59,863  INFO  Ejecutando: Ordenes_de_Compra...
2026-06-19 10:38:00,031  INFO    \u2514\u2500 287 filas extra�das.
2026-06-19 10:38:00,031  INFO  Ejecutando: Ordenes_de_produccion...
2026-06-19 10:38:00,283  INFO    \u2514\u2500 3,350 filas extra�das.
2026-06-19 10:38:00,284  INFO  Ejecutando: Pendiente_a_facturar...
2026-06-19 10:38:00,315  ERROR    \u2514\u2500 Error ejecutando Pendiente_a_facturar: ('42000', '[42000] [Microsoft][ODBC Driver 17 for SQL Server][SQL Server]ORDER BY items must appear in the select list if SELECT DISTINCT is specified. (145) (SQLExecDirectW)')
2026-06-19 10:38:00,315  INFO  Ejecutando: Productos_Stock...
2026-06-19 10:38:00,348  INFO    \u2514\u2500 126 filas extra�das.
2026-06-19 10:38:00,348  INFO  Ejecutando: Stock_vendido...
2026-06-19 10:38:00,404  INFO    \u2514\u2500 166 filas extra�das.
2026-06-19 10:38:00,404  INFO  Ejecutando: Vales_de_Salida...
2026-06-19 10:38:00,420  ERROR    \u2514\u2500 Error ejecutando Vales_de_Salida: ('42000', '[42000] [Microsoft][ODBC Driver 17 for SQL Server][SQL Server]ORDER BY items must appear in the select list if SELECT DISTINCT is specified. (145) (SQLExecDirectW)')
2026-06-19 10:38:00,420  INFO  Ejecutando: Ventas_Full...
2026-06-19 10:38:01,107  INFO    \u2514\u2500 2,018 filas extra�das.
2026-06-19 10:38:01,108  INFO  Ejecutando: WIP...
2026-06-19 10:38:01,195  INFO    \u2514\u2500 40 filas extra�das.
2026-06-19 10:38:01,196  INFO  Exportando a Excel multipesta�a: C:\Reportes\VentasFull\Reportes_Completos_2026-06-19.xlsx
2026-06-19 10:39:35,850  WARNING    \u2514\u2500 Stock_vendido: columnas duplicadas renombradas
2026-06-19 10:40:08,680  INFO  \u2705 Excel generado: C:\Reportes\VentasFull\Reportes_Completos_2026-06-19.xlsx (2.8 MB)
2026-06-19 10:40:08,684  INFO  \u2705 Proceso Completado \u2192 C:\Reportes\VentasFull\Reportes_Completos_2026-06-19.xlsx
2026-06-19 10:40:08,708  INFO  
2026-06-19 10:40:08,708  INFO  \u2501\u2501\u2501\u2501\u2501\u2501\u2501\u2501\u2501\u2501\u2501\u2501\u2501\u2501\u2501\u2501\u2501\u2501\u2501\u2501\u2501\u2501\u2501\u2501\u2501\u2501\u2501\u2501\u2501\u2501\u2501\u2501\u2501\u2501\u2501\u2501\u2501\u2501\u2501\u2501\u2501\u2501\u2501\u2501\u2501\u2501\u2501\u2501\u2501\u2501\u2501\u2501\u2501\u2501\u2501
2026-06-19 10:40:08,708  INFO    PASO 3/3 � Subir Excel a Google Drive
2026-06-19 10:40:08,708  INFO  \u2501\u2501\u2501\u2501\u2501\u2501\u2501\u2501\u2501\u2501\u2501\u2501\u2501\u2501\u2501\u2501\u2501\u2501\u2501\u2501\u2501\u2501\u2501\u2501\u2501\u2501\u2501\u2501\u2501\u2501\u2501\u2501\u2501\u2501\u2501\u2501\u2501\u2501\u2501\u2501\u2501\u2501\u2501\u2501\u2501\u2501\u2501\u2501\u2501\u2501\u2501\u2501\u2501\u2501\u2501
2026-06-19 10:40:11,590  INFO  =======================================================
2026-06-19 10:40:11,591  INFO    PASO 2 � Subir a Drive y actualizar Google Sheets
2026-06-19 10:40:11,591  INFO  =======================================================
2026-06-19 10:40:11,608  INFO  Procesando: Reportes_Completos_2026-06-19.xlsx (2.8 MB)
2026-06-19 10:40:11,725  INFO  file_cache is only supported with oauth2client<4.0.0
2026-06-19 10:40:11,733  INFO  file_cache is only supported with oauth2client<4.0.0
2026-06-19 10:40:13,501  INFO  Creando Excel nuevo en Drive...
2026-06-19 10:40:16,158  INFO  \u2705 Excel subido a Drive: Reportes_Completos_Actualizado.xlsx
2026-06-19 10:40:16,158  INFO  Leyendo Excel para actualizar Google Sheets...
2026-06-19 10:40:16,248  INFO  Pesta�as encontradas en Excel: ['Aceros', 'base_completo', 'calendario', 'Consumos_acero', 'Cotizaciones', 'Inventario_aceros', 'Notas_de_venta', 'Ordenes_de_Compra', 'Ordenes_de_produccion', 'Productos_Stock', 'Stock_vendido', 'Ventas_Full', 'WIP']
2026-06-19 10:40:18,018  INFO  Actualizando Base Produccion \u2192 'Orden de Produccion' (3,350 filas)...
2026-06-19 10:40:19,474  INFO    Limpiando hoja 'Orden de Produccion'...
2026-06-19 10:40:20,581  INFO    Escribiendo 3,350 filas en 'Orden de Produccion'...
2026-06-19 10:40:22,522  INFO    \u2705 Hoja 'Orden de Produccion' actualizada.
2026-06-19 10:40:22,575  INFO  Actualizando Base Produccion \u2192 'Por Facturar' (91 filas)...
2026-06-19 10:40:25,199  INFO    Limpiando hoja 'Por Facturar'...
2026-06-19 10:40:25,580  INFO    Escribiendo 91 filas en 'Por Facturar'...
2026-06-19 10:40:25,929  INFO    \u2705 Hoja 'Por Facturar' actualizada.
2026-06-19 10:40:26,016  INFO  Actualizando Base Produccion \u2192 'Control Inventario' (199 filas)...
2026-06-19 10:40:26,681  INFO    Limpiando hoja 'Control Inventario'...
2026-06-19 10:40:27,105  INFO    Escribiendo 199 filas en 'Control Inventario'...
2026-06-19 10:40:27,444  INFO    \u2705 Hoja 'Control Inventario' actualizada.
2026-06-19 10:40:28,498  INFO  Actualizando Base Produccion \u2192 'Notas de Venta' (823 filas)...
2026-06-19 10:40:29,247  INFO    Limpiando hoja 'Notas de Venta'...
2026-06-19 10:40:29,626  INFO    Escribiendo 823 filas en 'Notas de Venta'...
2026-06-19 10:40:30,213  INFO    \u2705 Hoja 'Notas de Venta' actualizada.
2026-06-19 10:40:30,259  INFO  Actualizando Base Produccion \u2192 'Vales de Salida' (72 filas)...
2026-06-19 10:40:30,820  INFO    Limpiando hoja 'Vales de Salida'...
2026-06-19 10:40:31,122  INFO    Escribiendo 72 filas en 'Vales de Salida'...
2026-06-19 10:40:31,398  INFO    \u2705 Hoja 'Vales de Salida' actualizada.
2026-06-19 10:40:31,451  INFO  Actualizando Base Produccion \u2192 'Stock' (126 filas)...
2026-06-19 10:40:32,050  INFO    Limpiando hoja 'Stock'...
2026-06-19 10:40:32,329  INFO    Escribiendo 126 filas en 'Stock'...
2026-06-19 10:40:32,625  INFO    \u2705 Hoja 'Stock' actualizada.
2026-06-19 10:40:34,060  INFO  Actualizando Base Produccion \u2192 'Ventas_Full' (2,018 filas)...
2026-06-19 10:40:34,594  INFO    Limpiando hoja 'Ventas_Full'...
2026-06-19 10:40:35,179  INFO    Escribiendo 2,018 filas en 'Ventas_Full'...
2026-06-19 10:40:36,955  INFO    \u2705 Hoja 'Ventas_Full' actualizada.
2026-06-19 10:40:36,987  INFO  Actualizando Base Produccion \u2192 'WIP' (40 filas)...
2026-06-19 10:40:37,593  INFO    Limpiando hoja 'WIP'...
2026-06-19 10:40:37,853  INFO    Escribiendo 40 filas en 'WIP'...
2026-06-19 10:40:38,560  INFO    \u2705 Hoja 'WIP' actualizada.
2026-06-19 10:40:38,621  INFO  Actualizando Base Produccion \u2192 'Stock Vendido' (166 filas)...
2026-06-19 10:40:39,133  INFO    Limpiando hoja 'Stock Vendido'...
2026-06-19 10:40:39,372  INFO    Escribiendo 166 filas en 'Stock Vendido'...
2026-06-19 10:40:39,684  INFO    \u2705 Hoja 'Stock Vendido' actualizada.
2026-06-19 10:40:39,743  INFO  Actualizando Base Produccion \u2192 'Consumos Acero' (171 filas)...
2026-06-19 10:40:40,262  INFO    Limpiando hoja 'Consumos Acero'...
2026-06-19 10:40:40,584  INFO    Escribiendo 171 filas en 'Consumos Acero'...
2026-06-19 10:40:40,868  INFO    \u2705 Hoja 'Consumos Acero' actualizada.
2026-06-19 10:40:42,349  INFO  Actualizando Presupuestos \u2192 'Ventas Full Manager' (2,018 filas)...
2026-06-19 10:40:43,319  INFO    Limpiando hoja 'Ventas Full Manager'...
2026-06-19 10:40:44,055  INFO    Escribiendo 2,018 filas en 'Ventas Full Manager'...
2026-06-19 10:40:46,207  INFO    \u2705 Hoja 'Ventas Full Manager' actualizada.
2026-06-19 10:40:46,465  INFO  Actualizando Presupuestos \u2192 'Notas de Venta' (823 filas)...
2026-06-19 10:40:47,219  INFO    Limpiando hoja 'Notas de Venta'...
2026-06-19 10:40:47,638  INFO    Escribiendo 823 filas en 'Notas de Venta'...
2026-06-19 10:40:48,886  INFO    \u2705 Hoja 'Notas de Venta' actualizada.
2026-06-19 10:40:49,921  INFO  Actualizando Presupuestos \u2192 'Cotizaciones' (3,641 filas)...
2026-06-19 10:40:50,553  INFO    Limpiando hoja 'Cotizaciones'...
2026-06-19 10:40:51,238  INFO    Escribiendo 3,641 filas en 'Cotizaciones'...
2026-06-19 10:40:52,402  INFO    \u2705 Hoja 'Cotizaciones' actualizada.
2026-06-19 10:40:52,502  INFO  Actualizando Presupuestos \u2192 'Calendario' (91 filas)...
2026-06-19 10:40:53,243  INFO    Limpiando hoja 'Calendario'...
2026-06-19 10:40:53,514  INFO    Escribiendo 91 filas en 'Calendario'...
2026-06-19 10:40:53,826  INFO    \u2705 Hoja 'Calendario' actualizada.
2026-06-19 10:40:53,826  INFO  
2026-06-19 10:40:53,826  INFO  \u2705 Todo actualizado:
2026-06-19 10:40:53,826  INFO     \U0001f4c1 Drive: Reportes_Completos_Actualizado.xlsx
2026-06-19 10:40:53,879  INFO     \U0001f4ca Base Produccion: ['Orden de Produccion', 'Por Facturar', 'Control Inventario', 'Notas de Venta', 'Vales de Salida', 'Stock', 'Ventas_Full', 'WIP', 'Stock Vendido', 'Consumos Acero']
2026-06-19 10:40:53,880  INFO     \U0001f4ca Presupuestos: Ventas Full Manager
2026-06-19 10:40:53,933  INFO  
2026-06-19 10:40:53,933  INFO  \u2554\u2550\u2550\u2550\u2550\u2550\u2550\u2550\u2550\u2550\u2550\u2550\u2550\u2550\u2550\u2550\u2550\u2550\u2550\u2550\u2550\u2550\u2550\u2550\u2550\u2550\u2550\u2550\u2550\u2550\u2550\u2550\u2550\u2550\u2550\u2550\u2550\u2550\u2550\u2550\u2550\u2550\u2550\u2550\u2550\u2550\u2550\u2550\u2550\u2550\u2550\u2550\u2550\u2550\u2557
2026-06-19 10:40:53,934  INFO  \u2551  \u2705 PIPELINE COMPLETADO en 323s                      \u2551
2026-06-19 10:40:53,935  INFO  \u2551  \U0001f4ca Excel en Drive: VentasFull_Actualizado.xlsx      \u2551
2026-06-19 10:40:53,935  INFO  \u255a\u2550\u2550\u2550\u2550\u2550\u2550\u2550\u2550\u2550\u2550\u2550\u2550\u2550\u2550\u2550\u2550\u2550\u2550\u2550\u2550\u2550\u2550\u2550\u2550\u2550\u2550\u2550\u2550\u2550\u2550\u2550\u2550\u2550\u2550\u2550\u2550\u2550\u2550\u2550\u2550\u2550\u2550\u2550\u2550\u2550\u2550\u2550\u2550\u2550\u2550\u2550\u2550\u2550\u255d
19/06/2026 10:40:55.77 - Pipeline completado OK 
26/06/2026 10:04:25.31 - Iniciando pipeline 
2026-06-26 10:04:25,537  INFO  \u2554\u2550\u2550\u2550\u2550\u2550\u2550\u2550\u2550\u2550\u2550\u2550\u2550\u2550\u2550\u2550\u2550\u2550\u2550\u2550\u2550\u2550\u2550\u2550\u2550\u2550\u2550\u2550\u2550\u2550\u2550\u2550\u2550\u2550\u2550\u2550\u2550\u2550\u2550\u2550\u2550\u2550\u2550\u2550\u2550\u2550\u2550\u2550\u2550\u2550\u2550\u2550\u2550\u2550\u2557
2026-06-26 10:04:25,538  INFO  \u2551   PIPELINE VENTAS FULL � Inicio: 2026-06-26 10:04   \u2551
2026-06-26 10:04:25,538  INFO  \u255a\u2550\u2550\u2550\u2550\u2550\u2550\u2550\u2550\u2550\u2550\u2550\u2550\u2550\u2550\u2550\u2550\u2550\u2550\u2550\u2550\u2550\u2550\u2550\u2550\u2550\u2550\u2550\u2550\u2550\u2550\u2550\u2550\u2550\u2550\u2550\u2550\u2550\u2550\u2550\u2550\u2550\u2550\u2550\u2550\u2550\u2550\u2550\u2550\u2550\u2550\u2550\u2550\u2550\u255d
2026-06-26 10:04:25,538  INFO  
2026-06-26 10:04:25,538  INFO  \u2501\u2501\u2501\u2501\u2501\u2501\u2501\u2501\u2501\u2501\u2501\u2501\u2501\u2501\u2501\u2501\u2501\u2501\u2501\u2501\u2501\u2501\u2501\u2501\u2501\u2501\u2501\u2501\u2501\u2501\u2501\u2501\u2501\u2501\u2501\u2501\u2501\u2501\u2501\u2501\u2501\u2501\u2501\u2501\u2501\u2501\u2501\u2501\u2501\u2501\u2501\u2501\u2501\u2501\u2501
2026-06-26 10:04:25,538  INFO    PASO 1/3 � Descargar backup desde Manager
2026-06-26 10:04:25,539  INFO  \u2501\u2501\u2501\u2501\u2501\u2501\u2501\u2501\u2501\u2501\u2501\u2501\u2501\u2501\u2501\u2501\u2501\u2501\u2501\u2501\u2501\u2501\u2501\u2501\u2501\u2501\u2501\u2501\u2501\u2501\u2501\u2501\u2501\u2501\u2501\u2501\u2501\u2501\u2501\u2501\u2501\u2501\u2501\u2501\u2501\u2501\u2501\u2501\u2501\u2501\u2501\u2501\u2501\u2501\u2501
2026-06-26 10:04:26,296  INFO  =======================================================
2026-06-26 10:04:26,296  INFO    Iniciando descarga autom�tica de backup Manager
2026-06-26 10:04:26,296  INFO  =======================================================
2026-06-26 10:04:26,298  INFO  ====== WebDriver manager ======
2026-06-26 10:04:27,820  INFO  Get LATEST chromedriver version for google-chrome
2026-06-26 10:04:28,273  INFO  Get LATEST chromedriver version for google-chrome
2026-06-26 10:04:28,797  INFO  Driver [C:\Users\atorr\.wdm\drivers\chromedriver\win64\149.0.7827.155\chromedriver-win32/chromedriver.exe] found in cache
2026-06-26 10:04:32,435  INFO  Abriendo login: https://prodkernel.manager.cl/index.html
2026-06-26 10:04:34,459  INFO  Inputs visibles: 3
2026-06-26 10:04:34,860  INFO  Login enviado...
2026-06-26 10:04:38,879  INFO  \u2705 Login exitoso. session_id: 09a20678...
2026-06-26 10:04:38,880  INFO  Navegando a: https://prodkernel.manager.cl/managerbackups.html?session_id=09a20678e1bb15d2831349186508946a&cd=prodkernel
2026-06-26 10:04:38,977  INFO  Recarga 1/10...
2026-06-26 10:04:43,076  INFO    filas .bak encontradas: 0
2026-06-26 10:04:43,076  INFO  Recarga 2/10...
2026-06-26 10:04:47,155  INFO    filas .bak encontradas: 3
2026-06-26 10:04:47,155  INFO  \u2705 Tabla cargada en recarga 2.
2026-06-26 10:04:47,202  INFO    Ignorando: 2026-6-26-T779354202A.bak
2026-06-26 10:04:47,237  INFO    Ignorando: 2026-6-26-T779354202B.bak
2026-06-26 10:04:47,272  INFO  Backup seleccionado: 2026-6-26-T779354202C.bak (2026-06-26 10:19:21+00:00)
2026-06-26 10:04:47,283  INFO  HTML fila completa: <td class="bucket">mng-respaldos-poliuretano</td><td class="Key">2026-6-26-T779354202C.bak</td><td class="LastModified">2026-06-26 10:19:21+00:00</td><td class="Size">0.19 GB</td><td class="presigned_url" style="display: none;">https://mng-respaldos-poliuretano.s3.amazonaws.com/2026-6-26-T779354202C.bak?AWSAccessKeyId=AKIAZPIFFWJDVFW267ZG&amp;Signature=7EYzA9CqIRVE0mTKwdU77TWHNco%3D&amp;Expires=1782482982</td><td><i onclick="downloadbackup($(this).parent().parent())" class="fas fa-download"></i>
2026-06-26 10:04:49,647  INFO  Descargando 2026-6-26-T779354202C.bak desde S3...
2026-06-26 10:04:57,650  INFO    10 MB / 187 MB (6%)
2026-06-26 10:05:02,559  INFO    21 MB / 187 MB (11%)
2026-06-26 10:05:05,810  INFO    31 MB / 187 MB (17%)
2026-06-26 10:05:08,642  INFO    42 MB / 187 MB (22%)
2026-06-26 10:05:11,292  INFO    52 MB / 187 MB (28%)
2026-06-26 10:05:13,931  INFO    63 MB / 187 MB (34%)
2026-06-26 10:05:16,319  INFO    73 MB / 187 MB (39%)
2026-06-26 10:05:18,292  INFO    84 MB / 187 MB (45%)
2026-06-26 10:05:19,927  INFO    94 MB / 187 MB (51%)
2026-06-26 10:05:22,315  INFO    105 MB / 187 MB (56%)
2026-06-26 10:05:24,623  INFO    115 MB / 187 MB (62%)
2026-06-26 10:05:26,840  INFO    126 MB / 187 MB (67%)
2026-06-26 10:05:29,073  INFO    136 MB / 187 MB (73%)
2026-06-26 10:05:31,181  INFO    147 MB / 187 MB (79%)
2026-06-26 10:05:33,041  INFO    157 MB / 187 MB (84%)
2026-06-26 10:05:34,623  INFO    168 MB / 187 MB (90%)
2026-06-26 10:05:36,177  INFO    178 MB / 187 MB (95%)
2026-06-26 10:05:37,449  INFO  \u2705 Descarga completa: 2026-6-26-T779354202C.bak (186.7 MB)
2026-06-26 10:05:37,453  INFO  Backup guardado en: C:\Backups\Manager\2026-6-26-T779354202C_2026-06-26_1782482737.bak
2026-06-26 10:05:37,453  INFO  \u2705 �xito � backup guardado en: C:\Backups\Manager\2026-6-26-T779354202C_2026-06-26_1782482737.bak
2026-06-26 10:05:41,540  WARNING  Retrying (Retry(total=2, connect=None, read=None, redirect=None, status=None)) after connection broken by 'NewConnectionError("HTTPConnection(host='localhost', port=54662): Failed to establish a new connection: [WinError 10061] No se puede establecer una conexi�n ya que el equipo de destino deneg� expresamente dicha conexi�n")': /session/585eec4f46cf02d873c38eedfadfa7af
2026-06-26 10:05:45,601  WARNING  Retrying (Retry(total=1, connect=None, read=None, redirect=None, status=None)) after connection broken by 'NewConnectionError("HTTPConnection(host='localhost', port=54662): Failed to establish a new connection: [WinError 10061] No se puede establecer una conexi�n ya que el equipo de destino deneg� expresamente dicha conexi�n")': /session/585eec4f46cf02d873c38eedfadfa7af
2026-06-26 10:05:49,693  WARNING  Retrying (Retry(total=0, connect=None, read=None, redirect=None, status=None)) after connection broken by 'NewConnectionError("HTTPConnection(host='localhost', port=54662): Failed to establish a new connection: [WinError 10061] No se puede establecer una conexi�n ya que el equipo de destino deneg� expresamente dicha conexi�n")': /session/585eec4f46cf02d873c38eedfadfa7af
2026-06-26 10:05:53,771  INFO  
2026-06-26 10:05:53,771  INFO  \u2501\u2501\u2501\u2501\u2501\u2501\u2501\u2501\u2501\u2501\u2501\u2501\u2501\u2501\u2501\u2501\u2501\u2501\u2501\u2501\u2501\u2501\u2501\u2501\u2501\u2501\u2501\u2501\u2501\u2501\u2501\u2501\u2501\u2501\u2501\u2501\u2501\u2501\u2501\u2501\u2501\u2501\u2501\u2501\u2501\u2501\u2501\u2501\u2501\u2501\u2501\u2501\u2501\u2501\u2501
2026-06-26 10:05:53,771  INFO    PASO 2/3 � Restaurar BD y extraer Ventas Full
2026-06-26 10:05:53,771  INFO  \u2501\u2501\u2501\u2501\u2501\u2501\u2501\u2501\u2501\u2501\u2501\u2501\u2501\u2501\u2501\u2501\u2501\u2501\u2501\u2501\u2501\u2501\u2501\u2501\u2501\u2501\u2501\u2501\u2501\u2501\u2501\u2501\u2501\u2501\u2501\u2501\u2501\u2501\u2501\u2501\u2501\u2501\u2501\u2501\u2501\u2501\u2501\u2501\u2501\u2501\u2501\u2501\u2501\u2501\u2501
2026-06-26 10:05:55,762  INFO  ============================================================
2026-06-26 10:05:55,762  INFO    PASO 1 � Restaurar BD y extraer M�ltiples Reportes
2026-06-26 10:05:55,763  INFO  ============================================================
2026-06-26 10:05:55,777  INFO  Usando .bak de ultimo_bak.txt: 2026-6-26-T779354202C_2026-06-26_1782482737.bak
2026-06-26 10:05:55,778  INFO  Usando backup: 2026-6-26-T779354202C_2026-06-26_1782482737.bak
2026-06-26 10:05:55,778  INFO  Restaurando 2026-6-26-T779354202C_2026-06-26_1782482737.bak como 'T779354202C'...
2026-06-26 10:05:55,778  INFO  Copiando .bak a C:\Program Files\Microsoft SQL Server\MSSQL17.SQLEXPRESS\MSSQL\DATA\2026-6-26-T779354202C_2026-06-26_1782482737.bak...
2026-06-26 10:05:56,518  INFO  Ejecutando RESTORE DATABASE...
2026-06-26 10:06:41,438  INFO  \u2705 BD 'T779354202C' restaurada correctamente.
2026-06-26 10:06:41,439  INFO  Conectando a 'T779354202C' para extraer reportes...
2026-06-26 10:06:41,503  INFO  Ejecutando: Aceros...
C:\Scripts\BackupManager\restaurar_y_extraer.py:158: UserWarning: pandas only supports SQLAlchemy connectable (engine/connection) or database string URI or sqlite3 DBAPI2 connection. Other DBAPI2 objects are not tested. Please consider using SQLAlchemy.
  df = pd.read_sql(sql_listo, conn)
2026-06-26 10:06:41,787  INFO    \u2514\u2500 54 filas extra�das.
2026-06-26 10:06:41,787  INFO  Ejecutando: base_completo...
2026-06-26 10:06:43,614  INFO    \u2514\u2500 9,522 filas extra�das.
2026-06-26 10:06:43,614  INFO  Ejecutando: calendario...
2026-06-26 10:06:43,818  INFO    \u2514\u2500 84 filas extra�das.
2026-06-26 10:06:43,818  INFO  Ejecutando: Consumos_acero...
2026-06-26 10:06:43,920  INFO    \u2514\u2500 123 filas extra�das.
2026-06-26 10:06:43,920  INFO  Ejecutando: Consumos_pol...
2026-06-26 10:06:43,991  INFO    \u2514\u2500 26 filas extra�das.
2026-06-26 10:06:43,991  INFO  Ejecutando: Cotizaciones...
2026-06-26 10:06:44,081  INFO    \u2514\u2500 3,774 filas extra�das.
2026-06-26 10:06:44,082  INFO  Ejecutando: Guias...
2026-06-26 10:06:44,522  INFO    \u2514\u2500 9,778 filas extra�das.
2026-06-26 10:06:44,522  INFO  Ejecutando: Inventario_aceros...
2026-06-26 10:06:44,547  INFO    \u2514\u2500 173 filas extra�das.
2026-06-26 10:06:44,548  INFO  Ejecutando: Notas_de_venta...
2026-06-26 10:06:44,591  INFO    \u2514\u2500 851 filas extra�das.
2026-06-26 10:06:44,591  INFO  Ejecutando: Ordenes_de_Compra...
2026-06-26 10:06:44,724  INFO    \u2514\u2500 287 filas extra�das.
2026-06-26 10:06:44,724  INFO  Ejecutando: Ordenes_de_produccion...
2026-06-26 10:06:44,943  INFO    \u2514\u2500 3,412 filas extra�das.
2026-06-26 10:06:44,944  INFO  Ejecutando: Pendiente_a_facturar...
2026-06-26 10:06:44,954  ERROR    \u2514\u2500 Error ejecutando Pendiente_a_facturar: ('42000', '[42000] [Microsoft][ODBC Driver 17 for SQL Server][SQL Server]ORDER BY items must appear in the select list if SELECT DISTINCT is specified. (145) (SQLExecDirectW)')
2026-06-26 10:06:44,954  INFO  Ejecutando: Productos_Stock...
2026-06-26 10:06:44,973  INFO    \u2514\u2500 127 filas extra�das.
2026-06-26 10:06:44,974  INFO  Ejecutando: Stock_vendido...
2026-06-26 10:06:45,031  INFO    \u2514\u2500 175 filas extra�das.
2026-06-26 10:06:45,031  INFO  Ejecutando: Vales_de_Salida...
2026-06-26 10:06:45,038  ERROR    \u2514\u2500 Error ejecutando Vales_de_Salida: ('42000', '[42000] [Microsoft][ODBC Driver 17 for SQL Server][SQL Server]ORDER BY items must appear in the select list if SELECT DISTINCT is specified. (145) (SQLExecDirectW)')
2026-06-26 10:06:45,039  INFO  Ejecutando: Ventas_Full...
2026-06-26 10:06:45,572  INFO    \u2514\u2500 2,125 filas extra�das.
2026-06-26 10:06:45,572  INFO  Ejecutando: WIP...
2026-06-26 10:06:45,614  INFO    \u2514\u2500 40 filas extra�das.
2026-06-26 10:06:45,617  INFO  Exportando a Excel multipesta�a: C:\Reportes\VentasFull\Reportes_Completos_2026-06-26.xlsx
2026-06-26 10:08:26,816  WARNING    \u2514\u2500 Stock_vendido: columnas duplicadas renombradas
2026-06-26 10:08:58,359  INFO  \u2705 Excel generado: C:\Reportes\VentasFull\Reportes_Completos_2026-06-26.xlsx (3.5 MB)
2026-06-26 10:08:58,361  INFO  \u2705 Proceso Completado \u2192 C:\Reportes\VentasFull\Reportes_Completos_2026-06-26.xlsx
2026-06-26 10:08:58,379  INFO  
2026-06-26 10:08:58,379  INFO  \u2501\u2501\u2501\u2501\u2501\u2501\u2501\u2501\u2501\u2501\u2501\u2501\u2501\u2501\u2501\u2501\u2501\u2501\u2501\u2501\u2501\u2501\u2501\u2501\u2501\u2501\u2501\u2501\u2501\u2501\u2501\u2501\u2501\u2501\u2501\u2501\u2501\u2501\u2501\u2501\u2501\u2501\u2501\u2501\u2501\u2501\u2501\u2501\u2501\u2501\u2501\u2501\u2501\u2501\u2501
2026-06-26 10:08:58,380  INFO    PASO 3/3 � Subir Excel a Google Drive
2026-06-26 10:08:58,380  INFO  \u2501\u2501\u2501\u2501\u2501\u2501\u2501\u2501\u2501\u2501\u2501\u2501\u2501\u2501\u2501\u2501\u2501\u2501\u2501\u2501\u2501\u2501\u2501\u2501\u2501\u2501\u2501\u2501\u2501\u2501\u2501\u2501\u2501\u2501\u2501\u2501\u2501\u2501\u2501\u2501\u2501\u2501\u2501\u2501\u2501\u2501\u2501\u2501\u2501\u2501\u2501\u2501\u2501\u2501\u2501
2026-06-26 10:09:01,123  INFO  =======================================================
2026-06-26 10:09:01,123  INFO    PASO 2 � Subir a Drive y actualizar Google Sheets
2026-06-26 10:09:01,123  INFO  =======================================================
2026-06-26 10:09:01,139  INFO  Procesando: Reportes_Completos_2026-06-26.xlsx (3.5 MB)
2026-06-26 10:09:01,283  INFO  file_cache is only supported with oauth2client<4.0.0
2026-06-26 10:09:01,291  INFO  file_cache is only supported with oauth2client<4.0.0
2026-06-26 10:09:02,882  INFO  Creando Excel nuevo en Drive...
2026-06-26 10:09:05,750  INFO  \u2705 Excel subido a Drive: Reportes_Completos_Actualizado.xlsx
2026-06-26 10:09:05,751  INFO  Leyendo Excel para actualizar Google Sheets...
2026-06-26 10:09:05,787  INFO  Pesta�as encontradas en Excel: ['Aceros', 'base_completo', 'calendario', 'Consumos_acero', 'Consumos_pol', 'Cotizaciones', 'Guias', 'Inventario_aceros', 'Notas_de_venta', 'Ordenes_de_Compra', 'Ordenes_de_produccion', 'Productos_Stock', 'Stock_vendido', 'Ventas_Full', 'WIP']
2026-06-26 10:09:07,373  INFO  Actualizando Base Produccion \u2192 'Orden de Produccion' (3,412 filas)...
2026-06-26 10:09:08,697  INFO    Limpiando hoja 'Orden de Produccion'...
2026-06-26 10:09:09,620  INFO    Escribiendo 3,412 filas en 'Orden de Produccion'...
2026-06-26 10:09:12,125  INFO    \u2705 Hoja 'Orden de Produccion' actualizada.
2026-06-26 10:09:12,179  INFO  Actualizando Base Produccion \u2192 'Por Facturar' (84 filas)...
2026-06-26 10:09:12,700  INFO    Limpiando hoja 'Por Facturar'...
2026-06-26 10:09:12,975  INFO    Escribiendo 84 filas en 'Por Facturar'...
2026-06-26 10:09:13,253  INFO    \u2705 Hoja 'Por Facturar' actualizada.
2026-06-26 10:09:13,335  INFO  Actualizando Base Produccion \u2192 'Control Inventario' (173 filas)...
2026-06-26 10:09:13,831  INFO    Limpiando hoja 'Control Inventario'...
2026-06-26 10:09:14,090  INFO    Escribiendo 173 filas en 'Control Inventario'...
2026-06-26 10:09:14,396  INFO    \u2705 Hoja 'Control Inventario' actualizada.
2026-06-26 10:09:14,654  INFO  Actualizando Base Produccion \u2192 'Notas de Venta' (851 filas)...
2026-06-26 10:09:15,137  INFO    Limpiando hoja 'Notas de Venta'...
2026-06-26 10:09:15,443  INFO    Escribiendo 851 filas en 'Notas de Venta'...
2026-06-26 10:09:16,059  INFO    \u2705 Hoja 'Notas de Venta' actualizada.
2026-06-26 10:09:16,110  INFO  Actualizando Base Produccion \u2192 'Vales de Salida' (54 filas)...
2026-06-26 10:09:16,590  INFO    Limpiando hoja 'Vales de Salida'...
2026-06-26 10:09:16,860  INFO    Escribiendo 54 filas en 'Vales de Salida'...
2026-06-26 10:09:17,115  INFO    \u2705 Hoja 'Vales de Salida' actualizada.
2026-06-26 10:09:17,168  INFO  Actualizando Base Produccion \u2192 'Stock' (127 filas)...
2026-06-26 10:09:17,661  INFO    Limpiando hoja 'Stock'...
2026-06-26 10:09:17,926  INFO    Escribiendo 127 filas en 'Stock'...
2026-06-26 10:09:18,188  INFO    \u2705 Hoja 'Stock' actualizada.
2026-06-26 10:09:18,219  INFO  Actualizando Base Produccion \u2192 'Consumos POL' (26 filas)...
2026-06-26 10:09:18,682  INFO    Limpiando hoja 'Consumos POL'...
2026-06-26 10:09:18,931  INFO    Escribiendo 26 filas en 'Consumos POL'...
2026-06-26 10:09:19,182  INFO    \u2705 Hoja 'Consumos POL' actualizada.
2026-06-26 10:09:20,601  INFO  Actualizando Base Produccion \u2192 'Ventas_Full' (2,125 filas)...
2026-06-26 10:09:21,079  INFO    Limpiando hoja 'Ventas_Full'...
2026-06-26 10:09:21,655  INFO    Escribiendo 2,125 filas en 'Ventas_Full'...
2026-06-26 10:09:23,633  INFO    \u2705 Hoja 'Ventas_Full' actualizada.
2026-06-26 10:09:23,676  INFO  Actualizando Base Produccion \u2192 'WIP' (40 filas)...
2026-06-26 10:09:24,193  INFO    Limpiando hoja 'WIP'...
2026-06-26 10:09:24,442  INFO    Escribiendo 40 filas en 'WIP'...
2026-06-26 10:09:24,690  INFO    \u2705 Hoja 'WIP' actualizada.
2026-06-26 10:09:24,772  INFO  Actualizando Base Produccion \u2192 'Stock Vendido' (175 filas)...
2026-06-26 10:09:25,289  INFO    Limpiando hoja 'Stock Vendido'...
2026-06-26 10:09:25,567  INFO    Escribiendo 175 filas en 'Stock Vendido'...
2026-06-26 10:09:25,847  INFO    \u2705 Hoja 'Stock Vendido' actualizada.
2026-06-26 10:09:25,892  INFO  Actualizando Base Produccion \u2192 'Consumos Acero' (123 filas)...
2026-06-26 10:09:26,364  INFO    Limpiando hoja 'Consumos Acero'...
2026-06-26 10:09:26,612  INFO    Escribiendo 123 filas en 'Consumos Acero'...
2026-06-26 10:09:26,980  INFO    \u2705 Hoja 'Consumos Acero' actualizada.
2026-06-26 10:09:29,517  INFO  Actualizando Base Produccion \u2192 'Guias' (9,778 filas)...
2026-06-26 10:09:29,994  INFO    Limpiando hoja 'Guias'...
2026-06-26 10:09:30,841  INFO    Escribiendo 9,778 filas en 'Guias'...
2026-06-26 10:09:33,614  INFO    \u2705 Hoja 'Guias' actualizada.
2026-06-26 10:09:35,021  INFO  Actualizando Presupuestos \u2192 'Ventas Full Manager' (2,125 filas)...
2026-06-26 10:09:35,924  INFO    Limpiando hoja 'Ventas Full Manager'...
2026-06-26 10:09:36,665  INFO    Escribiendo 2,125 filas en 'Ventas Full Manager'...
2026-06-26 10:09:39,300  INFO    \u2705 Hoja 'Ventas Full Manager' actualizada.
2026-06-26 10:09:39,730  INFO  Actualizando Presupuestos \u2192 'Notas de Venta' (851 filas)...
2026-06-26 10:09:40,539  INFO    Limpiando hoja 'Notas de Venta'...
2026-06-26 10:09:40,906  INFO    Escribiendo 851 filas en 'Notas de Venta'...
2026-06-26 10:09:41,599  INFO    \u2705 Hoja 'Notas de Venta' actualizada.
2026-06-26 10:09:42,352  INFO  Actualizando Presupuestos \u2192 'Cotizaciones' (3,774 filas)...
2026-06-26 10:09:42,986  INFO    Limpiando hoja 'Cotizaciones'...
2026-06-26 10:09:43,541  INFO    Escribiendo 3,774 filas en 'Cotizaciones'...
2026-06-26 10:09:45,136  INFO    \u2705 Hoja 'Cotizaciones' actualizada.
2026-06-26 10:09:45,209  INFO  Actualizando Presupuestos \u2192 'Calendario' (84 filas)...
2026-06-26 10:09:45,857  INFO    Limpiando hoja 'Calendario'...
2026-06-26 10:09:46,159  INFO    Escribiendo 84 filas en 'Calendario'...
2026-06-26 10:09:46,540  INFO    \u2705 Hoja 'Calendario' actualizada.
2026-06-26 10:09:46,541  INFO  
2026-06-26 10:09:46,541  INFO  \u2705 Todo actualizado:
2026-06-26 10:09:46,541  INFO     \U0001f4c1 Drive: Reportes_Completos_Actualizado.xlsx
2026-06-26 10:09:46,543  INFO     \U0001f4ca Base Produccion: ['Orden de Produccion', 'Por Facturar', 'Control Inventario', 'Notas de Venta', 'Vales de Salida', 'Stock', 'Consumos POL', 'Ventas_Full', 'WIP', 'Stock Vendido', 'Consumos Acero', 'Guias']
2026-06-26 10:09:46,543  INFO     \U0001f4ca Presupuestos: Ventas Full Manager
2026-06-26 10:09:46,546  INFO  
2026-06-26 10:09:46,546  INFO  \u2554\u2550\u2550\u2550\u2550\u2550\u2550\u2550\u2550\u2550\u2550\u2550\u2550\u2550\u2550\u2550\u2550\u2550\u2550\u2550\u2550\u2550\u2550\u2550\u2550\u2550\u2550\u2550\u2550\u2550\u2550\u2550\u2550\u2550\u2550\u2550\u2550\u2550\u2550\u2550\u2550\u2550\u2550\u2550\u2550\u2550\u2550\u2550\u2550\u2550\u2550\u2550\u2550\u2550\u2557
2026-06-26 10:09:46,547  INFO  \u2551  \u2705 PIPELINE COMPLETADO en 321s                      \u2551
2026-06-26 10:09:46,547  INFO  \u2551  \U0001f4ca Excel en Drive: VentasFull_Actualizado.xlsx      \u2551
2026-06-26 10:09:46,547  INFO  \u255a\u2550\u2550\u2550\u2550\u2550\u2550\u2550\u2550\u2550\u2550\u2550\u2550\u2550\u2550\u2550\u2550\u2550\u2550\u2550\u2550\u2550\u2550\u2550\u2550\u2550\u2550\u2550\u2550\u2550\u2550\u2550\u2550\u2550\u2550\u2550\u2550\u2550\u2550\u2550\u2550\u2550\u2550\u2550\u2550\u2550\u2550\u2550\u2550\u2550\u2550\u2550\u2550\u2550\u255d
26/06/2026 10:09:47.03 - Pipeline completado OK 
30/06/2026  7:35:00.42 - Iniciando pipeline 
2026-06-30 07:35:00,749  INFO  \u2554\u2550\u2550\u2550\u2550\u2550\u2550\u2550\u2550\u2550\u2550\u2550\u2550\u2550\u2550\u2550\u2550\u2550\u2550\u2550\u2550\u2550\u2550\u2550\u2550\u2550\u2550\u2550\u2550\u2550\u2550\u2550\u2550\u2550\u2550\u2550\u2550\u2550\u2550\u2550\u2550\u2550\u2550\u2550\u2550\u2550\u2550\u2550\u2550\u2550\u2550\u2550\u2550\u2550\u2557
2026-06-30 07:35:00,751  INFO  \u2551   PIPELINE VENTAS FULL � Inicio: 2026-06-30 07:35   \u2551
2026-06-30 07:35:00,751  INFO  \u255a\u2550\u2550\u2550\u2550\u2550\u2550\u2550\u2550\u2550\u2550\u2550\u2550\u2550\u2550\u2550\u2550\u2550\u2550\u2550\u2550\u2550\u2550\u2550\u2550\u2550\u2550\u2550\u2550\u2550\u2550\u2550\u2550\u2550\u2550\u2550\u2550\u2550\u2550\u2550\u2550\u2550\u2550\u2550\u2550\u2550\u2550\u2550\u2550\u2550\u2550\u2550\u2550\u2550\u255d
2026-06-30 07:35:00,751  INFO  
2026-06-30 07:35:00,751  INFO  \u2501\u2501\u2501\u2501\u2501\u2501\u2501\u2501\u2501\u2501\u2501\u2501\u2501\u2501\u2501\u2501\u2501\u2501\u2501\u2501\u2501\u2501\u2501\u2501\u2501\u2501\u2501\u2501\u2501\u2501\u2501\u2501\u2501\u2501\u2501\u2501\u2501\u2501\u2501\u2501\u2501\u2501\u2501\u2501\u2501\u2501\u2501\u2501\u2501\u2501\u2501\u2501\u2501\u2501\u2501
2026-06-30 07:35:00,751  INFO    PASO 1/3 � Descargar backup desde Manager
2026-06-30 07:35:00,751  INFO  \u2501\u2501\u2501\u2501\u2501\u2501\u2501\u2501\u2501\u2501\u2501\u2501\u2501\u2501\u2501\u2501\u2501\u2501\u2501\u2501\u2501\u2501\u2501\u2501\u2501\u2501\u2501\u2501\u2501\u2501\u2501\u2501\u2501\u2501\u2501\u2501\u2501\u2501\u2501\u2501\u2501\u2501\u2501\u2501\u2501\u2501\u2501\u2501\u2501\u2501\u2501\u2501\u2501\u2501\u2501
2026-06-30 07:35:02,297  INFO  =======================================================
2026-06-30 07:35:02,297  INFO    Iniciando descarga autom�tica de backup Manager
2026-06-30 07:35:02,297  INFO  =======================================================
2026-06-30 07:35:02,300  INFO  ====== WebDriver manager ======
2026-06-30 07:35:06,382  INFO  Get LATEST chromedriver version for google-chrome
2026-06-30 07:35:07,550  INFO  Get LATEST chromedriver version for google-chrome
2026-06-30 07:35:07,949  INFO  Get LATEST chromedriver version for google-chrome
2026-06-30 07:35:08,823  INFO  WebDriver version 149.0.7827.155 selected
2026-06-30 07:35:08,837  INFO  Modern chrome version https://storage.googleapis.com/chrome-for-testing-public/149.0.7827.155/win32/chromedriver-win32.zip
2026-06-30 07:35:08,837  INFO  About to download new driver from https://storage.googleapis.com/chrome-for-testing-public/149.0.7827.155/win32/chromedriver-win32.zip
2026-06-30 07:35:09,218  INFO  Driver downloading response is 200
2026-06-30 07:35:10,050  INFO  Get LATEST chromedriver version for google-chrome
2026-06-30 07:35:10,900  INFO  Driver has been saved in cache [C:\Users\atorr\.wdm\drivers\chromedriver\win64\149.0.7827.155]
2026-06-30 07:35:22,581  INFO  Abriendo login: https://prodkernel.manager.cl/index.html
2026-06-30 07:35:27,862  INFO  Inputs visibles: 3
2026-06-30 07:35:28,440  INFO  Login enviado...
2026-06-30 07:35:32,682  INFO  \u2705 Login exitoso. session_id: d27fda53...
2026-06-30 07:35:32,682  INFO  Navegando a: https://prodkernel.manager.cl/managerbackups.html?session_id=d27fda532f0e61d280fd77024aaf6d3c&cd=prodkernel
2026-06-30 07:35:35,333  INFO  Recarga 1/10...
2026-06-30 07:35:40,609  INFO    filas .bak encontradas: 0
2026-06-30 07:35:40,610  INFO  Recarga 2/10...
2026-06-30 07:35:45,617  INFO    filas .bak encontradas: 0
2026-06-30 07:35:45,617  INFO  Recarga 3/10...
2026-06-30 07:35:57,920  INFO    filas .bak encontradas: 0
2026-06-30 07:35:57,922  INFO  Recarga 4/10...
2026-06-30 07:36:03,976  INFO    filas .bak encontradas: 0
2026-06-30 07:36:03,977  INFO  Recarga 5/10...
2026-06-30 07:36:14,483  INFO    filas .bak encontradas: 0
2026-06-30 07:36:14,483  INFO  Recarga 6/10...
2026-06-30 07:36:20,098  INFO    filas .bak encontradas: 0
2026-06-30 07:36:20,099  INFO  Recarga 7/10...
2026-06-30 07:36:24,606  INFO    filas .bak encontradas: 0
2026-06-30 07:36:24,606  INFO  Recarga 8/10...
2026-06-30 07:36:29,897  INFO    filas .bak encontradas: 0
2026-06-30 07:36:29,897  INFO  Recarga 9/10...
2026-06-30 07:36:35,436  INFO    filas .bak encontradas: 0
2026-06-30 07:36:35,436  INFO  Recarga 10/10...
2026-06-30 07:36:45,399  INFO    filas .bak encontradas: 0
2026-06-30 07:36:45,399  INFO  Recarga 11/10...
2026-06-30 07:36:50,681  INFO    filas .bak encontradas: 0
2026-06-30 07:36:50,681  INFO  Recarga 12/10...
2026-06-30 07:36:54,945  INFO    filas .bak encontradas: 0
2026-06-30 07:36:54,945  INFO  Recarga 13/10...
2026-06-30 07:36:59,627  INFO    filas .bak encontradas: 0
2026-06-30 07:36:59,627  INFO  Recarga 14/10...
2026-06-30 07:37:04,827  INFO    filas .bak encontradas: 0
2026-06-30 07:37:04,828  INFO  Recarga 15/10...
2026-06-30 07:37:09,505  INFO    filas .bak encontradas: 0
2026-06-30 07:37:09,505  INFO  Recarga 16/10...
2026-06-30 07:37:13,844  INFO    filas .bak encontradas: 0
2026-06-30 07:37:13,844  INFO  Recarga 17/10...
2026-06-30 07:37:18,609  INFO    filas .bak encontradas: 0
2026-06-30 07:37:18,610  INFO  Recarga 18/10...
2026-06-30 07:37:22,848  INFO    filas .bak encontradas: 0
2026-06-30 07:37:22,848  INFO  Recarga 19/10...
2026-06-30 07:37:28,039  INFO    filas .bak encontradas: 0
2026-06-30 07:37:28,039  INFO  Recarga 20/10...
2026-06-30 07:37:33,496  INFO    filas .bak encontradas: 0
2026-06-30 07:37:33,504  ERROR  \u274c Error: Tabla no carg� tras 10 recargas.
2026-06-30 07:37:34,070  INFO  Captura guardada: error_screenshot.png
2026-06-30 07:38:01,271  ERROR  
2026-06-30 07:38:01,271  ERROR  \u2554\u2550\u2550\u2550\u2550\u2550\u2550\u2550\u2550\u2550\u2550\u2550\u2550\u2550\u2550\u2550\u2550\u2550\u2550\u2550\u2550\u2550\u2550\u2550\u2550\u2550\u2550\u2550\u2550\u2550\u2550\u2550\u2550\u2550\u2550\u2550\u2550\u2550\u2550\u2550\u2550\u2550\u2550\u2550\u2550\u2550\u2550\u2550\u2550\u2550\u2550\u2550\u2550\u2550\u2557
2026-06-30 07:38:01,272  ERROR  \u2551  \u274c PIPELINE FALL�                                   \u2551
2026-06-30 07:38:01,275  ERROR  \u2551  Error: Tabla no carg� tras 10 recargas.            \u2551
2026-06-30 07:38:01,275  ERROR  \u255a\u2550\u2550\u2550\u2550\u2550\u2550\u2550\u2550\u2550\u2550\u2550\u2550\u2550\u2550\u2550\u2550\u2550\u2550\u2550\u2550\u2550\u2550\u2550\u2550\u2550\u2550\u2550\u2550\u2550\u2550\u2550\u2550\u2550\u2550\u2550\u2550\u2550\u2550\u2550\u2550\u2550\u2550\u2550\u2550\u2550\u2550\u2550\u2550\u2550\u2550\u2550\u2550\u2550\u255d
2026-06-30 07:38:01,529  ERROR  Traceback (most recent call last):
  File "C:\Scripts\BackupManager\00_pipeline_completo.py", line 46, in main
    descargar()
    ~~~~~~~~~^^
  File "C:\Scripts\BackupManager\descargar_backup_manager.py", line 230, in main
    filas = navegar_a_backups(driver, wait, session_id)
  File "C:\Scripts\BackupManager\descargar_backup_manager.py", line 118, in navegar_a_backups
    raise TimeoutError("Tabla no carg� tras 10 recargas.")
TimeoutError: Tabla no carg� tras 10 recargas.

30/06/2026  7:38:03.52 - ERROR en el pipeline 
01/07/2026  7:39:33.31 - Iniciando pipeline 
2026-07-01 07:39:35,164  INFO  \u2554\u2550\u2550\u2550\u2550\u2550\u2550\u2550\u2550\u2550\u2550\u2550\u2550\u2550\u2550\u2550\u2550\u2550\u2550\u2550\u2550\u2550\u2550\u2550\u2550\u2550\u2550\u2550\u2550\u2550\u2550\u2550\u2550\u2550\u2550\u2550\u2550\u2550\u2550\u2550\u2550\u2550\u2550\u2550\u2550\u2550\u2550\u2550\u2550\u2550\u2550\u2550\u2550\u2550\u2557
2026-07-01 07:39:35,175  INFO  \u2551   PIPELINE VENTAS FULL � Inicio: 2026-07-01 07:39   \u2551
2026-07-01 07:39:35,176  INFO  \u255a\u2550\u2550\u2550\u2550\u2550\u2550\u2550\u2550\u2550\u2550\u2550\u2550\u2550\u2550\u2550\u2550\u2550\u2550\u2550\u2550\u2550\u2550\u2550\u2550\u2550\u2550\u2550\u2550\u2550\u2550\u2550\u2550\u2550\u2550\u2550\u2550\u2550\u2550\u2550\u2550\u2550\u2550\u2550\u2550\u2550\u2550\u2550\u2550\u2550\u2550\u2550\u2550\u2550\u255d
2026-07-01 07:39:35,178  INFO  
2026-07-01 07:39:35,178  INFO  \u2501\u2501\u2501\u2501\u2501\u2501\u2501\u2501\u2501\u2501\u2501\u2501\u2501\u2501\u2501\u2501\u2501\u2501\u2501\u2501\u2501\u2501\u2501\u2501\u2501\u2501\u2501\u2501\u2501\u2501\u2501\u2501\u2501\u2501\u2501\u2501\u2501\u2501\u2501\u2501\u2501\u2501\u2501\u2501\u2501\u2501\u2501\u2501\u2501\u2501\u2501\u2501\u2501\u2501\u2501
2026-07-01 07:39:35,178  INFO    PASO 1/3 � Descargar backup desde Manager
2026-07-01 07:39:35,178  INFO  \u2501\u2501\u2501\u2501\u2501\u2501\u2501\u2501\u2501\u2501\u2501\u2501\u2501\u2501\u2501\u2501\u2501\u2501\u2501\u2501\u2501\u2501\u2501\u2501\u2501\u2501\u2501\u2501\u2501\u2501\u2501\u2501\u2501\u2501\u2501\u2501\u2501\u2501\u2501\u2501\u2501\u2501\u2501\u2501\u2501\u2501\u2501\u2501\u2501\u2501\u2501\u2501\u2501\u2501\u2501
2026-07-01 07:39:42,878  INFO  =======================================================
2026-07-01 07:39:42,879  INFO    Iniciando descarga autom�tica de backup Manager
2026-07-01 07:39:42,879  INFO  =======================================================
2026-07-01 07:39:42,911  INFO  ====== WebDriver manager ======
2026-07-01 07:39:46,397  INFO  Get LATEST chromedriver version for google-chrome
2026-07-01 07:39:47,822  INFO  Get LATEST chromedriver version for google-chrome
2026-07-01 07:39:48,726  INFO  There is no [win64] chromedriver "150.0.7871.46" for browser google-chrome "150.0.7871" in cache
2026-07-01 07:39:48,727  INFO  Get LATEST chromedriver version for google-chrome
2026-07-01 07:39:50,937  INFO  WebDriver version 150.0.7871.46 selected
2026-07-01 07:39:50,962  INFO  Modern chrome version https://storage.googleapis.com/chrome-for-testing-public/150.0.7871.46/win32/chromedriver-win32.zip
2026-07-01 07:39:50,962  INFO  About to download new driver from https://storage.googleapis.com/chrome-for-testing-public/150.0.7871.46/win32/chromedriver-win32.zip
2026-07-01 07:39:51,759  INFO  Driver downloading response is 200
2026-07-01 07:39:52,674  INFO  Get LATEST chromedriver version for google-chrome
2026-07-01 07:39:57,356  INFO  Driver has been saved in cache [C:\Users\atorr\.wdm\drivers\chromedriver\win64\150.0.7871.46]
2026-07-01 07:40:01,718  INFO  Abriendo login: https://prodkernel.manager.cl/index.html
2026-07-01 07:40:04,602  INFO  Inputs visibles: 3
2026-07-01 07:40:05,961  INFO  Login enviado...
2026-07-01 07:40:09,993  INFO  \u2705 Login exitoso. session_id: e14663b8...
2026-07-01 07:40:09,994  INFO  Navegando a: https://prodkernel.manager.cl/managerbackups.html?session_id=e14663b86ba051d569e785e25361de53&cd=prodkernel
2026-07-01 07:40:10,163  INFO  Recarga 1/10...
2026-07-01 07:40:14,460  INFO    filas .bak encontradas: 3
2026-07-01 07:40:14,461  INFO  \u2705 Tabla cargada en recarga 1.
2026-07-01 07:40:14,623  INFO    Ignorando: 2026-7-1-T779354202A.bak
2026-07-01 07:40:14,690  INFO    Ignorando: 2026-7-1-T779354202B.bak
2026-07-01 07:40:14,777  INFO  Backup seleccionado: 2026-7-1-T779354202C.bak (2026-07-01 10:16:33+00:00)
2026-07-01 07:40:14,806  INFO  HTML fila completa: <td class="bucket">mng-respaldos-poliuretano</td><td class="Key">2026-7-1-T779354202C.bak</td><td class="LastModified">2026-07-01 10:16:33+00:00</td><td class="Size">0.19 GB</td><td class="presigned_url" style="display: none;">https://mng-respaldos-poliuretano.s3.amazonaws.com/2026-7-1-T779354202C.bak?AWSAccessKeyId=AKIAZPIFFWJDVFW267ZG&amp;Signature=XwoQfdcAKtvKMfZJSpuJb32M4iE%3D&amp;Expires=1782906308</td><td><i onclick="downloadbackup($(this).parent().parent())" class="fas fa-download"></i></
2026-07-01 07:40:41,004  INFO  Descargando 2026-7-1-T779354202C.bak desde S3...
2026-07-01 07:40:49,156  INFO    10 MB / 188 MB (6%)
2026-07-01 07:40:54,844  INFO    21 MB / 188 MB (11%)
2026-07-01 07:40:57,899  INFO    31 MB / 188 MB (17%)
2026-07-01 07:41:00,176  INFO    42 MB / 188 MB (22%)
2026-07-01 07:41:06,266  INFO    52 MB / 188 MB (28%)
2026-07-01 07:41:12,996  INFO    63 MB / 188 MB (34%)
2026-07-01 07:41:19,653  INFO    73 MB / 188 MB (39%)
2026-07-01 07:41:40,461  INFO    84 MB / 188 MB (45%)
2026-07-01 07:42:11,835  INFO    94 MB / 188 MB (50%)
2026-07-01 07:42:25,051  INFO    105 MB / 188 MB (56%)
2026-07-01 07:42:27,571  INFO    115 MB / 188 MB (61%)
2026-07-01 07:42:32,160  INFO    126 MB / 188 MB (67%)
2026-07-01 07:42:45,020  INFO    136 MB / 188 MB (73%)
2026-07-01 07:43:04,321  INFO    147 MB / 188 MB (78%)
2026-07-01 07:43:09,089  INFO    157 MB / 188 MB (84%)
2026-07-01 07:43:10,957  INFO    168 MB / 188 MB (89%)
2026-07-01 07:43:12,229  INFO    178 MB / 188 MB (95%)
2026-07-01 07:43:13,209  INFO  \u2705 Descarga completa: 2026-7-1-T779354202C.bak (187.8 MB)
2026-07-01 07:43:13,323  INFO  Backup guardado en: C:\Backups\Manager\2026-7-1-T779354202C_2026-07-01.bak
2026-07-01 07:43:13,324  INFO  \u2705 �xito � backup guardado en: C:\Backups\Manager\2026-7-1-T779354202C_2026-07-01.bak
2026-07-01 07:43:17,443  WARNING  Retrying (Retry(total=2, connect=None, read=None, redirect=None, status=None)) after connection broken by 'NewConnectionError("HTTPConnection(host='localhost', port=62001): Failed to establish a new connection: [WinError 10061] No se puede establecer una conexi�n ya que el equipo de destino deneg� expresamente dicha conexi�n")': /session/de3cc8b3db2ed2f9bf215d0635f6a156
2026-07-01 07:43:21,491  WARNING  Retrying (Retry(total=1, connect=None, read=None, redirect=None, status=None)) after connection broken by 'NewConnectionError("HTTPConnection(host='localhost', port=62001): Failed to establish a new connection: [WinError 10061] No se puede establecer una conexi�n ya que el equipo de destino deneg� expresamente dicha conexi�n")': /session/de3cc8b3db2ed2f9bf215d0635f6a156
2026-07-01 07:43:25,561  WARNING  Retrying (Retry(total=0, connect=None, read=None, redirect=None, status=None)) after connection broken by 'NewConnectionError("HTTPConnection(host='localhost', port=62001): Failed to establish a new connection: [WinError 10061] No se puede establecer una conexi�n ya que el equipo de destino deneg� expresamente dicha conexi�n")': /session/de3cc8b3db2ed2f9bf215d0635f6a156
2026-07-01 07:43:29,648  INFO  
2026-07-01 07:43:29,648  INFO  \u2501\u2501\u2501\u2501\u2501\u2501\u2501\u2501\u2501\u2501\u2501\u2501\u2501\u2501\u2501\u2501\u2501\u2501\u2501\u2501\u2501\u2501\u2501\u2501\u2501\u2501\u2501\u2501\u2501\u2501\u2501\u2501\u2501\u2501\u2501\u2501\u2501\u2501\u2501\u2501\u2501\u2501\u2501\u2501\u2501\u2501\u2501\u2501\u2501\u2501\u2501\u2501\u2501\u2501\u2501
2026-07-01 07:43:29,648  INFO    PASO 2/3 � Restaurar BD y extraer Ventas Full
2026-07-01 07:43:29,648  INFO  \u2501\u2501\u2501\u2501\u2501\u2501\u2501\u2501\u2501\u2501\u2501\u2501\u2501\u2501\u2501\u2501\u2501\u2501\u2501\u2501\u2501\u2501\u2501\u2501\u2501\u2501\u2501\u2501\u2501\u2501\u2501\u2501\u2501\u2501\u2501\u2501\u2501\u2501\u2501\u2501\u2501\u2501\u2501\u2501\u2501\u2501\u2501\u2501\u2501\u2501\u2501\u2501\u2501\u2501\u2501
2026-07-01 07:43:51,471  INFO  ============================================================
2026-07-01 07:43:51,471  INFO    PASO 1 � Restaurar BD y extraer M�ltiples Reportes
2026-07-01 07:43:51,471  INFO  ============================================================
2026-07-01 07:43:51,490  INFO  Usando .bak de ultimo_bak.txt: 2026-7-1-T779354202C_2026-07-01.bak
2026-07-01 07:43:51,491  INFO  Usando backup: 2026-7-1-T779354202C_2026-07-01.bak
2026-07-01 07:43:51,491  INFO  Restaurando 2026-7-1-T779354202C_2026-07-01.bak como 'T779354202C'...
2026-07-01 07:43:51,491  INFO  Copiando .bak a C:\Program Files\Microsoft SQL Server\MSSQL17.SQLEXPRESS\MSSQL\DATA\2026-7-1-T779354202C_2026-07-01.bak...
2026-07-01 07:43:57,157  INFO  Ejecutando RESTORE DATABASE...
2026-07-01 07:44:47,667  INFO  \u2705 BD 'T779354202C' restaurada correctamente.
2026-07-01 07:44:47,667  INFO  Conectando a 'T779354202C' para extraer reportes...
2026-07-01 07:44:47,726  INFO  Ejecutando: Aceros...
C:\Scripts\BackupManager\restaurar_y_extraer.py:158: UserWarning: pandas only supports SQLAlchemy connectable (engine/connection) or database string URI or sqlite3 DBAPI2 connection. Other DBAPI2 objects are not tested. Please consider using SQLAlchemy.
  df = pd.read_sql(sql_listo, conn)
2026-07-01 07:44:48,059  INFO    \u2514\u2500 54 filas extra�das.
2026-07-01 07:44:48,059  INFO  Ejecutando: base_completo...
2026-07-01 07:44:49,971  INFO    \u2514\u2500 9,579 filas extra�das.
2026-07-01 07:44:49,971  INFO  Ejecutando: calendario...
2026-07-01 07:44:50,189  INFO    \u2514\u2500 77 filas extra�das.
2026-07-01 07:44:50,189  INFO  Ejecutando: Consumos_acero...
2026-07-01 07:44:50,297  INFO    \u2514\u2500 123 filas extra�das.
2026-07-01 07:44:50,297  INFO  Ejecutando: Consumos_pol...
2026-07-01 07:44:50,363  INFO    \u2514\u2500 26 filas extra�das.
2026-07-01 07:44:50,363  INFO  Ejecutando: Cotizaciones...
2026-07-01 07:44:50,470  INFO    \u2514\u2500 3,815 filas extra�das.
2026-07-01 07:44:50,470  INFO  Ejecutando: Guias...
2026-07-01 07:44:50,870  INFO    \u2514\u2500 9,940 filas extra�das.
2026-07-01 07:44:50,871  INFO  Ejecutando: Inventario_aceros...
2026-07-01 07:44:50,898  INFO    \u2514\u2500 172 filas extra�das.
2026-07-01 07:44:50,898  INFO  Ejecutando: Notas_de_venta...
2026-07-01 07:44:50,941  INFO    \u2514\u2500 858 filas extra�das.
2026-07-01 07:44:50,942  INFO  Ejecutando: Ordenes_de_Compra...
2026-07-01 07:44:51,072  INFO    \u2514\u2500 287 filas extra�das.
2026-07-01 07:44:51,072  INFO  Ejecutando: Ordenes_de_produccion...
2026-07-01 07:44:51,281  INFO    \u2514\u2500 3,420 filas extra�das.
2026-07-01 07:44:51,281  INFO  Ejecutando: Pendiente_a_facturar...
2026-07-01 07:44:51,293  ERROR    \u2514\u2500 Error ejecutando Pendiente_a_facturar: ('42000', '[42000] [Microsoft][ODBC Driver 17 for SQL Server][SQL Server]ORDER BY items must appear in the select list if SELECT DISTINCT is specified. (145) (SQLExecDirectW)')
2026-07-01 07:44:51,293  INFO  Ejecutando: Productos_Stock...
2026-07-01 07:44:51,327  INFO    \u2514\u2500 131 filas extra�das.
2026-07-01 07:44:51,327  INFO  Ejecutando: Stock_vendido...
2026-07-01 07:44:51,392  INFO    \u2514\u2500 179 filas extra�das.
2026-07-01 07:44:51,392  INFO  Ejecutando: Vales_de_Salida...
2026-07-01 07:44:51,401  ERROR    \u2514\u2500 Error ejecutando Vales_de_Salida: ('42000', '[42000] [Microsoft][ODBC Driver 17 for SQL Server][SQL Server]ORDER BY items must appear in the select list if SELECT DISTINCT is specified. (145) (SQLExecDirectW)')
2026-07-01 07:44:51,402  INFO  Ejecutando: Ventas_Full...
2026-07-01 07:44:51,942  INFO    \u2514\u2500 2,181 filas extra�das.
2026-07-01 07:44:51,943  INFO  Ejecutando: WIP...
2026-07-01 07:44:51,986  INFO    \u2514\u2500 36 filas extra�das.
2026-07-01 07:44:52,019  INFO  Exportando a Excel multipesta�a: C:\Reportes\VentasFull\Reportes_Completos_2026-07-01.xlsx
2026-07-01 07:46:29,135  WARNING    \u2514\u2500 Stock_vendido: columnas duplicadas renombradas
2026-07-01 07:46:59,436  INFO  \u2705 Excel generado: C:\Reportes\VentasFull\Reportes_Completos_2026-07-01.xlsx (3.5 MB)
2026-07-01 07:46:59,438  INFO  \u2705 Proceso Completado \u2192 C:\Reportes\VentasFull\Reportes_Completos_2026-07-01.xlsx
2026-07-01 07:46:59,455  INFO  
2026-07-01 07:46:59,455  INFO  \u2501\u2501\u2501\u2501\u2501\u2501\u2501\u2501\u2501\u2501\u2501\u2501\u2501\u2501\u2501\u2501\u2501\u2501\u2501\u2501\u2501\u2501\u2501\u2501\u2501\u2501\u2501\u2501\u2501\u2501\u2501\u2501\u2501\u2501\u2501\u2501\u2501\u2501\u2501\u2501\u2501\u2501\u2501\u2501\u2501\u2501\u2501\u2501\u2501\u2501\u2501\u2501\u2501\u2501\u2501
2026-07-01 07:46:59,455  INFO    PASO 3/3 � Subir Excel a Google Drive
2026-07-01 07:46:59,455  INFO  \u2501\u2501\u2501\u2501\u2501\u2501\u2501\u2501\u2501\u2501\u2501\u2501\u2501\u2501\u2501\u2501\u2501\u2501\u2501\u2501\u2501\u2501\u2501\u2501\u2501\u2501\u2501\u2501\u2501\u2501\u2501\u2501\u2501\u2501\u2501\u2501\u2501\u2501\u2501\u2501\u2501\u2501\u2501\u2501\u2501\u2501\u2501\u2501\u2501\u2501\u2501\u2501\u2501\u2501\u2501
2026-07-01 07:47:04,216  INFO  =======================================================
2026-07-01 07:47:04,216  INFO    PASO 2 � Subir a Drive y actualizar Google Sheets
2026-07-01 07:47:04,216  INFO  =======================================================
2026-07-01 07:47:04,230  INFO  Procesando: Reportes_Completos_2026-07-01.xlsx (3.5 MB)
2026-07-01 07:47:04,319  INFO  file_cache is only supported with oauth2client<4.0.0
2026-07-01 07:47:04,350  INFO  file_cache is only supported with oauth2client<4.0.0
2026-07-01 07:47:05,883  INFO  Creando Excel nuevo en Drive...
2026-07-01 07:47:08,520  INFO  \u2705 Excel subido a Drive: Reportes_Completos_Actualizado.xlsx
2026-07-01 07:47:08,520  INFO  Leyendo Excel para actualizar Google Sheets...
2026-07-01 07:47:08,548  INFO  Pesta�as encontradas en Excel: ['Aceros', 'base_completo', 'calendario', 'Consumos_acero', 'Consumos_pol', 'Cotizaciones', 'Guias', 'Inventario_aceros', 'Notas_de_venta', 'Ordenes_de_Compra', 'Ordenes_de_produccion', 'Productos_Stock', 'Stock_vendido', 'Ventas_Full', 'WIP']
2026-07-01 07:47:09,901  INFO  Actualizando Base Produccion \u2192 'Orden de Produccion' (3,420 filas)...
2026-07-01 07:47:11,273  INFO    Limpiando hoja 'Orden de Produccion'...
2026-07-01 07:47:12,158  INFO    Escribiendo 3,420 filas en 'Orden de Produccion'...
2026-07-01 07:47:14,815  INFO    \u2705 Hoja 'Orden de Produccion' actualizada.
2026-07-01 07:47:14,863  INFO  Actualizando Base Produccion \u2192 'Por Facturar' (77 filas)...
2026-07-01 07:47:15,501  INFO    Limpiando hoja 'Por Facturar'...
2026-07-01 07:47:15,858  INFO    Escribiendo 77 filas en 'Por Facturar'...
2026-07-01 07:47:16,225  INFO    \u2705 Hoja 'Por Facturar' actualizada.
2026-07-01 07:47:16,327  INFO  Actualizando Base Produccion \u2192 'Control Inventario' (172 filas)...
2026-07-01 07:47:16,848  INFO    Limpiando hoja 'Control Inventario'...
2026-07-01 07:47:17,140  INFO    Escribiendo 172 filas en 'Control Inventario'...
2026-07-01 07:47:17,476  INFO    \u2705 Hoja 'Control Inventario' actualizada.
2026-07-01 07:47:17,728  INFO  Actualizando Base Produccion \u2192 'Notas de Venta' (858 filas)...
2026-07-01 07:47:18,300  INFO    Limpiando hoja 'Notas de Venta'...
2026-07-01 07:47:18,649  INFO    Escribiendo 858 filas en 'Notas de Venta'...
2026-07-01 07:47:19,274  INFO    \u2705 Hoja 'Notas de Venta' actualizada.
2026-07-01 07:47:19,312  INFO  Actualizando Base Produccion \u2192 'Vales de Salida' (54 filas)...
2026-07-01 07:47:20,346  INFO    Limpiando hoja 'Vales de Salida'...
2026-07-01 07:47:20,671  INFO    Escribiendo 54 filas en 'Vales de Salida'...
2026-07-01 07:47:20,960  INFO    \u2705 Hoja 'Vales de Salida' actualizada.
2026-07-01 07:47:21,004  INFO  Actualizando Base Produccion \u2192 'Stock' (131 filas)...
2026-07-01 07:47:21,566  INFO    Limpiando hoja 'Stock'...
2026-07-01 07:47:21,859  INFO    Escribiendo 131 filas en 'Stock'...
2026-07-01 07:47:22,167  INFO    \u2705 Hoja 'Stock' actualizada.
2026-07-01 07:47:22,197  INFO  Actualizando Base Produccion \u2192 'Consumos POL' (26 filas)...
2026-07-01 07:47:22,764  INFO    Limpiando hoja 'Consumos POL'...
2026-07-01 07:47:23,048  INFO    Escribiendo 26 filas en 'Consumos POL'...
2026-07-01 07:47:23,338  INFO    \u2705 Hoja 'Consumos POL' actualizada.
2026-07-01 07:47:24,995  INFO  Actualizando Base Produccion \u2192 'Ventas_Full' (2,181 filas)...
2026-07-01 07:47:25,524  INFO    Limpiando hoja 'Ventas_Full'...
2026-07-01 07:47:26,275  INFO    Escribiendo 2,181 filas en 'Ventas_Full'...
2026-07-01 07:47:27,810  INFO    \u2705 Hoja 'Ventas_Full' actualizada.
2026-07-01 07:47:27,843  INFO  Actualizando Base Produccion \u2192 'WIP' (36 filas)...
2026-07-01 07:47:28,466  INFO    Limpiando hoja 'WIP'...
2026-07-01 07:47:28,759  INFO    Escribiendo 36 filas en 'WIP'...
2026-07-01 07:47:29,060  INFO    \u2705 Hoja 'WIP' actualizada.
2026-07-01 07:47:29,148  INFO  Actualizando Base Produccion \u2192 'Stock Vendido' (179 filas)...
2026-07-01 07:47:29,839  INFO    Limpiando hoja 'Stock Vendido'...
2026-07-01 07:47:30,132  INFO    Escribiendo 179 filas en 'Stock Vendido'...
2026-07-01 07:47:30,439  INFO    \u2705 Hoja 'Stock Vendido' actualizada.
2026-07-01 07:47:30,478  INFO  Actualizando Base Produccion \u2192 'Consumos Acero' (123 filas)...
2026-07-01 07:47:31,018  INFO    Limpiando hoja 'Consumos Acero'...
2026-07-01 07:47:31,298  INFO    Escribiendo 123 filas en 'Consumos Acero'...
2026-07-01 07:47:31,589  INFO    \u2705 Hoja 'Consumos Acero' actualizada.
2026-07-01 07:47:34,087  INFO  Actualizando Base Produccion \u2192 'Guias' (9,940 filas)...
2026-07-01 07:47:34,597  INFO    Limpiando hoja 'Guias'...
2026-07-01 07:47:35,433  INFO    Escribiendo 9,940 filas en 'Guias'...
2026-07-01 07:47:38,284  INFO    \u2705 Hoja 'Guias' actualizada.
2026-07-01 07:47:39,992  INFO  Actualizando Presupuestos \u2192 'Ventas Full Manager' (2,181 filas)...
2026-07-01 07:47:41,023  INFO    Limpiando hoja 'Ventas Full Manager'...
2026-07-01 07:47:41,636  INFO    Escribiendo 2,181 filas en 'Ventas Full Manager'...
2026-07-01 07:47:45,364  INFO    \u2705 Hoja 'Ventas Full Manager' actualizada.
2026-07-01 07:47:45,756  INFO  Actualizando Presupuestos \u2192 'Notas de Venta' (858 filas)...
2026-07-01 07:47:46,298  INFO    Limpiando hoja 'Notas de Venta'...
2026-07-01 07:47:46,620  INFO    Escribiendo 858 filas en 'Notas de Venta'...
2026-07-01 07:47:47,238  INFO    \u2705 Hoja 'Notas de Venta' actualizada.
2026-07-01 07:47:47,892  INFO  Actualizando Presupuestos \u2192 'Cotizaciones' (3,815 filas)...
2026-07-01 07:47:49,219  INFO    Limpiando hoja 'Cotizaciones'...
2026-07-01 07:47:49,745  INFO    Escribiendo 3,815 filas en 'Cotizaciones'...
2026-07-01 07:47:50,944  INFO    \u2705 Hoja 'Cotizaciones' actualizada.
2026-07-01 07:47:51,075  INFO  Actualizando Presupuestos \u2192 'Calendario' (77 filas)...
2026-07-01 07:47:51,593  INFO    Limpiando hoja 'Calendario'...
2026-07-01 07:47:51,829  INFO    Escribiendo 77 filas en 'Calendario'...
2026-07-01 07:47:52,050  INFO    \u2705 Hoja 'Calendario' actualizada.
2026-07-01 07:47:52,051  INFO  
2026-07-01 07:47:52,051  INFO  \u2705 Todo actualizado:
2026-07-01 07:47:52,051  INFO     \U0001f4c1 Drive: Reportes_Completos_Actualizado.xlsx
2026-07-01 07:47:52,051  INFO     \U0001f4ca Base Produccion: ['Orden de Produccion', 'Por Facturar', 'Control Inventario', 'Notas de Venta', 'Vales de Salida', 'Stock', 'Consumos POL', 'Ventas_Full', 'WIP', 'Stock Vendido', 'Consumos Acero', 'Guias']
2026-07-01 07:47:52,051  INFO     \U0001f4ca Presupuestos: Ventas Full Manager
2026-07-01 07:47:52,053  INFO  
2026-07-01 07:47:52,053  INFO  \u2554\u2550\u2550\u2550\u2550\u2550\u2550\u2550\u2550\u2550\u2550\u2550\u2550\u2550\u2550\u2550\u2550\u2550\u2550\u2550\u2550\u2550\u2550\u2550\u2550\u2550\u2550\u2550\u2550\u2550\u2550\u2550\u2550\u2550\u2550\u2550\u2550\u2550\u2550\u2550\u2550\u2550\u2550\u2550\u2550\u2550\u2550\u2550\u2550\u2550\u2550\u2550\u2550\u2550\u2557
2026-07-01 07:47:52,055  INFO  \u2551  \u2705 PIPELINE COMPLETADO en 496s                      \u2551
2026-07-01 07:47:52,055  INFO  \u2551  \U0001f4ca Excel en Drive: VentasFull_Actualizado.xlsx      \u2551
2026-07-01 07:47:52,055  INFO  \u255a\u2550\u2550\u2550\u2550\u2550\u2550\u2550\u2550\u2550\u2550\u2550\u2550\u2550\u2550\u2550\u2550\u2550\u2550\u2550\u2550\u2550\u2550\u2550\u2550\u2550\u2550\u2550\u2550\u2550\u2550\u2550\u2550\u2550\u2550\u2550\u2550\u2550\u2550\u2550\u2550\u2550\u2550\u2550\u2550\u2550\u2550\u2550\u2550\u2550\u2550\u2550\u2550\u2550\u255d
01/07/2026  7:47:52.56 - Pipeline completado OK 
