2026-05-18 11:22:10,458  INFO  ╔═════════════════════════════════════════════════════╗
2026-05-18 11:22:10,543  INFO  ║   PIPELINE VENTAS FULL — Inicio: 2026-05-18 11:22   ║
2026-05-18 11:22:10,544  INFO  ╚═════════════════════════════════════════════════════╝
2026-05-18 11:22:10,544  INFO  
2026-05-18 11:22:10,544  INFO  ━━━━━━━━━━━━━━━━━━━━━━━━━━━━━━━━━━━━━━━━━━━━━━━━━━━━━━━
2026-05-18 11:22:10,558  INFO    PASO 1/3 — Descargar backup desde Manager
2026-05-18 11:22:10,558  INFO  ━━━━━━━━━━━━━━━━━━━━━━━━━━━━━━━━━━━━━━━━━━━━━━━━━━━━━━━
2026-05-18 11:22:11,910  INFO  =======================================================
2026-05-18 11:22:11,911  INFO    Iniciando descarga automática de backup Manager
2026-05-18 11:22:11,911  INFO  =======================================================
2026-05-18 11:22:11,912  INFO  ====== WebDriver manager ======
2026-05-18 11:22:16,085  INFO  Get LATEST chromedriver version for google-chrome
2026-05-18 11:22:16,557  INFO  Get LATEST chromedriver version for google-chrome
2026-05-18 11:22:16,897  INFO  Driver [C:\Users\atorr\.wdm\drivers\chromedriver\win64\148.0.7778.167\chromedriver-win32/chromedriver.exe] found in cache
2026-05-18 11:22:22,153  INFO  Abriendo login: https://prodkernel.manager.cl/index.html
2026-05-18 11:22:24,325  INFO  Inputs visibles: 3
2026-05-18 11:22:24,730  INFO  Login enviado...
2026-05-18 11:22:28,747  INFO  ✅ Login exitoso. session_id: 357d3324...
2026-05-18 11:22:28,748  INFO  Navegando a: https://prodkernel.manager.cl/managerbackups.html?session_id=357d332420972b938d12d530541d2058&cd=prodkernel
2026-05-18 11:22:28,878  INFO  Recarga 1/10...
2026-05-18 11:22:32,977  INFO    filas .bak encontradas: 3
2026-05-18 11:22:32,979  INFO  ✅ Tabla cargada en recarga 1.
2026-05-18 11:22:33,017  INFO    Ignorando: 2026-5-18-T779354202A.bak
2026-05-18 11:22:33,047  INFO    Ignorando: 2026-5-18-T779354202B.bak
2026-05-18 11:22:33,094  INFO  Backup seleccionado: 2026-5-18-T779354202C.bak (2026-05-18 10:07:44+00:00)
2026-05-18 11:22:33,105  INFO  HTML fila completa: <td class="bucket">mng-respaldos-poliuretano</td><td class="Key">2026-5-18-T779354202C.bak</td><td class="LastModified">2026-05-18 10:07:44+00:00</td><td class="Size">0.12 GB</td><td class="presigned_url" style="display: none;">https://mng-respaldos-poliuretano.s3.amazonaws.com/2026-5-18-T779354202C.bak?AWSAccessKeyId=AKIAZPIFFWJDVFW267ZG&amp;Signature=jKedaEFDXMCD1iMUX%2FSlCrRhc5c%3D&amp;Expires=1779118041</td><td><i onclick="downloadbackup($(this).parent().parent())" class="fas fa-download"></
2026-05-18 11:22:35,385  INFO  Descargando 2026-5-18-T779354202C.bak desde S3...
2026-05-18 11:22:49,755  INFO    10 MB / 124 MB (8%)
2026-05-18 11:23:01,636  INFO    21 MB / 124 MB (17%)
2026-05-18 11:23:11,418  INFO    31 MB / 124 MB (25%)
2026-05-18 11:23:20,119  INFO    42 MB / 124 MB (34%)
2026-05-18 11:23:27,013  INFO    52 MB / 124 MB (42%)
2026-05-18 11:23:33,547  INFO    63 MB / 124 MB (51%)
2026-05-18 11:23:40,051  INFO    73 MB / 124 MB (59%)
2026-05-18 11:23:45,755  INFO    84 MB / 124 MB (68%)
2026-05-18 11:23:49,089  INFO    94 MB / 124 MB (76%)
2026-05-18 11:23:52,292  INFO    105 MB / 124 MB (85%)
2026-05-18 11:23:56,710  INFO    115 MB / 124 MB (93%)
2026-05-18 11:24:00,035  INFO  ✅ Descarga completa: 2026-5-18-T779354202C.bak (123.7 MB)
2026-05-18 11:24:00,080  INFO  Backup guardado en: C:\Backups\Manager\2026-5-18-T779354202C_2026-05-18_1779117840.bak
2026-05-18 11:24:00,080  INFO  ✅ Éxito — backup guardado en: C:\Backups\Manager\2026-5-18-T779354202C_2026-05-18_1779117840.bak
2026-05-18 11:24:04,223  WARNING  Retrying (Retry(total=2, connect=None, read=None, redirect=None, status=None)) after connection broken by 'NewConnectionError("HTTPConnection(host='localhost', port=63497): Failed to establish a new connection: [WinError 10061] No se puede establecer una conexión ya que el equipo de destino denegó expresamente dicha conexión")': /session/0e49d7b20da78d5f99992e67060b6379
2026-05-18 11:24:08,317  WARNING  Retrying (Retry(total=1, connect=None, read=None, redirect=None, status=None)) after connection broken by 'NewConnectionError("HTTPConnection(host='localhost', port=63497): Failed to establish a new connection: [WinError 10061] No se puede establecer una conexión ya que el equipo de destino denegó expresamente dicha conexión")': /session/0e49d7b20da78d5f99992e67060b6379
2026-05-18 11:24:12,429  WARNING  Retrying (Retry(total=0, connect=None, read=None, redirect=None, status=None)) after connection broken by 'NewConnectionError("HTTPConnection(host='localhost', port=63497): Failed to establish a new connection: [WinError 10061] No se puede establecer una conexión ya que el equipo de destino denegó expresamente dicha conexión")': /session/0e49d7b20da78d5f99992e67060b6379
2026-05-18 11:24:16,533  INFO  
2026-05-18 11:24:16,533  INFO  ━━━━━━━━━━━━━━━━━━━━━━━━━━━━━━━━━━━━━━━━━━━━━━━━━━━━━━━
2026-05-18 11:24:16,534  INFO    PASO 2/3 — Restaurar BD y extraer Ventas Full
2026-05-18 11:24:16,534  INFO  ━━━━━━━━━━━━━━━━━━━━━━━━━━━━━━━━━━━━━━━━━━━━━━━━━━━━━━━
2026-05-18 11:24:18,713  ERROR  
2026-05-18 11:24:18,713  ERROR  ╔═════════════════════════════════════════════════════╗
2026-05-18 11:24:18,713  ERROR  ║  ❌ PIPELINE FALLÓ                                   ║
2026-05-18 11:24:18,713  ERROR  ║  Error: [Errno 13] Permission denied: 'C:\\Scripts\\║
2026-05-18 11:24:18,714  ERROR  ╚═════════════════════════════════════════════════════╝
2026-05-18 11:24:18,719  ERROR  Traceback (most recent call last):
  File "C:\Scripts\BackupManager\00_pipeline_completo.py", line 50, in main
    from restaurar_y_extraer import main as restaurar
  File "C:\Scripts\BackupManager\restaurar_y_extraer.py", line 39, in <module>
    logging.FileHandler(r"C:\Users\atorr\Documents\pipeline_ventas.log", encoding="utf-8"),
    ~~~~~~~~~~~~~~~~~~~^^^^^^^^^^^^^^^^^^^^^^^^^^^^^^^^^^^^^^^^^
  File "C:\Users\atorr\AppData\Local\Programs\Python\Python314\Lib\logging\__init__.py", line 1219, in __init__
    StreamHandler.__init__(self, self._open())
                                 ~~~~~~~~~~^^
  File "C:\Users\atorr\AppData\Local\Programs\Python\Python314\Lib\logging\__init__.py", line 1248, in _open
    return open_func(self.baseFilename, self.mode,
                     encoding=self.encoding, errors=self.errors)
PermissionError: [Errno 13] Permission denied: 'C:\\Scripts\\BackupManager\\pipeline_ventas.log'

2026-05-18 11:26:07,950  INFO  ╔═════════════════════════════════════════════════════╗
2026-05-18 11:26:07,950  INFO  ║   PIPELINE VENTAS FULL — Inicio: 2026-05-18 11:26   ║
2026-05-18 11:26:07,950  INFO  ╚═════════════════════════════════════════════════════╝
2026-05-18 11:26:07,950  INFO  
2026-05-18 11:26:07,950  INFO  ━━━━━━━━━━━━━━━━━━━━━━━━━━━━━━━━━━━━━━━━━━━━━━━━━━━━━━━
2026-05-18 11:26:07,950  INFO    PASO 1/3 — Descargar backup desde Manager
2026-05-18 11:26:07,950  INFO  ━━━━━━━━━━━━━━━━━━━━━━━━━━━━━━━━━━━━━━━━━━━━━━━━━━━━━━━
2026-05-18 11:26:08,475  INFO  =======================================================
2026-05-18 11:26:08,475  INFO    Iniciando descarga automática de backup Manager
2026-05-18 11:26:08,475  INFO  =======================================================
2026-05-18 11:26:08,477  INFO  ====== WebDriver manager ======
2026-05-18 11:26:11,666  INFO  Get LATEST chromedriver version for google-chrome
2026-05-18 11:26:12,131  INFO  Get LATEST chromedriver version for google-chrome
2026-05-18 11:26:12,477  INFO  Driver [C:\Users\atorr\.wdm\drivers\chromedriver\win64\148.0.7778.167\chromedriver-win32/chromedriver.exe] found in cache
2026-05-18 11:26:14,996  INFO  Abriendo login: https://prodkernel.manager.cl/index.html
2026-05-18 11:26:16,839  INFO  Inputs visibles: 3
2026-05-18 11:26:17,130  INFO  Login enviado...
2026-05-18 11:26:21,142  INFO  ✅ Login exitoso. session_id: 3dc979a1...
2026-05-18 11:26:21,142  INFO  Navegando a: https://prodkernel.manager.cl/managerbackups.html?session_id=3dc979a19f4d56d7859173b2e773c117&cd=prodkernel
2026-05-18 11:26:21,232  INFO  Recarga 1/10...
2026-05-18 11:26:25,327  INFO    filas .bak encontradas: 3
2026-05-18 11:26:25,327  INFO  ✅ Tabla cargada en recarga 1.
2026-05-18 11:26:25,362  INFO    Ignorando: 2026-5-18-T779354202A.bak
2026-05-18 11:26:25,388  INFO    Ignorando: 2026-5-18-T779354202B.bak
2026-05-18 11:26:25,413  INFO  Backup seleccionado: 2026-5-18-T779354202C.bak (2026-05-18 10:07:44+00:00)
2026-05-18 11:26:25,421  INFO  HTML fila completa: <td class="bucket">mng-respaldos-poliuretano</td><td class="Key">2026-5-18-T779354202C.bak</td><td class="LastModified">2026-05-18 10:07:44+00:00</td><td class="Size">0.12 GB</td><td class="presigned_url" style="display: none;">https://mng-respaldos-poliuretano.s3.amazonaws.com/2026-5-18-T779354202C.bak?AWSAccessKeyId=AKIAZPIFFWJDVFW267ZG&amp;Signature=g%2FXrunRLj6rQ4v%2BShecaXr68RHI%3D&amp;Expires=1779118273</td><td><i onclick="downloadbackup($(this).parent().parent())" class="fas fa-download">
2026-05-18 11:26:27,679  INFO  Descargando 2026-5-18-T779354202C.bak desde S3...
2026-05-18 11:26:34,190  INFO    10 MB / 124 MB (8%)
2026-05-18 11:26:39,485  INFO    21 MB / 124 MB (17%)
2026-05-18 11:26:46,293  INFO    31 MB / 124 MB (25%)
2026-05-18 11:26:55,162  INFO    42 MB / 124 MB (34%)
2026-05-18 11:27:03,986  INFO    52 MB / 124 MB (42%)
2026-05-18 11:27:11,426  INFO    63 MB / 124 MB (51%)
2026-05-18 11:27:16,582  INFO    73 MB / 124 MB (59%)
2026-05-18 11:27:25,243  INFO    84 MB / 124 MB (68%)
2026-05-18 11:27:31,462  INFO    94 MB / 124 MB (76%)
2026-05-18 11:27:37,313  INFO    105 MB / 124 MB (85%)
2026-05-18 11:27:42,920  INFO    115 MB / 124 MB (93%)
2026-05-18 11:27:52,463  INFO  ✅ Descarga completa: 2026-5-18-T779354202C.bak (123.7 MB)
2026-05-18 11:27:52,499  INFO  Backup guardado en: C:\Backups\Manager\2026-5-18-T779354202C_2026-05-18_1779118072.bak
2026-05-18 11:27:52,499  INFO  ✅ Éxito — backup guardado en: C:\Backups\Manager\2026-5-18-T779354202C_2026-05-18_1779118072.bak
2026-05-18 11:27:56,591  WARNING  Retrying (Retry(total=2, connect=None, read=None, redirect=None, status=None)) after connection broken by 'NewConnectionError("HTTPConnection(host='localhost', port=49751): Failed to establish a new connection: [WinError 10061] No se puede establecer una conexión ya que el equipo de destino denegó expresamente dicha conexión")': /session/38d69fff7b2c9db48b4eacf74dbb810a
2026-05-18 11:28:00,703  WARNING  Retrying (Retry(total=1, connect=None, read=None, redirect=None, status=None)) after connection broken by 'NewConnectionError("HTTPConnection(host='localhost', port=49751): Failed to establish a new connection: [WinError 10061] No se puede establecer una conexión ya que el equipo de destino denegó expresamente dicha conexión")': /session/38d69fff7b2c9db48b4eacf74dbb810a
2026-05-18 11:28:04,803  WARNING  Retrying (Retry(total=0, connect=None, read=None, redirect=None, status=None)) after connection broken by 'NewConnectionError("HTTPConnection(host='localhost', port=49751): Failed to establish a new connection: [WinError 10061] No se puede establecer una conexión ya que el equipo de destino denegó expresamente dicha conexión")': /session/38d69fff7b2c9db48b4eacf74dbb810a
2026-05-18 11:28:08,902  INFO  
2026-05-18 11:28:08,903  INFO  ━━━━━━━━━━━━━━━━━━━━━━━━━━━━━━━━━━━━━━━━━━━━━━━━━━━━━━━
2026-05-18 11:28:08,903  INFO    PASO 2/3 — Restaurar BD y extraer Ventas Full
2026-05-18 11:28:08,903  INFO  ━━━━━━━━━━━━━━━━━━━━━━━━━━━━━━━━━━━━━━━━━━━━━━━━━━━━━━━
2026-05-18 11:28:09,767  ERROR  
2026-05-18 11:28:09,767  ERROR  ╔═════════════════════════════════════════════════════╗
2026-05-18 11:28:09,767  ERROR  ║  ❌ PIPELINE FALLÓ                                   ║
2026-05-18 11:28:09,767  ERROR  ║  Error: [Errno 13] Permission denied: 'C:\\Scripts\\║
2026-05-18 11:28:09,767  ERROR  ╚═════════════════════════════════════════════════════╝
2026-05-18 11:28:09,769  ERROR  Traceback (most recent call last):
  File "C:\Scripts\BackupManager\00_pipeline_completo.py", line 50, in main
    from restaurar_y_extraer import main as restaurar
  File "C:\Scripts\BackupManager\restaurar_y_extraer.py", line 39, in <module>
    logging.FileHandler(r"C:\Users\atorr\Documents\pipeline_ventas.log", encoding="utf-8"),
    ~~~~~~~~~~~~~~~~~~~^^^^^^^^^^^^^^^^^^^^^^^^^^^^^^^^^^^^^^^^^
  File "C:\Users\atorr\AppData\Local\Programs\Python\Python314\Lib\logging\__init__.py", line 1219, in __init__
    StreamHandler.__init__(self, self._open())
                                 ~~~~~~~~~~^^
  File "C:\Users\atorr\AppData\Local\Programs\Python\Python314\Lib\logging\__init__.py", line 1248, in _open
    return open_func(self.baseFilename, self.mode,
                     encoding=self.encoding, errors=self.errors)
PermissionError: [Errno 13] Permission denied: 'C:\\Scripts\\BackupManager\\pipeline_ventas.log'

2026-05-18 11:31:25,027  INFO  ╔═════════════════════════════════════════════════════╗
2026-05-18 11:31:25,027  INFO  ║   PIPELINE VENTAS FULL — Inicio: 2026-05-18 11:31   ║
2026-05-18 11:31:25,027  INFO  ╚═════════════════════════════════════════════════════╝
2026-05-18 11:31:25,027  INFO  
2026-05-18 11:31:25,027  INFO  ━━━━━━━━━━━━━━━━━━━━━━━━━━━━━━━━━━━━━━━━━━━━━━━━━━━━━━━
2026-05-18 11:31:25,027  INFO    PASO 1/3 — Descargar backup desde Manager
2026-05-18 11:31:25,027  INFO  ━━━━━━━━━━━━━━━━━━━━━━━━━━━━━━━━━━━━━━━━━━━━━━━━━━━━━━━
2026-05-18 11:31:25,372  INFO  =======================================================
2026-05-18 11:31:25,372  INFO    Iniciando descarga automática de backup Manager
2026-05-18 11:31:25,372  INFO  =======================================================
2026-05-18 11:31:25,374  INFO  ====== WebDriver manager ======
2026-05-18 11:31:28,742  INFO  Get LATEST chromedriver version for google-chrome
2026-05-18 11:31:29,113  INFO  Get LATEST chromedriver version for google-chrome
2026-05-18 11:31:29,455  INFO  Driver [C:\Users\atorr\.wdm\drivers\chromedriver\win64\148.0.7778.167\chromedriver-win32/chromedriver.exe] found in cache
2026-05-18 11:31:30,658  INFO  Abriendo login: https://prodkernel.manager.cl/index.html
2026-05-18 11:31:32,749  INFO  Inputs visibles: 3
2026-05-18 11:31:33,026  INFO  Login enviado...
2026-05-18 11:31:37,038  INFO  ✅ Login exitoso. session_id: ec5fd9e9...
2026-05-18 11:31:37,038  INFO  Navegando a: https://prodkernel.manager.cl/managerbackups.html?session_id=ec5fd9e98a14c09209ca11400f058733&cd=prodkernel
2026-05-18 11:31:37,124  INFO  Recarga 1/10...
2026-05-18 11:31:41,200  INFO    filas .bak encontradas: 3
2026-05-18 11:31:41,200  INFO  ✅ Tabla cargada en recarga 1.
2026-05-18 11:31:41,231  INFO    Ignorando: 2026-5-18-T779354202A.bak
2026-05-18 11:31:41,257  INFO    Ignorando: 2026-5-18-T779354202B.bak
2026-05-18 11:31:41,282  INFO  Backup seleccionado: 2026-5-18-T779354202C.bak (2026-05-18 10:07:44+00:00)
2026-05-18 11:31:41,290  INFO  HTML fila completa: <td class="bucket">mng-respaldos-poliuretano</td><td class="Key">2026-5-18-T779354202C.bak</td><td class="LastModified">2026-05-18 10:07:44+00:00</td><td class="Size">0.12 GB</td><td class="presigned_url" style="display: none;">https://mng-respaldos-poliuretano.s3.amazonaws.com/2026-5-18-T779354202C.bak?AWSAccessKeyId=AKIAZPIFFWJDVFW267ZG&amp;Signature=lZtFrVOvLTJYZcbVZkzvGAx6bPY%3D&amp;Expires=1779118589</td><td><i onclick="downloadbackup($(this).parent().parent())" class="fas fa-download"></i>
2026-05-18 11:31:43,508  INFO  Descargando 2026-5-18-T779354202C.bak desde S3...
2026-05-18 11:31:49,251  INFO    10 MB / 124 MB (8%)
2026-05-18 11:31:54,805  INFO    21 MB / 124 MB (17%)
2026-05-18 11:32:02,616  INFO    31 MB / 124 MB (25%)
2026-05-18 11:32:09,981  INFO    42 MB / 124 MB (34%)
2026-05-18 11:32:16,187  INFO    52 MB / 124 MB (42%)
2026-05-18 11:32:23,678  INFO    63 MB / 124 MB (51%)
2026-05-18 11:32:29,399  INFO    73 MB / 124 MB (59%)
2026-05-18 11:32:32,560  INFO    84 MB / 124 MB (68%)
2026-05-18 11:32:38,638  INFO    94 MB / 124 MB (76%)
2026-05-18 11:32:44,188  INFO    105 MB / 124 MB (85%)
2026-05-18 11:32:48,196  INFO    115 MB / 124 MB (93%)
2026-05-18 11:32:55,613  INFO  ✅ Descarga completa: 2026-5-18-T779354202C.bak (123.7 MB)
2026-05-18 11:32:55,616  INFO  Backup guardado en: C:\Backups\Manager\2026-5-18-T779354202C_2026-05-18_1779118375.bak
2026-05-18 11:32:55,617  INFO  ✅ Éxito — backup guardado en: C:\Backups\Manager\2026-5-18-T779354202C_2026-05-18_1779118375.bak
2026-05-18 11:32:59,703  WARNING  Retrying (Retry(total=2, connect=None, read=None, redirect=None, status=None)) after connection broken by 'NewConnectionError("HTTPConnection(host='localhost', port=62011): Failed to establish a new connection: [WinError 10061] No se puede establecer una conexión ya que el equipo de destino denegó expresamente dicha conexión")': /session/dfc359a6e5e68d3659bb93d6a696b303
2026-05-18 11:33:03,802  WARNING  Retrying (Retry(total=1, connect=None, read=None, redirect=None, status=None)) after connection broken by 'NewConnectionError("HTTPConnection(host='localhost', port=62011): Failed to establish a new connection: [WinError 10061] No se puede establecer una conexión ya que el equipo de destino denegó expresamente dicha conexión")': /session/dfc359a6e5e68d3659bb93d6a696b303
2026-05-18 11:33:07,898  WARNING  Retrying (Retry(total=0, connect=None, read=None, redirect=None, status=None)) after connection broken by 'NewConnectionError("HTTPConnection(host='localhost', port=62011): Failed to establish a new connection: [WinError 10061] No se puede establecer una conexión ya que el equipo de destino denegó expresamente dicha conexión")': /session/dfc359a6e5e68d3659bb93d6a696b303
2026-05-18 11:33:11,996  INFO  
2026-05-18 11:33:11,996  INFO  ━━━━━━━━━━━━━━━━━━━━━━━━━━━━━━━━━━━━━━━━━━━━━━━━━━━━━━━
2026-05-18 11:33:11,996  INFO    PASO 2/3 — Restaurar BD y extraer Ventas Full
2026-05-18 11:33:11,996  INFO  ━━━━━━━━━━━━━━━━━━━━━━━━━━━━━━━━━━━━━━━━━━━━━━━━━━━━━━━
2026-05-18 11:33:12,876  INFO  ============================================================
2026-05-18 11:33:12,876  INFO    PASO 1 — Restaurar BD y extraer Múltiples Reportes
2026-05-18 11:33:12,876  INFO  ============================================================
2026-05-18 11:33:12,888  INFO  Usando .bak de ultimo_bak.txt: 2026-5-18-T779354202C_2026-05-18_1779118375.bak
2026-05-18 11:33:12,888  INFO  Usando backup: 2026-5-18-T779354202C_2026-05-18_1779118375.bak
2026-05-18 11:33:12,888  INFO  Restaurando 2026-5-18-T779354202C_2026-05-18_1779118375.bak como 'T779354202A'...
2026-05-18 11:33:12,889  INFO  Copiando .bak a C:\Program Files\Microsoft SQL Server\MSSQL17.SQLEXPRESS\MSSQL\DATA\2026-5-18-T779354202C_2026-05-18_1779118375.bak...
2026-05-18 11:33:13,844  INFO  Ejecutando RESTORE DATABASE...
2026-05-18 11:33:58,491  INFO  ✅ BD 'T779354202A' restaurada correctamente.
2026-05-18 11:33:58,492  INFO  Conectando a 'T779354202A' para extraer reportes...
2026-05-18 11:33:58,550  INFO  Ejecutando: base_completo...
2026-05-18 11:34:00,208  INFO    └─ 8,504 filas extraídas.
2026-05-18 11:34:00,208  INFO  Ejecutando: Ordenes_de_Compra...
2026-05-18 11:34:00,244  INFO    └─ 157 filas extraídas.
2026-05-18 11:34:00,244  INFO  Ejecutando: Ordenes_de_produccion...
2026-05-18 11:34:00,373  INFO    └─ 3,023 filas extraídas.
2026-05-18 11:34:00,373  INFO  Ejecutando: Pendiente_a_facturar...
2026-05-18 11:34:00,414  INFO    └─ 124 filas extraídas.
2026-05-18 11:34:00,414  INFO  Ejecutando: Vales_de_Salida...
2026-05-18 11:34:00,906  INFO    └─ 11,204 filas extraídas.
2026-05-18 11:34:00,907  INFO  Ejecutando: Ventas_Full...
2026-05-18 11:34:01,202  INFO    └─ 1,532 filas extraídas.
2026-05-18 11:34:01,202  INFO  Ejecutando: WIP...
2026-05-18 11:34:01,346  INFO    └─ 21 filas extraídas.
2026-05-18 11:34:01,348  INFO  Exportando a Excel multipestaña: C:\Reportes\VentasFull\Reportes_Completos_2026-05-18.xlsx
2026-05-18 11:35:00,138  INFO  ✅ Excel generado: C:\Reportes\VentasFull\Reportes_Completos_2026-05-18.xlsx (3.3 MB)
2026-05-18 11:35:00,139  INFO  ✅ Proceso Completado → C:\Reportes\VentasFull\Reportes_Completos_2026-05-18.xlsx
2026-05-18 11:35:00,152  INFO  
2026-05-18 11:35:00,152  INFO  ━━━━━━━━━━━━━━━━━━━━━━━━━━━━━━━━━━━━━━━━━━━━━━━━━━━━━━━
2026-05-18 11:35:00,153  INFO    PASO 3/3 — Subir Excel a Google Drive
2026-05-18 11:35:00,153  INFO  ━━━━━━━━━━━━━━━━━━━━━━━━━━━━━━━━━━━━━━━━━━━━━━━━━━━━━━━
2026-05-18 11:35:01,605  INFO  =======================================================
2026-05-18 11:35:01,605  INFO    PASO 2 — Subir a Drive y actualizar Google Sheets
2026-05-18 11:35:01,605  INFO  =======================================================
2026-05-18 11:35:01,607  INFO  Procesando: Reportes_Completos_2026-05-18.xlsx (3.3 MB)
2026-05-18 11:35:01,667  INFO  file_cache is only supported with oauth2client<4.0.0
2026-05-18 11:35:01,672  INFO  file_cache is only supported with oauth2client<4.0.0
2026-05-18 11:35:02,725  INFO  Creando Excel nuevo en Drive...
2026-05-18 11:35:06,457  INFO  ✅ Excel subido a Drive: Reportes_Completos_Actualizado.xlsx
2026-05-18 11:35:06,458  INFO  Leyendo Excel para actualizar Google Sheets...
2026-05-18 11:35:06,492  INFO  Pestañas encontradas en Excel: ['base_completo', 'Ordenes_de_Compra', 'Ordenes_de_produccion', 'Pendiente_a_facturar', 'Vales_de_Salida', 'Ventas_Full', 'WIP']
2026-05-18 11:35:08,048  INFO  Actualizando Base Produccion → 'Orden de Produccion' (3,023 filas)...
2026-05-18 11:35:09,972  INFO    Limpiando hoja 'Orden de Produccion'...
2026-05-18 11:35:10,532  INFO    Escribiendo 3,023 filas en 'Orden de Produccion'...
2026-05-18 11:35:14,435  INFO    ✅ Hoja 'Orden de Produccion' actualizada.
2026-05-18 11:35:14,464  INFO  Actualizando Base Produccion → 'Por Facturar' (124 filas)...
2026-05-18 11:35:15,296  INFO    Limpiando hoja 'Por Facturar'...
2026-05-18 11:35:15,570  INFO    Escribiendo 124 filas en 'Por Facturar'...
2026-05-18 11:35:15,858  INFO    ✅ Hoja 'Por Facturar' actualizada.
2026-05-18 11:35:18,034  INFO  Actualizando Base Produccion → 'Vales de Salida' (11,204 filas)...
2026-05-18 11:35:18,736  INFO    Limpiando hoja 'Vales de Salida'...
2026-05-18 11:35:19,194  INFO    Escribiendo 11,204 filas en 'Vales de Salida'...
2026-05-18 11:35:25,950  INFO    ✅ Hoja 'Vales de Salida' actualizada.
2026-05-18 11:35:26,614  INFO  Actualizando Base Produccion → 'Ventas_Full' (1,532 filas)...
2026-05-18 11:35:27,190  INFO    Limpiando hoja 'Ventas_Full'...
2026-05-18 11:35:27,539  INFO    Escribiendo 1,532 filas en 'Ventas_Full'...
2026-05-18 11:35:29,590  INFO    ✅ Hoja 'Ventas_Full' actualizada.
2026-05-18 11:35:29,607  INFO  Actualizando Base Produccion → 'WIP' (21 filas)...
2026-05-18 11:35:30,126  INFO    Limpiando hoja 'WIP'...
2026-05-18 11:35:30,396  INFO    Escribiendo 21 filas en 'WIP'...
2026-05-18 11:35:30,811  INFO    ✅ Hoja 'WIP' actualizada.
2026-05-18 11:35:31,452  INFO  Actualizando Presupuestos → 'Ventas Full Manager' (1,532 filas)...
2026-05-18 11:35:32,329  INFO    Limpiando hoja 'Ventas Full Manager'...
2026-05-18 11:35:32,727  INFO    Escribiendo 1,532 filas en 'Ventas Full Manager'...
2026-05-18 11:35:36,182  INFO    ✅ Hoja 'Ventas Full Manager' actualizada.
2026-05-18 11:35:36,186  INFO  
2026-05-18 11:35:36,186  INFO  ✅ Todo actualizado:
2026-05-18 11:35:36,186  INFO     📁 Drive: Reportes_Completos_Actualizado.xlsx
2026-05-18 11:35:36,187  INFO     📊 Base Produccion: ['Orden de Produccion', 'Por Facturar', 'Vales de Salida', 'Ventas_Full', 'WIP']
2026-05-18 11:35:36,187  INFO     📊 Presupuestos: Ventas Full Manager
2026-05-18 11:35:36,189  INFO  
2026-05-18 11:35:36,190  INFO  ╔═════════════════════════════════════════════════════╗
2026-05-18 11:35:36,190  INFO  ║  ✅ PIPELINE COMPLETADO en 251s                      ║
2026-05-18 11:35:36,190  INFO  ║  📊 Excel en Drive: VentasFull_Actualizado.xlsx      ║
2026-05-18 11:35:36,191  INFO  ╚═════════════════════════════════════════════════════╝
2026-05-18 11:52:47,610  INFO  ╔═════════════════════════════════════════════════════╗
2026-05-18 11:52:47,614  INFO  ║   PIPELINE VENTAS FULL — Inicio: 2026-05-18 11:52   ║
2026-05-18 11:52:47,615  INFO  ╚═════════════════════════════════════════════════════╝
2026-05-18 11:52:47,615  INFO  
2026-05-18 11:52:47,615  INFO  ━━━━━━━━━━━━━━━━━━━━━━━━━━━━━━━━━━━━━━━━━━━━━━━━━━━━━━━
2026-05-18 11:52:47,616  INFO    PASO 1/3 — Descargar backup desde Manager
2026-05-18 11:52:47,616  INFO  ━━━━━━━━━━━━━━━━━━━━━━━━━━━━━━━━━━━━━━━━━━━━━━━━━━━━━━━
2026-05-18 11:52:48,327  INFO  =======================================================
2026-05-18 11:52:48,327  INFO    Iniciando descarga automática de backup Manager
2026-05-18 11:52:48,327  INFO  =======================================================
2026-05-18 11:52:48,330  INFO  ====== WebDriver manager ======
2026-05-18 11:52:53,610  INFO  Get LATEST chromedriver version for google-chrome
2026-05-18 11:52:54,187  INFO  Get LATEST chromedriver version for google-chrome
2026-05-18 11:52:54,773  INFO  Driver [C:\Users\atorr\.wdm\drivers\chromedriver\win64\148.0.7778.167\chromedriver-win32/chromedriver.exe] found in cache
2026-05-18 11:52:58,091  INFO  Abriendo login: https://prodkernel.manager.cl/index.html
2026-05-18 11:53:00,192  INFO  Inputs visibles: 3
2026-05-18 11:53:00,541  INFO  Login enviado...
2026-05-18 11:53:04,555  INFO  ✅ Login exitoso. session_id: 5248dc77...
2026-05-18 11:53:04,556  INFO  Navegando a: https://prodkernel.manager.cl/managerbackups.html?session_id=5248dc77e7d12c022a9f1d0bfcc45885&cd=prodkernel
2026-05-18 11:53:04,645  INFO  Recarga 1/10...
2026-05-18 11:53:08,770  INFO    filas .bak encontradas: 0
2026-05-18 11:53:08,770  INFO  Recarga 2/10...
2026-05-18 11:53:12,849  INFO    filas .bak encontradas: 3
2026-05-18 11:53:12,849  INFO  ✅ Tabla cargada en recarga 2.
2026-05-18 11:53:12,886  INFO    Ignorando: 2026-5-18-T779354202A.bak
2026-05-18 11:53:12,916  INFO    Ignorando: 2026-5-18-T779354202B.bak
2026-05-18 11:53:12,941  INFO  Backup seleccionado: 2026-5-18-T779354202C.bak (2026-05-18 10:07:44+00:00)
2026-05-18 11:53:12,951  INFO  HTML fila completa: <td class="bucket">mng-respaldos-poliuretano</td><td class="Key">2026-5-18-T779354202C.bak</td><td class="LastModified">2026-05-18 10:07:44+00:00</td><td class="Size">0.12 GB</td><td class="presigned_url" style="display: none;">https://mng-respaldos-poliuretano.s3.amazonaws.com/2026-5-18-T779354202C.bak?AWSAccessKeyId=AKIAZPIFFWJDVFW267ZG&amp;Signature=fD9p6cdGaiD6lISR7c3X3My1DLE%3D&amp;Expires=1779119881</td><td><i onclick="downloadbackup($(this).parent().parent())" class="fas fa-download"></i>
2026-05-18 11:53:15,235  INFO  Descargando 2026-5-18-T779354202C.bak desde S3...
2026-05-18 11:53:20,151  INFO    10 MB / 124 MB (8%)
2026-05-18 11:53:24,601  INFO    21 MB / 124 MB (17%)
2026-05-18 11:53:29,484  INFO    31 MB / 124 MB (25%)
2026-05-18 11:53:33,886  INFO    42 MB / 124 MB (34%)
2026-05-18 11:53:37,101  INFO    52 MB / 124 MB (42%)
2026-05-18 11:53:42,066  INFO    63 MB / 124 MB (51%)
2026-05-18 11:53:47,452  INFO    73 MB / 124 MB (59%)
2026-05-18 11:53:52,257  INFO    84 MB / 124 MB (68%)
2026-05-18 11:53:57,097  INFO    94 MB / 124 MB (76%)
2026-05-18 11:54:01,997  INFO    105 MB / 124 MB (85%)
2026-05-18 11:54:06,369  INFO    115 MB / 124 MB (93%)
2026-05-18 11:54:10,072  INFO  ✅ Descarga completa: 2026-5-18-T779354202C.bak (123.7 MB)
2026-05-18 11:54:10,080  INFO  Backup guardado en: C:\Backups\Manager\2026-5-18-T779354202C_2026-05-18_1779119650.bak
2026-05-18 11:54:10,080  INFO  ✅ Éxito — backup guardado en: C:\Backups\Manager\2026-5-18-T779354202C_2026-05-18_1779119650.bak
2026-05-18 11:54:14,168  WARNING  Retrying (Retry(total=2, connect=None, read=None, redirect=None, status=None)) after connection broken by 'NewConnectionError("HTTPConnection(host='localhost', port=55236): Failed to establish a new connection: [WinError 10061] No se puede establecer una conexión ya que el equipo de destino denegó expresamente dicha conexión")': /session/6cc71d966c3119793a9cddefcb22dad6
2026-05-18 11:54:18,260  WARNING  Retrying (Retry(total=1, connect=None, read=None, redirect=None, status=None)) after connection broken by 'NewConnectionError("HTTPConnection(host='localhost', port=55236): Failed to establish a new connection: [WinError 10061] No se puede establecer una conexión ya que el equipo de destino denegó expresamente dicha conexión")': /session/6cc71d966c3119793a9cddefcb22dad6
2026-05-18 11:54:22,363  WARNING  Retrying (Retry(total=0, connect=None, read=None, redirect=None, status=None)) after connection broken by 'NewConnectionError("HTTPConnection(host='localhost', port=55236): Failed to establish a new connection: [WinError 10061] No se puede establecer una conexión ya que el equipo de destino denegó expresamente dicha conexión")': /session/6cc71d966c3119793a9cddefcb22dad6
2026-05-18 11:54:26,453  INFO  
2026-05-18 11:54:26,453  INFO  ━━━━━━━━━━━━━━━━━━━━━━━━━━━━━━━━━━━━━━━━━━━━━━━━━━━━━━━
2026-05-18 11:54:26,453  INFO    PASO 2/3 — Restaurar BD y extraer Ventas Full
2026-05-18 11:54:26,454  INFO  ━━━━━━━━━━━━━━━━━━━━━━━━━━━━━━━━━━━━━━━━━━━━━━━━━━━━━━━
2026-05-18 11:54:28,223  INFO  ============================================================
2026-05-18 11:54:28,223  INFO    PASO 1 — Restaurar BD y extraer Múltiples Reportes
2026-05-18 11:54:28,224  INFO  ============================================================
2026-05-18 11:54:28,237  INFO  Usando .bak de ultimo_bak.txt: 2026-5-18-T779354202C_2026-05-18_1779119650.bak
2026-05-18 11:54:28,237  INFO  Usando backup: 2026-5-18-T779354202C_2026-05-18_1779119650.bak
2026-05-18 11:54:28,237  INFO  Restaurando 2026-5-18-T779354202C_2026-05-18_1779119650.bak como 'T779354202A'...
2026-05-18 11:54:28,239  INFO  Copiando .bak a C:\Program Files\Microsoft SQL Server\MSSQL17.SQLEXPRESS\MSSQL\DATA\2026-5-18-T779354202C_2026-05-18_1779119650.bak...
2026-05-18 11:54:28,821  INFO  Ejecutando RESTORE DATABASE...
2026-05-18 11:55:13,242  INFO  ✅ BD 'T779354202A' restaurada correctamente.
2026-05-18 11:55:13,243  INFO  Conectando a 'T779354202A' para extraer reportes...
2026-05-18 11:55:13,312  INFO  Ejecutando: base_completo...
2026-05-18 11:55:16,036  INFO    └─ 8,504 filas extraídas.
2026-05-18 11:55:16,036  INFO  Ejecutando: Ordenes_de_Compra...
2026-05-18 11:55:16,125  INFO    └─ 157 filas extraídas.
2026-05-18 11:55:16,125  INFO  Ejecutando: Ordenes_de_produccion...
2026-05-18 11:55:16,354  INFO    └─ 3,023 filas extraídas.
2026-05-18 11:55:16,355  INFO  Ejecutando: Pendiente_a_facturar...
2026-05-18 11:55:16,442  INFO    └─ 124 filas extraídas.
2026-05-18 11:55:16,443  INFO  Ejecutando: Vales_de_Salida...
2026-05-18 11:55:16,978  INFO    └─ 11,204 filas extraídas.
2026-05-18 11:55:16,978  INFO  Ejecutando: Ventas_Full...
2026-05-18 11:55:17,289  INFO    └─ 1,532 filas extraídas.
2026-05-18 11:55:17,289  INFO  Ejecutando: WIP...
2026-05-18 11:55:17,417  INFO    └─ 21 filas extraídas.
2026-05-18 11:55:17,419  INFO  Exportando a Excel multipestaña: C:\Reportes\VentasFull\Reportes_Completos_2026-05-18.xlsx
2026-05-18 11:56:28,060  INFO  ✅ Excel generado: C:\Reportes\VentasFull\Reportes_Completos_2026-05-18.xlsx (3.3 MB)
2026-05-18 11:56:28,061  INFO  ✅ Proceso Completado → C:\Reportes\VentasFull\Reportes_Completos_2026-05-18.xlsx
2026-05-18 11:56:28,076  INFO  
2026-05-18 11:56:28,076  INFO  ━━━━━━━━━━━━━━━━━━━━━━━━━━━━━━━━━━━━━━━━━━━━━━━━━━━━━━━
2026-05-18 11:56:28,105  INFO    PASO 3/3 — Subir Excel a Google Drive
2026-05-18 11:56:28,106  INFO  ━━━━━━━━━━━━━━━━━━━━━━━━━━━━━━━━━━━━━━━━━━━━━━━━━━━━━━━
2026-05-18 11:56:31,110  INFO  =======================================================
2026-05-18 11:56:31,111  INFO    PASO 2 — Subir a Drive y actualizar Google Sheets
2026-05-18 11:56:31,111  INFO  =======================================================
2026-05-18 11:56:31,113  INFO  Procesando: Reportes_Completos_2026-05-18.xlsx (3.3 MB)
2026-05-18 11:56:31,200  INFO  file_cache is only supported with oauth2client<4.0.0
2026-05-18 11:56:31,211  INFO  file_cache is only supported with oauth2client<4.0.0
2026-05-18 11:56:32,598  INFO  Creando Excel nuevo en Drive...
2026-05-18 11:56:36,790  INFO  ✅ Excel subido a Drive: Reportes_Completos_Actualizado.xlsx
2026-05-18 11:56:36,790  INFO  Leyendo Excel para actualizar Google Sheets...
2026-05-18 11:56:36,842  INFO  Pestañas encontradas en Excel: ['base_completo', 'Ordenes_de_Compra', 'Ordenes_de_produccion', 'Pendiente_a_facturar', 'Vales_de_Salida', 'Ventas_Full', 'WIP']
2026-05-18 11:56:39,554  INFO  Actualizando Base Produccion → 'Orden de Produccion' (3,023 filas)...
2026-05-18 11:56:41,262  INFO    Limpiando hoja 'Orden de Produccion'...
2026-05-18 11:56:41,917  INFO    Escribiendo 3,023 filas en 'Orden de Produccion'...
2026-05-18 11:56:45,267  INFO    ✅ Hoja 'Orden de Produccion' actualizada.
2026-05-18 11:56:45,318  INFO  Actualizando Base Produccion → 'Por Facturar' (124 filas)...
2026-05-18 11:56:46,138  INFO    Limpiando hoja 'Por Facturar'...
2026-05-18 11:56:46,526  INFO    Escribiendo 124 filas en 'Por Facturar'...
2026-05-18 11:56:46,830  INFO    ✅ Hoja 'Por Facturar' actualizada.
2026-05-18 11:56:49,814  INFO  Actualizando Base Produccion → 'Vales de Salida' (11,204 filas)...
2026-05-18 11:56:50,475  INFO    Limpiando hoja 'Vales de Salida'...
2026-05-18 11:56:51,049  INFO    Escribiendo 11,204 filas en 'Vales de Salida'...
2026-05-18 11:56:58,040  INFO    ✅ Hoja 'Vales de Salida' actualizada.
2026-05-18 11:56:58,767  INFO  Actualizando Base Produccion → 'Ventas_Full' (1,532 filas)...
2026-05-18 11:56:59,786  INFO    Limpiando hoja 'Ventas_Full'...
2026-05-18 11:57:00,128  INFO    Escribiendo 1,532 filas en 'Ventas_Full'...
2026-05-18 11:57:02,517  INFO    ✅ Hoja 'Ventas_Full' actualizada.
2026-05-18 11:57:02,539  INFO  Actualizando Base Produccion → 'WIP' (21 filas)...
2026-05-18 11:57:03,198  INFO    Limpiando hoja 'WIP'...
2026-05-18 11:57:03,479  INFO    Escribiendo 21 filas en 'WIP'...
2026-05-18 11:57:03,766  INFO    ✅ Hoja 'WIP' actualizada.
2026-05-18 11:57:04,393  INFO  Actualizando Presupuestos → 'Ventas Full Manager' (1,532 filas)...
2026-05-18 11:57:05,260  INFO    Limpiando hoja 'Ventas Full Manager'...
2026-05-18 11:57:05,840  INFO    Escribiendo 1,532 filas en 'Ventas Full Manager'...
2026-05-18 11:57:08,986  INFO    ✅ Hoja 'Ventas Full Manager' actualizada.
2026-05-18 11:57:08,988  INFO  
2026-05-18 11:57:08,989  INFO  ✅ Todo actualizado:
2026-05-18 11:57:08,989  INFO     📁 Drive: Reportes_Completos_Actualizado.xlsx
2026-05-18 11:57:08,989  INFO     📊 Base Produccion: ['Orden de Produccion', 'Por Facturar', 'Vales de Salida', 'Ventas_Full', 'WIP']
2026-05-18 11:57:08,989  INFO     📊 Presupuestos: Ventas Full Manager
2026-05-18 11:57:08,991  INFO  
2026-05-18 11:57:08,992  INFO  ╔═════════════════════════════════════════════════════╗
2026-05-18 11:57:08,995  INFO  ║  ✅ PIPELINE COMPLETADO en 261s                      ║
2026-05-18 11:57:08,995  INFO  ║  📊 Excel en Drive: VentasFull_Actualizado.xlsx      ║
2026-05-18 11:57:08,995  INFO  ╚═════════════════════════════════════════════════════╝
2026-05-18 12:00:32,863  INFO  ╔═════════════════════════════════════════════════════╗
2026-05-18 12:00:32,864  INFO  ║   PIPELINE VENTAS FULL — Inicio: 2026-05-18 12:00   ║
2026-05-18 12:00:32,864  INFO  ╚═════════════════════════════════════════════════════╝
2026-05-18 12:00:32,864  INFO  
2026-05-18 12:00:32,864  INFO  ━━━━━━━━━━━━━━━━━━━━━━━━━━━━━━━━━━━━━━━━━━━━━━━━━━━━━━━
2026-05-18 12:00:32,864  INFO    PASO 1/3 — Descargar backup desde Manager
2026-05-18 12:00:32,864  INFO  ━━━━━━━━━━━━━━━━━━━━━━━━━━━━━━━━━━━━━━━━━━━━━━━━━━━━━━━
2026-05-18 12:00:33,361  INFO  =======================================================
2026-05-18 12:00:33,361  INFO    Iniciando descarga automática de backup Manager
2026-05-18 12:00:33,361  INFO  =======================================================
2026-05-18 12:00:33,362  INFO  ====== WebDriver manager ======
2026-05-18 12:00:36,689  INFO  Get LATEST chromedriver version for google-chrome
2026-05-18 12:00:37,053  INFO  Get LATEST chromedriver version for google-chrome
2026-05-18 12:00:37,394  INFO  Driver [C:\Users\atorr\.wdm\drivers\chromedriver\win64\148.0.7778.167\chromedriver-win32/chromedriver.exe] found in cache
2026-05-18 12:00:38,908  INFO  Abriendo login: https://prodkernel.manager.cl/index.html
2026-05-18 12:00:40,965  INFO  Inputs visibles: 3
2026-05-18 12:00:41,273  INFO  Login enviado...
2026-05-18 12:00:45,286  INFO  ✅ Login exitoso. session_id: 474bfb34...
2026-05-18 12:00:45,286  INFO  Navegando a: https://prodkernel.manager.cl/managerbackups.html?session_id=474bfb340df6c9843fb613ee313ee601&cd=prodkernel
2026-05-18 12:00:45,378  INFO  Recarga 1/10...
2026-05-18 12:00:49,468  INFO    filas .bak encontradas: 0
2026-05-18 12:00:49,468  INFO  Recarga 2/10...
2026-05-18 12:00:53,542  INFO    filas .bak encontradas: 3
2026-05-18 12:00:53,542  INFO  ✅ Tabla cargada en recarga 2.
2026-05-18 12:00:53,596  INFO    Ignorando: 2026-5-18-T779354202A.bak
2026-05-18 12:00:53,642  INFO    Ignorando: 2026-5-18-T779354202B.bak
2026-05-18 12:00:53,670  INFO  Backup seleccionado: 2026-5-18-T779354202C.bak (2026-05-18 10:07:44+00:00)
2026-05-18 12:00:53,687  INFO  HTML fila completa: <td class="bucket">mng-respaldos-poliuretano</td><td class="Key">2026-5-18-T779354202C.bak</td><td class="LastModified">2026-05-18 10:07:44+00:00</td><td class="Size">0.12 GB</td><td class="presigned_url" style="display: none;">https://mng-respaldos-poliuretano.s3.amazonaws.com/2026-5-18-T779354202C.bak?AWSAccessKeyId=AKIAZPIFFWJDVFW267ZG&amp;Signature=JuDBmZl2Wno86uWMJFrJAcSrOn4%3D&amp;Expires=1779120341</td><td><i onclick="downloadbackup($(this).parent().parent())" class="fas fa-download"></i>
2026-05-18 12:00:55,974  INFO  Descargando 2026-5-18-T779354202C.bak desde S3...
2026-05-18 12:01:02,572  INFO    10 MB / 124 MB (8%)
2026-05-18 12:01:08,984  INFO    21 MB / 124 MB (17%)
2026-05-18 12:01:15,426  INFO    31 MB / 124 MB (25%)
2026-05-18 12:01:20,989  INFO    42 MB / 124 MB (34%)
2026-05-18 12:01:26,053  INFO    52 MB / 124 MB (42%)
2026-05-18 12:01:31,839  INFO    63 MB / 124 MB (51%)
2026-05-18 12:01:38,811  INFO    73 MB / 124 MB (59%)
2026-05-18 12:01:45,087  INFO    84 MB / 124 MB (68%)
2026-05-18 12:01:50,598  INFO    94 MB / 124 MB (76%)
2026-05-18 12:01:56,220  INFO    105 MB / 124 MB (85%)
2026-05-18 12:02:01,338  INFO    115 MB / 124 MB (93%)
2026-05-18 12:02:05,065  INFO  ✅ Descarga completa: 2026-5-18-T779354202C.bak (123.7 MB)
2026-05-18 12:02:05,068  INFO  Backup guardado en: C:\Backups\Manager\2026-5-18-T779354202C_2026-05-18_1779120125.bak
2026-05-18 12:02:05,068  INFO  ✅ Éxito — backup guardado en: C:\Backups\Manager\2026-5-18-T779354202C_2026-05-18_1779120125.bak
2026-05-18 12:02:09,150  WARNING  Retrying (Retry(total=2, connect=None, read=None, redirect=None, status=None)) after connection broken by 'NewConnectionError("HTTPConnection(host='localhost', port=60793): Failed to establish a new connection: [WinError 10061] No se puede establecer una conexión ya que el equipo de destino denegó expresamente dicha conexión")': /session/9dfa093e3583169f148bbee78b931f2c
2026-05-18 12:02:13,231  WARNING  Retrying (Retry(total=1, connect=None, read=None, redirect=None, status=None)) after connection broken by 'NewConnectionError("HTTPConnection(host='localhost', port=60793): Failed to establish a new connection: [WinError 10061] No se puede establecer una conexión ya que el equipo de destino denegó expresamente dicha conexión")': /session/9dfa093e3583169f148bbee78b931f2c
2026-05-18 12:02:17,313  WARNING  Retrying (Retry(total=0, connect=None, read=None, redirect=None, status=None)) after connection broken by 'NewConnectionError("HTTPConnection(host='localhost', port=60793): Failed to establish a new connection: [WinError 10061] No se puede establecer una conexión ya que el equipo de destino denegó expresamente dicha conexión")': /session/9dfa093e3583169f148bbee78b931f2c
2026-05-18 12:02:21,409  INFO  
2026-05-18 12:02:21,410  INFO  ━━━━━━━━━━━━━━━━━━━━━━━━━━━━━━━━━━━━━━━━━━━━━━━━━━━━━━━
2026-05-18 12:02:21,410  INFO    PASO 2/3 — Restaurar BD y extraer Ventas Full
2026-05-18 12:02:21,410  INFO  ━━━━━━━━━━━━━━━━━━━━━━━━━━━━━━━━━━━━━━━━━━━━━━━━━━━━━━━
2026-05-18 12:02:22,263  INFO  ============================================================
2026-05-18 12:02:22,263  INFO    PASO 1 — Restaurar BD y extraer Múltiples Reportes
2026-05-18 12:02:22,263  INFO  ============================================================
2026-05-18 12:02:22,280  INFO  Usando .bak de ultimo_bak.txt: 2026-5-18-T779354202C_2026-05-18_1779120125.bak
2026-05-18 12:02:22,281  INFO  Usando backup: 2026-5-18-T779354202C_2026-05-18_1779120125.bak
2026-05-18 12:02:22,281  INFO  Restaurando 2026-5-18-T779354202C_2026-05-18_1779120125.bak como 'T779354202A'...
2026-05-18 12:02:22,282  INFO  Copiando .bak a C:\Program Files\Microsoft SQL Server\MSSQL17.SQLEXPRESS\MSSQL\DATA\2026-5-18-T779354202C_2026-05-18_1779120125.bak...
2026-05-18 12:02:24,519  INFO  Ejecutando RESTORE DATABASE...
2026-05-18 12:03:12,871  INFO  ✅ BD 'T779354202A' restaurada correctamente.
2026-05-18 12:03:12,871  INFO  Conectando a 'T779354202A' para extraer reportes...
2026-05-18 12:03:12,914  INFO  Ejecutando: base_completo...
2026-05-18 12:03:16,748  INFO    └─ 8,504 filas extraídas.
2026-05-18 12:03:16,749  INFO  Ejecutando: Ordenes_de_Compra...
2026-05-18 12:03:16,782  ERROR    └─ Error ejecutando Ordenes_de_Compra: ('42000', '[42000] [Microsoft][ODBC Driver 17 for SQL Server][SQL Server]ORDER BY items must appear in the select list if SELECT DISTINCT is specified. (145) (SQLExecDirectW)')
2026-05-18 12:03:16,783  INFO  Ejecutando: Ordenes_de_produccion...
2026-05-18 12:03:16,953  INFO    └─ 3,023 filas extraídas.
2026-05-18 12:03:16,953  INFO  Ejecutando: Pendiente_a_facturar...
2026-05-18 12:03:16,975  ERROR    └─ Error ejecutando Pendiente_a_facturar: ('42000', '[42000] [Microsoft][ODBC Driver 17 for SQL Server][SQL Server]ORDER BY items must appear in the select list if SELECT DISTINCT is specified. (145) (SQLExecDirectW)')
2026-05-18 12:03:16,975  INFO  Ejecutando: Vales_de_Salida...
2026-05-18 12:03:16,999  ERROR    └─ Error ejecutando Vales_de_Salida: ('42000', '[42000] [Microsoft][ODBC Driver 17 for SQL Server][SQL Server]ORDER BY items must appear in the select list if SELECT DISTINCT is specified. (145) (SQLExecDirectW)')
2026-05-18 12:03:16,999  INFO  Ejecutando: Ventas_Full...
2026-05-18 12:03:17,662  INFO    └─ 1,531 filas extraídas.
2026-05-18 12:03:17,662  INFO  Ejecutando: WIP...
2026-05-18 12:03:17,849  INFO    └─ 21 filas extraídas.
2026-05-18 12:03:17,851  INFO  Exportando a Excel multipestaña: C:\Reportes\VentasFull\Reportes_Completos_2026-05-18.xlsx
2026-05-18 12:03:52,895  INFO  ✅ Excel generado: C:\Reportes\VentasFull\Reportes_Completos_2026-05-18.xlsx (2.2 MB)
2026-05-18 12:03:52,896  INFO  ✅ Proceso Completado → C:\Reportes\VentasFull\Reportes_Completos_2026-05-18.xlsx
2026-05-18 12:03:52,905  INFO  
2026-05-18 12:03:52,906  INFO  ━━━━━━━━━━━━━━━━━━━━━━━━━━━━━━━━━━━━━━━━━━━━━━━━━━━━━━━
2026-05-18 12:03:52,906  INFO    PASO 3/3 — Subir Excel a Google Drive
2026-05-18 12:03:52,906  INFO  ━━━━━━━━━━━━━━━━━━━━━━━━━━━━━━━━━━━━━━━━━━━━━━━━━━━━━━━
2026-05-18 12:03:54,054  INFO  =======================================================
2026-05-18 12:03:54,054  INFO    PASO 2 — Subir a Drive y actualizar Google Sheets
2026-05-18 12:03:54,054  INFO  =======================================================
2026-05-18 12:03:54,057  INFO  Procesando: Reportes_Completos_2026-05-18.xlsx (2.2 MB)
2026-05-18 12:03:54,119  INFO  file_cache is only supported with oauth2client<4.0.0
2026-05-18 12:03:54,124  INFO  file_cache is only supported with oauth2client<4.0.0
2026-05-18 12:03:55,174  INFO  Creando Excel nuevo en Drive...
2026-05-18 12:03:57,875  INFO  ✅ Excel subido a Drive: Reportes_Completos_Actualizado.xlsx
2026-05-18 12:03:57,876  INFO  Leyendo Excel para actualizar Google Sheets...
2026-05-18 12:03:57,886  INFO  Pestañas encontradas en Excel: ['base_completo', 'Ordenes_de_produccion', 'Ventas_Full', 'WIP']
2026-05-18 12:03:58,741  INFO  Actualizando Base Produccion → 'Orden de Produccion' (3,023 filas)...
2026-05-18 12:04:00,043  INFO    Limpiando hoja 'Orden de Produccion'...
2026-05-18 12:04:00,611  INFO    Escribiendo 3,023 filas en 'Orden de Produccion'...
2026-05-18 12:04:00,612  ERROR  
2026-05-18 12:04:00,613  ERROR  ╔═════════════════════════════════════════════════════╗
2026-05-18 12:04:00,613  ERROR  ║  ❌ PIPELINE FALLÓ                                   ║
2026-05-18 12:04:00,613  ERROR  ║  Error: Object of type Timestamp is not JSON seriali║
2026-05-18 12:04:00,614  ERROR  ╚═════════════════════════════════════════════════════╝
2026-05-18 12:04:00,802  ERROR  Traceback (most recent call last):
  File "c:\Scripts\BackupManager\00_pipeline_completo.py", line 56, in main
    subir()
    ~~~~~^^
  File "c:\Scripts\BackupManager\subir_a_drive.py", line 207, in main
    actualizar_sheets(gc, ruta_excel)
    ~~~~~~~~~~~~~~~~~^^^^^^^^^^^^^^^^
  File "c:\Scripts\BackupManager\subir_a_drive.py", line 171, in actualizar_sheets
    limpiar_y_escribir_hoja(gc, ID_BASE_PRODUCCION, nombre_hoja_sheets, df)
    ~~~~~~~~~~~~~~~~~~~~~~~^^^^^^^^^^^^^^^^^^^^^^^^^^^^^^^^^^^^^^^^^^^^^^^^
  File "c:\Scripts\BackupManager\subir_a_drive.py", line 148, in limpiar_y_escribir_hoja
    ws.update(data, value_input_option="RAW")
    ~~~~~~~~~^^^^^^^^^^^^^^^^^^^^^^^^^^^^^^^^
  File "C:\Users\atorr\AppData\Local\Programs\Python\Python314\Lib\site-packages\gspread\worksheet.py", line 1246, in update
    response = self.client.values_update(
        self.spreadsheet_id,
    ...<2 lines>...
        body={"values": values, "majorDimension": major_dimension},
    )
  File "C:\Users\atorr\AppData\Local\Programs\Python\Python314\Lib\site-packages\gspread\http_client.py", line 173, in values_update
    r = self.request("put", url, params=params, json=body)
  File "C:\Users\atorr\AppData\Local\Programs\Python\Python314\Lib\site-packages\gspread\http_client.py", line 114, in request
    response = self.session.request(
        method=method,
    ...<6 lines>...
        timeout=self.timeout,
    )
  File "C:\Users\atorr\AppData\Local\Programs\Python\Python314\Lib\site-packages\google\auth\transport\requests.py", line 543, in request
    response = super(AuthorizedSession, self).request(
        method,
    ...<4 lines>...
        **kwargs
    )
  File "C:\Users\atorr\AppData\Local\Programs\Python\Python314\Lib\site-packages\requests\sessions.py", line 575, in request
    prep = self.prepare_request(req)
  File "C:\Users\atorr\AppData\Local\Programs\Python\Python314\Lib\site-packages\requests\sessions.py", line 484, in prepare_request
    p.prepare(
    ~~~~~~~~~^
        method=request.method.upper(),
        ^^^^^^^^^^^^^^^^^^^^^^^^^^^^^^
    ...<10 lines>...
        hooks=merge_hooks(request.hooks, self.hooks),
        ^^^^^^^^^^^^^^^^^^^^^^^^^^^^^^^^^^^^^^^^^^^^^
    )
    ^
  File "C:\Users\atorr\AppData\Local\Programs\Python\Python314\Lib\site-packages\requests\models.py", line 370, in prepare
    self.prepare_body(data, files, json)
    ~~~~~~~~~~~~~~~~~^^^^^^^^^^^^^^^^^^^
  File "C:\Users\atorr\AppData\Local\Programs\Python\Python314\Lib\site-packages\requests\models.py", line 510, in prepare_body
    body = complexjson.dumps(json, allow_nan=False)
  File "C:\Users\atorr\AppData\Local\Programs\Python\Python314\Lib\json\__init__.py", line 242, in dumps
    **kw).encode(obj)
          ~~~~~~^^^^^
  File "C:\Users\atorr\AppData\Local\Programs\Python\Python314\Lib\json\encoder.py", line 202, in encode
    chunks = self.iterencode(o, _one_shot=True)
  File "C:\Users\atorr\AppData\Local\Programs\Python\Python314\Lib\json\encoder.py", line 263, in iterencode
    return _iterencode(o, 0)
  File "C:\Users\atorr\AppData\Local\Programs\Python\Python314\Lib\json\encoder.py", line 182, in default
    raise TypeError(f'Object of type {o.__class__.__name__} '
                    f'is not JSON serializable')
TypeError: Object of type Timestamp is not JSON serializable
when serializing list item 2
when serializing list item 1
when serializing dict item 'values'

2026-05-18 12:04:17,571  INFO  ╔═════════════════════════════════════════════════════╗
2026-05-18 12:04:17,572  INFO  ║   PIPELINE VENTAS FULL — Inicio: 2026-05-18 12:04   ║
2026-05-18 12:04:17,572  INFO  ╚═════════════════════════════════════════════════════╝
2026-05-18 12:04:17,572  INFO  
2026-05-18 12:04:17,572  INFO  ━━━━━━━━━━━━━━━━━━━━━━━━━━━━━━━━━━━━━━━━━━━━━━━━━━━━━━━
2026-05-18 12:04:17,572  INFO    PASO 1/3 — Descargar backup desde Manager
2026-05-18 12:04:17,572  INFO  ━━━━━━━━━━━━━━━━━━━━━━━━━━━━━━━━━━━━━━━━━━━━━━━━━━━━━━━
2026-05-18 12:04:18,041  INFO  =======================================================
2026-05-18 12:04:18,042  INFO    Iniciando descarga automática de backup Manager
2026-05-18 12:04:18,042  INFO  =======================================================
2026-05-18 12:04:18,043  INFO  ====== WebDriver manager ======
2026-05-18 12:04:22,220  INFO  Get LATEST chromedriver version for google-chrome
2026-05-18 12:04:22,584  INFO  Get LATEST chromedriver version for google-chrome
2026-05-18 12:04:22,965  INFO  Driver [C:\Users\atorr\.wdm\drivers\chromedriver\win64\148.0.7778.167\chromedriver-win32/chromedriver.exe] found in cache
2026-05-18 12:04:24,182  INFO  Abriendo login: https://prodkernel.manager.cl/index.html
2026-05-18 12:04:26,214  INFO  Inputs visibles: 3
2026-05-18 12:04:26,524  INFO  Login enviado...
2026-05-18 12:04:30,537  INFO  ✅ Login exitoso. session_id: 92d913e6...
2026-05-18 12:04:30,537  INFO  Navegando a: https://prodkernel.manager.cl/managerbackups.html?session_id=92d913e686449d959e974bbac918d06c&cd=prodkernel
2026-05-18 12:04:30,691  INFO  Recarga 1/10...
2026-05-18 12:04:34,796  INFO    filas .bak encontradas: 0
2026-05-18 12:04:34,796  INFO  Recarga 2/10...
2026-05-18 12:04:39,293  INFO    filas .bak encontradas: 0
2026-05-18 12:04:39,293  INFO  Recarga 3/10...
2026-05-18 12:04:43,661  INFO    filas .bak encontradas: 3
2026-05-18 12:04:43,662  INFO  ✅ Tabla cargada en recarga 3.
2026-05-18 12:04:43,695  INFO    Ignorando: 2026-5-18-T779354202A.bak
2026-05-18 12:04:43,738  INFO    Ignorando: 2026-5-18-T779354202B.bak
2026-05-18 12:04:43,765  INFO  Backup seleccionado: 2026-5-18-T779354202C.bak (2026-05-18 10:07:44+00:00)
2026-05-18 12:04:43,776  INFO  HTML fila completa: <td class="bucket">mng-respaldos-poliuretano</td><td class="Key">2026-5-18-T779354202C.bak</td><td class="LastModified">2026-05-18 10:07:44+00:00</td><td class="Size">0.12 GB</td><td class="presigned_url" style="display: none;">https://mng-respaldos-poliuretano.s3.amazonaws.com/2026-5-18-T779354202C.bak?AWSAccessKeyId=AKIAZPIFFWJDVFW267ZG&amp;Signature=2jK%2FlhIQ3FpD%2BWifFgs3fq9Z2vU%3D&amp;Expires=1779120571</td><td><i onclick="downloadbackup($(this).parent().parent())" class="fas fa-download">
2026-05-18 12:04:46,043  INFO  Descargando 2026-5-18-T779354202C.bak desde S3...
2026-05-18 12:04:54,747  INFO    10 MB / 124 MB (8%)
2026-05-18 12:04:59,844  INFO    21 MB / 124 MB (17%)
2026-05-18 12:05:03,484  INFO    31 MB / 124 MB (25%)
2026-05-18 12:05:08,076  INFO    42 MB / 124 MB (34%)
2026-05-18 12:05:12,629  INFO    52 MB / 124 MB (42%)
2026-05-18 12:05:16,738  INFO    63 MB / 124 MB (51%)
2026-05-18 12:05:19,904  INFO    73 MB / 124 MB (59%)
2026-05-18 12:05:26,225  INFO    84 MB / 124 MB (68%)
2026-05-18 12:05:39,908  INFO    94 MB / 124 MB (76%)
2026-05-18 12:05:54,862  INFO    105 MB / 124 MB (85%)
2026-05-18 12:06:05,268  INFO    115 MB / 124 MB (93%)
2026-05-18 12:06:10,451  INFO  ✅ Descarga completa: 2026-5-18-T779354202C.bak (123.7 MB)
2026-05-18 12:06:10,455  INFO  Backup guardado en: C:\Backups\Manager\2026-5-18-T779354202C_2026-05-18_1779120370.bak
2026-05-18 12:06:10,455  INFO  ✅ Éxito — backup guardado en: C:\Backups\Manager\2026-5-18-T779354202C_2026-05-18_1779120370.bak
2026-05-18 12:06:14,531  WARNING  Retrying (Retry(total=2, connect=None, read=None, redirect=None, status=None)) after connection broken by 'NewConnectionError("HTTPConnection(host='localhost', port=54071): Failed to establish a new connection: [WinError 10061] No se puede establecer una conexión ya que el equipo de destino denegó expresamente dicha conexión")': /session/46cad5d8bb4b327b505aee99817a79f2
2026-05-18 12:06:18,608  WARNING  Retrying (Retry(total=1, connect=None, read=None, redirect=None, status=None)) after connection broken by 'NewConnectionError("HTTPConnection(host='localhost', port=54071): Failed to establish a new connection: [WinError 10061] No se puede establecer una conexión ya que el equipo de destino denegó expresamente dicha conexión")': /session/46cad5d8bb4b327b505aee99817a79f2
2026-05-18 12:06:22,710  WARNING  Retrying (Retry(total=0, connect=None, read=None, redirect=None, status=None)) after connection broken by 'NewConnectionError("HTTPConnection(host='localhost', port=54071): Failed to establish a new connection: [WinError 10061] No se puede establecer una conexión ya que el equipo de destino denegó expresamente dicha conexión")': /session/46cad5d8bb4b327b505aee99817a79f2
2026-05-18 12:06:26,801  INFO  
2026-05-18 12:06:26,802  INFO  ━━━━━━━━━━━━━━━━━━━━━━━━━━━━━━━━━━━━━━━━━━━━━━━━━━━━━━━
2026-05-18 12:06:26,802  INFO    PASO 2/3 — Restaurar BD y extraer Ventas Full
2026-05-18 12:06:26,802  INFO  ━━━━━━━━━━━━━━━━━━━━━━━━━━━━━━━━━━━━━━━━━━━━━━━━━━━━━━━
2026-05-18 12:06:27,670  INFO  ============================================================
2026-05-18 12:06:27,670  INFO    PASO 1 — Restaurar BD y extraer Múltiples Reportes
2026-05-18 12:06:27,670  INFO  ============================================================
2026-05-18 12:06:27,683  INFO  Usando .bak de ultimo_bak.txt: 2026-5-18-T779354202C_2026-05-18_1779120370.bak
2026-05-18 12:06:27,683  INFO  Usando backup: 2026-5-18-T779354202C_2026-05-18_1779120370.bak
2026-05-18 12:06:27,684  INFO  Restaurando 2026-5-18-T779354202C_2026-05-18_1779120370.bak como 'T779354202A'...
2026-05-18 12:06:27,684  INFO  Copiando .bak a C:\Program Files\Microsoft SQL Server\MSSQL17.SQLEXPRESS\MSSQL\DATA\2026-5-18-T779354202C_2026-05-18_1779120370.bak...
2026-05-18 12:06:28,080  INFO  Ejecutando RESTORE DATABASE...
2026-05-18 12:07:12,303  INFO  ✅ BD 'T779354202A' restaurada correctamente.
2026-05-18 12:07:12,304  INFO  Conectando a 'T779354202A' para extraer reportes...
2026-05-18 12:07:12,351  INFO  Ejecutando: base_completo...
2026-05-18 12:07:13,660  INFO    └─ 8,504 filas extraídas.
2026-05-18 12:07:13,661  INFO  Ejecutando: Ordenes_de_Compra...
2026-05-18 12:07:13,665  ERROR    └─ Error ejecutando Ordenes_de_Compra: ('42000', '[42000] [Microsoft][ODBC Driver 17 for SQL Server][SQL Server]ORDER BY items must appear in the select list if SELECT DISTINCT is specified. (145) (SQLExecDirectW)')
2026-05-18 12:07:13,665  INFO  Ejecutando: Ordenes_de_produccion...
2026-05-18 12:07:13,824  INFO    └─ 3,023 filas extraídas.
2026-05-18 12:07:13,824  INFO  Ejecutando: Pendiente_a_facturar...
2026-05-18 12:07:13,828  ERROR    └─ Error ejecutando Pendiente_a_facturar: ('42000', '[42000] [Microsoft][ODBC Driver 17 for SQL Server][SQL Server]ORDER BY items must appear in the select list if SELECT DISTINCT is specified. (145) (SQLExecDirectW)')
2026-05-18 12:07:13,829  INFO  Ejecutando: Vales_de_Salida...
2026-05-18 12:07:13,840  ERROR    └─ Error ejecutando Vales_de_Salida: ('42000', '[42000] [Microsoft][ODBC Driver 17 for SQL Server][SQL Server]ORDER BY items must appear in the select list if SELECT DISTINCT is specified. (145) (SQLExecDirectW)')
2026-05-18 12:07:13,840  INFO  Ejecutando: Ventas_Full...
2026-05-18 12:07:14,444  INFO    └─ 1,531 filas extraídas.
2026-05-18 12:07:14,445  INFO  Ejecutando: WIP...
2026-05-18 12:07:14,567  INFO    └─ 21 filas extraídas.
2026-05-18 12:07:14,568  INFO  Exportando a Excel multipestaña: C:\Reportes\VentasFull\Reportes_Completos_2026-05-18.xlsx
2026-05-18 12:07:48,490  INFO  ✅ Excel generado: C:\Reportes\VentasFull\Reportes_Completos_2026-05-18.xlsx (2.2 MB)
2026-05-18 12:07:48,492  INFO  ✅ Proceso Completado → C:\Reportes\VentasFull\Reportes_Completos_2026-05-18.xlsx
2026-05-18 12:07:48,500  INFO  
2026-05-18 12:07:48,500  INFO  ━━━━━━━━━━━━━━━━━━━━━━━━━━━━━━━━━━━━━━━━━━━━━━━━━━━━━━━
2026-05-18 12:07:48,500  INFO    PASO 3/3 — Subir Excel a Google Drive
2026-05-18 12:07:48,501  INFO  ━━━━━━━━━━━━━━━━━━━━━━━━━━━━━━━━━━━━━━━━━━━━━━━━━━━━━━━
2026-05-18 12:07:49,339  INFO  =======================================================
2026-05-18 12:07:49,340  INFO    PASO 2 — Subir a Drive y actualizar Google Sheets
2026-05-18 12:07:49,340  INFO  =======================================================
2026-05-18 12:07:49,345  INFO  Procesando: Reportes_Completos_2026-05-18.xlsx (2.2 MB)
2026-05-18 12:07:49,388  INFO  file_cache is only supported with oauth2client<4.0.0
2026-05-18 12:07:49,393  INFO  file_cache is only supported with oauth2client<4.0.0
2026-05-18 12:07:50,449  INFO  Creando Excel nuevo en Drive...
2026-05-18 12:07:54,646  INFO  ✅ Excel subido a Drive: Reportes_Completos_Actualizado.xlsx
2026-05-18 12:07:54,647  INFO  Leyendo Excel para actualizar Google Sheets...
2026-05-18 12:07:54,661  INFO  Pestañas encontradas en Excel: ['base_completo', 'Ordenes_de_produccion', 'Ventas_Full', 'WIP']
2026-05-18 12:07:55,415  INFO  Actualizando Base Produccion → 'Orden de Produccion' (3,023 filas)...
2026-05-18 12:07:56,666  INFO    Limpiando hoja 'Orden de Produccion'...
2026-05-18 12:07:57,254  INFO    Escribiendo 3,023 filas en 'Orden de Produccion'...
2026-05-18 12:07:57,255  ERROR  
2026-05-18 12:07:57,255  ERROR  ╔═════════════════════════════════════════════════════╗
2026-05-18 12:07:57,255  ERROR  ║  ❌ PIPELINE FALLÓ                                   ║
2026-05-18 12:07:57,255  ERROR  ║  Error: Object of type Timestamp is not JSON seriali║
2026-05-18 12:07:57,256  ERROR  ╚═════════════════════════════════════════════════════╝
2026-05-18 12:07:57,263  ERROR  Traceback (most recent call last):
  File "c:\Scripts\BackupManager\00_pipeline_completo.py", line 56, in main
    subir()
    ~~~~~^^
  File "c:\Scripts\BackupManager\subir_a_drive.py", line 207, in main
    actualizar_sheets(gc, ruta_excel)
    ~~~~~~~~~~~~~~~~~^^^^^^^^^^^^^^^^
  File "c:\Scripts\BackupManager\subir_a_drive.py", line 171, in actualizar_sheets
    limpiar_y_escribir_hoja(gc, ID_BASE_PRODUCCION, nombre_hoja_sheets, df)
    ~~~~~~~~~~~~~~~~~~~~~~~^^^^^^^^^^^^^^^^^^^^^^^^^^^^^^^^^^^^^^^^^^^^^^^^
  File "c:\Scripts\BackupManager\subir_a_drive.py", line 148, in limpiar_y_escribir_hoja
    ws.update(data, value_input_option="RAW")
    ~~~~~~~~~^^^^^^^^^^^^^^^^^^^^^^^^^^^^^^^^
  File "C:\Users\atorr\AppData\Local\Programs\Python\Python314\Lib\site-packages\gspread\worksheet.py", line 1246, in update
    response = self.client.values_update(
        self.spreadsheet_id,
    ...<2 lines>...
        body={"values": values, "majorDimension": major_dimension},
    )
  File "C:\Users\atorr\AppData\Local\Programs\Python\Python314\Lib\site-packages\gspread\http_client.py", line 173, in values_update
    r = self.request("put", url, params=params, json=body)
  File "C:\Users\atorr\AppData\Local\Programs\Python\Python314\Lib\site-packages\gspread\http_client.py", line 114, in request
    response = self.session.request(
        method=method,
    ...<6 lines>...
        timeout=self.timeout,
    )
  File "C:\Users\atorr\AppData\Local\Programs\Python\Python314\Lib\site-packages\google\auth\transport\requests.py", line 543, in request
    response = super(AuthorizedSession, self).request(
        method,
    ...<4 lines>...
        **kwargs
    )
  File "C:\Users\atorr\AppData\Local\Programs\Python\Python314\Lib\site-packages\requests\sessions.py", line 575, in request
    prep = self.prepare_request(req)
  File "C:\Users\atorr\AppData\Local\Programs\Python\Python314\Lib\site-packages\requests\sessions.py", line 484, in prepare_request
    p.prepare(
    ~~~~~~~~~^
        method=request.method.upper(),
        ^^^^^^^^^^^^^^^^^^^^^^^^^^^^^^
    ...<10 lines>...
        hooks=merge_hooks(request.hooks, self.hooks),
        ^^^^^^^^^^^^^^^^^^^^^^^^^^^^^^^^^^^^^^^^^^^^^
    )
    ^
  File "C:\Users\atorr\AppData\Local\Programs\Python\Python314\Lib\site-packages\requests\models.py", line 370, in prepare
    self.prepare_body(data, files, json)
    ~~~~~~~~~~~~~~~~~^^^^^^^^^^^^^^^^^^^
  File "C:\Users\atorr\AppData\Local\Programs\Python\Python314\Lib\site-packages\requests\models.py", line 510, in prepare_body
    body = complexjson.dumps(json, allow_nan=False)
  File "C:\Users\atorr\AppData\Local\Programs\Python\Python314\Lib\json\__init__.py", line 242, in dumps
    **kw).encode(obj)
          ~~~~~~^^^^^
  File "C:\Users\atorr\AppData\Local\Programs\Python\Python314\Lib\json\encoder.py", line 202, in encode
    chunks = self.iterencode(o, _one_shot=True)
  File "C:\Users\atorr\AppData\Local\Programs\Python\Python314\Lib\json\encoder.py", line 263, in iterencode
    return _iterencode(o, 0)
  File "C:\Users\atorr\AppData\Local\Programs\Python\Python314\Lib\json\encoder.py", line 182, in default
    raise TypeError(f'Object of type {o.__class__.__name__} '
                    f'is not JSON serializable')
TypeError: Object of type Timestamp is not JSON serializable
when serializing list item 2
when serializing list item 1
when serializing dict item 'values'

2026-05-19 08:12:10,913  INFO  ╔═════════════════════════════════════════════════════╗
2026-05-19 08:12:10,915  INFO  ║   PIPELINE VENTAS FULL — Inicio: 2026-05-19 08:12   ║
2026-05-19 08:12:10,915  INFO  ╚═════════════════════════════════════════════════════╝
2026-05-19 08:12:10,915  INFO  
2026-05-19 08:12:10,916  INFO  ━━━━━━━━━━━━━━━━━━━━━━━━━━━━━━━━━━━━━━━━━━━━━━━━━━━━━━━
2026-05-19 08:12:10,916  INFO    PASO 1/3 — Descargar backup desde Manager
2026-05-19 08:12:10,916  INFO  ━━━━━━━━━━━━━━━━━━━━━━━━━━━━━━━━━━━━━━━━━━━━━━━━━━━━━━━
2026-05-19 08:12:12,078  INFO  =======================================================
2026-05-19 08:12:12,079  INFO    Iniciando descarga automática de backup Manager
2026-05-19 08:12:12,079  INFO  =======================================================
2026-05-19 08:12:12,081  INFO  ====== WebDriver manager ======
2026-05-19 08:12:16,367  INFO  Get LATEST chromedriver version for google-chrome
2026-05-19 08:14:08,239  INFO  ╔═════════════════════════════════════════════════════╗
2026-05-19 08:14:08,240  INFO  ║   PIPELINE VENTAS FULL — Inicio: 2026-05-19 08:14   ║
2026-05-19 08:14:08,240  INFO  ╚═════════════════════════════════════════════════════╝
2026-05-19 08:14:08,240  INFO  
2026-05-19 08:14:08,240  INFO  ━━━━━━━━━━━━━━━━━━━━━━━━━━━━━━━━━━━━━━━━━━━━━━━━━━━━━━━
2026-05-19 08:14:08,240  INFO    PASO 1/3 — Descargar backup desde Manager
2026-05-19 08:14:08,241  INFO  ━━━━━━━━━━━━━━━━━━━━━━━━━━━━━━━━━━━━━━━━━━━━━━━━━━━━━━━
2026-05-19 08:14:09,037  INFO  =======================================================
2026-05-19 08:14:09,038  INFO    Iniciando descarga automática de backup Manager
2026-05-19 08:14:09,038  INFO  =======================================================
2026-05-19 08:14:09,040  INFO  ====== WebDriver manager ======
2026-05-19 08:14:14,042  INFO  Get LATEST chromedriver version for google-chrome
2026-05-19 08:14:15,017  INFO  Get LATEST chromedriver version for google-chrome
2026-05-19 08:14:15,624  INFO  Get LATEST chromedriver version for google-chrome
2026-05-19 08:14:17,485  INFO  WebDriver version 148.0.7778.167 selected
2026-05-19 08:14:17,498  INFO  Modern chrome version https://storage.googleapis.com/chrome-for-testing-public/148.0.7778.167/win32/chromedriver-win32.zip
2026-05-19 08:14:17,499  INFO  About to download new driver from https://storage.googleapis.com/chrome-for-testing-public/148.0.7778.167/win32/chromedriver-win32.zip
2026-05-19 08:14:18,340  INFO  Driver downloading response is 200
2026-05-19 08:14:23,118  INFO  Get LATEST chromedriver version for google-chrome
2026-05-19 08:14:24,333  INFO  Driver has been saved in cache [C:\Users\atorr\.wdm\drivers\chromedriver\win64\148.0.7778.167]
2026-05-19 08:14:28,859  INFO  Abriendo login: https://prodkernel.manager.cl/index.html
2026-05-19 08:14:31,418  INFO  Inputs visibles: 3
2026-05-19 08:14:31,791  INFO  Login enviado...
2026-05-19 08:14:35,808  INFO  ✅ Login exitoso. session_id: 2be1093b...
2026-05-19 08:14:35,809  INFO  Navegando a: https://prodkernel.manager.cl/managerbackups.html?session_id=2be1093b4d563335190f71626e743c8f&cd=prodkernel
2026-05-19 08:14:35,934  INFO  Recarga 1/10...
2026-05-19 08:14:40,042  INFO    filas .bak encontradas: 0
2026-05-19 08:14:40,042  INFO  Recarga 2/10...
2026-05-19 08:14:44,137  INFO    filas .bak encontradas: 3
2026-05-19 08:14:44,138  INFO  ✅ Tabla cargada en recarga 2.
2026-05-19 08:14:44,193  INFO    Ignorando: 2026-5-19-T779354202A.bak
2026-05-19 08:14:44,244  INFO    Ignorando: 2026-5-19-T779354202B.bak
2026-05-19 08:14:44,283  INFO  Backup seleccionado: 2026-5-19-T779354202C.bak (2026-05-19 10:11:34+00:00)
2026-05-19 08:14:44,294  INFO  HTML fila completa: <td class="bucket">mng-respaldos-poliuretano</td><td class="Key">2026-5-19-T779354202C.bak</td><td class="LastModified">2026-05-19 10:11:34+00:00</td><td class="Size">0.13 GB</td><td class="presigned_url" style="display: none;">https://mng-respaldos-poliuretano.s3.amazonaws.com/2026-5-19-T779354202C.bak?AWSAccessKeyId=AKIAZPIFFWJDVFW267ZG&amp;Signature=mUAaTCwbUuco3jUSWeMfHP1SUMo%3D&amp;Expires=1779193179</td><td><i onclick="downloadbackup($(this).parent().parent())" class="fas fa-download"></i>
2026-05-19 08:14:46,600  INFO  Descargando 2026-5-19-T779354202C.bak desde S3...
2026-05-19 08:14:53,697  INFO    10 MB / 129 MB (8%)
2026-05-19 08:14:57,435  INFO    21 MB / 129 MB (16%)
2026-05-19 08:15:02,696  INFO    31 MB / 129 MB (24%)
2026-05-19 08:15:08,838  INFO    42 MB / 129 MB (32%)
2026-05-19 08:15:14,503  INFO    52 MB / 129 MB (41%)
2026-05-19 08:15:19,782  INFO    63 MB / 129 MB (49%)
2026-05-19 08:15:24,572  INFO    73 MB / 129 MB (57%)
2026-05-19 08:15:28,940  INFO    84 MB / 129 MB (65%)
2026-05-19 08:15:35,144  INFO    94 MB / 129 MB (73%)
2026-05-19 08:15:41,952  INFO    105 MB / 129 MB (81%)
2026-05-19 08:15:49,092  INFO    115 MB / 129 MB (89%)
2026-05-19 08:15:56,660  INFO    126 MB / 129 MB (97%)
2026-05-19 08:15:59,370  INFO  ✅ Descarga completa: 2026-5-19-T779354202C.bak (129.2 MB)
2026-05-19 08:15:59,375  INFO  Backup guardado en: C:\Backups\Manager\2026-5-19-T779354202C_2026-05-19.bak
2026-05-19 08:15:59,375  INFO  ✅ Éxito — backup guardado en: C:\Backups\Manager\2026-5-19-T779354202C_2026-05-19.bak
2026-05-19 08:16:03,467  WARNING  Retrying (Retry(total=2, connect=None, read=None, redirect=None, status=None)) after connection broken by 'NewConnectionError("HTTPConnection(host='localhost', port=58416): Failed to establish a new connection: [WinError 10061] No se puede establecer una conexión ya que el equipo de destino denegó expresamente dicha conexión")': /session/e73eef11d84ea468b9f4f9389ffc4ade
2026-05-19 08:16:07,548  WARNING  Retrying (Retry(total=1, connect=None, read=None, redirect=None, status=None)) after connection broken by 'NewConnectionError("HTTPConnection(host='localhost', port=58416): Failed to establish a new connection: [WinError 10061] No se puede establecer una conexión ya que el equipo de destino denegó expresamente dicha conexión")': /session/e73eef11d84ea468b9f4f9389ffc4ade
2026-05-19 08:16:11,611  WARNING  Retrying (Retry(total=0, connect=None, read=None, redirect=None, status=None)) after connection broken by 'NewConnectionError("HTTPConnection(host='localhost', port=58416): Failed to establish a new connection: [WinError 10061] No se puede establecer una conexión ya que el equipo de destino denegó expresamente dicha conexión")': /session/e73eef11d84ea468b9f4f9389ffc4ade
2026-05-19 08:16:15,672  INFO  
2026-05-19 08:16:15,672  INFO  ━━━━━━━━━━━━━━━━━━━━━━━━━━━━━━━━━━━━━━━━━━━━━━━━━━━━━━━
2026-05-19 08:16:15,673  INFO    PASO 2/3 — Restaurar BD y extraer Ventas Full
2026-05-19 08:16:15,674  INFO  ━━━━━━━━━━━━━━━━━━━━━━━━━━━━━━━━━━━━━━━━━━━━━━━━━━━━━━━
2026-05-19 08:16:20,498  INFO  ============================================================
2026-05-19 08:16:20,498  INFO    PASO 1 — Restaurar BD y extraer Múltiples Reportes
2026-05-19 08:16:20,498  INFO  ============================================================
2026-05-19 08:16:20,508  INFO  Usando .bak de ultimo_bak.txt: 2026-5-19-T779354202C_2026-05-19.bak
2026-05-19 08:16:20,509  INFO  Usando backup: 2026-5-19-T779354202C_2026-05-19.bak
2026-05-19 08:16:20,509  INFO  Restaurando 2026-5-19-T779354202C_2026-05-19.bak como 'T779354202A'...
2026-05-19 08:16:20,510  INFO  Copiando .bak a C:\Program Files\Microsoft SQL Server\MSSQL17.SQLEXPRESS\MSSQL\DATA\2026-5-19-T779354202C_2026-05-19.bak...
2026-05-19 08:16:21,509  INFO  Ejecutando RESTORE DATABASE...
2026-05-19 08:17:06,547  INFO  ✅ BD 'T779354202A' restaurada correctamente.
2026-05-19 08:17:06,548  INFO  Conectando a 'T779354202A' para extraer reportes...
2026-05-19 08:17:06,608  INFO  Ejecutando: base_completo...
2026-05-19 08:17:08,434  INFO    └─ 8,557 filas extraídas.
2026-05-19 08:17:08,435  INFO  Ejecutando: Ordenes_de_Compra...
2026-05-19 08:17:08,455  ERROR    └─ Error ejecutando Ordenes_de_Compra: ('42000', '[42000] [Microsoft][ODBC Driver 17 for SQL Server][SQL Server]ORDER BY items must appear in the select list if SELECT DISTINCT is specified. (145) (SQLExecDirectW)')
2026-05-19 08:17:08,455  INFO  Ejecutando: Ordenes_de_produccion...
2026-05-19 08:17:08,627  INFO    └─ 3,040 filas extraídas.
2026-05-19 08:17:08,627  INFO  Ejecutando: Pendiente_a_facturar...
2026-05-19 08:17:08,641  ERROR    └─ Error ejecutando Pendiente_a_facturar: ('42000', '[42000] [Microsoft][ODBC Driver 17 for SQL Server][SQL Server]ORDER BY items must appear in the select list if SELECT DISTINCT is specified. (145) (SQLExecDirectW)')
2026-05-19 08:17:08,642  INFO  Ejecutando: Vales_de_Salida...
2026-05-19 08:17:08,665  ERROR    └─ Error ejecutando Vales_de_Salida: ('42000', '[42000] [Microsoft][ODBC Driver 17 for SQL Server][SQL Server]ORDER BY items must appear in the select list if SELECT DISTINCT is specified. (145) (SQLExecDirectW)')
2026-05-19 08:17:08,666  INFO  Ejecutando: Ventas_Full...
2026-05-19 08:17:09,305  INFO    └─ 1,559 filas extraídas.
2026-05-19 08:17:09,305  INFO  Ejecutando: WIP...
2026-05-19 08:17:09,478  INFO    └─ 25 filas extraídas.
2026-05-19 08:17:09,480  INFO  Exportando a Excel multipestaña: C:\Reportes\VentasFull\Reportes_Completos_2026-05-19.xlsx
2026-05-19 08:17:51,610  INFO  ✅ Excel generado: C:\Reportes\VentasFull\Reportes_Completos_2026-05-19.xlsx (2.2 MB)
2026-05-19 08:17:51,612  INFO  ✅ Proceso Completado → C:\Reportes\VentasFull\Reportes_Completos_2026-05-19.xlsx
2026-05-19 08:17:51,623  INFO  
2026-05-19 08:17:51,624  INFO  ━━━━━━━━━━━━━━━━━━━━━━━━━━━━━━━━━━━━━━━━━━━━━━━━━━━━━━━
2026-05-19 08:17:51,624  INFO    PASO 3/3 — Subir Excel a Google Drive
2026-05-19 08:17:51,624  INFO  ━━━━━━━━━━━━━━━━━━━━━━━━━━━━━━━━━━━━━━━━━━━━━━━━━━━━━━━
2026-05-19 08:17:55,399  INFO  =======================================================
2026-05-19 08:17:55,399  INFO    PASO 2 — Subir a Drive y actualizar Google Sheets
2026-05-19 08:17:55,399  INFO  =======================================================
2026-05-19 08:17:55,413  INFO  Procesando: Reportes_Completos_2026-05-19.xlsx (2.2 MB)
2026-05-19 08:17:55,525  INFO  file_cache is only supported with oauth2client<4.0.0
2026-05-19 08:17:55,550  INFO  file_cache is only supported with oauth2client<4.0.0
2026-05-19 08:17:56,744  INFO  Creando Excel nuevo en Drive...
2026-05-19 08:18:00,415  INFO  ✅ Excel subido a Drive: Reportes_Completos_Actualizado.xlsx
2026-05-19 08:18:00,415  INFO  Leyendo Excel para actualizar Google Sheets...
2026-05-19 08:18:00,427  INFO  Pestañas encontradas en Excel: ['base_completo', 'Ordenes_de_produccion', 'Ventas_Full', 'WIP']
2026-05-19 08:18:01,592  INFO  Actualizando Base Produccion → 'Orden de Produccion' (3,040 filas)...
2026-05-19 08:18:02,967  INFO    Limpiando hoja 'Orden de Produccion'...
2026-05-19 08:18:04,064  INFO    Escribiendo 3,040 filas en 'Orden de Produccion'...
2026-05-19 08:18:07,088  INFO    ✅ Hoja 'Orden de Produccion' actualizada.
2026-05-19 08:18:07,091  WARNING    Pestaña 'Pendiente_a_facturar' no encontrada en el Excel, saltando...
2026-05-19 08:18:07,092  WARNING    Pestaña 'Vales_de_Salida' no encontrada en el Excel, saltando...
2026-05-19 08:18:08,045  INFO  Actualizando Base Produccion → 'Ventas_Full' (1,559 filas)...
2026-05-19 08:18:08,869  INFO    Limpiando hoja 'Ventas_Full'...
2026-05-19 08:18:09,404  INFO    Escribiendo 1,559 filas en 'Ventas_Full'...
2026-05-19 08:18:11,679  INFO    ✅ Hoja 'Ventas_Full' actualizada.
2026-05-19 08:18:11,700  INFO  Actualizando Base Produccion → 'WIP' (25 filas)...
2026-05-19 08:18:12,239  INFO    Limpiando hoja 'WIP'...
2026-05-19 08:18:12,502  INFO    Escribiendo 25 filas en 'WIP'...
2026-05-19 08:18:12,868  INFO    ✅ Hoja 'WIP' actualizada.
2026-05-19 08:18:13,819  INFO  Actualizando Presupuestos → 'Ventas Full Manager' (1,559 filas)...
2026-05-19 08:18:14,756  INFO    Limpiando hoja 'Ventas Full Manager'...
2026-05-19 08:18:15,297  INFO    Escribiendo 1,559 filas en 'Ventas Full Manager'...
2026-05-19 08:18:18,337  INFO    ✅ Hoja 'Ventas Full Manager' actualizada.
2026-05-19 08:18:18,341  INFO  
2026-05-19 08:18:18,347  INFO  ✅ Todo actualizado:
2026-05-19 08:18:18,349  INFO     📁 Drive: Reportes_Completos_Actualizado.xlsx
2026-05-19 08:18:18,350  INFO     📊 Base Produccion: ['Orden de Produccion', 'Por Facturar', 'Vales de Salida', 'Ventas_Full', 'WIP']
2026-05-19 08:18:18,351  INFO     📊 Presupuestos: Ventas Full Manager
2026-05-19 08:18:18,355  INFO  
2026-05-19 08:18:18,356  INFO  ╔═════════════════════════════════════════════════════╗
2026-05-19 08:18:18,357  INFO  ║  ✅ PIPELINE COMPLETADO en 250s                      ║
2026-05-19 08:18:18,360  INFO  ║  📊 Excel en Drive: VentasFull_Actualizado.xlsx      ║
2026-05-19 08:18:18,361  INFO  ╚═════════════════════════════════════════════════════╝
2026-05-20 08:03:32,256  INFO  ╔═════════════════════════════════════════════════════╗
2026-05-20 08:03:32,258  INFO  ║   PIPELINE VENTAS FULL — Inicio: 2026-05-20 08:03   ║
2026-05-20 08:03:32,259  INFO  ╚═════════════════════════════════════════════════════╝
2026-05-20 08:03:32,260  INFO  
2026-05-20 08:03:32,260  INFO  ━━━━━━━━━━━━━━━━━━━━━━━━━━━━━━━━━━━━━━━━━━━━━━━━━━━━━━━
2026-05-20 08:03:32,260  INFO    PASO 1/3 — Descargar backup desde Manager
2026-05-20 08:03:32,260  INFO  ━━━━━━━━━━━━━━━━━━━━━━━━━━━━━━━━━━━━━━━━━━━━━━━━━━━━━━━
2026-05-20 08:03:34,574  INFO  =======================================================
2026-05-20 08:03:34,575  INFO    Iniciando descarga automática de backup Manager
2026-05-20 08:03:34,575  INFO  =======================================================
2026-05-20 08:03:34,579  INFO  ====== WebDriver manager ======
2026-05-20 08:03:37,804  INFO  Get LATEST chromedriver version for google-chrome
2026-05-20 08:03:38,891  INFO  Get LATEST chromedriver version for google-chrome
2026-05-20 08:03:39,655  INFO  There is no [win64] chromedriver "148.0.7778.178" for browser google-chrome "148.0.7778" in cache
2026-05-20 08:03:39,656  INFO  Get LATEST chromedriver version for google-chrome
2026-05-20 08:03:41,426  INFO  WebDriver version 148.0.7778.178 selected
2026-05-20 08:03:41,454  INFO  Modern chrome version https://storage.googleapis.com/chrome-for-testing-public/148.0.7778.178/win32/chromedriver-win32.zip
2026-05-20 08:03:41,454  INFO  About to download new driver from https://storage.googleapis.com/chrome-for-testing-public/148.0.7778.178/win32/chromedriver-win32.zip
2026-05-20 08:03:42,521  INFO  Driver downloading response is 200
2026-05-20 08:03:44,240  INFO  Get LATEST chromedriver version for google-chrome
2026-05-20 08:03:47,088  INFO  Driver has been saved in cache [C:\Users\atorr\.wdm\drivers\chromedriver\win64\148.0.7778.178]
2026-05-20 08:03:51,871  INFO  Abriendo login: https://prodkernel.manager.cl/index.html
2026-05-20 08:03:55,738  INFO  Inputs visibles: 3
2026-05-20 08:03:58,144  INFO  Login enviado...
2026-05-20 08:04:02,168  INFO  ✅ Login exitoso. session_id: db185cf0...
2026-05-20 08:04:02,168  INFO  Navegando a: https://prodkernel.manager.cl/managerbackups.html?session_id=db185cf0e0d7edb4fbb6dd477af905c9&cd=prodkernel
2026-05-20 08:04:02,319  INFO  Recarga 1/10...
2026-05-20 08:04:06,534  INFO    filas .bak encontradas: 0
2026-05-20 08:04:06,535  INFO  Recarga 2/10...
2026-05-20 08:04:11,082  INFO    filas .bak encontradas: 3
2026-05-20 08:04:11,082  INFO  ✅ Tabla cargada en recarga 2.
2026-05-20 08:04:11,168  INFO    Ignorando: 2026-5-20-T779354202A.bak
2026-05-20 08:04:11,221  INFO    Ignorando: 2026-5-20-T779354202B.bak
2026-05-20 08:04:11,279  INFO  Backup seleccionado: 2026-5-20-T779354202C.bak (2026-05-20 10:09:15+00:00)
2026-05-20 08:04:11,297  INFO  HTML fila completa: <td class="bucket">mng-respaldos-poliuretano</td><td class="Key">2026-5-20-T779354202C.bak</td><td class="LastModified">2026-05-20 10:09:15+00:00</td><td class="Size">0.13 GB</td><td class="presigned_url" style="display: none;">https://mng-respaldos-poliuretano.s3.amazonaws.com/2026-5-20-T779354202C.bak?AWSAccessKeyId=AKIAZPIFFWJDVFW267ZG&amp;Signature=ZHVztquFYGEqWNiev5LErEwiXE4%3D&amp;Expires=1779278945</td><td><i onclick="downloadbackup($(this).parent().parent())" class="fas fa-download"></i>
2026-05-20 08:04:50,951  INFO  Descargando 2026-5-20-T779354202C.bak desde S3...
2026-05-20 08:05:00,692  INFO    10 MB / 133 MB (8%)
2026-05-20 08:05:06,685  INFO    21 MB / 133 MB (16%)
2026-05-20 08:05:13,708  INFO    31 MB / 133 MB (24%)
2026-05-20 08:05:19,676  INFO    42 MB / 133 MB (32%)
2026-05-20 08:05:29,140  INFO    52 MB / 133 MB (40%)
2026-05-20 08:05:41,015  INFO    63 MB / 133 MB (47%)
2026-05-20 08:05:51,523  INFO    73 MB / 133 MB (55%)
2026-05-20 08:05:57,814  INFO    84 MB / 133 MB (63%)
2026-05-20 08:06:00,886  INFO    94 MB / 133 MB (71%)
2026-05-20 08:06:02,691  INFO    105 MB / 133 MB (79%)
2026-05-20 08:06:04,343  INFO    115 MB / 133 MB (87%)
2026-05-20 08:06:06,268  INFO    126 MB / 133 MB (95%)
2026-05-20 08:06:08,230  INFO  ✅ Descarga completa: 2026-5-20-T779354202C.bak (132.5 MB)
2026-05-20 08:06:08,298  INFO  Backup guardado en: C:\Backups\Manager\2026-5-20-T779354202C_2026-05-20.bak
2026-05-20 08:06:08,298  INFO  ✅ Éxito — backup guardado en: C:\Backups\Manager\2026-5-20-T779354202C_2026-05-20.bak
2026-05-20 08:06:12,552  WARNING  Retrying (Retry(total=2, connect=None, read=None, redirect=None, status=None)) after connection broken by 'NewConnectionError("HTTPConnection(host='localhost', port=62425): Failed to establish a new connection: [WinError 10061] No se puede establecer una conexión ya que el equipo de destino denegó expresamente dicha conexión")': /session/044c3e63766894e40b2e35486f2fc46d
2026-05-20 08:06:16,620  WARNING  Retrying (Retry(total=1, connect=None, read=None, redirect=None, status=None)) after connection broken by 'NewConnectionError("HTTPConnection(host='localhost', port=62425): Failed to establish a new connection: [WinError 10061] No se puede establecer una conexión ya que el equipo de destino denegó expresamente dicha conexión")': /session/044c3e63766894e40b2e35486f2fc46d
2026-05-20 08:06:20,685  WARNING  Retrying (Retry(total=0, connect=None, read=None, redirect=None, status=None)) after connection broken by 'NewConnectionError("HTTPConnection(host='localhost', port=62425): Failed to establish a new connection: [WinError 10061] No se puede establecer una conexión ya que el equipo de destino denegó expresamente dicha conexión")': /session/044c3e63766894e40b2e35486f2fc46d
2026-05-20 08:06:24,767  INFO  
2026-05-20 08:06:24,767  INFO  ━━━━━━━━━━━━━━━━━━━━━━━━━━━━━━━━━━━━━━━━━━━━━━━━━━━━━━━
2026-05-20 08:06:24,768  INFO    PASO 2/3 — Restaurar BD y extraer Ventas Full
2026-05-20 08:06:24,768  INFO  ━━━━━━━━━━━━━━━━━━━━━━━━━━━━━━━━━━━━━━━━━━━━━━━━━━━━━━━
2026-05-20 08:06:31,010  INFO  ============================================================
2026-05-20 08:06:31,010  INFO    PASO 1 — Restaurar BD y extraer Múltiples Reportes
2026-05-20 08:06:31,010  INFO  ============================================================
2026-05-20 08:06:31,021  INFO  Usando .bak de ultimo_bak.txt: 2026-5-20-T779354202C_2026-05-20.bak
2026-05-20 08:06:31,022  INFO  Usando backup: 2026-5-20-T779354202C_2026-05-20.bak
2026-05-20 08:06:31,022  INFO  Restaurando 2026-5-20-T779354202C_2026-05-20.bak como 'T779354202A'...
2026-05-20 08:06:31,022  INFO  Copiando .bak a C:\Program Files\Microsoft SQL Server\MSSQL17.SQLEXPRESS\MSSQL\DATA\2026-5-20-T779354202C_2026-05-20.bak...
2026-05-20 08:06:32,312  INFO  Ejecutando RESTORE DATABASE...
2026-05-20 08:07:30,993  INFO  ✅ BD 'T779354202A' restaurada correctamente.
2026-05-20 08:07:31,009  INFO  Conectando a 'T779354202A' para extraer reportes...
2026-05-20 08:07:31,119  INFO  Ejecutando: base_completo...
2026-05-20 08:07:34,125  INFO    └─ 8,584 filas extraídas.
2026-05-20 08:07:34,125  INFO  Ejecutando: Ordenes_de_Compra...
2026-05-20 08:07:34,135  ERROR    └─ Error ejecutando Ordenes_de_Compra: ('42000', '[42000] [Microsoft][ODBC Driver 17 for SQL Server][SQL Server]ORDER BY items must appear in the select list if SELECT DISTINCT is specified. (145) (SQLExecDirectW)')
2026-05-20 08:07:34,135  INFO  Ejecutando: Ordenes_de_produccion...
2026-05-20 08:07:34,343  INFO    └─ 3,074 filas extraídas.
2026-05-20 08:07:34,343  INFO  Ejecutando: Pendiente_a_facturar...
2026-05-20 08:07:34,361  ERROR    └─ Error ejecutando Pendiente_a_facturar: ('42000', '[42000] [Microsoft][ODBC Driver 17 for SQL Server][SQL Server]ORDER BY items must appear in the select list if SELECT DISTINCT is specified. (145) (SQLExecDirectW)')
2026-05-20 08:07:34,361  INFO  Ejecutando: Vales_de_Salida...
2026-05-20 08:07:34,392  ERROR    └─ Error ejecutando Vales_de_Salida: ('42000', '[42000] [Microsoft][ODBC Driver 17 for SQL Server][SQL Server]ORDER BY items must appear in the select list if SELECT DISTINCT is specified. (145) (SQLExecDirectW)')
2026-05-20 08:07:34,392  INFO  Ejecutando: Ventas_Full...
2026-05-20 08:07:35,246  INFO    └─ 1,575 filas extraídas.
2026-05-20 08:07:35,247  INFO  Ejecutando: WIP...
2026-05-20 08:07:35,444  INFO    └─ 24 filas extraídas.
2026-05-20 08:07:35,447  INFO  Exportando a Excel multipestaña: C:\Reportes\VentasFull\Reportes_Completos_2026-05-20.xlsx
2026-05-20 08:09:00,640  INFO  ✅ Excel generado: C:\Reportes\VentasFull\Reportes_Completos_2026-05-20.xlsx (2.2 MB)
2026-05-20 08:09:00,642  INFO  ✅ Proceso Completado → C:\Reportes\VentasFull\Reportes_Completos_2026-05-20.xlsx
2026-05-20 08:09:00,657  INFO  
2026-05-20 08:09:00,657  INFO  ━━━━━━━━━━━━━━━━━━━━━━━━━━━━━━━━━━━━━━━━━━━━━━━━━━━━━━━
2026-05-20 08:09:00,657  INFO    PASO 3/3 — Subir Excel a Google Drive
2026-05-20 08:09:00,657  INFO  ━━━━━━━━━━━━━━━━━━━━━━━━━━━━━━━━━━━━━━━━━━━━━━━━━━━━━━━
2026-05-20 08:09:08,732  INFO  =======================================================
2026-05-20 08:09:08,732  INFO    PASO 2 — Subir a Drive y actualizar Google Sheets
2026-05-20 08:09:08,732  INFO  =======================================================
2026-05-20 08:09:08,743  INFO  Procesando: Reportes_Completos_2026-05-20.xlsx (2.2 MB)
2026-05-20 08:09:08,869  INFO  file_cache is only supported with oauth2client<4.0.0
2026-05-20 08:09:08,902  INFO  file_cache is only supported with oauth2client<4.0.0
2026-05-20 08:09:11,131  INFO  Creando Excel nuevo en Drive...
2026-05-20 08:09:14,186  INFO  ✅ Excel subido a Drive: Reportes_Completos_Actualizado.xlsx
2026-05-20 08:09:14,186  INFO  Leyendo Excel para actualizar Google Sheets...
2026-05-20 08:09:14,349  INFO  Pestañas encontradas en Excel: ['base_completo', 'Ordenes_de_produccion', 'Ventas_Full', 'WIP']
2026-05-20 08:09:15,919  INFO  Actualizando Base Produccion → 'Orden de Produccion' (3,074 filas)...
2026-05-20 08:09:18,073  INFO    Limpiando hoja 'Orden de Produccion'...
2026-05-20 08:09:19,101  INFO    Escribiendo 3,074 filas en 'Orden de Produccion'...
2026-05-20 08:09:21,151  INFO    ✅ Hoja 'Orden de Produccion' actualizada.
2026-05-20 08:09:21,153  WARNING    Pestaña 'Pendiente_a_facturar' no encontrada en el Excel, saltando...
2026-05-20 08:09:21,154  WARNING    Pestaña 'Vales_de_Salida' no encontrada en el Excel, saltando...
2026-05-20 08:09:22,406  INFO  Actualizando Base Produccion → 'Ventas_Full' (1,575 filas)...
2026-05-20 08:09:22,855  INFO    Limpiando hoja 'Ventas_Full'...
2026-05-20 08:09:23,306  INFO    Escribiendo 1,575 filas en 'Ventas_Full'...
2026-05-20 08:09:24,796  INFO    ✅ Hoja 'Ventas_Full' actualizada.
2026-05-20 08:09:24,816  INFO  Actualizando Base Produccion → 'WIP' (24 filas)...
2026-05-20 08:09:25,255  INFO    Limpiando hoja 'WIP'...
2026-05-20 08:09:25,478  INFO    Escribiendo 24 filas en 'WIP'...
2026-05-20 08:09:25,845  INFO    ✅ Hoja 'WIP' actualizada.
2026-05-20 08:09:27,164  INFO  Actualizando Presupuestos → 'Ventas Full Manager' (1,575 filas)...
2026-05-20 08:09:27,931  INFO    Limpiando hoja 'Ventas Full Manager'...
2026-05-20 08:09:28,450  INFO    Escribiendo 1,575 filas en 'Ventas Full Manager'...
2026-05-20 08:09:30,176  INFO    ✅ Hoja 'Ventas Full Manager' actualizada.
2026-05-20 08:09:30,180  INFO  
2026-05-20 08:09:30,180  INFO  ✅ Todo actualizado:
2026-05-20 08:09:30,180  INFO     📁 Drive: Reportes_Completos_Actualizado.xlsx
2026-05-20 08:09:30,195  INFO     📊 Base Produccion: ['Orden de Produccion', 'Por Facturar', 'Vales de Salida', 'Ventas_Full', 'WIP']
2026-05-20 08:09:30,195  INFO     📊 Presupuestos: Ventas Full Manager
2026-05-20 08:09:30,197  INFO  
2026-05-20 08:09:30,197  INFO  ╔═════════════════════════════════════════════════════╗
2026-05-20 08:09:30,198  INFO  ║  ✅ PIPELINE COMPLETADO en 357s                      ║
2026-05-20 08:09:30,198  INFO  ║  📊 Excel en Drive: VentasFull_Actualizado.xlsx      ║
2026-05-20 08:09:30,198  INFO  ╚═════════════════════════════════════════════════════╝
2026-05-25 08:03:30,677  INFO  ╔═════════════════════════════════════════════════════╗
2026-05-25 08:03:30,678  INFO  ║   PIPELINE VENTAS FULL — Inicio: 2026-05-25 08:03   ║
2026-05-25 08:03:30,679  INFO  ╚═════════════════════════════════════════════════════╝
2026-05-25 08:03:30,679  INFO  
2026-05-25 08:03:30,679  INFO  ━━━━━━━━━━━━━━━━━━━━━━━━━━━━━━━━━━━━━━━━━━━━━━━━━━━━━━━
2026-05-25 08:03:30,679  INFO    PASO 1/3 — Descargar backup desde Manager
2026-05-25 08:03:30,679  INFO  ━━━━━━━━━━━━━━━━━━━━━━━━━━━━━━━━━━━━━━━━━━━━━━━━━━━━━━━
2026-05-25 08:03:31,880  INFO  =======================================================
2026-05-25 08:03:31,880  INFO    Iniciando descarga automática de backup Manager
2026-05-25 08:03:31,880  INFO  =======================================================
2026-05-25 08:03:31,883  INFO  ====== WebDriver manager ======
2026-05-25 08:03:34,265  INFO  Get LATEST chromedriver version for google-chrome
2026-05-25 08:03:34,818  INFO  Get LATEST chromedriver version for google-chrome
2026-05-25 08:03:35,404  INFO  Get LATEST chromedriver version for google-chrome
2026-05-25 08:03:36,619  INFO  WebDriver version 148.0.7778.178 selected
2026-05-25 08:03:36,631  INFO  Modern chrome version https://storage.googleapis.com/chrome-for-testing-public/148.0.7778.178/win32/chromedriver-win32.zip
2026-05-25 08:03:36,631  INFO  About to download new driver from https://storage.googleapis.com/chrome-for-testing-public/148.0.7778.178/win32/chromedriver-win32.zip
2026-05-25 08:03:37,037  INFO  Driver downloading response is 200
2026-05-25 08:03:39,159  INFO  Get LATEST chromedriver version for google-chrome
2026-05-25 08:03:39,913  INFO  Driver has been saved in cache [C:\Users\atorr\.wdm\drivers\chromedriver\win64\148.0.7778.178]
2026-05-25 08:03:42,811  INFO  Abriendo login: https://prodkernel.manager.cl/index.html
2026-05-25 08:03:45,201  INFO  Inputs visibles: 3
2026-05-25 08:03:45,605  INFO  Login enviado...
2026-05-25 08:03:49,620  INFO  ✅ Login exitoso. session_id: bf01abf2...
2026-05-25 08:03:49,621  INFO  Navegando a: https://prodkernel.manager.cl/managerbackups.html?session_id=bf01abf2dfd952efec96c99e4237e656&cd=prodkernel
2026-05-25 08:03:49,751  INFO  Recarga 1/10...
2026-05-25 08:03:53,866  INFO    filas .bak encontradas: 3
2026-05-25 08:03:53,866  INFO  ✅ Tabla cargada en recarga 1.
2026-05-25 08:03:53,909  INFO    Ignorando: 2026-5-25-T779354202A.bak
2026-05-25 08:03:53,959  INFO    Ignorando: 2026-5-25-T779354202B.bak
2026-05-25 08:03:53,994  INFO  Backup seleccionado: 2026-5-25-T779354202C.bak (2026-05-25 10:12:47+00:00)
2026-05-25 08:03:54,004  INFO  HTML fila completa: <td class="bucket">mng-respaldos-poliuretano</td><td class="Key">2026-5-25-T779354202C.bak</td><td class="LastModified">2026-05-25 10:12:47+00:00</td><td class="Size">0.14 GB</td><td class="presigned_url" style="display: none;">https://mng-respaldos-poliuretano.s3.amazonaws.com/2026-5-25-T779354202C.bak?AWSAccessKeyId=AKIAZPIFFWJDVFW267ZG&amp;Signature=kyMqQS58D6VODKvZngMZXr9MC2E%3D&amp;Expires=1779710922</td><td><i onclick="downloadbackup($(this).parent().parent())" class="fas fa-download"></i>
2026-05-25 08:03:56,266  INFO  Descargando 2026-5-25-T779354202C.bak desde S3...
2026-05-25 08:04:03,266  INFO    10 MB / 137 MB (8%)
2026-05-25 08:04:08,061  INFO    21 MB / 137 MB (15%)
2026-05-25 08:04:11,101  INFO    31 MB / 137 MB (23%)
2026-05-25 08:04:14,368  INFO    42 MB / 137 MB (31%)
2026-05-25 08:04:17,661  INFO    52 MB / 137 MB (38%)
2026-05-25 08:04:21,835  INFO    63 MB / 137 MB (46%)
2026-05-25 08:04:32,839  INFO    73 MB / 137 MB (54%)
2026-05-25 08:04:41,125  INFO    84 MB / 137 MB (61%)
2026-05-25 08:04:58,892  INFO    94 MB / 137 MB (69%)
2026-05-25 08:05:06,814  INFO    105 MB / 137 MB (76%)
2026-05-25 08:05:10,611  INFO    115 MB / 137 MB (84%)
2026-05-25 08:05:16,159  INFO    126 MB / 137 MB (92%)
2026-05-25 08:05:23,016  INFO    136 MB / 137 MB (99%)
2026-05-25 08:05:23,404  INFO    137 MB / 137 MB (100%)
2026-05-25 08:05:23,407  INFO  ✅ Descarga completa: 2026-5-25-T779354202C.bak (137.2 MB)
2026-05-25 08:05:23,415  INFO  Backup guardado en: C:\Backups\Manager\2026-5-25-T779354202C_2026-05-25.bak
2026-05-25 08:05:23,415  INFO  ✅ Éxito — backup guardado en: C:\Backups\Manager\2026-5-25-T779354202C_2026-05-25.bak
2026-05-25 08:05:27,520  WARNING  Retrying (Retry(total=2, connect=None, read=None, redirect=None, status=None)) after connection broken by 'NewConnectionError("HTTPConnection(host='localhost', port=57016): Failed to establish a new connection: [WinError 10061] No se puede establecer una conexión ya que el equipo de destino denegó expresamente dicha conexión")': /session/a3cc6ba9127e478f3a872b8bc47a0c7c
2026-05-25 08:05:31,577  WARNING  Retrying (Retry(total=1, connect=None, read=None, redirect=None, status=None)) after connection broken by 'NewConnectionError("HTTPConnection(host='localhost', port=57016): Failed to establish a new connection: [WinError 10061] No se puede establecer una conexión ya que el equipo de destino denegó expresamente dicha conexión")': /session/a3cc6ba9127e478f3a872b8bc47a0c7c
2026-05-25 08:05:35,664  WARNING  Retrying (Retry(total=0, connect=None, read=None, redirect=None, status=None)) after connection broken by 'NewConnectionError("HTTPConnection(host='localhost', port=57016): Failed to establish a new connection: [WinError 10061] No se puede establecer una conexión ya que el equipo de destino denegó expresamente dicha conexión")': /session/a3cc6ba9127e478f3a872b8bc47a0c7c
2026-05-25 08:05:39,751  INFO  
2026-05-25 08:05:39,752  INFO  ━━━━━━━━━━━━━━━━━━━━━━━━━━━━━━━━━━━━━━━━━━━━━━━━━━━━━━━
2026-05-25 08:05:39,752  INFO    PASO 2/3 — Restaurar BD y extraer Ventas Full
2026-05-25 08:05:39,752  INFO  ━━━━━━━━━━━━━━━━━━━━━━━━━━━━━━━━━━━━━━━━━━━━━━━━━━━━━━━
2026-05-25 08:05:44,574  INFO  ============================================================
2026-05-25 08:05:44,574  INFO    PASO 1 — Restaurar BD y extraer Múltiples Reportes
2026-05-25 08:05:44,574  INFO  ============================================================
2026-05-25 08:05:44,592  INFO  Usando .bak de ultimo_bak.txt: 2026-5-25-T779354202C_2026-05-25.bak
2026-05-25 08:05:44,592  INFO  Usando backup: 2026-5-25-T779354202C_2026-05-25.bak
2026-05-25 08:05:44,593  INFO  Restaurando 2026-5-25-T779354202C_2026-05-25.bak como 'T779354202A'...
2026-05-25 08:05:44,595  INFO  Copiando .bak a C:\Program Files\Microsoft SQL Server\MSSQL17.SQLEXPRESS\MSSQL\DATA\2026-5-25-T779354202C_2026-05-25.bak...
2026-05-25 08:05:45,625  INFO  Ejecutando RESTORE DATABASE...
2026-05-25 08:06:30,643  INFO  ✅ BD 'T779354202A' restaurada correctamente.
2026-05-25 08:06:30,644  INFO  Conectando a 'T779354202A' para extraer reportes...
2026-05-25 08:06:30,719  INFO  Ejecutando: base_completo...
2026-05-25 08:06:32,276  INFO    └─ 8,651 filas extraídas.
2026-05-25 08:06:32,277  INFO  Ejecutando: Ordenes_de_Compra...
2026-05-25 08:06:32,302  ERROR    └─ Error ejecutando Ordenes_de_Compra: ('42000', '[42000] [Microsoft][ODBC Driver 17 for SQL Server][SQL Server]ORDER BY items must appear in the select list if SELECT DISTINCT is specified. (145) (SQLExecDirectW)')
2026-05-25 08:06:32,302  INFO  Ejecutando: Ordenes_de_produccion...
2026-05-25 08:06:32,485  INFO    └─ 3,097 filas extraídas.
2026-05-25 08:06:32,485  INFO  Ejecutando: Pendiente_a_facturar...
2026-05-25 08:06:32,502  ERROR    └─ Error ejecutando Pendiente_a_facturar: ('42000', '[42000] [Microsoft][ODBC Driver 17 for SQL Server][SQL Server]ORDER BY items must appear in the select list if SELECT DISTINCT is specified. (145) (SQLExecDirectW)')
2026-05-25 08:06:32,503  INFO  Ejecutando: Vales_de_Salida...
2026-05-25 08:06:32,525  ERROR    └─ Error ejecutando Vales_de_Salida: ('42000', '[42000] [Microsoft][ODBC Driver 17 for SQL Server][SQL Server]ORDER BY items must appear in the select list if SELECT DISTINCT is specified. (145) (SQLExecDirectW)')
2026-05-25 08:06:32,526  INFO  Ejecutando: Ventas_Full...
2026-05-25 08:06:33,214  INFO    └─ 1,618 filas extraídas.
2026-05-25 08:06:33,215  INFO  Ejecutando: WIP...
2026-05-25 08:06:33,368  INFO    └─ 25 filas extraídas.
2026-05-25 08:06:33,370  INFO  Exportando a Excel multipestaña: C:\Reportes\VentasFull\Reportes_Completos_2026-05-25.xlsx
2026-05-25 08:07:24,661  INFO  ✅ Excel generado: C:\Reportes\VentasFull\Reportes_Completos_2026-05-25.xlsx (2.3 MB)
2026-05-25 08:07:24,667  INFO  ✅ Proceso Completado → C:\Reportes\VentasFull\Reportes_Completos_2026-05-25.xlsx
2026-05-25 08:07:24,687  INFO  
2026-05-25 08:07:24,687  INFO  ━━━━━━━━━━━━━━━━━━━━━━━━━━━━━━━━━━━━━━━━━━━━━━━━━━━━━━━
2026-05-25 08:07:24,687  INFO    PASO 3/3 — Subir Excel a Google Drive
2026-05-25 08:07:24,688  INFO  ━━━━━━━━━━━━━━━━━━━━━━━━━━━━━━━━━━━━━━━━━━━━━━━━━━━━━━━
2026-05-25 08:07:29,616  INFO  =======================================================
2026-05-25 08:07:29,618  INFO    PASO 2 — Subir a Drive y actualizar Google Sheets
2026-05-25 08:07:29,619  INFO  =======================================================
2026-05-25 08:07:29,638  INFO  Procesando: Reportes_Completos_2026-05-25.xlsx (2.3 MB)
2026-05-25 08:07:29,789  INFO  file_cache is only supported with oauth2client<4.0.0
2026-05-25 08:07:29,836  INFO  file_cache is only supported with oauth2client<4.0.0
2026-05-25 08:07:32,059  INFO  Creando Excel nuevo en Drive...
2026-05-25 08:07:35,307  INFO  ✅ Excel subido a Drive: Reportes_Completos_Actualizado.xlsx
2026-05-25 08:07:35,307  INFO  Leyendo Excel para actualizar Google Sheets...
2026-05-25 08:07:35,325  INFO  Pestañas encontradas en Excel: ['base_completo', 'Ordenes_de_produccion', 'Ventas_Full', 'WIP']
2026-05-25 08:07:37,379  INFO  Actualizando Base Produccion → 'Orden de Produccion' (3,097 filas)...
2026-05-25 08:07:38,609  INFO    Limpiando hoja 'Orden de Produccion'...
2026-05-25 08:07:39,403  INFO    Escribiendo 3,097 filas en 'Orden de Produccion'...
2026-05-25 08:07:41,619  INFO    ✅ Hoja 'Orden de Produccion' actualizada.
2026-05-25 08:07:41,624  WARNING    Pestaña 'Pendiente_a_facturar' no encontrada en el Excel, saltando...
2026-05-25 08:07:41,625  WARNING    Pestaña 'Vales_de_Salida' no encontrada en el Excel, saltando...
2026-05-25 08:07:42,928  INFO  Actualizando Base Produccion → 'Ventas_Full' (1,618 filas)...
2026-05-25 08:07:43,609  INFO    Limpiando hoja 'Ventas_Full'...
2026-05-25 08:07:44,185  INFO    Escribiendo 1,618 filas en 'Ventas_Full'...
2026-05-25 08:07:45,796  INFO    ✅ Hoja 'Ventas_Full' actualizada.
2026-05-25 08:07:45,816  INFO  Actualizando Base Produccion → 'WIP' (25 filas)...
2026-05-25 08:07:46,373  INFO    Limpiando hoja 'WIP'...
2026-05-25 08:07:46,639  INFO    Escribiendo 25 filas en 'WIP'...
2026-05-25 08:07:46,943  INFO    ✅ Hoja 'WIP' actualizada.
2026-05-25 08:07:48,635  INFO  Actualizando Presupuestos → 'Ventas Full Manager' (1,618 filas)...
2026-05-25 08:07:49,354  INFO    Limpiando hoja 'Ventas Full Manager'...
2026-05-25 08:07:49,926  INFO    Escribiendo 1,618 filas en 'Ventas Full Manager'...
2026-05-25 08:07:52,673  INFO    ✅ Hoja 'Ventas Full Manager' actualizada.
2026-05-25 08:07:52,677  INFO  
2026-05-25 08:07:52,678  INFO  ✅ Todo actualizado:
2026-05-25 08:07:52,679  INFO     📁 Drive: Reportes_Completos_Actualizado.xlsx
2026-05-25 08:07:52,680  INFO     📊 Base Produccion: ['Orden de Produccion', 'Por Facturar', 'Vales de Salida', 'Ventas_Full', 'WIP']
2026-05-25 08:07:52,680  INFO     📊 Presupuestos: Ventas Full Manager
2026-05-25 08:07:52,684  INFO  
2026-05-25 08:07:52,684  INFO  ╔═════════════════════════════════════════════════════╗
2026-05-25 08:07:52,685  INFO  ║  ✅ PIPELINE COMPLETADO en 262s                      ║
2026-05-25 08:07:52,685  INFO  ║  📊 Excel en Drive: VentasFull_Actualizado.xlsx      ║
2026-05-25 08:07:52,686  INFO  ╚═════════════════════════════════════════════════════╝
2026-05-25 09:12:15,431  INFO  ╔═════════════════════════════════════════════════════╗
2026-05-25 09:12:15,433  INFO  ║   PIPELINE VENTAS FULL — Inicio: 2026-05-25 09:12   ║
2026-05-25 09:12:15,433  INFO  ╚═════════════════════════════════════════════════════╝
2026-05-25 09:12:15,434  INFO  
2026-05-25 09:12:15,434  INFO  ━━━━━━━━━━━━━━━━━━━━━━━━━━━━━━━━━━━━━━━━━━━━━━━━━━━━━━━
2026-05-25 09:12:15,434  INFO    PASO 1/3 — Descargar backup desde Manager
2026-05-25 09:12:15,434  INFO  ━━━━━━━━━━━━━━━━━━━━━━━━━━━━━━━━━━━━━━━━━━━━━━━━━━━━━━━
2026-05-25 09:12:16,647  INFO  =======================================================
2026-05-25 09:12:16,648  INFO    Iniciando descarga automática de backup Manager
2026-05-25 09:12:16,648  INFO  =======================================================
2026-05-25 09:12:16,651  INFO  ====== WebDriver manager ======
2026-05-25 09:12:18,811  INFO  Get LATEST chromedriver version for google-chrome
2026-05-25 09:12:19,508  INFO  Get LATEST chromedriver version for google-chrome
2026-05-25 09:12:20,166  INFO  Driver [C:\Users\atorr\.wdm\drivers\chromedriver\win64\148.0.7778.178\chromedriver-win32/chromedriver.exe] found in cache
2026-05-25 09:12:23,230  INFO  Abriendo login: https://prodkernel.manager.cl/index.html
2026-05-25 09:12:25,546  INFO  Inputs visibles: 3
2026-05-25 09:12:25,918  INFO  Login enviado...
2026-05-25 09:12:29,934  INFO  ✅ Login exitoso. session_id: 2104de62...
2026-05-25 09:12:29,934  INFO  Navegando a: https://prodkernel.manager.cl/managerbackups.html?session_id=2104de62fd381fa80b262b1e2e03afa5&cd=prodkernel
2026-05-25 09:12:30,177  INFO  Recarga 1/10...
2026-05-25 09:12:34,283  INFO    filas .bak encontradas: 0
2026-05-25 09:12:34,283  INFO  Recarga 2/10...
2026-05-25 09:12:38,831  INFO    filas .bak encontradas: 3
2026-05-25 09:12:38,832  INFO  ✅ Tabla cargada en recarga 2.
2026-05-25 09:12:38,907  INFO    Ignorando: 2026-5-25-T779354202A.bak
2026-05-25 09:12:38,951  INFO    Ignorando: 2026-5-25-T779354202B.bak
2026-05-25 09:12:38,999  INFO  Backup seleccionado: 2026-5-25-T779354202C.bak (2026-05-25 10:12:47+00:00)
2026-05-25 09:12:39,015  INFO  HTML fila completa: <td class="bucket">mng-respaldos-poliuretano</td><td class="Key">2026-5-25-T779354202C.bak</td><td class="LastModified">2026-05-25 10:12:47+00:00</td><td class="Size">0.14 GB</td><td class="presigned_url" style="display: none;">https://mng-respaldos-poliuretano.s3.amazonaws.com/2026-5-25-T779354202C.bak?AWSAccessKeyId=AKIAZPIFFWJDVFW267ZG&amp;Signature=AZPNryY%2Bmw%2BNSwHP14IKe%2BY9k5c%3D&amp;Expires=1779715046</td><td><i onclick="downloadbackup($(this).parent().parent())" class="fas fa-download
2026-05-25 09:12:41,354  INFO  Descargando 2026-5-25-T779354202C.bak desde S3...
2026-05-25 09:12:48,267  INFO    10 MB / 137 MB (8%)
2026-05-25 09:12:53,849  INFO    21 MB / 137 MB (15%)
2026-05-25 09:12:59,440  INFO    31 MB / 137 MB (23%)
2026-05-25 09:13:05,612  INFO    42 MB / 137 MB (31%)
2026-05-25 09:13:19,310  INFO    52 MB / 137 MB (38%)
2026-05-25 09:13:28,479  INFO    63 MB / 137 MB (46%)
2026-05-25 09:13:41,094  INFO    73 MB / 137 MB (54%)
2026-05-25 09:14:07,855  INFO    84 MB / 137 MB (61%)
2026-05-25 09:14:20,664  INFO    94 MB / 137 MB (69%)
2026-05-25 09:14:36,327  INFO    105 MB / 137 MB (76%)
2026-05-25 09:14:52,078  INFO    115 MB / 137 MB (84%)
2026-05-25 09:15:10,570  INFO    126 MB / 137 MB (92%)
2026-05-25 09:15:17,932  INFO    136 MB / 137 MB (99%)
2026-05-25 09:15:18,456  INFO    137 MB / 137 MB (100%)
2026-05-25 09:15:18,479  INFO  ✅ Descarga completa: 2026-5-25-T779354202C.bak (137.2 MB)
2026-05-25 09:15:18,485  INFO  Backup guardado en: C:\Backups\Manager\2026-5-25-T779354202C_2026-05-25_1779714918.bak
2026-05-25 09:15:18,485  INFO  ✅ Éxito — backup guardado en: C:\Backups\Manager\2026-5-25-T779354202C_2026-05-25_1779714918.bak
2026-05-25 09:15:22,609  WARNING  Retrying (Retry(total=2, connect=None, read=None, redirect=None, status=None)) after connection broken by 'NewConnectionError("HTTPConnection(host='localhost', port=54477): Failed to establish a new connection: [WinError 10061] No se puede establecer una conexión ya que el equipo de destino denegó expresamente dicha conexión")': /session/700ddc892518032befcadd09b015a587
2026-05-25 09:15:26,691  WARNING  Retrying (Retry(total=1, connect=None, read=None, redirect=None, status=None)) after connection broken by 'NewConnectionError("HTTPConnection(host='localhost', port=54477): Failed to establish a new connection: [WinError 10061] No se puede establecer una conexión ya que el equipo de destino denegó expresamente dicha conexión")': /session/700ddc892518032befcadd09b015a587
2026-05-25 09:15:30,776  WARNING  Retrying (Retry(total=0, connect=None, read=None, redirect=None, status=None)) after connection broken by 'NewConnectionError("HTTPConnection(host='localhost', port=54477): Failed to establish a new connection: [WinError 10061] No se puede establecer una conexión ya que el equipo de destino denegó expresamente dicha conexión")': /session/700ddc892518032befcadd09b015a587
2026-05-25 09:15:34,879  INFO  
2026-05-25 09:15:34,879  INFO  ━━━━━━━━━━━━━━━━━━━━━━━━━━━━━━━━━━━━━━━━━━━━━━━━━━━━━━━
2026-05-25 09:15:34,879  INFO    PASO 2/3 — Restaurar BD y extraer Ventas Full
2026-05-25 09:15:34,879  INFO  ━━━━━━━━━━━━━━━━━━━━━━━━━━━━━━━━━━━━━━━━━━━━━━━━━━━━━━━
2026-05-25 09:15:40,320  INFO  ============================================================
2026-05-25 09:15:40,320  INFO    PASO 1 — Restaurar BD y extraer Múltiples Reportes
2026-05-25 09:15:40,321  INFO  ============================================================
2026-05-25 09:15:40,339  INFO  Usando .bak de ultimo_bak.txt: 2026-5-25-T779354202C_2026-05-25_1779714918.bak
2026-05-25 09:15:40,339  INFO  Usando backup: 2026-5-25-T779354202C_2026-05-25_1779714918.bak
2026-05-25 09:15:40,339  INFO  Restaurando 2026-5-25-T779354202C_2026-05-25_1779714918.bak como 'T779354202A'...
2026-05-25 09:15:40,339  INFO  Copiando .bak a C:\Program Files\Microsoft SQL Server\MSSQL17.SQLEXPRESS\MSSQL\DATA\2026-5-25-T779354202C_2026-05-25_1779714918.bak...
2026-05-25 09:15:41,152  INFO  Ejecutando RESTORE DATABASE...
2026-05-25 09:16:25,941  INFO  ✅ BD 'T779354202A' restaurada correctamente.
2026-05-25 09:16:25,941  INFO  Conectando a 'T779354202A' para extraer reportes...
2026-05-25 09:16:25,986  INFO  Ejecutando: base_completo...
2026-05-25 09:16:27,699  INFO    └─ 8,651 filas extraídas.
2026-05-25 09:16:27,699  INFO  Ejecutando: Inventario_aceros...
2026-05-25 09:16:27,754  INFO    └─ 109 filas extraídas.
2026-05-25 09:16:27,754  INFO  Ejecutando: Ordenes_de_Compra...
2026-05-25 09:16:27,777  ERROR    └─ Error ejecutando Ordenes_de_Compra: ('42000', '[42000] [Microsoft][ODBC Driver 17 for SQL Server][SQL Server]ORDER BY items must appear in the select list if SELECT DISTINCT is specified. (145) (SQLExecDirectW)')
2026-05-25 09:16:27,777  INFO  Ejecutando: Ordenes_de_produccion...
2026-05-25 09:16:28,008  INFO    └─ 3,097 filas extraídas.
2026-05-25 09:16:28,009  INFO  Ejecutando: Pendiente_a_facturar...
2026-05-25 09:16:28,029  ERROR    └─ Error ejecutando Pendiente_a_facturar: ('42000', '[42000] [Microsoft][ODBC Driver 17 for SQL Server][SQL Server]ORDER BY items must appear in the select list if SELECT DISTINCT is specified. (145) (SQLExecDirectW)')
2026-05-25 09:16:28,030  INFO  Ejecutando: Vales_de_Salida...
2026-05-25 09:16:28,044  ERROR    └─ Error ejecutando Vales_de_Salida: ('42000', '[42000] [Microsoft][ODBC Driver 17 for SQL Server][SQL Server]ORDER BY items must appear in the select list if SELECT DISTINCT is specified. (145) (SQLExecDirectW)')
2026-05-25 09:16:28,044  INFO  Ejecutando: Ventas_Full...
2026-05-25 09:16:28,709  INFO    └─ 1,618 filas extraídas.
2026-05-25 09:16:28,709  INFO  Ejecutando: WIP...
2026-05-25 09:16:28,867  INFO    └─ 25 filas extraídas.
2026-05-25 09:16:28,870  INFO  Exportando a Excel multipestaña: C:\Reportes\VentasFull\Reportes_Completos_2026-05-25.xlsx
2026-05-25 09:17:12,668  INFO  ✅ Excel generado: C:\Reportes\VentasFull\Reportes_Completos_2026-05-25.xlsx (2.3 MB)
2026-05-25 09:17:12,670  INFO  ✅ Proceso Completado → C:\Reportes\VentasFull\Reportes_Completos_2026-05-25.xlsx
2026-05-25 09:17:12,681  INFO  
2026-05-25 09:17:12,681  INFO  ━━━━━━━━━━━━━━━━━━━━━━━━━━━━━━━━━━━━━━━━━━━━━━━━━━━━━━━
2026-05-25 09:17:12,681  INFO    PASO 3/3 — Subir Excel a Google Drive
2026-05-25 09:17:12,681  INFO  ━━━━━━━━━━━━━━━━━━━━━━━━━━━━━━━━━━━━━━━━━━━━━━━━━━━━━━━
2026-05-25 09:17:16,320  INFO  =======================================================
2026-05-25 09:17:16,320  INFO    PASO 2 — Subir a Drive y actualizar Google Sheets
2026-05-25 09:17:16,320  INFO  =======================================================
2026-05-25 09:17:16,333  INFO  Procesando: Reportes_Completos_2026-05-25.xlsx (2.3 MB)
2026-05-25 09:17:16,399  INFO  file_cache is only supported with oauth2client<4.0.0
2026-05-25 09:17:16,423  INFO  file_cache is only supported with oauth2client<4.0.0
2026-05-25 09:17:17,814  INFO  Creando Excel nuevo en Drive...
2026-05-25 09:17:21,723  INFO  ✅ Excel subido a Drive: Reportes_Completos_Actualizado.xlsx
2026-05-25 09:17:21,724  INFO  Leyendo Excel para actualizar Google Sheets...
2026-05-25 09:17:21,762  INFO  Pestañas encontradas en Excel: ['base_completo', 'Inventario_aceros', 'Ordenes_de_produccion', 'Ventas_Full', 'WIP']
2026-05-25 09:17:23,069  INFO  Actualizando Base Produccion → 'Orden de Produccion' (3,097 filas)...
2026-05-25 09:17:24,463  INFO    Limpiando hoja 'Orden de Produccion'...
2026-05-25 09:17:25,388  INFO    Escribiendo 3,097 filas en 'Orden de Produccion'...
2026-05-25 09:17:28,060  INFO    ✅ Hoja 'Orden de Produccion' actualizada.
2026-05-25 09:17:28,063  WARNING    Pestaña 'Pendiente_a_facturar' no encontrada en el Excel, saltando...
2026-05-25 09:17:28,064  WARNING    Pestaña 'Vales_de_Salida' no encontrada en el Excel, saltando...
2026-05-25 09:17:29,135  INFO  Actualizando Base Produccion → 'Ventas_Full' (1,618 filas)...
2026-05-25 09:17:29,857  INFO    Limpiando hoja 'Ventas_Full'...
2026-05-25 09:17:30,471  INFO    Escribiendo 1,618 filas en 'Ventas_Full'...
2026-05-25 09:17:32,421  INFO    ✅ Hoja 'Ventas_Full' actualizada.
2026-05-25 09:17:32,446  INFO  Actualizando Base Produccion → 'WIP' (25 filas)...
2026-05-25 09:17:33,085  INFO    Limpiando hoja 'WIP'...
2026-05-25 09:17:33,464  INFO    Escribiendo 25 filas en 'WIP'...
2026-05-25 09:17:33,738  INFO    ✅ Hoja 'WIP' actualizada.
2026-05-25 09:17:35,202  INFO  Actualizando Presupuestos → 'Ventas Full Manager' (1,618 filas)...
2026-05-25 09:17:36,067  INFO    Limpiando hoja 'Ventas Full Manager'...
2026-05-25 09:17:36,658  INFO    Escribiendo 1,618 filas en 'Ventas Full Manager'...
2026-05-25 09:17:39,437  INFO    ✅ Hoja 'Ventas Full Manager' actualizada.
2026-05-25 09:17:39,441  INFO  
2026-05-25 09:17:39,441  INFO  ✅ Todo actualizado:
2026-05-25 09:17:39,441  INFO     📁 Drive: Reportes_Completos_Actualizado.xlsx
2026-05-25 09:17:39,441  INFO     📊 Base Produccion: ['Orden de Produccion', 'Por Facturar', 'Vales de Salida', 'Ventas_Full', 'WIP']
2026-05-25 09:17:39,442  INFO     📊 Presupuestos: Ventas Full Manager
2026-05-25 09:17:39,445  INFO  
2026-05-25 09:17:39,446  INFO  ╔═════════════════════════════════════════════════════╗
2026-05-25 09:17:39,466  INFO  ║  ✅ PIPELINE COMPLETADO en 324s                      ║
2026-05-25 09:17:39,467  INFO  ║  📊 Excel en Drive: VentasFull_Actualizado.xlsx      ║
2026-05-25 09:17:39,467  INFO  ╚═════════════════════════════════════════════════════╝
2026-05-25 10:14:52,797  INFO  ╔═════════════════════════════════════════════════════╗
2026-05-25 10:14:52,798  INFO  ║   PIPELINE VENTAS FULL — Inicio: 2026-05-25 10:14   ║
2026-05-25 10:14:52,798  INFO  ╚═════════════════════════════════════════════════════╝
2026-05-25 10:14:52,798  INFO  
2026-05-25 10:14:52,798  INFO  ━━━━━━━━━━━━━━━━━━━━━━━━━━━━━━━━━━━━━━━━━━━━━━━━━━━━━━━
2026-05-25 10:14:52,799  INFO    PASO 1/3 — Descargar backup desde Manager
2026-05-25 10:14:52,799  INFO  ━━━━━━━━━━━━━━━━━━━━━━━━━━━━━━━━━━━━━━━━━━━━━━━━━━━━━━━
2026-05-25 10:14:53,449  INFO  =======================================================
2026-05-25 10:14:53,449  INFO    Iniciando descarga automática de backup Manager
2026-05-25 10:14:53,449  INFO  =======================================================
2026-05-25 10:14:53,450  INFO  ====== WebDriver manager ======
2026-05-25 10:14:54,901  INFO  Get LATEST chromedriver version for google-chrome
2026-05-25 10:14:55,340  INFO  Get LATEST chromedriver version for google-chrome
2026-05-25 10:14:55,691  INFO  Driver [C:\Users\atorr\.wdm\drivers\chromedriver\win64\148.0.7778.178\chromedriver-win32/chromedriver.exe] found in cache
2026-05-25 10:14:58,492  INFO  Abriendo login: https://prodkernel.manager.cl/index.html
2026-05-25 10:15:00,522  INFO  Inputs visibles: 3
2026-05-25 10:15:00,931  INFO  Login enviado...
2026-05-25 10:15:04,945  INFO  ✅ Login exitoso. session_id: 7c105813...
2026-05-25 10:15:04,945  INFO  Navegando a: https://prodkernel.manager.cl/managerbackups.html?session_id=7c1058137944753720a6e0d8d21dbdd5&cd=prodkernel
2026-05-25 10:15:05,044  INFO  Recarga 1/10...
2026-05-25 10:15:09,140  INFO    filas .bak encontradas: 0
2026-05-25 10:15:09,141  INFO  Recarga 2/10...
2026-05-25 10:15:13,248  INFO    filas .bak encontradas: 3
2026-05-25 10:15:13,249  INFO  ✅ Tabla cargada en recarga 2.
2026-05-25 10:15:13,325  INFO    Ignorando: 2026-5-25-T779354202A.bak
2026-05-25 10:15:13,365  INFO    Ignorando: 2026-5-25-T779354202B.bak
2026-05-25 10:15:13,406  INFO  Backup seleccionado: 2026-5-25-T779354202C.bak (2026-05-25 10:12:47+00:00)
2026-05-25 10:15:13,418  INFO  HTML fila completa: <td class="bucket">mng-respaldos-poliuretano</td><td class="Key">2026-5-25-T779354202C.bak</td><td class="LastModified">2026-05-25 10:12:47+00:00</td><td class="Size">0.14 GB</td><td class="presigned_url" style="display: none;">https://mng-respaldos-poliuretano.s3.amazonaws.com/2026-5-25-T779354202C.bak?AWSAccessKeyId=AKIAZPIFFWJDVFW267ZG&amp;Signature=wMSPvIEm1SsGk1xPpm0J72sSPW8%3D&amp;Expires=1779718800</td><td><i onclick="downloadbackup($(this).parent().parent())" class="fas fa-download"></i>
2026-05-25 10:15:16,187  INFO  Descargando 2026-5-25-T779354202C.bak desde S3...
2026-05-25 10:15:27,308  INFO    10 MB / 137 MB (8%)
2026-05-25 10:15:35,848  INFO    21 MB / 137 MB (15%)
2026-05-25 10:15:44,635  INFO    31 MB / 137 MB (23%)
2026-05-25 10:15:52,048  INFO    42 MB / 137 MB (31%)
2026-05-25 10:15:58,395  INFO    52 MB / 137 MB (38%)
2026-05-25 10:16:05,591  INFO    63 MB / 137 MB (46%)
2026-05-25 10:16:12,949  INFO    73 MB / 137 MB (54%)
2026-05-25 10:16:18,693  INFO    84 MB / 137 MB (61%)
2026-05-25 10:16:27,139  INFO    94 MB / 137 MB (69%)
2026-05-25 10:16:36,021  INFO    105 MB / 137 MB (76%)
2026-05-25 10:16:43,481  INFO    115 MB / 137 MB (84%)
2026-05-25 10:16:49,426  INFO    126 MB / 137 MB (92%)
2026-05-25 10:16:55,115  INFO    136 MB / 137 MB (99%)
2026-05-25 10:16:55,615  INFO    137 MB / 137 MB (100%)
2026-05-25 10:16:55,618  INFO  ✅ Descarga completa: 2026-5-25-T779354202C.bak (137.2 MB)
2026-05-25 10:16:55,623  INFO  Backup guardado en: C:\Backups\Manager\2026-5-25-T779354202C_2026-05-25_1779718615.bak
2026-05-25 10:16:55,623  INFO  ✅ Éxito — backup guardado en: C:\Backups\Manager\2026-5-25-T779354202C_2026-05-25_1779718615.bak
2026-05-25 10:16:59,717  WARNING  Retrying (Retry(total=2, connect=None, read=None, redirect=None, status=None)) after connection broken by 'NewConnectionError("HTTPConnection(host='localhost', port=53672): Failed to establish a new connection: [WinError 10061] No se puede establecer una conexión ya que el equipo de destino denegó expresamente dicha conexión")': /session/affd8664e11027fc64fb1e22e6ef1c7a
2026-05-25 10:17:03,805  WARNING  Retrying (Retry(total=1, connect=None, read=None, redirect=None, status=None)) after connection broken by 'NewConnectionError("HTTPConnection(host='localhost', port=53672): Failed to establish a new connection: [WinError 10061] No se puede establecer una conexión ya que el equipo de destino denegó expresamente dicha conexión")': /session/affd8664e11027fc64fb1e22e6ef1c7a
2026-05-25 10:17:07,903  WARNING  Retrying (Retry(total=0, connect=None, read=None, redirect=None, status=None)) after connection broken by 'NewConnectionError("HTTPConnection(host='localhost', port=53672): Failed to establish a new connection: [WinError 10061] No se puede establecer una conexión ya que el equipo de destino denegó expresamente dicha conexión")': /session/affd8664e11027fc64fb1e22e6ef1c7a
2026-05-25 10:17:12,000  INFO  
2026-05-25 10:17:12,000  INFO  ━━━━━━━━━━━━━━━━━━━━━━━━━━━━━━━━━━━━━━━━━━━━━━━━━━━━━━━
2026-05-25 10:17:12,000  INFO    PASO 2/3 — Restaurar BD y extraer Ventas Full
2026-05-25 10:17:12,000  INFO  ━━━━━━━━━━━━━━━━━━━━━━━━━━━━━━━━━━━━━━━━━━━━━━━━━━━━━━━
2026-05-25 10:17:14,175  INFO  ============================================================
2026-05-25 10:17:14,175  INFO    PASO 1 — Restaurar BD y extraer Múltiples Reportes
2026-05-25 10:17:14,175  INFO  ============================================================
2026-05-25 10:17:14,196  INFO  Usando .bak de ultimo_bak.txt: 2026-5-25-T779354202C_2026-05-25_1779718615.bak
2026-05-25 10:17:14,197  INFO  Usando backup: 2026-5-25-T779354202C_2026-05-25_1779718615.bak
2026-05-25 10:17:14,197  INFO  Restaurando 2026-5-25-T779354202C_2026-05-25_1779718615.bak como 'T779354202A'...
2026-05-25 10:17:14,197  INFO  Copiando .bak a C:\Program Files\Microsoft SQL Server\MSSQL17.SQLEXPRESS\MSSQL\DATA\2026-5-25-T779354202C_2026-05-25_1779718615.bak...
2026-05-25 10:17:14,900  INFO  Ejecutando RESTORE DATABASE...
2026-05-25 10:17:59,619  INFO  ✅ BD 'T779354202A' restaurada correctamente.
2026-05-25 10:17:59,620  INFO  Conectando a 'T779354202A' para extraer reportes...
2026-05-25 10:17:59,662  INFO  Ejecutando: base_completo...
2026-05-25 10:18:01,579  INFO    └─ 8,651 filas extraídas.
2026-05-25 10:18:01,579  INFO  Ejecutando: Inventario_aceros...
2026-05-25 10:18:01,622  INFO    └─ 109 filas extraídas.
2026-05-25 10:18:01,622  INFO  Ejecutando: Ordenes_de_Compra...
2026-05-25 10:18:01,632  ERROR    └─ Error ejecutando Ordenes_de_Compra: ('42000', '[42000] [Microsoft][ODBC Driver 17 for SQL Server][SQL Server]ORDER BY items must appear in the select list if SELECT DISTINCT is specified. (145) (SQLExecDirectW)')
2026-05-25 10:18:01,632  INFO  Ejecutando: Ordenes_de_produccion...
2026-05-25 10:18:01,901  INFO    └─ 3,097 filas extraídas.
2026-05-25 10:18:01,901  INFO  Ejecutando: Pendiente_a_facturar...
2026-05-25 10:18:01,907  ERROR    └─ Error ejecutando Pendiente_a_facturar: ('42000', '[42000] [Microsoft][ODBC Driver 17 for SQL Server][SQL Server]ORDER BY items must appear in the select list if SELECT DISTINCT is specified. (145) (SQLExecDirectW)')
2026-05-25 10:18:01,907  INFO  Ejecutando: Vales_de_Salida...
2026-05-25 10:18:01,920  ERROR    └─ Error ejecutando Vales_de_Salida: ('42000', '[42000] [Microsoft][ODBC Driver 17 for SQL Server][SQL Server]ORDER BY items must appear in the select list if SELECT DISTINCT is specified. (145) (SQLExecDirectW)')
2026-05-25 10:18:01,921  INFO  Ejecutando: Ventas_Full...
2026-05-25 10:18:02,651  INFO    └─ 1,618 filas extraídas.
2026-05-25 10:18:02,651  INFO  Ejecutando: WIP...
2026-05-25 10:18:02,791  INFO    └─ 25 filas extraídas.
2026-05-25 10:18:02,795  INFO  Exportando a Excel multipestaña: C:\Reportes\VentasFull\Reportes_Completos_2026-05-25.xlsx
2026-05-25 10:19:10,437  INFO  ✅ Excel generado: C:\Reportes\VentasFull\Reportes_Completos_2026-05-25.xlsx (2.3 MB)
2026-05-25 10:19:10,439  INFO  ✅ Proceso Completado → C:\Reportes\VentasFull\Reportes_Completos_2026-05-25.xlsx
2026-05-25 10:19:10,452  INFO  
2026-05-25 10:19:10,452  INFO  ━━━━━━━━━━━━━━━━━━━━━━━━━━━━━━━━━━━━━━━━━━━━━━━━━━━━━━━
2026-05-25 10:19:10,452  INFO    PASO 3/3 — Subir Excel a Google Drive
2026-05-25 10:19:10,452  INFO  ━━━━━━━━━━━━━━━━━━━━━━━━━━━━━━━━━━━━━━━━━━━━━━━━━━━━━━━
2026-05-25 10:19:12,211  INFO  =======================================================
2026-05-25 10:19:12,212  INFO    PASO 2 — Subir a Drive y actualizar Google Sheets
2026-05-25 10:19:12,212  INFO  =======================================================
2026-05-25 10:19:12,227  INFO  Procesando: Reportes_Completos_2026-05-25.xlsx (2.3 MB)
2026-05-25 10:19:12,312  INFO  file_cache is only supported with oauth2client<4.0.0
2026-05-25 10:19:12,318  INFO  file_cache is only supported with oauth2client<4.0.0
2026-05-25 10:19:13,908  INFO  Creando Excel nuevo en Drive...
2026-05-25 10:19:18,383  INFO  ✅ Excel subido a Drive: Reportes_Completos_Actualizado.xlsx
2026-05-25 10:19:18,383  INFO  Leyendo Excel para actualizar Google Sheets...
2026-05-25 10:19:18,403  INFO  Pestañas encontradas en Excel: ['base_completo', 'Inventario_aceros', 'Ordenes_de_produccion', 'Ventas_Full', 'WIP']
2026-05-25 10:19:20,053  INFO  Actualizando Base Produccion → 'Orden de Produccion' (3,097 filas)...
2026-05-25 10:19:21,299  INFO    Limpiando hoja 'Orden de Produccion'...
2026-05-25 10:19:22,154  INFO    Escribiendo 3,097 filas en 'Orden de Produccion'...
2026-05-25 10:19:24,660  INFO    ✅ Hoja 'Orden de Produccion' actualizada.
2026-05-25 10:19:24,664  WARNING    Pestaña 'Pendiente_a_facturar' no encontrada en el Excel, saltando...
2026-05-25 10:19:24,665  WARNING    Pestaña 'Vales_de_Salida' no encontrada en el Excel, saltando...
2026-05-25 10:19:26,097  INFO  Actualizando Base Produccion → 'Ventas_Full' (1,618 filas)...
2026-05-25 10:19:26,793  INFO    Limpiando hoja 'Ventas_Full'...
2026-05-25 10:19:27,474  INFO    Escribiendo 1,618 filas en 'Ventas_Full'...
2026-05-25 10:19:29,325  INFO    ✅ Hoja 'Ventas_Full' actualizada.
2026-05-25 10:19:29,350  INFO  Actualizando Base Produccion → 'WIP' (25 filas)...
2026-05-25 10:19:30,045  INFO    Limpiando hoja 'WIP'...
2026-05-25 10:19:30,381  INFO    Escribiendo 25 filas en 'WIP'...
2026-05-25 10:19:30,645  INFO    ✅ Hoja 'WIP' actualizada.
2026-05-25 10:19:32,642  INFO  Actualizando Presupuestos → 'Ventas Full Manager' (1,618 filas)...
2026-05-25 10:19:33,448  INFO    Limpiando hoja 'Ventas Full Manager'...
2026-05-25 10:19:34,180  INFO    Escribiendo 1,618 filas en 'Ventas Full Manager'...
2026-05-25 10:19:36,845  INFO    ✅ Hoja 'Ventas Full Manager' actualizada.
2026-05-25 10:19:36,848  INFO  
2026-05-25 10:19:36,848  INFO  ✅ Todo actualizado:
2026-05-25 10:19:36,848  INFO     📁 Drive: Reportes_Completos_Actualizado.xlsx
2026-05-25 10:19:36,849  INFO     📊 Base Produccion: ['Orden de Produccion', 'Por Facturar', 'Vales de Salida', 'Ventas_Full', 'WIP']
2026-05-25 10:19:36,850  INFO     📊 Presupuestos: Ventas Full Manager
2026-05-25 10:19:36,852  INFO  
2026-05-25 10:19:36,853  INFO  ╔═════════════════════════════════════════════════════╗
2026-05-25 10:19:36,854  INFO  ║  ✅ PIPELINE COMPLETADO en 284s                      ║
2026-05-25 10:19:36,854  INFO  ║  📊 Excel en Drive: VentasFull_Actualizado.xlsx      ║
2026-05-25 10:19:36,855  INFO  ╚═════════════════════════════════════════════════════╝
2026-05-25 11:21:23,819  INFO  ╔═════════════════════════════════════════════════════╗
2026-05-25 11:21:23,822  INFO  ║   PIPELINE VENTAS FULL — Inicio: 2026-05-25 11:21   ║
2026-05-25 11:21:23,823  INFO  ╚═════════════════════════════════════════════════════╝
2026-05-25 11:21:23,823  INFO  
2026-05-25 11:21:23,823  INFO  ━━━━━━━━━━━━━━━━━━━━━━━━━━━━━━━━━━━━━━━━━━━━━━━━━━━━━━━
2026-05-25 11:21:23,823  INFO    PASO 1/3 — Descargar backup desde Manager
2026-05-25 11:21:23,823  INFO  ━━━━━━━━━━━━━━━━━━━━━━━━━━━━━━━━━━━━━━━━━━━━━━━━━━━━━━━
2026-05-25 11:21:24,387  INFO  =======================================================
2026-05-25 11:21:24,387  INFO    Iniciando descarga automática de backup Manager
2026-05-25 11:21:24,387  INFO  =======================================================
2026-05-25 11:21:24,389  INFO  ====== WebDriver manager ======
2026-05-25 11:21:26,227  INFO  Get LATEST chromedriver version for google-chrome
2026-05-25 11:21:26,693  INFO  Get LATEST chromedriver version for google-chrome
2026-05-25 11:21:27,037  INFO  Driver [C:\Users\atorr\.wdm\drivers\chromedriver\win64\148.0.7778.178\chromedriver-win32/chromedriver.exe] found in cache
2026-05-25 11:21:29,285  INFO  Abriendo login: https://prodkernel.manager.cl/index.html
2026-05-25 11:21:31,243  INFO  Inputs visibles: 3
2026-05-25 11:21:31,540  INFO  Login enviado...
2026-05-25 11:21:35,552  INFO  ✅ Login exitoso. session_id: 761bff79...
2026-05-25 11:21:35,553  INFO  Navegando a: https://prodkernel.manager.cl/managerbackups.html?session_id=761bff79a59a6f082842727efb103da3&cd=prodkernel
2026-05-25 11:21:35,650  INFO  Recarga 1/10...
2026-05-25 11:21:39,731  INFO    filas .bak encontradas: 3
2026-05-25 11:21:39,731  INFO  ✅ Tabla cargada en recarga 1.
2026-05-25 11:21:39,767  INFO    Ignorando: 2026-5-25-T779354202A.bak
2026-05-25 11:21:39,794  INFO    Ignorando: 2026-5-25-T779354202B.bak
2026-05-25 11:21:39,819  INFO  Backup seleccionado: 2026-5-25-T779354202C.bak (2026-05-25 10:12:47+00:00)
2026-05-25 11:21:39,829  INFO  HTML fila completa: <td class="bucket">mng-respaldos-poliuretano</td><td class="Key">2026-5-25-T779354202C.bak</td><td class="LastModified">2026-05-25 10:12:47+00:00</td><td class="Size">0.14 GB</td><td class="presigned_url" style="display: none;">https://mng-respaldos-poliuretano.s3.amazonaws.com/2026-5-25-T779354202C.bak?AWSAccessKeyId=AKIAZPIFFWJDVFW267ZG&amp;Signature=li%2FuUU7fo9c7HhDph4jtIo%2FPYkM%3D&amp;Expires=1779722787</td><td><i onclick="downloadbackup($(this).parent().parent())" class="fas fa-download">
2026-05-25 11:21:42,065  INFO  Descargando 2026-5-25-T779354202C.bak desde S3...
2026-05-25 11:21:47,642  INFO    10 MB / 137 MB (8%)
2026-05-25 11:21:51,656  INFO    21 MB / 137 MB (15%)
2026-05-25 11:21:55,090  INFO    31 MB / 137 MB (23%)
2026-05-25 11:21:57,506  INFO    42 MB / 137 MB (31%)
2026-05-25 11:22:00,221  INFO    52 MB / 137 MB (38%)
2026-05-25 11:22:05,361  INFO    63 MB / 137 MB (46%)
2026-05-25 11:22:09,919  INFO    73 MB / 137 MB (54%)
2026-05-25 11:22:12,881  INFO    84 MB / 137 MB (61%)
2026-05-25 11:22:15,375  INFO    94 MB / 137 MB (69%)
2026-05-25 11:22:17,873  INFO    105 MB / 137 MB (76%)
2026-05-25 11:22:21,511  INFO    115 MB / 137 MB (84%)
2026-05-25 11:22:24,985  INFO    126 MB / 137 MB (92%)
2026-05-25 11:22:28,589  INFO    136 MB / 137 MB (99%)
2026-05-25 11:22:28,886  INFO    137 MB / 137 MB (100%)
2026-05-25 11:22:28,888  INFO  ✅ Descarga completa: 2026-5-25-T779354202C.bak (137.2 MB)
2026-05-25 11:22:28,893  INFO  Backup guardado en: C:\Backups\Manager\2026-5-25-T779354202C_2026-05-25_1779722548.bak
2026-05-25 11:22:28,894  INFO  ✅ Éxito — backup guardado en: C:\Backups\Manager\2026-5-25-T779354202C_2026-05-25_1779722548.bak
2026-05-25 11:22:32,981  WARNING  Retrying (Retry(total=2, connect=None, read=None, redirect=None, status=None)) after connection broken by 'NewConnectionError("HTTPConnection(host='localhost', port=50556): Failed to establish a new connection: [WinError 10061] No se puede establecer una conexión ya que el equipo de destino denegó expresamente dicha conexión")': /session/5065e76f3964afb15662e37458b85cf0
2026-05-25 11:22:37,076  WARNING  Retrying (Retry(total=1, connect=None, read=None, redirect=None, status=None)) after connection broken by 'NewConnectionError("HTTPConnection(host='localhost', port=50556): Failed to establish a new connection: [WinError 10061] No se puede establecer una conexión ya que el equipo de destino denegó expresamente dicha conexión")': /session/5065e76f3964afb15662e37458b85cf0
2026-05-25 11:22:41,130  WARNING  Retrying (Retry(total=0, connect=None, read=None, redirect=None, status=None)) after connection broken by 'NewConnectionError("HTTPConnection(host='localhost', port=50556): Failed to establish a new connection: [WinError 10061] No se puede establecer una conexión ya que el equipo de destino denegó expresamente dicha conexión")': /session/5065e76f3964afb15662e37458b85cf0
2026-05-25 11:22:45,211  INFO  
2026-05-25 11:22:45,212  INFO  ━━━━━━━━━━━━━━━━━━━━━━━━━━━━━━━━━━━━━━━━━━━━━━━━━━━━━━━
2026-05-25 11:22:45,212  INFO    PASO 2/3 — Restaurar BD y extraer Ventas Full
2026-05-25 11:22:45,212  INFO  ━━━━━━━━━━━━━━━━━━━━━━━━━━━━━━━━━━━━━━━━━━━━━━━━━━━━━━━
2026-05-25 11:22:46,932  INFO  ============================================================
2026-05-25 11:22:46,932  INFO    PASO 1 — Restaurar BD y extraer Múltiples Reportes
2026-05-25 11:22:46,932  INFO  ============================================================
2026-05-25 11:22:46,946  INFO  Usando .bak de ultimo_bak.txt: 2026-5-25-T779354202C_2026-05-25_1779722548.bak
2026-05-25 11:22:46,947  INFO  Usando backup: 2026-5-25-T779354202C_2026-05-25_1779722548.bak
2026-05-25 11:22:46,947  INFO  Restaurando 2026-5-25-T779354202C_2026-05-25_1779722548.bak como 'T779354202A'...
2026-05-25 11:22:46,947  INFO  Copiando .bak a C:\Program Files\Microsoft SQL Server\MSSQL17.SQLEXPRESS\MSSQL\DATA\2026-5-25-T779354202C_2026-05-25_1779722548.bak...
2026-05-25 11:22:47,571  INFO  Ejecutando RESTORE DATABASE...
2026-05-25 11:23:32,501  INFO  ✅ BD 'T779354202A' restaurada correctamente.
2026-05-25 11:23:32,503  INFO  Conectando a 'T779354202A' para extraer reportes...
2026-05-25 11:23:32,687  INFO  Ejecutando: base_completo...
2026-05-25 11:23:56,989  INFO    └─ 8,651 filas extraídas.
2026-05-25 11:23:56,989  INFO  Ejecutando: Inventario_aceros...
2026-05-25 11:23:57,035  INFO    └─ 109 filas extraídas.
2026-05-25 11:23:57,035  INFO  Ejecutando: Ordenes_de_Compra...
2026-05-25 11:23:57,047  ERROR    └─ Error ejecutando Ordenes_de_Compra: ('42000', '[42000] [Microsoft][ODBC Driver 17 for SQL Server][SQL Server]ORDER BY items must appear in the select list if SELECT DISTINCT is specified. (145) (SQLExecDirectW)')
2026-05-25 11:23:57,048  INFO  Ejecutando: Ordenes_de_produccion...
2026-05-25 11:23:57,296  INFO    └─ 3,097 filas extraídas.
2026-05-25 11:23:57,296  INFO  Ejecutando: Pendiente_a_facturar...
2026-05-25 11:23:57,307  ERROR    └─ Error ejecutando Pendiente_a_facturar: ('42000', '[42000] [Microsoft][ODBC Driver 17 for SQL Server][SQL Server]ORDER BY items must appear in the select list if SELECT DISTINCT is specified. (145) (SQLExecDirectW)')
2026-05-25 11:23:57,307  INFO  Ejecutando: Vales_de_Salida...
2026-05-25 11:23:57,332  ERROR    └─ Error ejecutando Vales_de_Salida: ('42000', '[42000] [Microsoft][ODBC Driver 17 for SQL Server][SQL Server]ORDER BY items must appear in the select list if SELECT DISTINCT is specified. (145) (SQLExecDirectW)')
2026-05-25 11:23:57,332  INFO  Ejecutando: Ventas_Full...
2026-05-25 11:23:58,044  INFO    └─ 1,618 filas extraídas.
2026-05-25 11:23:58,044  INFO  Ejecutando: WIP...
2026-05-25 11:23:58,169  INFO    └─ 25 filas extraídas.
2026-05-25 11:23:58,172  INFO  Exportando a Excel multipestaña: C:\Reportes\VentasFull\Reportes_Completos_2026-05-25.xlsx
2026-05-25 11:25:09,806  INFO  ✅ Excel generado: C:\Reportes\VentasFull\Reportes_Completos_2026-05-25.xlsx (2.3 MB)
2026-05-25 11:25:09,807  INFO  ✅ Proceso Completado → C:\Reportes\VentasFull\Reportes_Completos_2026-05-25.xlsx
2026-05-25 11:25:09,821  INFO  
2026-05-25 11:25:09,821  INFO  ━━━━━━━━━━━━━━━━━━━━━━━━━━━━━━━━━━━━━━━━━━━━━━━━━━━━━━━
2026-05-25 11:25:09,822  INFO    PASO 3/3 — Subir Excel a Google Drive
2026-05-25 11:25:09,822  INFO  ━━━━━━━━━━━━━━━━━━━━━━━━━━━━━━━━━━━━━━━━━━━━━━━━━━━━━━━
2026-05-25 11:25:12,052  INFO  =======================================================
2026-05-25 11:25:12,053  INFO    PASO 2 — Subir a Drive y actualizar Google Sheets
2026-05-25 11:25:12,053  INFO  =======================================================
2026-05-25 11:25:12,057  INFO  Procesando: Reportes_Completos_2026-05-25.xlsx (2.3 MB)
2026-05-25 11:25:12,164  INFO  file_cache is only supported with oauth2client<4.0.0
2026-05-25 11:25:12,172  INFO  file_cache is only supported with oauth2client<4.0.0
2026-05-25 11:25:13,841  INFO  Creando Excel nuevo en Drive...
2026-05-25 11:25:15,908  INFO  ✅ Excel subido a Drive: Reportes_Completos_Actualizado.xlsx
2026-05-25 11:25:15,908  INFO  Leyendo Excel para actualizar Google Sheets...
2026-05-25 11:25:15,930  INFO  Pestañas encontradas en Excel: ['base_completo', 'Inventario_aceros', 'Ordenes_de_produccion', 'Ventas_Full', 'WIP']
2026-05-25 11:25:17,625  INFO  Actualizando Base Produccion → 'Orden de Produccion' (3,097 filas)...
2026-05-25 11:25:18,967  INFO    Limpiando hoja 'Orden de Produccion'...
2026-05-25 11:25:20,097  INFO    Escribiendo 3,097 filas en 'Orden de Produccion'...
2026-05-25 11:25:24,075  INFO    ✅ Hoja 'Orden de Produccion' actualizada.
2026-05-25 11:25:24,081  WARNING    Pestaña 'Pendiente_a_facturar' no encontrada en el Excel, saltando...
2026-05-25 11:25:24,082  WARNING    Pestaña 'Vales_de_Salida' no encontrada en el Excel, saltando...
2026-05-25 11:25:25,782  INFO  Actualizando Base Produccion → 'Ventas_Full' (1,618 filas)...
2026-05-25 11:25:26,405  INFO    Limpiando hoja 'Ventas_Full'...
2026-05-25 11:25:27,079  INFO    Escribiendo 1,618 filas en 'Ventas_Full'...
2026-05-25 11:25:28,869  INFO    ✅ Hoja 'Ventas_Full' actualizada.
2026-05-25 11:25:28,900  INFO  Actualizando Base Produccion → 'WIP' (25 filas)...
2026-05-25 11:25:29,408  INFO    Limpiando hoja 'WIP'...
2026-05-25 11:25:29,653  INFO    Escribiendo 25 filas en 'WIP'...
2026-05-25 11:25:29,904  INFO    ✅ Hoja 'WIP' actualizada.
2026-05-25 11:25:31,718  INFO  Actualizando Presupuestos → 'Ventas Full Manager' (1,618 filas)...
2026-05-25 11:25:33,259  INFO    Limpiando hoja 'Ventas Full Manager'...
2026-05-25 11:25:33,967  INFO    Escribiendo 1,618 filas en 'Ventas Full Manager'...
2026-05-25 11:25:38,226  INFO    ✅ Hoja 'Ventas Full Manager' actualizada.
2026-05-25 11:25:38,230  INFO  
2026-05-25 11:25:38,231  INFO  ✅ Todo actualizado:
2026-05-25 11:25:38,231  INFO     📁 Drive: Reportes_Completos_Actualizado.xlsx
2026-05-25 11:25:38,231  INFO     📊 Base Produccion: ['Orden de Produccion', 'Por Facturar', 'Vales de Salida', 'Ventas_Full', 'WIP']
2026-05-25 11:25:38,231  INFO     📊 Presupuestos: Ventas Full Manager
2026-05-25 11:25:38,235  INFO  
2026-05-25 11:25:38,236  INFO  ╔═════════════════════════════════════════════════════╗
2026-05-25 11:25:38,239  INFO  ║  ✅ PIPELINE COMPLETADO en 254s                      ║
2026-05-25 11:25:38,239  INFO  ║  📊 Excel en Drive: VentasFull_Actualizado.xlsx      ║
2026-05-25 11:25:38,239  INFO  ╚═════════════════════════════════════════════════════╝
2026-05-26 08:14:48,084  INFO  ╔═════════════════════════════════════════════════════╗
2026-05-26 08:14:48,084  INFO  ║   PIPELINE VENTAS FULL — Inicio: 2026-05-26 08:14   ║
2026-05-26 08:14:48,085  INFO  ╚═════════════════════════════════════════════════════╝
2026-05-26 08:14:48,085  INFO  
2026-05-26 08:14:48,085  INFO  ━━━━━━━━━━━━━━━━━━━━━━━━━━━━━━━━━━━━━━━━━━━━━━━━━━━━━━━
2026-05-26 08:14:48,085  INFO    PASO 1/3 — Descargar backup desde Manager
2026-05-26 08:14:48,085  INFO  ━━━━━━━━━━━━━━━━━━━━━━━━━━━━━━━━━━━━━━━━━━━━━━━━━━━━━━━
2026-05-26 08:14:48,886  INFO  =======================================================
2026-05-26 08:14:48,886  INFO    Iniciando descarga automática de backup Manager
2026-05-26 08:14:48,886  INFO  =======================================================
2026-05-26 08:14:48,889  INFO  ====== WebDriver manager ======
2026-05-26 08:14:51,501  INFO  Get LATEST chromedriver version for google-chrome
2026-05-26 08:14:52,026  INFO  Get LATEST chromedriver version for google-chrome
2026-05-26 08:14:52,481  INFO  Get LATEST chromedriver version for google-chrome
2026-05-26 08:14:53,653  INFO  WebDriver version 148.0.7778.178 selected
2026-05-26 08:14:53,669  INFO  Modern chrome version https://storage.googleapis.com/chrome-for-testing-public/148.0.7778.178/win32/chromedriver-win32.zip
2026-05-26 08:14:53,670  INFO  About to download new driver from https://storage.googleapis.com/chrome-for-testing-public/148.0.7778.178/win32/chromedriver-win32.zip
2026-05-26 08:14:54,131  INFO  Driver downloading response is 200
2026-05-26 08:14:54,467  INFO  Get LATEST chromedriver version for google-chrome
2026-05-26 08:14:55,061  INFO  Driver has been saved in cache [C:\Users\atorr\.wdm\drivers\chromedriver\win64\148.0.7778.178]
2026-05-26 08:14:57,921  INFO  Abriendo login: https://prodkernel.manager.cl/index.html
2026-05-26 08:15:02,205  INFO  Inputs visibles: 3
2026-05-26 08:15:03,063  INFO  Login enviado...
2026-05-26 08:15:07,237  INFO  ✅ Login exitoso. session_id: fdf59fa5...
2026-05-26 08:15:07,238  INFO  Navegando a: https://prodkernel.manager.cl/managerbackups.html?session_id=fdf59fa5a100caca1246e9c46b2d171c&cd=prodkernel
2026-05-26 08:15:08,216  INFO  Recarga 1/10...
2026-05-26 08:15:12,775  INFO    filas .bak encontradas: 3
2026-05-26 08:15:12,776  INFO  ✅ Tabla cargada en recarga 1.
2026-05-26 08:15:12,829  INFO    Ignorando: 2026-5-26-T779354202A.bak
2026-05-26 08:15:12,870  INFO    Ignorando: 2026-5-26-T779354202B.bak
2026-05-26 08:15:12,914  INFO  Backup seleccionado: 2026-5-26-T779354202C.bak (2026-05-26 10:13:46+00:00)
2026-05-26 08:15:12,930  INFO  HTML fila completa: <td class="bucket">mng-respaldos-poliuretano</td><td class="Key">2026-5-26-T779354202C.bak</td><td class="LastModified">2026-05-26 10:13:46+00:00</td><td class="Size">0.14 GB</td><td class="presigned_url" style="display: none;">https://mng-respaldos-poliuretano.s3.amazonaws.com/2026-5-26-T779354202C.bak?AWSAccessKeyId=AKIAZPIFFWJDVFW267ZG&amp;Signature=qZlolECQq8ATOHkyOhsyTiHUwIM%3D&amp;Expires=1779798010</td><td><i onclick="downloadbackup($(this).parent().parent())" class="fas fa-download"></i>
2026-05-26 08:15:15,278  INFO  Descargando 2026-5-26-T779354202C.bak desde S3...
2026-05-26 08:15:32,172  INFO    10 MB / 143 MB (7%)
2026-05-26 08:15:34,687  INFO    21 MB / 143 MB (15%)
2026-05-26 08:15:36,208  INFO    31 MB / 143 MB (22%)
2026-05-26 08:15:37,357  INFO    42 MB / 143 MB (29%)
2026-05-26 08:15:38,285  INFO    52 MB / 143 MB (37%)
2026-05-26 08:15:39,425  INFO    63 MB / 143 MB (44%)
2026-05-26 08:15:40,835  INFO    73 MB / 143 MB (51%)
2026-05-26 08:15:42,138  INFO    84 MB / 143 MB (59%)
2026-05-26 08:15:43,669  INFO    94 MB / 143 MB (66%)
2026-05-26 08:15:45,267  INFO    105 MB / 143 MB (74%)
2026-05-26 08:15:46,800  INFO    115 MB / 143 MB (81%)
2026-05-26 08:15:48,570  INFO    126 MB / 143 MB (88%)
2026-05-26 08:15:50,467  INFO    136 MB / 143 MB (96%)
2026-05-26 08:15:51,609  INFO  ✅ Descarga completa: 2026-5-26-T779354202C.bak (142.6 MB)
2026-05-26 08:15:51,613  INFO  Backup guardado en: C:\Backups\Manager\2026-5-26-T779354202C_2026-05-26.bak
2026-05-26 08:15:51,613  INFO  ✅ Éxito — backup guardado en: C:\Backups\Manager\2026-5-26-T779354202C_2026-05-26.bak
2026-05-26 08:15:55,754  WARNING  Retrying (Retry(total=2, connect=None, read=None, redirect=None, status=None)) after connection broken by 'NewConnectionError("HTTPConnection(host='localhost', port=58291): Failed to establish a new connection: [WinError 10061] No se puede establecer una conexión ya que el equipo de destino denegó expresamente dicha conexión")': /session/a062272682cce06589cd9b9eec2ad1d5
2026-05-26 08:15:59,834  WARNING  Retrying (Retry(total=1, connect=None, read=None, redirect=None, status=None)) after connection broken by 'NewConnectionError("HTTPConnection(host='localhost', port=58291): Failed to establish a new connection: [WinError 10061] No se puede establecer una conexión ya que el equipo de destino denegó expresamente dicha conexión")': /session/a062272682cce06589cd9b9eec2ad1d5
2026-05-26 08:16:03,936  WARNING  Retrying (Retry(total=0, connect=None, read=None, redirect=None, status=None)) after connection broken by 'NewConnectionError("HTTPConnection(host='localhost', port=58291): Failed to establish a new connection: [WinError 10061] No se puede establecer una conexión ya que el equipo de destino denegó expresamente dicha conexión")': /session/a062272682cce06589cd9b9eec2ad1d5
2026-05-26 08:16:08,035  INFO  
2026-05-26 08:16:08,035  INFO  ━━━━━━━━━━━━━━━━━━━━━━━━━━━━━━━━━━━━━━━━━━━━━━━━━━━━━━━
2026-05-26 08:16:08,035  INFO    PASO 2/3 — Restaurar BD y extraer Ventas Full
2026-05-26 08:16:08,036  INFO  ━━━━━━━━━━━━━━━━━━━━━━━━━━━━━━━━━━━━━━━━━━━━━━━━━━━━━━━
2026-05-26 08:16:12,605  INFO  ============================================================
2026-05-26 08:16:12,605  INFO    PASO 1 — Restaurar BD y extraer Múltiples Reportes
2026-05-26 08:16:12,606  INFO  ============================================================
2026-05-26 08:16:12,631  INFO  Usando .bak de ultimo_bak.txt: 2026-5-26-T779354202C_2026-05-26.bak
2026-05-26 08:16:12,636  INFO  Usando backup: 2026-5-26-T779354202C_2026-05-26.bak
2026-05-26 08:16:12,647  INFO  Restaurando 2026-5-26-T779354202C_2026-05-26.bak como 'T779354202A'...
2026-05-26 08:16:12,658  INFO  Copiando .bak a C:\Program Files\Microsoft SQL Server\MSSQL17.SQLEXPRESS\MSSQL\DATA\2026-5-26-T779354202C_2026-05-26.bak...
2026-05-26 08:16:13,929  INFO  Ejecutando RESTORE DATABASE...
2026-05-26 08:16:58,784  INFO  ✅ BD 'T779354202A' restaurada correctamente.
2026-05-26 08:16:58,785  INFO  Conectando a 'T779354202A' para extraer reportes...
2026-05-26 08:16:58,847  INFO  Ejecutando: base_completo...
2026-05-26 08:17:00,899  INFO    └─ 8,717 filas extraídas.
2026-05-26 08:17:00,900  INFO  Ejecutando: Inventario_aceros...
2026-05-26 08:17:00,940  INFO    └─ 109 filas extraídas.
2026-05-26 08:17:00,940  INFO  Ejecutando: Ordenes_de_Compra...
2026-05-26 08:17:00,955  ERROR    └─ Error ejecutando Ordenes_de_Compra: ('42000', '[42000] [Microsoft][ODBC Driver 17 for SQL Server][SQL Server]ORDER BY items must appear in the select list if SELECT DISTINCT is specified. (145) (SQLExecDirectW)')
2026-05-26 08:17:00,955  INFO  Ejecutando: Ordenes_de_produccion...
2026-05-26 08:17:01,184  INFO    └─ 3,120 filas extraídas.
2026-05-26 08:17:01,184  INFO  Ejecutando: Pendiente_a_facturar...
2026-05-26 08:17:01,204  ERROR    └─ Error ejecutando Pendiente_a_facturar: ('42000', '[42000] [Microsoft][ODBC Driver 17 for SQL Server][SQL Server]ORDER BY items must appear in the select list if SELECT DISTINCT is specified. (145) (SQLExecDirectW)')
2026-05-26 08:17:01,204  INFO  Ejecutando: Vales_de_Salida...
2026-05-26 08:17:01,227  ERROR    └─ Error ejecutando Vales_de_Salida: ('42000', '[42000] [Microsoft][ODBC Driver 17 for SQL Server][SQL Server]ORDER BY items must appear in the select list if SELECT DISTINCT is specified. (145) (SQLExecDirectW)')
2026-05-26 08:17:01,227  INFO  Ejecutando: Ventas_Full...
2026-05-26 08:17:02,028  INFO    └─ 1,637 filas extraídas.
2026-05-26 08:17:02,028  INFO  Ejecutando: WIP...
2026-05-26 08:17:02,209  INFO    └─ 25 filas extraídas.
2026-05-26 08:17:02,210  INFO  Exportando a Excel multipestaña: C:\Reportes\VentasFull\Reportes_Completos_2026-05-26.xlsx
2026-05-26 08:18:06,383  INFO  ✅ Excel generado: C:\Reportes\VentasFull\Reportes_Completos_2026-05-26.xlsx (2.3 MB)
2026-05-26 08:18:06,385  INFO  ✅ Proceso Completado → C:\Reportes\VentasFull\Reportes_Completos_2026-05-26.xlsx
2026-05-26 08:18:06,404  INFO  
2026-05-26 08:18:06,405  INFO  ━━━━━━━━━━━━━━━━━━━━━━━━━━━━━━━━━━━━━━━━━━━━━━━━━━━━━━━
2026-05-26 08:18:06,405  INFO    PASO 3/3 — Subir Excel a Google Drive
2026-05-26 08:18:06,405  INFO  ━━━━━━━━━━━━━━━━━━━━━━━━━━━━━━━━━━━━━━━━━━━━━━━━━━━━━━━
2026-05-26 08:18:10,243  INFO  =======================================================
2026-05-26 08:18:10,243  INFO    PASO 2 — Subir a Drive y actualizar Google Sheets
2026-05-26 08:18:10,244  INFO  =======================================================
2026-05-26 08:18:10,257  INFO  Procesando: Reportes_Completos_2026-05-26.xlsx (2.3 MB)
2026-05-26 08:18:10,351  INFO  file_cache is only supported with oauth2client<4.0.0
2026-05-26 08:18:10,379  INFO  file_cache is only supported with oauth2client<4.0.0
2026-05-26 08:18:11,985  INFO  Creando Excel nuevo en Drive...
2026-05-26 08:18:14,786  INFO  ✅ Excel subido a Drive: Reportes_Completos_Actualizado.xlsx
2026-05-26 08:18:14,787  INFO  Leyendo Excel para actualizar Google Sheets...
2026-05-26 08:18:14,799  INFO  Pestañas encontradas en Excel: ['base_completo', 'Inventario_aceros', 'Ordenes_de_produccion', 'Ventas_Full', 'WIP']
2026-05-26 08:18:16,264  INFO  Actualizando Base Produccion → 'Orden de Produccion' (3,120 filas)...
2026-05-26 08:18:17,697  INFO    Limpiando hoja 'Orden de Produccion'...
2026-05-26 08:18:18,566  INFO    Escribiendo 3,120 filas en 'Orden de Produccion'...
2026-05-26 08:18:20,931  INFO    ✅ Hoja 'Orden de Produccion' actualizada.
2026-05-26 08:18:20,937  WARNING    Pestaña 'Pendiente_a_facturar' no encontrada en el Excel, saltando...
2026-05-26 08:18:20,937  WARNING    Pestaña 'Vales_de_Salida' no encontrada en el Excel, saltando...
2026-05-26 08:18:22,514  INFO  Actualizando Base Produccion → 'Ventas_Full' (1,637 filas)...
2026-05-26 08:18:23,260  INFO    Limpiando hoja 'Ventas_Full'...
2026-05-26 08:18:23,857  INFO    Escribiendo 1,637 filas en 'Ventas_Full'...
2026-05-26 08:18:25,474  INFO    ✅ Hoja 'Ventas_Full' actualizada.
2026-05-26 08:18:25,496  INFO  Actualizando Base Produccion → 'WIP' (25 filas)...
2026-05-26 08:18:26,229  INFO    Limpiando hoja 'WIP'...
2026-05-26 08:18:26,472  INFO    Escribiendo 25 filas en 'WIP'...
2026-05-26 08:18:26,722  INFO    ✅ Hoja 'WIP' actualizada.
2026-05-26 08:18:28,530  INFO  Actualizando Presupuestos → 'Ventas Full Manager' (1,637 filas)...
2026-05-26 08:18:29,373  INFO    Limpiando hoja 'Ventas Full Manager'...
2026-05-26 08:18:29,897  INFO    Escribiendo 1,637 filas en 'Ventas Full Manager'...
2026-05-26 08:18:32,509  INFO    ✅ Hoja 'Ventas Full Manager' actualizada.
2026-05-26 08:18:32,513  INFO  
2026-05-26 08:18:32,513  INFO  ✅ Todo actualizado:
2026-05-26 08:18:32,513  INFO     📁 Drive: Reportes_Completos_Actualizado.xlsx
2026-05-26 08:18:32,514  INFO     📊 Base Produccion: ['Orden de Produccion', 'Por Facturar', 'Vales de Salida', 'Ventas_Full', 'WIP']
2026-05-26 08:18:32,514  INFO     📊 Presupuestos: Ventas Full Manager
2026-05-26 08:18:32,517  INFO  
2026-05-26 08:18:32,517  INFO  ╔═════════════════════════════════════════════════════╗
2026-05-26 08:18:32,518  INFO  ║  ✅ PIPELINE COMPLETADO en 224s                      ║
2026-05-26 08:18:32,518  INFO  ║  📊 Excel en Drive: VentasFull_Actualizado.xlsx      ║
2026-05-26 08:18:32,518  INFO  ╚═════════════════════════════════════════════════════╝
2026-05-26 10:11:57,566  INFO  ╔═════════════════════════════════════════════════════╗
2026-05-26 10:11:57,567  INFO  ║   PIPELINE VENTAS FULL — Inicio: 2026-05-26 10:11   ║
2026-05-26 10:11:57,567  INFO  ╚═════════════════════════════════════════════════════╝
2026-05-26 10:11:57,568  INFO  
2026-05-26 10:11:57,568  INFO  ━━━━━━━━━━━━━━━━━━━━━━━━━━━━━━━━━━━━━━━━━━━━━━━━━━━━━━━
2026-05-26 10:11:57,568  INFO    PASO 1/3 — Descargar backup desde Manager
2026-05-26 10:11:57,568  INFO  ━━━━━━━━━━━━━━━━━━━━━━━━━━━━━━━━━━━━━━━━━━━━━━━━━━━━━━━
2026-05-26 10:11:58,257  INFO  =======================================================
2026-05-26 10:11:58,257  INFO    Iniciando descarga automática de backup Manager
2026-05-26 10:11:58,258  INFO  =======================================================
2026-05-26 10:11:58,260  INFO  ====== WebDriver manager ======
2026-05-26 10:12:00,211  INFO  Get LATEST chromedriver version for google-chrome
2026-05-26 10:12:00,677  INFO  Get LATEST chromedriver version for google-chrome
2026-05-26 10:12:01,033  INFO  Driver [C:\Users\atorr\.wdm\drivers\chromedriver\win64\148.0.7778.178\chromedriver-win32/chromedriver.exe] found in cache
2026-05-26 10:12:03,206  INFO  Abriendo login: https://prodkernel.manager.cl/index.html
2026-05-26 10:12:05,274  INFO  Inputs visibles: 3
2026-05-26 10:12:05,559  INFO  Login enviado...
2026-05-26 10:12:09,571  INFO  ✅ Login exitoso. session_id: b2329cc3...
2026-05-26 10:12:09,571  INFO  Navegando a: https://prodkernel.manager.cl/managerbackups.html?session_id=b2329cc3716ba10efd5f50fcb6e27639&cd=prodkernel
2026-05-26 10:12:09,652  INFO  Recarga 1/10...
2026-05-26 10:12:13,738  INFO    filas .bak encontradas: 0
2026-05-26 10:12:13,738  INFO  Recarga 2/10...
2026-05-26 10:12:17,816  INFO    filas .bak encontradas: 3
2026-05-26 10:12:17,817  INFO  ✅ Tabla cargada en recarga 2.
2026-05-26 10:12:17,853  INFO    Ignorando: 2026-5-26-T779354202A.bak
2026-05-26 10:12:17,879  INFO    Ignorando: 2026-5-26-T779354202B.bak
2026-05-26 10:12:17,906  INFO  Backup seleccionado: 2026-5-26-T779354202C.bak (2026-05-26 10:13:46+00:00)
2026-05-26 10:12:17,914  INFO  HTML fila completa: <td class="bucket">mng-respaldos-poliuretano</td><td class="Key">2026-5-26-T779354202C.bak</td><td class="LastModified">2026-05-26 10:13:46+00:00</td><td class="Size">0.14 GB</td><td class="presigned_url" style="display: none;">https://mng-respaldos-poliuretano.s3.amazonaws.com/2026-5-26-T779354202C.bak?AWSAccessKeyId=AKIAZPIFFWJDVFW267ZG&amp;Signature=eBExa%2F%2BcZnJ3UkQ6qseitlD7IuI%3D&amp;Expires=1779805032</td><td><i onclick="downloadbackup($(this).parent().parent())" class="fas fa-download">
2026-05-26 10:12:20,181  INFO  Descargando 2026-5-26-T779354202C.bak desde S3...
2026-05-26 10:12:22,943  INFO    10 MB / 143 MB (7%)
2026-05-26 10:12:24,676  INFO    21 MB / 143 MB (15%)
2026-05-26 10:12:27,228  INFO    31 MB / 143 MB (22%)
2026-05-26 10:12:30,167  INFO    42 MB / 143 MB (29%)
2026-05-26 10:12:33,176  INFO    52 MB / 143 MB (37%)
2026-05-26 10:12:36,303  INFO    63 MB / 143 MB (44%)
2026-05-26 10:12:39,119  INFO    73 MB / 143 MB (51%)
2026-05-26 10:12:41,901  INFO    84 MB / 143 MB (59%)
2026-05-26 10:12:44,528  INFO    94 MB / 143 MB (66%)
2026-05-26 10:12:46,663  INFO    105 MB / 143 MB (74%)
2026-05-26 10:12:48,350  INFO    115 MB / 143 MB (81%)
2026-05-26 10:12:49,689  INFO    126 MB / 143 MB (88%)
2026-05-26 10:12:50,821  INFO    136 MB / 143 MB (96%)
2026-05-26 10:12:51,408  INFO  ✅ Descarga completa: 2026-5-26-T779354202C.bak (142.6 MB)
2026-05-26 10:12:51,412  INFO  Backup guardado en: C:\Backups\Manager\2026-5-26-T779354202C_2026-05-26_1779804771.bak
2026-05-26 10:12:51,412  INFO  ✅ Éxito — backup guardado en: C:\Backups\Manager\2026-5-26-T779354202C_2026-05-26_1779804771.bak
2026-05-26 10:12:55,512  WARNING  Retrying (Retry(total=2, connect=None, read=None, redirect=None, status=None)) after connection broken by 'NewConnectionError("HTTPConnection(host='localhost', port=50523): Failed to establish a new connection: [WinError 10061] No se puede establecer una conexión ya que el equipo de destino denegó expresamente dicha conexión")': /session/bab0c0afa7b793e0fbe25b03b815dd5a
2026-05-26 10:12:59,598  WARNING  Retrying (Retry(total=1, connect=None, read=None, redirect=None, status=None)) after connection broken by 'NewConnectionError("HTTPConnection(host='localhost', port=50523): Failed to establish a new connection: [WinError 10061] No se puede establecer una conexión ya que el equipo de destino denegó expresamente dicha conexión")': /session/bab0c0afa7b793e0fbe25b03b815dd5a
2026-05-26 10:13:03,686  WARNING  Retrying (Retry(total=0, connect=None, read=None, redirect=None, status=None)) after connection broken by 'NewConnectionError("HTTPConnection(host='localhost', port=50523): Failed to establish a new connection: [WinError 10061] No se puede establecer una conexión ya que el equipo de destino denegó expresamente dicha conexión")': /session/bab0c0afa7b793e0fbe25b03b815dd5a
2026-05-26 10:13:07,769  INFO  
2026-05-26 10:13:07,770  INFO  ━━━━━━━━━━━━━━━━━━━━━━━━━━━━━━━━━━━━━━━━━━━━━━━━━━━━━━━
2026-05-26 10:13:07,770  INFO    PASO 2/3 — Restaurar BD y extraer Ventas Full
2026-05-26 10:13:07,770  INFO  ━━━━━━━━━━━━━━━━━━━━━━━━━━━━━━━━━━━━━━━━━━━━━━━━━━━━━━━
2026-05-26 10:13:12,143  INFO  ============================================================
2026-05-26 10:13:12,144  INFO    PASO 1 — Restaurar BD y extraer Múltiples Reportes
2026-05-26 10:13:12,144  INFO  ============================================================
2026-05-26 10:13:12,157  INFO  Usando .bak de ultimo_bak.txt: 2026-5-26-T779354202C_2026-05-26_1779804771.bak
2026-05-26 10:13:12,157  INFO  Usando backup: 2026-5-26-T779354202C_2026-05-26_1779804771.bak
2026-05-26 10:13:12,157  INFO  Restaurando 2026-5-26-T779354202C_2026-05-26_1779804771.bak como 'T779354202A'...
2026-05-26 10:13:12,157  INFO  Copiando .bak a C:\Program Files\Microsoft SQL Server\MSSQL17.SQLEXPRESS\MSSQL\DATA\2026-5-26-T779354202C_2026-05-26_1779804771.bak...
2026-05-26 10:13:12,659  INFO  Ejecutando RESTORE DATABASE...
2026-05-26 10:13:56,869  INFO  ✅ BD 'T779354202A' restaurada correctamente.
2026-05-26 10:13:56,870  INFO  Conectando a 'T779354202A' para extraer reportes...
2026-05-26 10:13:56,910  INFO  Ejecutando: base_completo...
2026-05-26 10:13:58,320  INFO    └─ 8,717 filas extraídas.
2026-05-26 10:13:58,321  INFO  Ejecutando: calendario...
2026-05-26 10:13:58,928  INFO    └─ 111 filas extraídas.
2026-05-26 10:13:58,929  INFO  Ejecutando: Inventario_aceros...
2026-05-26 10:13:58,958  INFO    └─ 109 filas extraídas.
2026-05-26 10:13:58,959  INFO  Ejecutando: Ordenes_de_Compra...
2026-05-26 10:13:58,965  ERROR    └─ Error ejecutando Ordenes_de_Compra: ('42000', '[42000] [Microsoft][ODBC Driver 17 for SQL Server][SQL Server]ORDER BY items must appear in the select list if SELECT DISTINCT is specified. (145) (SQLExecDirectW)')
2026-05-26 10:13:58,966  INFO  Ejecutando: Ordenes_de_produccion...
2026-05-26 10:13:59,129  INFO    └─ 3,120 filas extraídas.
2026-05-26 10:13:59,129  INFO  Ejecutando: Pendiente_a_facturar...
2026-05-26 10:13:59,145  ERROR    └─ Error ejecutando Pendiente_a_facturar: ('42000', '[42000] [Microsoft][ODBC Driver 17 for SQL Server][SQL Server]ORDER BY items must appear in the select list if SELECT DISTINCT is specified. (145) (SQLExecDirectW)')
2026-05-26 10:13:59,145  INFO  Ejecutando: Vales_de_Salida...
2026-05-26 10:13:59,167  ERROR    └─ Error ejecutando Vales_de_Salida: ('42000', '[42000] [Microsoft][ODBC Driver 17 for SQL Server][SQL Server]ORDER BY items must appear in the select list if SELECT DISTINCT is specified. (145) (SQLExecDirectW)')
2026-05-26 10:13:59,168  INFO  Ejecutando: Ventas_Full...
2026-05-26 10:13:59,804  INFO    └─ 1,637 filas extraídas.
2026-05-26 10:13:59,804  INFO  Ejecutando: WIP...
2026-05-26 10:13:59,921  INFO    └─ 25 filas extraídas.
2026-05-26 10:13:59,922  INFO  Exportando a Excel multipestaña: C:\Reportes\VentasFull\Reportes_Completos_2026-05-26.xlsx
2026-05-26 10:14:34,529  INFO  ✅ Excel generado: C:\Reportes\VentasFull\Reportes_Completos_2026-05-26.xlsx (2.3 MB)
2026-05-26 10:14:34,530  INFO  ✅ Proceso Completado → C:\Reportes\VentasFull\Reportes_Completos_2026-05-26.xlsx
2026-05-26 10:14:34,539  INFO  
2026-05-26 10:14:34,540  INFO  ━━━━━━━━━━━━━━━━━━━━━━━━━━━━━━━━━━━━━━━━━━━━━━━━━━━━━━━
2026-05-26 10:14:34,540  INFO    PASO 3/3 — Subir Excel a Google Drive
2026-05-26 10:14:34,540  INFO  ━━━━━━━━━━━━━━━━━━━━━━━━━━━━━━━━━━━━━━━━━━━━━━━━━━━━━━━
2026-05-26 10:14:37,794  INFO  =======================================================
2026-05-26 10:14:37,794  INFO    PASO 2 — Subir a Drive y actualizar Google Sheets
2026-05-26 10:14:37,794  INFO  =======================================================
2026-05-26 10:14:37,797  INFO  Procesando: Reportes_Completos_2026-05-26.xlsx (2.3 MB)
2026-05-26 10:14:37,860  INFO  file_cache is only supported with oauth2client<4.0.0
2026-05-26 10:14:37,891  INFO  file_cache is only supported with oauth2client<4.0.0
2026-05-26 10:14:38,887  INFO  Creando Excel nuevo en Drive...
2026-05-26 10:14:41,473  INFO  ✅ Excel subido a Drive: Reportes_Completos_Actualizado.xlsx
2026-05-26 10:14:41,474  INFO  Leyendo Excel para actualizar Google Sheets...
2026-05-26 10:14:41,488  INFO  Pestañas encontradas en Excel: ['base_completo', 'calendario', 'Inventario_aceros', 'Ordenes_de_produccion', 'Ventas_Full', 'WIP']
2026-05-26 10:14:42,278  INFO  Actualizando Base Produccion → 'Orden de Produccion' (3,120 filas)...
2026-05-26 10:14:43,417  INFO    Limpiando hoja 'Orden de Produccion'...
2026-05-26 10:14:44,051  INFO    Escribiendo 3,120 filas en 'Orden de Produccion'...
2026-05-26 10:14:46,711  INFO    ✅ Hoja 'Orden de Produccion' actualizada.
2026-05-26 10:14:46,713  WARNING    Pestaña 'Pendiente_a_facturar' no encontrada en el Excel, saltando...
2026-05-26 10:14:46,714  WARNING    Pestaña 'Vales_de_Salida' no encontrada en el Excel, saltando...
2026-05-26 10:14:47,336  INFO  Actualizando Base Produccion → 'Ventas_Full' (1,637 filas)...
2026-05-26 10:14:48,186  INFO    Limpiando hoja 'Ventas_Full'...
2026-05-26 10:14:48,592  INFO    Escribiendo 1,637 filas en 'Ventas_Full'...
2026-05-26 10:14:50,281  INFO    ✅ Hoja 'Ventas_Full' actualizada.
2026-05-26 10:14:50,297  INFO  Actualizando Base Produccion → 'WIP' (25 filas)...
2026-05-26 10:14:50,926  INFO    Limpiando hoja 'WIP'...
2026-05-26 10:14:51,272  INFO    Escribiendo 25 filas en 'WIP'...
2026-05-26 10:14:51,626  INFO    ✅ Hoja 'WIP' actualizada.
2026-05-26 10:14:52,609  INFO  Actualizando Presupuestos → 'Ventas Full Manager' (1,637 filas)...
2026-05-26 10:14:53,431  INFO    Limpiando hoja 'Ventas Full Manager'...
2026-05-26 10:14:53,884  INFO    Escribiendo 1,637 filas en 'Ventas Full Manager'...
2026-05-26 10:14:55,096  INFO    ✅ Hoja 'Ventas Full Manager' actualizada.
2026-05-26 10:14:55,099  INFO  
2026-05-26 10:14:55,099  INFO  ✅ Todo actualizado:
2026-05-26 10:14:55,100  INFO     📁 Drive: Reportes_Completos_Actualizado.xlsx
2026-05-26 10:14:55,100  INFO     📊 Base Produccion: ['Orden de Produccion', 'Por Facturar', 'Vales de Salida', 'Ventas_Full', 'WIP']
2026-05-26 10:14:55,100  INFO     📊 Presupuestos: Ventas Full Manager
2026-05-26 10:14:55,102  INFO  
2026-05-26 10:14:55,102  INFO  ╔═════════════════════════════════════════════════════╗
2026-05-26 10:14:55,103  INFO  ║  ✅ PIPELINE COMPLETADO en 177s                      ║
2026-05-26 10:14:55,103  INFO  ║  📊 Excel en Drive: VentasFull_Actualizado.xlsx      ║
2026-05-26 10:14:55,103  INFO  ╚═════════════════════════════════════════════════════╝
2026-05-27 08:19:45,162  INFO  ╔═════════════════════════════════════════════════════╗
2026-05-27 08:19:45,163  INFO  ║   PIPELINE VENTAS FULL — Inicio: 2026-05-27 08:19   ║
2026-05-27 08:19:45,164  INFO  ╚═════════════════════════════════════════════════════╝
2026-05-27 08:19:45,164  INFO  
2026-05-27 08:19:45,164  INFO  ━━━━━━━━━━━━━━━━━━━━━━━━━━━━━━━━━━━━━━━━━━━━━━━━━━━━━━━
2026-05-27 08:19:45,164  INFO    PASO 1/3 — Descargar backup desde Manager
2026-05-27 08:19:45,164  INFO  ━━━━━━━━━━━━━━━━━━━━━━━━━━━━━━━━━━━━━━━━━━━━━━━━━━━━━━━
2026-05-27 08:19:45,973  INFO  =======================================================
2026-05-27 08:19:45,973  INFO    Iniciando descarga automática de backup Manager
2026-05-27 08:19:45,975  INFO  =======================================================
2026-05-27 08:19:45,978  INFO  ====== WebDriver manager ======
2026-05-27 08:19:47,825  INFO  Get LATEST chromedriver version for google-chrome
2026-05-27 08:19:48,364  INFO  Get LATEST chromedriver version for google-chrome
2026-05-27 08:19:48,828  INFO  Get LATEST chromedriver version for google-chrome
2026-05-27 08:19:49,911  INFO  WebDriver version 148.0.7778.178 selected
2026-05-27 08:19:49,926  INFO  Modern chrome version https://storage.googleapis.com/chrome-for-testing-public/148.0.7778.178/win32/chromedriver-win32.zip
2026-05-27 08:19:49,926  INFO  About to download new driver from https://storage.googleapis.com/chrome-for-testing-public/148.0.7778.178/win32/chromedriver-win32.zip
2026-05-27 08:19:50,438  INFO  Driver downloading response is 200
2026-05-27 08:19:50,771  INFO  Get LATEST chromedriver version for google-chrome
2026-05-27 08:19:51,454  INFO  Driver has been saved in cache [C:\Users\atorr\.wdm\drivers\chromedriver\win64\148.0.7778.178]
2026-05-27 08:19:54,271  INFO  Abriendo login: https://prodkernel.manager.cl/index.html
2026-05-27 08:19:57,178  INFO  Inputs visibles: 3
2026-05-27 08:19:57,777  INFO  Login enviado...
2026-05-27 08:20:01,791  INFO  ✅ Login exitoso. session_id: ddf90d33...
2026-05-27 08:20:01,792  INFO  Navegando a: https://prodkernel.manager.cl/managerbackups.html?session_id=ddf90d3316ff33ac867310e1b5b3f436&cd=prodkernel
2026-05-27 08:20:02,408  INFO  Recarga 1/10...
2026-05-27 08:20:06,523  INFO    filas .bak encontradas: 3
2026-05-27 08:20:06,523  INFO  ✅ Tabla cargada en recarga 1.
2026-05-27 08:20:06,581  INFO    Ignorando: 2026-5-27-T779354202A.bak
2026-05-27 08:20:06,634  INFO    Ignorando: 2026-5-27-T779354202B.bak
2026-05-27 08:20:06,676  INFO  Backup seleccionado: 2026-5-27-T779354202C.bak (2026-05-27 10:12:48+00:00)
2026-05-27 08:20:06,693  INFO  HTML fila completa: <td class="bucket">mng-respaldos-poliuretano</td><td class="Key">2026-5-27-T779354202C.bak</td><td class="LastModified">2026-05-27 10:12:48+00:00</td><td class="Size">0.15 GB</td><td class="presigned_url" style="display: none;">https://mng-respaldos-poliuretano.s3.amazonaws.com/2026-5-27-T779354202C.bak?AWSAccessKeyId=AKIAZPIFFWJDVFW267ZG&amp;Signature=N94NQOAqobm53gl8vta50LltFSc%3D&amp;Expires=1779884701</td><td><i onclick="downloadbackup($(this).parent().parent())" class="fas fa-download"></i>
2026-05-27 08:20:09,073  INFO  Descargando 2026-5-27-T779354202C.bak desde S3...
2026-05-27 08:20:11,739  INFO    10 MB / 147 MB (7%)
2026-05-27 08:20:12,392  INFO    21 MB / 147 MB (14%)
2026-05-27 08:20:13,295  INFO    31 MB / 147 MB (21%)
2026-05-27 08:20:14,206  INFO    42 MB / 147 MB (28%)
2026-05-27 08:20:15,102  INFO    52 MB / 147 MB (36%)
2026-05-27 08:20:16,389  INFO    63 MB / 147 MB (43%)
2026-05-27 08:20:17,512  INFO    73 MB / 147 MB (50%)
2026-05-27 08:20:18,815  INFO    84 MB / 147 MB (57%)
2026-05-27 08:20:20,175  INFO    94 MB / 147 MB (64%)
2026-05-27 08:20:21,493  INFO    105 MB / 147 MB (71%)
2026-05-27 08:20:23,010  INFO    115 MB / 147 MB (78%)
2026-05-27 08:20:24,653  INFO    126 MB / 147 MB (85%)
2026-05-27 08:20:26,196  INFO    136 MB / 147 MB (93%)
2026-05-27 08:20:27,677  INFO    147 MB / 147 MB (100%)
2026-05-27 08:20:27,777  INFO    147 MB / 147 MB (100%)
2026-05-27 08:20:27,800  INFO  ✅ Descarga completa: 2026-5-27-T779354202C.bak (147.3 MB)
2026-05-27 08:20:27,806  INFO  Backup guardado en: C:\Backups\Manager\2026-5-27-T779354202C_2026-05-27.bak
2026-05-27 08:20:27,806  INFO  ✅ Éxito — backup guardado en: C:\Backups\Manager\2026-5-27-T779354202C_2026-05-27.bak
2026-05-27 08:20:31,880  WARNING  Retrying (Retry(total=2, connect=None, read=None, redirect=None, status=None)) after connection broken by 'NewConnectionError("HTTPConnection(host='localhost', port=52721): Failed to establish a new connection: [WinError 10061] No se puede establecer una conexión ya que el equipo de destino denegó expresamente dicha conexión")': /session/eaaac517373e846802ae63bc5e95c57e
2026-05-27 08:20:35,958  WARNING  Retrying (Retry(total=1, connect=None, read=None, redirect=None, status=None)) after connection broken by 'NewConnectionError("HTTPConnection(host='localhost', port=52721): Failed to establish a new connection: [WinError 10061] No se puede establecer una conexión ya que el equipo de destino denegó expresamente dicha conexión")': /session/eaaac517373e846802ae63bc5e95c57e
2026-05-27 08:20:40,050  WARNING  Retrying (Retry(total=0, connect=None, read=None, redirect=None, status=None)) after connection broken by 'NewConnectionError("HTTPConnection(host='localhost', port=52721): Failed to establish a new connection: [WinError 10061] No se puede establecer una conexión ya que el equipo de destino denegó expresamente dicha conexión")': /session/eaaac517373e846802ae63bc5e95c57e
2026-05-27 08:20:44,110  INFO  
2026-05-27 08:20:44,111  INFO  ━━━━━━━━━━━━━━━━━━━━━━━━━━━━━━━━━━━━━━━━━━━━━━━━━━━━━━━
2026-05-27 08:20:44,112  INFO    PASO 2/3 — Restaurar BD y extraer Ventas Full
2026-05-27 08:20:44,112  INFO  ━━━━━━━━━━━━━━━━━━━━━━━━━━━━━━━━━━━━━━━━━━━━━━━━━━━━━━━
2026-05-27 08:20:48,464  INFO  ============================================================
2026-05-27 08:20:48,464  INFO    PASO 1 — Restaurar BD y extraer Múltiples Reportes
2026-05-27 08:20:48,465  INFO  ============================================================
2026-05-27 08:20:48,480  INFO  Usando .bak de ultimo_bak.txt: 2026-5-27-T779354202C_2026-05-27.bak
2026-05-27 08:20:48,480  INFO  Usando backup: 2026-5-27-T779354202C_2026-05-27.bak
2026-05-27 08:20:48,481  INFO  Restaurando 2026-5-27-T779354202C_2026-05-27.bak como 'T779354202A'...
2026-05-27 08:20:48,482  INFO  Copiando .bak a C:\Program Files\Microsoft SQL Server\MSSQL17.SQLEXPRESS\MSSQL\DATA\2026-5-27-T779354202C_2026-05-27.bak...
2026-05-27 08:20:49,429  INFO  Ejecutando RESTORE DATABASE...
2026-05-27 08:21:34,535  INFO  ✅ BD 'T779354202A' restaurada correctamente.
2026-05-27 08:21:34,535  INFO  Conectando a 'T779354202A' para extraer reportes...
2026-05-27 08:21:34,600  INFO  Ejecutando: base_completo...
2026-05-27 08:21:36,139  INFO    └─ 8,736 filas extraídas.
2026-05-27 08:21:36,139  INFO  Ejecutando: calendario...
2026-05-27 08:21:36,335  INFO    └─ 94 filas extraídas.
2026-05-27 08:21:36,335  INFO  Ejecutando: Inventario_aceros...
2026-05-27 08:21:36,371  INFO    └─ 144 filas extraídas.
2026-05-27 08:21:36,371  INFO  Ejecutando: Ordenes_de_Compra...
2026-05-27 08:21:36,390  ERROR    └─ Error ejecutando Ordenes_de_Compra: ('42000', '[42000] [Microsoft][ODBC Driver 17 for SQL Server][SQL Server]ORDER BY items must appear in the select list if SELECT DISTINCT is specified. (145) (SQLExecDirectW)')
2026-05-27 08:21:36,391  INFO  Ejecutando: Ordenes_de_produccion...
2026-05-27 08:21:36,594  INFO    └─ 3,134 filas extraídas.
2026-05-27 08:21:36,594  INFO  Ejecutando: Pendiente_a_facturar...
2026-05-27 08:21:36,611  ERROR    └─ Error ejecutando Pendiente_a_facturar: ('42000', '[42000] [Microsoft][ODBC Driver 17 for SQL Server][SQL Server]ORDER BY items must appear in the select list if SELECT DISTINCT is specified. (145) (SQLExecDirectW)')
2026-05-27 08:21:36,612  INFO  Ejecutando: Vales_de_Salida...
2026-05-27 08:21:36,634  ERROR    └─ Error ejecutando Vales_de_Salida: ('42000', '[42000] [Microsoft][ODBC Driver 17 for SQL Server][SQL Server]ORDER BY items must appear in the select list if SELECT DISTINCT is specified. (145) (SQLExecDirectW)')
2026-05-27 08:21:36,635  INFO  Ejecutando: Ventas_Full...
2026-05-27 08:21:37,278  INFO    └─ 1,678 filas extraídas.
2026-05-27 08:21:37,278  INFO  Ejecutando: WIP...
2026-05-27 08:21:37,426  INFO    └─ 25 filas extraídas.
2026-05-27 08:21:37,429  INFO  Exportando a Excel multipestaña: C:\Reportes\VentasFull\Reportes_Completos_2026-05-27.xlsx
2026-05-27 08:22:24,578  INFO  ✅ Excel generado: C:\Reportes\VentasFull\Reportes_Completos_2026-05-27.xlsx (2.3 MB)
2026-05-27 08:22:24,579  INFO  ✅ Proceso Completado → C:\Reportes\VentasFull\Reportes_Completos_2026-05-27.xlsx
2026-05-27 08:22:24,596  INFO  
2026-05-27 08:22:24,597  INFO  ━━━━━━━━━━━━━━━━━━━━━━━━━━━━━━━━━━━━━━━━━━━━━━━━━━━━━━━
2026-05-27 08:22:24,598  INFO    PASO 3/3 — Subir Excel a Google Drive
2026-05-27 08:22:24,598  INFO  ━━━━━━━━━━━━━━━━━━━━━━━━━━━━━━━━━━━━━━━━━━━━━━━━━━━━━━━
2026-05-27 08:22:28,846  INFO  =======================================================
2026-05-27 08:22:28,847  INFO    PASO 2 — Subir a Drive y actualizar Google Sheets
2026-05-27 08:22:28,848  INFO  =======================================================
2026-05-27 08:22:28,863  INFO  Procesando: Reportes_Completos_2026-05-27.xlsx (2.3 MB)
2026-05-27 08:22:28,938  INFO  file_cache is only supported with oauth2client<4.0.0
2026-05-27 08:22:28,966  INFO  file_cache is only supported with oauth2client<4.0.0
2026-05-27 08:22:30,170  INFO  Creando Excel nuevo en Drive...
2026-05-27 08:22:32,555  INFO  ✅ Excel subido a Drive: Reportes_Completos_Actualizado.xlsx
2026-05-27 08:22:32,555  INFO  Leyendo Excel para actualizar Google Sheets...
2026-05-27 08:22:32,575  INFO  Pestañas encontradas en Excel: ['base_completo', 'calendario', 'Inventario_aceros', 'Ordenes_de_produccion', 'Ventas_Full', 'WIP']
2026-05-27 08:22:34,085  INFO  Actualizando Base Produccion → 'Orden de Produccion' (3,134 filas)...
2026-05-27 08:22:35,340  INFO    Limpiando hoja 'Orden de Produccion'...
2026-05-27 08:22:36,609  INFO    Escribiendo 3,134 filas en 'Orden de Produccion'...
2026-05-27 08:22:38,321  INFO    ✅ Hoja 'Orden de Produccion' actualizada.
2026-05-27 08:22:38,324  WARNING    Pestaña 'Pendiente_a_facturar' no encontrada en el Excel, saltando...
2026-05-27 08:22:38,324  WARNING    Pestaña 'Vales_de_Salida' no encontrada en el Excel, saltando...
2026-05-27 08:22:39,808  INFO  Actualizando Base Produccion → 'Ventas_Full' (1,678 filas)...
2026-05-27 08:22:40,476  INFO    Limpiando hoja 'Ventas_Full'...
2026-05-27 08:22:41,918  INFO    Escribiendo 1,678 filas en 'Ventas_Full'...
2026-05-27 08:22:43,437  INFO    ✅ Hoja 'Ventas_Full' actualizada.
2026-05-27 08:22:43,500  INFO  Actualizando Base Produccion → 'WIP' (25 filas)...
2026-05-27 08:22:44,088  INFO    Limpiando hoja 'WIP'...
2026-05-27 08:22:44,345  INFO    Escribiendo 25 filas en 'WIP'...
2026-05-27 08:22:44,567  INFO    ✅ Hoja 'WIP' actualizada.
2026-05-27 08:22:46,484  INFO  Actualizando Presupuestos → 'Ventas Full Manager' (1,678 filas)...
2026-05-27 08:22:47,373  INFO    Limpiando hoja 'Ventas Full Manager'...
2026-05-27 08:22:48,016  INFO    Escribiendo 1,678 filas en 'Ventas Full Manager'...
2026-05-27 08:22:50,644  INFO    ✅ Hoja 'Ventas Full Manager' actualizada.
2026-05-27 08:22:50,647  INFO  
2026-05-27 08:22:50,648  INFO  ✅ Todo actualizado:
2026-05-27 08:22:50,648  INFO     📁 Drive: Reportes_Completos_Actualizado.xlsx
2026-05-27 08:22:50,648  INFO     📊 Base Produccion: ['Orden de Produccion', 'Por Facturar', 'Vales de Salida', 'Ventas_Full', 'WIP']
2026-05-27 08:22:50,648  INFO     📊 Presupuestos: Ventas Full Manager
2026-05-27 08:22:50,651  INFO  
2026-05-27 08:22:50,652  INFO  ╔═════════════════════════════════════════════════════╗
2026-05-27 08:22:50,654  INFO  ║  ✅ PIPELINE COMPLETADO en 185s                      ║
2026-05-27 08:22:50,654  INFO  ║  📊 Excel en Drive: VentasFull_Actualizado.xlsx      ║
2026-05-27 08:22:50,655  INFO  ╚═════════════════════════════════════════════════════╝
2026-05-27 08:38:51,393  INFO  ╔═════════════════════════════════════════════════════╗
2026-05-27 08:38:51,395  INFO  ║   PIPELINE VENTAS FULL — Inicio: 2026-05-27 08:38   ║
2026-05-27 08:38:51,396  INFO  ╚═════════════════════════════════════════════════════╝
2026-05-27 08:38:51,396  INFO  
2026-05-27 08:38:51,396  INFO  ━━━━━━━━━━━━━━━━━━━━━━━━━━━━━━━━━━━━━━━━━━━━━━━━━━━━━━━
2026-05-27 08:38:51,396  INFO    PASO 1/3 — Descargar backup desde Manager
2026-05-27 08:38:51,396  INFO  ━━━━━━━━━━━━━━━━━━━━━━━━━━━━━━━━━━━━━━━━━━━━━━━━━━━━━━━
2026-05-27 08:38:53,776  INFO  =======================================================
2026-05-27 08:38:53,776  INFO    Iniciando descarga automática de backup Manager
2026-05-27 08:38:53,776  INFO  =======================================================
2026-05-27 08:38:53,779  INFO  ====== WebDriver manager ======
2026-05-27 08:38:59,549  INFO  Get LATEST chromedriver version for google-chrome
2026-05-27 08:39:01,305  INFO  Get LATEST chromedriver version for google-chrome
2026-05-27 08:39:01,995  INFO  Driver [C:\Users\atorr\.wdm\drivers\chromedriver\win64\148.0.7778.178\chromedriver-win32/chromedriver.exe] found in cache
2026-05-27 08:39:08,249  INFO  Abriendo login: https://prodkernel.manager.cl/index.html
2026-05-27 08:39:10,421  INFO  Inputs visibles: 3
2026-05-27 08:39:11,011  INFO  Login enviado...
2026-05-27 08:39:15,026  INFO  ✅ Login exitoso. session_id: ddf23299...
2026-05-27 08:39:15,026  INFO  Navegando a: https://prodkernel.manager.cl/managerbackups.html?session_id=ddf2329955df42d2fe9a7684a3f7e645&cd=prodkernel
2026-05-27 08:39:15,170  INFO  Recarga 1/10...
2026-05-27 08:39:19,283  INFO    filas .bak encontradas: 3
2026-05-27 08:39:19,283  INFO  ✅ Tabla cargada en recarga 1.
2026-05-27 08:39:19,437  INFO    Ignorando: 2026-5-27-T779354202A.bak
2026-05-27 08:39:19,498  INFO    Ignorando: 2026-5-27-T779354202B.bak
2026-05-27 08:39:19,576  INFO  Backup seleccionado: 2026-5-27-T779354202C.bak (2026-05-27 10:12:48+00:00)
2026-05-27 08:39:19,589  INFO  HTML fila completa: <td class="bucket">mng-respaldos-poliuretano</td><td class="Key">2026-5-27-T779354202C.bak</td><td class="LastModified">2026-05-27 10:12:48+00:00</td><td class="Size">0.15 GB</td><td class="presigned_url" style="display: none;">https://mng-respaldos-poliuretano.s3.amazonaws.com/2026-5-27-T779354202C.bak?AWSAccessKeyId=AKIAZPIFFWJDVFW267ZG&amp;Signature=QiTsgWFE2FdnE6fUL%2FkxKb4WbrM%3D&amp;Expires=1779885854</td><td><i onclick="downloadbackup($(this).parent().parent())" class="fas fa-download"></
2026-05-27 08:39:22,171  INFO  Descargando 2026-5-27-T779354202C.bak desde S3...
2026-05-27 08:39:24,796  INFO    10 MB / 147 MB (7%)
2026-05-27 08:39:25,728  INFO    21 MB / 147 MB (14%)
2026-05-27 08:39:26,659  INFO    31 MB / 147 MB (21%)
2026-05-27 08:39:27,823  INFO    42 MB / 147 MB (28%)
2026-05-27 08:39:28,921  INFO    52 MB / 147 MB (36%)
2026-05-27 08:39:30,054  INFO    63 MB / 147 MB (43%)
2026-05-27 08:39:31,103  INFO    73 MB / 147 MB (50%)
2026-05-27 08:39:32,644  INFO    84 MB / 147 MB (57%)
2026-05-27 08:39:34,490  INFO    94 MB / 147 MB (64%)
2026-05-27 08:39:36,216  INFO    105 MB / 147 MB (71%)
2026-05-27 08:39:38,398  INFO    115 MB / 147 MB (78%)
2026-05-27 08:39:40,508  INFO    126 MB / 147 MB (85%)
2026-05-27 08:39:42,696  INFO    136 MB / 147 MB (93%)
2026-05-27 08:39:45,134  INFO    147 MB / 147 MB (100%)
2026-05-27 08:39:45,177  INFO    147 MB / 147 MB (100%)
2026-05-27 08:39:45,207  INFO  ✅ Descarga completa: 2026-5-27-T779354202C.bak (147.3 MB)
2026-05-27 08:39:45,212  INFO  Backup guardado en: C:\Backups\Manager\2026-5-27-T779354202C_2026-05-27_1779885585.bak
2026-05-27 08:39:45,213  INFO  ✅ Éxito — backup guardado en: C:\Backups\Manager\2026-5-27-T779354202C_2026-05-27_1779885585.bak
2026-05-27 08:39:49,475  WARNING  Retrying (Retry(total=2, connect=None, read=None, redirect=None, status=None)) after connection broken by 'NewConnectionError("HTTPConnection(host='localhost', port=52271): Failed to establish a new connection: [WinError 10061] No se puede establecer una conexión ya que el equipo de destino denegó expresamente dicha conexión")': /session/cc5034af7d96137ab67f6ac7e8bcc388
2026-05-27 08:39:53,573  WARNING  Retrying (Retry(total=1, connect=None, read=None, redirect=None, status=None)) after connection broken by 'NewConnectionError("HTTPConnection(host='localhost', port=52271): Failed to establish a new connection: [WinError 10061] No se puede establecer una conexión ya que el equipo de destino denegó expresamente dicha conexión")': /session/cc5034af7d96137ab67f6ac7e8bcc388
2026-05-27 08:39:57,654  WARNING  Retrying (Retry(total=0, connect=None, read=None, redirect=None, status=None)) after connection broken by 'NewConnectionError("HTTPConnection(host='localhost', port=52271): Failed to establish a new connection: [WinError 10061] No se puede establecer una conexión ya que el equipo de destino denegó expresamente dicha conexión")': /session/cc5034af7d96137ab67f6ac7e8bcc388
2026-05-27 08:40:01,753  INFO  
2026-05-27 08:40:01,753  INFO  ━━━━━━━━━━━━━━━━━━━━━━━━━━━━━━━━━━━━━━━━━━━━━━━━━━━━━━━
2026-05-27 08:40:01,757  INFO    PASO 2/3 — Restaurar BD y extraer Ventas Full
2026-05-27 08:40:01,757  INFO  ━━━━━━━━━━━━━━━━━━━━━━━━━━━━━━━━━━━━━━━━━━━━━━━━━━━━━━━
2026-05-27 08:40:03,882  INFO  ============================================================
2026-05-27 08:40:03,882  INFO    PASO 1 — Restaurar BD y extraer Múltiples Reportes
2026-05-27 08:40:03,882  INFO  ============================================================
2026-05-27 08:40:03,967  INFO  Usando .bak de ultimo_bak.txt: 2026-5-27-T779354202C_2026-05-27_1779885585.bak
2026-05-27 08:40:03,967  INFO  Usando backup: 2026-5-27-T779354202C_2026-05-27_1779885585.bak
2026-05-27 08:40:03,967  INFO  Restaurando 2026-5-27-T779354202C_2026-05-27_1779885585.bak como 'T779354202A'...
2026-05-27 08:40:03,967  INFO  Copiando .bak a C:\Program Files\Microsoft SQL Server\MSSQL17.SQLEXPRESS\MSSQL\DATA\2026-5-27-T779354202C_2026-05-27_1779885585.bak...
2026-05-27 08:40:04,684  INFO  Ejecutando RESTORE DATABASE...
2026-05-27 08:40:50,568  INFO  ✅ BD 'T779354202A' restaurada correctamente.
2026-05-27 08:40:50,578  INFO  Conectando a 'T779354202A' para extraer reportes...
2026-05-27 08:40:51,452  INFO  Ejecutando: base_completo...
2026-05-27 08:41:39,607  INFO    └─ 8,736 filas extraídas.
2026-05-27 08:41:39,608  INFO  Ejecutando: calendario...
2026-05-27 08:41:39,956  INFO    └─ 94 filas extraídas.
2026-05-27 08:41:39,956  INFO  Ejecutando: Inventario_aceros...
2026-05-27 08:41:39,988  INFO    └─ 144 filas extraídas.
2026-05-27 08:41:39,988  INFO  Ejecutando: Ordenes_de_Compra...
2026-05-27 08:41:39,995  ERROR    └─ Error ejecutando Ordenes_de_Compra: ('42000', '[42000] [Microsoft][ODBC Driver 17 for SQL Server][SQL Server]ORDER BY items must appear in the select list if SELECT DISTINCT is specified. (145) (SQLExecDirectW)')
2026-05-27 08:41:39,995  INFO  Ejecutando: Ordenes_de_produccion...
2026-05-27 08:41:40,246  INFO    └─ 3,134 filas extraídas.
2026-05-27 08:41:40,246  INFO  Ejecutando: Pendiente_a_facturar...
2026-05-27 08:41:40,256  ERROR    └─ Error ejecutando Pendiente_a_facturar: ('42000', '[42000] [Microsoft][ODBC Driver 17 for SQL Server][SQL Server]ORDER BY items must appear in the select list if SELECT DISTINCT is specified. (145) (SQLExecDirectW)')
2026-05-27 08:41:40,257  INFO  Ejecutando: Vales_de_Salida...
2026-05-27 08:41:40,293  ERROR    └─ Error ejecutando Vales_de_Salida: ('42000', '[42000] [Microsoft][ODBC Driver 17 for SQL Server][SQL Server]ORDER BY items must appear in the select list if SELECT DISTINCT is specified. (145) (SQLExecDirectW)')
2026-05-27 08:41:40,293  INFO  Ejecutando: Ventas_Full...
2026-05-27 08:41:41,320  INFO    └─ 1,678 filas extraídas.
2026-05-27 08:41:41,340  INFO  Ejecutando: WIP...
2026-05-27 08:41:41,496  INFO    └─ 25 filas extraídas.
2026-05-27 08:41:41,522  INFO  Exportando a Excel multipestaña: C:\Reportes\VentasFull\Reportes_Completos_2026-05-27.xlsx
2026-05-27 08:42:52,890  INFO  ✅ Excel generado: C:\Reportes\VentasFull\Reportes_Completos_2026-05-27.xlsx (2.3 MB)
2026-05-27 08:42:52,892  INFO  ✅ Proceso Completado → C:\Reportes\VentasFull\Reportes_Completos_2026-05-27.xlsx
2026-05-27 08:42:52,907  INFO  
2026-05-27 08:42:52,908  INFO  ━━━━━━━━━━━━━━━━━━━━━━━━━━━━━━━━━━━━━━━━━━━━━━━━━━━━━━━
2026-05-27 08:42:52,908  INFO    PASO 3/3 — Subir Excel a Google Drive
2026-05-27 08:42:52,908  INFO  ━━━━━━━━━━━━━━━━━━━━━━━━━━━━━━━━━━━━━━━━━━━━━━━━━━━━━━━
2026-05-27 08:42:55,156  INFO  =======================================================
2026-05-27 08:42:55,157  INFO    PASO 2 — Subir a Drive y actualizar Google Sheets
2026-05-27 08:42:55,158  INFO  =======================================================
2026-05-27 08:42:55,173  INFO  Procesando: Reportes_Completos_2026-05-27.xlsx (2.3 MB)
2026-05-27 08:42:55,318  INFO  file_cache is only supported with oauth2client<4.0.0
2026-05-27 08:42:55,327  INFO  file_cache is only supported with oauth2client<4.0.0
2026-05-27 08:42:57,114  INFO  Creando Excel nuevo en Drive...
2026-05-27 08:42:59,269  INFO  ✅ Excel subido a Drive: Reportes_Completos_Actualizado.xlsx
2026-05-27 08:42:59,270  INFO  Leyendo Excel para actualizar Google Sheets...
2026-05-27 08:42:59,295  INFO  Pestañas encontradas en Excel: ['base_completo', 'calendario', 'Inventario_aceros', 'Ordenes_de_produccion', 'Ventas_Full', 'WIP']
2026-05-27 08:43:00,959  INFO  Actualizando Base Produccion → 'Orden de Produccion' (3,134 filas)...
2026-05-27 08:43:02,321  INFO    Limpiando hoja 'Orden de Produccion'...
2026-05-27 08:43:03,456  INFO    Escribiendo 3,134 filas en 'Orden de Produccion'...
2026-05-27 08:43:05,597  INFO    ✅ Hoja 'Orden de Produccion' actualizada.
2026-05-27 08:43:05,600  WARNING    Pestaña 'Pendiente_a_facturar' no encontrada en el Excel, saltando...
2026-05-27 08:43:05,600  WARNING    Pestaña 'Vales_de_Salida' no encontrada en el Excel, saltando...
2026-05-27 08:43:07,228  INFO  Actualizando Base Produccion → 'Ventas_Full' (1,678 filas)...
2026-05-27 08:43:08,739  INFO    Limpiando hoja 'Ventas_Full'...
2026-05-27 08:43:09,381  INFO    Escribiendo 1,678 filas en 'Ventas_Full'...
2026-05-27 08:43:10,792  INFO    ✅ Hoja 'Ventas_Full' actualizada.
2026-05-27 08:43:10,817  INFO  Actualizando Base Produccion → 'WIP' (25 filas)...
2026-05-27 08:43:11,303  INFO    Limpiando hoja 'WIP'...
2026-05-27 08:43:11,632  INFO    Escribiendo 25 filas en 'WIP'...
2026-05-27 08:43:11,864  INFO    ✅ Hoja 'WIP' actualizada.
2026-05-27 08:43:13,858  INFO  Actualizando Presupuestos → 'Ventas Full Manager' (1,678 filas)...
2026-05-27 08:43:14,650  INFO    Limpiando hoja 'Ventas Full Manager'...
2026-05-27 08:43:15,333  INFO    Escribiendo 1,678 filas en 'Ventas Full Manager'...
2026-05-27 08:43:18,132  INFO    ✅ Hoja 'Ventas Full Manager' actualizada.
2026-05-27 08:43:18,137  INFO  
2026-05-27 08:43:18,137  INFO  ✅ Todo actualizado:
2026-05-27 08:43:18,137  INFO     📁 Drive: Reportes_Completos_Actualizado.xlsx
2026-05-27 08:43:18,138  INFO     📊 Base Produccion: ['Orden de Produccion', 'Por Facturar', 'Vales de Salida', 'Ventas_Full', 'WIP']
2026-05-27 08:43:18,138  INFO     📊 Presupuestos: Ventas Full Manager
2026-05-27 08:43:18,143  INFO  
2026-05-27 08:43:18,143  INFO  ╔═════════════════════════════════════════════════════╗
2026-05-27 08:43:18,143  INFO  ║  ✅ PIPELINE COMPLETADO en 266s                      ║
2026-05-27 08:43:18,144  INFO  ║  📊 Excel en Drive: VentasFull_Actualizado.xlsx      ║
2026-05-27 08:43:18,144  INFO  ╚═════════════════════════════════════════════════════╝
2026-05-27 12:48:34,422  INFO  ╔═════════════════════════════════════════════════════╗
2026-05-27 12:48:34,424  INFO  ║   PIPELINE VENTAS FULL — Inicio: 2026-05-27 12:48   ║
2026-05-27 12:48:34,425  INFO  ╚═════════════════════════════════════════════════════╝
2026-05-27 12:48:34,426  INFO  
2026-05-27 12:48:34,426  INFO  ━━━━━━━━━━━━━━━━━━━━━━━━━━━━━━━━━━━━━━━━━━━━━━━━━━━━━━━
2026-05-27 12:48:34,427  INFO    PASO 1/3 — Descargar backup desde Manager
2026-05-27 12:48:34,427  INFO  ━━━━━━━━━━━━━━━━━━━━━━━━━━━━━━━━━━━━━━━━━━━━━━━━━━━━━━━
2026-05-27 12:48:35,597  INFO  =======================================================
2026-05-27 12:48:35,598  INFO    Iniciando descarga automática de backup Manager
2026-05-27 12:48:35,599  INFO  =======================================================
2026-05-27 12:48:35,603  INFO  ====== WebDriver manager ======
2026-05-27 12:48:39,158  INFO  Get LATEST chromedriver version for google-chrome
2026-05-27 12:48:40,108  INFO  Get LATEST chromedriver version for google-chrome
2026-05-27 12:48:40,546  INFO  Driver [C:\Users\atorr\.wdm\drivers\chromedriver\win64\148.0.7778.178\chromedriver-win32/chromedriver.exe] found in cache
2026-05-27 12:48:43,804  INFO  Abriendo login: https://prodkernel.manager.cl/index.html
2026-05-27 12:48:45,988  INFO  Inputs visibles: 3
2026-05-27 12:48:46,457  INFO  Login enviado...
2026-05-27 12:48:50,475  INFO  ✅ Login exitoso. session_id: 048bbbbb...
2026-05-27 12:48:50,476  INFO  Navegando a: https://prodkernel.manager.cl/managerbackups.html?session_id=048bbbbb7746b6e66dd3a7e2967ae570&cd=prodkernel
2026-05-27 12:48:50,592  INFO  Recarga 1/10...
2026-05-27 12:48:54,693  INFO    filas .bak encontradas: 3
2026-05-27 12:48:54,694  INFO  ✅ Tabla cargada en recarga 1.
2026-05-27 12:48:54,783  INFO    Ignorando: 2026-5-27-T779354202A.bak
2026-05-27 12:48:54,826  INFO    Ignorando: 2026-5-27-T779354202B.bak
2026-05-27 12:48:54,860  INFO  Backup seleccionado: 2026-5-27-T779354202C.bak (2026-05-27 10:12:48+00:00)
2026-05-27 12:48:54,871  INFO  HTML fila completa: <td class="bucket">mng-respaldos-poliuretano</td><td class="Key">2026-5-27-T779354202C.bak</td><td class="LastModified">2026-05-27 10:12:48+00:00</td><td class="Size">0.15 GB</td><td class="presigned_url" style="display: none;">https://mng-respaldos-poliuretano.s3.amazonaws.com/2026-5-27-T779354202C.bak?AWSAccessKeyId=AKIAZPIFFWJDVFW267ZG&amp;Signature=iD8wKwqxuMtnwQCvdimOz9YGFtY%3D&amp;Expires=1779900828</td><td><i onclick="downloadbackup($(this).parent().parent())" class="fas fa-download"></i>
2026-05-27 12:48:57,201  INFO  Descargando 2026-5-27-T779354202C.bak desde S3...
2026-05-27 12:49:02,473  INFO    10 MB / 147 MB (7%)
2026-05-27 12:49:05,532  INFO    21 MB / 147 MB (14%)
2026-05-27 12:49:07,689  INFO    31 MB / 147 MB (21%)
2026-05-27 12:49:09,253  INFO    42 MB / 147 MB (28%)
2026-05-27 12:49:10,655  INFO    52 MB / 147 MB (36%)
2026-05-27 12:49:12,109  INFO    63 MB / 147 MB (43%)
2026-05-27 12:49:14,082  INFO    73 MB / 147 MB (50%)
2026-05-27 12:49:16,356  INFO    84 MB / 147 MB (57%)
2026-05-27 12:49:18,661  INFO    94 MB / 147 MB (64%)
2026-05-27 12:49:21,034  INFO    105 MB / 147 MB (71%)
2026-05-27 12:49:23,639  INFO    115 MB / 147 MB (78%)
2026-05-27 12:49:26,153  INFO    126 MB / 147 MB (85%)
2026-05-27 12:49:28,660  INFO    136 MB / 147 MB (93%)
2026-05-27 12:49:31,131  INFO    147 MB / 147 MB (100%)
2026-05-27 12:49:31,218  INFO    147 MB / 147 MB (100%)
2026-05-27 12:49:31,241  INFO  ✅ Descarga completa: 2026-5-27-T779354202C.bak (147.3 MB)
2026-05-27 12:49:31,248  INFO  Backup guardado en: C:\Backups\Manager\2026-5-27-T779354202C_2026-05-27_1779900571.bak
2026-05-27 12:49:31,249  INFO  ✅ Éxito — backup guardado en: C:\Backups\Manager\2026-5-27-T779354202C_2026-05-27_1779900571.bak
2026-05-27 12:49:35,329  WARNING  Retrying (Retry(total=2, connect=None, read=None, redirect=None, status=None)) after connection broken by 'NewConnectionError("HTTPConnection(host='localhost', port=63981): Failed to establish a new connection: [WinError 10061] No se puede establecer una conexión ya que el equipo de destino denegó expresamente dicha conexión")': /session/4c82b39286fb9900c17eec9c6e230dfa
2026-05-27 12:49:39,418  WARNING  Retrying (Retry(total=1, connect=None, read=None, redirect=None, status=None)) after connection broken by 'NewConnectionError("HTTPConnection(host='localhost', port=63981): Failed to establish a new connection: [WinError 10061] No se puede establecer una conexión ya que el equipo de destino denegó expresamente dicha conexión")': /session/4c82b39286fb9900c17eec9c6e230dfa
2026-05-27 12:49:43,510  WARNING  Retrying (Retry(total=0, connect=None, read=None, redirect=None, status=None)) after connection broken by 'NewConnectionError("HTTPConnection(host='localhost', port=63981): Failed to establish a new connection: [WinError 10061] No se puede establecer una conexión ya que el equipo de destino denegó expresamente dicha conexión")': /session/4c82b39286fb9900c17eec9c6e230dfa
2026-05-27 12:49:47,588  INFO  
2026-05-27 12:49:47,588  INFO  ━━━━━━━━━━━━━━━━━━━━━━━━━━━━━━━━━━━━━━━━━━━━━━━━━━━━━━━
2026-05-27 12:49:47,589  INFO    PASO 2/3 — Restaurar BD y extraer Ventas Full
2026-05-27 12:49:47,589  INFO  ━━━━━━━━━━━━━━━━━━━━━━━━━━━━━━━━━━━━━━━━━━━━━━━━━━━━━━━
2026-05-27 12:49:53,379  INFO  ============================================================
2026-05-27 12:49:53,380  INFO    PASO 1 — Restaurar BD y extraer Múltiples Reportes
2026-05-27 12:49:53,380  INFO  ============================================================
2026-05-27 12:49:53,395  INFO  Usando .bak de ultimo_bak.txt: 2026-5-27-T779354202C_2026-05-27_1779900571.bak
2026-05-27 12:49:53,395  INFO  Usando backup: 2026-5-27-T779354202C_2026-05-27_1779900571.bak
2026-05-27 12:49:53,396  INFO  Restaurando 2026-5-27-T779354202C_2026-05-27_1779900571.bak como 'T779354202A'...
2026-05-27 12:49:53,397  INFO  Copiando .bak a C:\Program Files\Microsoft SQL Server\MSSQL17.SQLEXPRESS\MSSQL\DATA\2026-5-27-T779354202C_2026-05-27_1779900571.bak...
2026-05-27 12:49:54,429  INFO  Ejecutando RESTORE DATABASE...
2026-05-27 12:50:39,598  INFO  ✅ BD 'T779354202A' restaurada correctamente.
2026-05-27 12:50:39,599  INFO  Conectando a 'T779354202A' para extraer reportes...
2026-05-27 12:50:39,663  INFO  Ejecutando: base_completo...
2026-05-27 12:50:41,721  INFO    └─ 8,736 filas extraídas.
2026-05-27 12:50:41,722  INFO  Ejecutando: calendario...
2026-05-27 12:50:41,995  INFO    └─ 94 filas extraídas.
2026-05-27 12:50:41,995  INFO  Ejecutando: Inventario_aceros...
2026-05-27 12:50:42,049  INFO    └─ 144 filas extraídas.
2026-05-27 12:50:42,049  INFO  Ejecutando: Ordenes_de_Compra...
2026-05-27 12:50:42,092  ERROR    └─ Error ejecutando Ordenes_de_Compra: ('42000', '[42000] [Microsoft][ODBC Driver 17 for SQL Server][SQL Server]ORDER BY items must appear in the select list if SELECT DISTINCT is specified. (145) (SQLExecDirectW)')
2026-05-27 12:50:42,093  INFO  Ejecutando: Ordenes_de_produccion...
2026-05-27 12:50:42,301  INFO    └─ 3,134 filas extraídas.
2026-05-27 12:50:42,301  INFO  Ejecutando: Pendiente_a_facturar...
2026-05-27 12:50:42,334  ERROR    └─ Error ejecutando Pendiente_a_facturar: ('42000', '[42000] [Microsoft][ODBC Driver 17 for SQL Server][SQL Server]ORDER BY items must appear in the select list if SELECT DISTINCT is specified. (145) (SQLExecDirectW)')
2026-05-27 12:50:42,334  INFO  Ejecutando: Vales_de_Salida...
2026-05-27 12:50:42,372  ERROR    └─ Error ejecutando Vales_de_Salida: ('42000', '[42000] [Microsoft][ODBC Driver 17 for SQL Server][SQL Server]ORDER BY items must appear in the select list if SELECT DISTINCT is specified. (145) (SQLExecDirectW)')
2026-05-27 12:50:42,373  INFO  Ejecutando: Ventas_Full...
2026-05-27 12:50:43,296  INFO    └─ 1,678 filas extraídas.
2026-05-27 12:50:43,300  INFO  Ejecutando: WIP...
2026-05-27 12:50:43,556  INFO    └─ 25 filas extraídas.
2026-05-27 12:50:43,558  INFO  Exportando a Excel multipestaña: C:\Reportes\VentasFull\Reportes_Completos_2026-05-27.xlsx
2026-05-27 12:51:28,950  INFO  ✅ Excel generado: C:\Reportes\VentasFull\Reportes_Completos_2026-05-27.xlsx (2.3 MB)
2026-05-27 12:51:28,952  INFO  ✅ Proceso Completado → C:\Reportes\VentasFull\Reportes_Completos_2026-05-27.xlsx
2026-05-27 12:51:28,965  INFO  
2026-05-27 12:51:28,965  INFO  ━━━━━━━━━━━━━━━━━━━━━━━━━━━━━━━━━━━━━━━━━━━━━━━━━━━━━━━
2026-05-27 12:51:28,966  INFO    PASO 3/3 — Subir Excel a Google Drive
2026-05-27 12:51:28,966  INFO  ━━━━━━━━━━━━━━━━━━━━━━━━━━━━━━━━━━━━━━━━━━━━━━━━━━━━━━━
2026-05-27 12:51:33,197  INFO  =======================================================
2026-05-27 12:51:33,198  INFO    PASO 2 — Subir a Drive y actualizar Google Sheets
2026-05-27 12:51:33,199  INFO  =======================================================
2026-05-27 12:51:33,201  INFO  Procesando: Reportes_Completos_2026-05-27.xlsx (2.3 MB)
2026-05-27 12:51:33,314  INFO  file_cache is only supported with oauth2client<4.0.0
2026-05-27 12:51:33,344  INFO  file_cache is only supported with oauth2client<4.0.0
2026-05-27 12:51:34,665  INFO  Creando Excel nuevo en Drive...
2026-05-27 12:51:37,434  INFO  ✅ Excel subido a Drive: Reportes_Completos_Actualizado.xlsx
2026-05-27 12:51:37,434  INFO  Leyendo Excel para actualizar Google Sheets...
2026-05-27 12:51:37,453  INFO  Pestañas encontradas en Excel: ['base_completo', 'calendario', 'Inventario_aceros', 'Ordenes_de_produccion', 'Ventas_Full', 'WIP']
2026-05-27 12:51:38,867  INFO  Actualizando Base Produccion → 'Orden de Produccion' (3,134 filas)...
2026-05-27 12:51:40,213  INFO    Limpiando hoja 'Orden de Produccion'...
2026-05-27 12:51:41,197  INFO    Escribiendo 3,134 filas en 'Orden de Produccion'...
2026-05-27 12:51:43,918  INFO    ✅ Hoja 'Orden de Produccion' actualizada.
2026-05-27 12:51:43,922  WARNING    Pestaña 'Pendiente_a_facturar' no encontrada en el Excel, saltando...
2026-05-27 12:51:43,923  WARNING    Pestaña 'Vales_de_Salida' no encontrada en el Excel, saltando...
2026-05-27 12:51:45,367  INFO  Actualizando Base Produccion → 'Ventas_Full' (1,678 filas)...
2026-05-27 12:51:46,102  INFO    Limpiando hoja 'Ventas_Full'...
2026-05-27 12:51:46,698  INFO    Escribiendo 1,678 filas en 'Ventas_Full'...
2026-05-27 12:51:49,206  INFO    ✅ Hoja 'Ventas_Full' actualizada.
2026-05-27 12:51:49,239  INFO  Actualizando Base Produccion → 'WIP' (25 filas)...
2026-05-27 12:51:49,935  INFO    Limpiando hoja 'WIP'...
2026-05-27 12:51:50,231  INFO    Escribiendo 25 filas en 'WIP'...
2026-05-27 12:51:50,495  INFO    ✅ Hoja 'WIP' actualizada.
2026-05-27 12:51:52,108  INFO  Actualizando Presupuestos → 'Ventas Full Manager' (1,678 filas)...
2026-05-27 12:51:52,943  INFO    Limpiando hoja 'Ventas Full Manager'...
2026-05-27 12:51:53,634  INFO    Escribiendo 1,678 filas en 'Ventas Full Manager'...
2026-05-27 12:51:56,138  INFO    ✅ Hoja 'Ventas Full Manager' actualizada.
2026-05-27 12:51:56,143  INFO  
2026-05-27 12:51:56,144  INFO  ✅ Todo actualizado:
2026-05-27 12:51:56,144  INFO     📁 Drive: Reportes_Completos_Actualizado.xlsx
2026-05-27 12:51:56,144  INFO     📊 Base Produccion: ['Orden de Produccion', 'Por Facturar', 'Vales de Salida', 'Ventas_Full', 'WIP']
2026-05-27 12:51:56,145  INFO     📊 Presupuestos: Ventas Full Manager
2026-05-27 12:51:56,148  INFO  
2026-05-27 12:51:56,148  INFO  ╔═════════════════════════════════════════════════════╗
2026-05-27 12:51:56,169  INFO  ║  ✅ PIPELINE COMPLETADO en 201s                      ║
2026-05-27 12:51:56,170  INFO  ║  📊 Excel en Drive: VentasFull_Actualizado.xlsx      ║
2026-05-27 12:51:56,170  INFO  ╚═════════════════════════════════════════════════════╝
2026-05-27 16:01:51,389  INFO  ╔═════════════════════════════════════════════════════╗
2026-05-27 16:01:51,390  INFO  ║   PIPELINE VENTAS FULL — Inicio: 2026-05-27 16:01   ║
2026-05-27 16:01:51,391  INFO  ╚═════════════════════════════════════════════════════╝
2026-05-27 16:01:51,391  INFO  
2026-05-27 16:01:51,391  INFO  ━━━━━━━━━━━━━━━━━━━━━━━━━━━━━━━━━━━━━━━━━━━━━━━━━━━━━━━
2026-05-27 16:01:51,391  INFO    PASO 1/3 — Descargar backup desde Manager
2026-05-27 16:01:51,392  INFO  ━━━━━━━━━━━━━━━━━━━━━━━━━━━━━━━━━━━━━━━━━━━━━━━━━━━━━━━
2026-05-27 16:01:52,126  INFO  =======================================================
2026-05-27 16:01:52,126  INFO    Iniciando descarga automática de backup Manager
2026-05-27 16:01:52,127  INFO  =======================================================
2026-05-27 16:01:52,129  INFO  ====== WebDriver manager ======
2026-05-27 16:01:54,387  INFO  Get LATEST chromedriver version for google-chrome
2026-05-27 16:01:54,839  INFO  Get LATEST chromedriver version for google-chrome
2026-05-27 16:01:55,182  INFO  Driver [C:\Users\atorr\.wdm\drivers\chromedriver\win64\148.0.7778.178\chromedriver-win32/chromedriver.exe] found in cache
2026-05-27 16:01:57,468  INFO  Abriendo login: https://prodkernel.manager.cl/index.html
2026-05-27 16:01:59,745  INFO  Inputs visibles: 3
2026-05-27 16:02:00,043  INFO  Login enviado...
2026-05-27 16:02:04,056  INFO  ✅ Login exitoso. session_id: 73725ea0...
2026-05-27 16:02:04,056  INFO  Navegando a: https://prodkernel.manager.cl/managerbackups.html?session_id=73725ea0e4bc4a33ecf048fba4daa821&cd=prodkernel
2026-05-27 16:02:04,144  INFO  Recarga 1/10...
2026-05-27 16:02:08,220  INFO    filas .bak encontradas: 3
2026-05-27 16:02:08,221  INFO  ✅ Tabla cargada en recarga 1.
2026-05-27 16:02:08,259  INFO    Ignorando: 2026-5-27-T779354202A.bak
2026-05-27 16:02:08,287  INFO    Ignorando: 2026-5-27-T779354202B.bak
2026-05-27 16:02:08,314  INFO  Backup seleccionado: 2026-5-27-T779354202C.bak (2026-05-27 10:12:48+00:00)
2026-05-27 16:02:08,322  INFO  HTML fila completa: <td class="bucket">mng-respaldos-poliuretano</td><td class="Key">2026-5-27-T779354202C.bak</td><td class="LastModified">2026-05-27 10:12:48+00:00</td><td class="Size">0.15 GB</td><td class="presigned_url" style="display: none;">https://mng-respaldos-poliuretano.s3.amazonaws.com/2026-5-27-T779354202C.bak?AWSAccessKeyId=AKIAZPIFFWJDVFW267ZG&amp;Signature=ECANE3JtAj9CdahnsqEo4h1Rr0M%3D&amp;Expires=1779912423</td><td><i onclick="downloadbackup($(this).parent().parent())" class="fas fa-download"></i>
2026-05-27 16:02:10,569  INFO  Descargando 2026-5-27-T779354202C.bak desde S3...
2026-05-27 16:02:13,252  INFO    10 MB / 147 MB (7%)
2026-05-27 16:02:14,011  INFO    21 MB / 147 MB (14%)
2026-05-27 16:02:14,946  INFO    31 MB / 147 MB (21%)
2026-05-27 16:02:15,850  INFO    42 MB / 147 MB (28%)
2026-05-27 16:02:16,679  INFO    52 MB / 147 MB (36%)
2026-05-27 16:02:17,576  INFO    63 MB / 147 MB (43%)
2026-05-27 16:02:18,396  INFO    73 MB / 147 MB (50%)
2026-05-27 16:02:19,431  INFO    84 MB / 147 MB (57%)
2026-05-27 16:02:20,510  INFO    94 MB / 147 MB (64%)
2026-05-27 16:02:21,556  INFO    105 MB / 147 MB (71%)
2026-05-27 16:02:24,837  INFO    115 MB / 147 MB (78%)
2026-05-27 16:02:37,195  INFO    126 MB / 147 MB (85%)
2026-05-27 16:02:42,019  INFO    136 MB / 147 MB (93%)
2026-05-27 16:02:45,494  INFO    147 MB / 147 MB (100%)
2026-05-27 16:02:45,653  INFO    147 MB / 147 MB (100%)
2026-05-27 16:02:45,655  INFO  ✅ Descarga completa: 2026-5-27-T779354202C.bak (147.3 MB)
2026-05-27 16:02:45,659  INFO  Backup guardado en: C:\Backups\Manager\2026-5-27-T779354202C_2026-05-27_1779912165.bak
2026-05-27 16:02:45,659  INFO  ✅ Éxito — backup guardado en: C:\Backups\Manager\2026-5-27-T779354202C_2026-05-27_1779912165.bak
2026-05-27 16:02:49,734  WARNING  Retrying (Retry(total=2, connect=None, read=None, redirect=None, status=None)) after connection broken by 'NewConnectionError("HTTPConnection(host='localhost', port=54415): Failed to establish a new connection: [WinError 10061] No se puede establecer una conexión ya que el equipo de destino denegó expresamente dicha conexión")': /session/2af04f9f96fd14e4b875032cf389c5a0
2026-05-27 16:02:53,816  WARNING  Retrying (Retry(total=1, connect=None, read=None, redirect=None, status=None)) after connection broken by 'NewConnectionError("HTTPConnection(host='localhost', port=54415): Failed to establish a new connection: [WinError 10061] No se puede establecer una conexión ya que el equipo de destino denegó expresamente dicha conexión")': /session/2af04f9f96fd14e4b875032cf389c5a0
2026-05-27 16:02:57,908  WARNING  Retrying (Retry(total=0, connect=None, read=None, redirect=None, status=None)) after connection broken by 'NewConnectionError("HTTPConnection(host='localhost', port=54415): Failed to establish a new connection: [WinError 10061] No se puede establecer una conexión ya que el equipo de destino denegó expresamente dicha conexión")': /session/2af04f9f96fd14e4b875032cf389c5a0
2026-05-27 16:03:01,994  INFO  
2026-05-27 16:03:01,994  INFO  ━━━━━━━━━━━━━━━━━━━━━━━━━━━━━━━━━━━━━━━━━━━━━━━━━━━━━━━
2026-05-27 16:03:01,996  INFO    PASO 2/3 — Restaurar BD y extraer Ventas Full
2026-05-27 16:03:01,996  INFO  ━━━━━━━━━━━━━━━━━━━━━━━━━━━━━━━━━━━━━━━━━━━━━━━━━━━━━━━
2026-05-27 16:03:06,098  INFO  ============================================================
2026-05-27 16:03:06,098  INFO    PASO 1 — Restaurar BD y extraer Múltiples Reportes
2026-05-27 16:03:06,099  INFO  ============================================================
2026-05-27 16:03:06,112  INFO  Usando .bak de ultimo_bak.txt: 2026-5-27-T779354202C_2026-05-27_1779912165.bak
2026-05-27 16:03:06,113  INFO  Usando backup: 2026-5-27-T779354202C_2026-05-27_1779912165.bak
2026-05-27 16:03:06,113  INFO  Restaurando 2026-5-27-T779354202C_2026-05-27_1779912165.bak como 'T779354202A'...
2026-05-27 16:03:06,113  INFO  Copiando .bak a C:\Program Files\Microsoft SQL Server\MSSQL17.SQLEXPRESS\MSSQL\DATA\2026-5-27-T779354202C_2026-05-27_1779912165.bak...
2026-05-27 16:03:06,726  INFO  Ejecutando RESTORE DATABASE...
2026-05-27 16:03:51,588  INFO  ✅ BD 'T779354202A' restaurada correctamente.
2026-05-27 16:03:51,590  INFO  Conectando a 'T779354202A' para extraer reportes...
2026-05-27 16:03:51,637  INFO  Ejecutando: base_completo...
2026-05-27 16:03:53,380  INFO    └─ 8,736 filas extraídas.
2026-05-27 16:03:53,381  INFO  Ejecutando: calendario...
2026-05-27 16:03:53,565  INFO    └─ 94 filas extraídas.
2026-05-27 16:03:53,565  INFO  Ejecutando: Inventario_aceros...
2026-05-27 16:03:53,600  INFO    └─ 144 filas extraídas.
2026-05-27 16:03:53,600  INFO  Ejecutando: Notas_de_venta...
2026-05-27 16:03:53,615  ERROR    └─ Error ejecutando Notas_de_venta: ('42000', "[42000] [Microsoft][ODBC Driver 17 for SQL Server][SQL Server]Incorrect syntax near 'T779354202C'. (102) (SQLExecDirectW)")
2026-05-27 16:03:53,615  INFO  Ejecutando: Ordenes_de_Compra...
2026-05-27 16:03:53,632  ERROR    └─ Error ejecutando Ordenes_de_Compra: ('42000', '[42000] [Microsoft][ODBC Driver 17 for SQL Server][SQL Server]ORDER BY items must appear in the select list if SELECT DISTINCT is specified. (145) (SQLExecDirectW)')
2026-05-27 16:03:53,633  INFO  Ejecutando: Ordenes_de_produccion...
2026-05-27 16:03:53,840  INFO    └─ 3,134 filas extraídas.
2026-05-27 16:03:53,841  INFO  Ejecutando: Pendiente_a_facturar...
2026-05-27 16:03:53,858  ERROR    └─ Error ejecutando Pendiente_a_facturar: ('42000', '[42000] [Microsoft][ODBC Driver 17 for SQL Server][SQL Server]ORDER BY items must appear in the select list if SELECT DISTINCT is specified. (145) (SQLExecDirectW)')
2026-05-27 16:03:53,858  INFO  Ejecutando: Vales_de_Salida...
2026-05-27 16:03:53,886  ERROR    └─ Error ejecutando Vales_de_Salida: ('42000', '[42000] [Microsoft][ODBC Driver 17 for SQL Server][SQL Server]ORDER BY items must appear in the select list if SELECT DISTINCT is specified. (145) (SQLExecDirectW)')
2026-05-27 16:03:53,886  INFO  Ejecutando: Ventas_Full...
2026-05-27 16:03:54,599  INFO    └─ 1,678 filas extraídas.
2026-05-27 16:03:54,599  INFO  Ejecutando: WIP...
2026-05-27 16:03:54,741  INFO    └─ 25 filas extraídas.
2026-05-27 16:03:54,743  INFO  Exportando a Excel multipestaña: C:\Reportes\VentasFull\Reportes_Completos_2026-05-27.xlsx
2026-05-27 16:04:40,124  INFO  ✅ Excel generado: C:\Reportes\VentasFull\Reportes_Completos_2026-05-27.xlsx (2.3 MB)
2026-05-27 16:04:40,125  INFO  ✅ Proceso Completado → C:\Reportes\VentasFull\Reportes_Completos_2026-05-27.xlsx
2026-05-27 16:04:40,145  INFO  
2026-05-27 16:04:40,146  INFO  ━━━━━━━━━━━━━━━━━━━━━━━━━━━━━━━━━━━━━━━━━━━━━━━━━━━━━━━
2026-05-27 16:04:40,147  INFO    PASO 3/3 — Subir Excel a Google Drive
2026-05-27 16:04:40,148  INFO  ━━━━━━━━━━━━━━━━━━━━━━━━━━━━━━━━━━━━━━━━━━━━━━━━━━━━━━━
2026-05-27 16:04:43,994  INFO  =======================================================
2026-05-27 16:04:43,995  INFO    PASO 2 — Subir a Drive y actualizar Google Sheets
2026-05-27 16:04:43,996  INFO  =======================================================
2026-05-27 16:04:44,011  INFO  Procesando: Reportes_Completos_2026-05-27.xlsx (2.3 MB)
2026-05-27 16:04:44,116  INFO  file_cache is only supported with oauth2client<4.0.0
2026-05-27 16:04:44,145  INFO  file_cache is only supported with oauth2client<4.0.0
2026-05-27 16:04:45,342  INFO  Creando Excel nuevo en Drive...
2026-05-27 16:04:47,604  INFO  ✅ Excel subido a Drive: Reportes_Completos_Actualizado.xlsx
2026-05-27 16:04:47,604  INFO  Leyendo Excel para actualizar Google Sheets...
2026-05-27 16:04:47,627  INFO  Pestañas encontradas en Excel: ['base_completo', 'calendario', 'Inventario_aceros', 'Ordenes_de_produccion', 'Ventas_Full', 'WIP']
2026-05-27 16:04:48,683  INFO  Actualizando Base Produccion → 'Orden de Produccion' (3,134 filas)...
2026-05-27 16:04:49,875  INFO    Limpiando hoja 'Orden de Produccion'...
2026-05-27 16:04:50,680  INFO    Escribiendo 3,134 filas en 'Orden de Produccion'...
2026-05-27 16:04:53,685  INFO    ✅ Hoja 'Orden de Produccion' actualizada.
2026-05-27 16:04:53,689  WARNING    Pestaña 'Pendiente_a_facturar' no encontrada en el Excel, saltando...
2026-05-27 16:04:53,690  WARNING    Pestaña 'Vales_de_Salida' no encontrada en el Excel, saltando...
2026-05-27 16:04:54,643  INFO  Actualizando Base Produccion → 'Ventas_Full' (1,678 filas)...
2026-05-27 16:04:55,421  INFO    Limpiando hoja 'Ventas_Full'...
2026-05-27 16:04:55,899  INFO    Escribiendo 1,678 filas en 'Ventas_Full'...
2026-05-27 16:04:57,921  INFO    ✅ Hoja 'Ventas_Full' actualizada.
2026-05-27 16:04:57,941  INFO  Actualizando Base Produccion → 'WIP' (25 filas)...
2026-05-27 16:04:58,570  INFO    Limpiando hoja 'WIP'...
2026-05-27 16:04:58,901  INFO    Escribiendo 25 filas en 'WIP'...
2026-05-27 16:04:59,236  INFO    ✅ Hoja 'WIP' actualizada.
2026-05-27 16:05:00,490  INFO  Actualizando Presupuestos → 'Ventas Full Manager' (1,678 filas)...
2026-05-27 16:05:01,305  INFO    Limpiando hoja 'Ventas Full Manager'...
2026-05-27 16:05:01,828  INFO    Escribiendo 1,678 filas en 'Ventas Full Manager'...
2026-05-27 16:05:04,339  INFO    ✅ Hoja 'Ventas Full Manager' actualizada.
2026-05-27 16:05:04,343  INFO  
2026-05-27 16:05:04,343  INFO  ✅ Todo actualizado:
2026-05-27 16:05:04,344  INFO     📁 Drive: Reportes_Completos_Actualizado.xlsx
2026-05-27 16:05:04,344  INFO     📊 Base Produccion: ['Orden de Produccion', 'Por Facturar', 'Vales de Salida', 'Ventas_Full', 'WIP']
2026-05-27 16:05:04,345  INFO     📊 Presupuestos: Ventas Full Manager
2026-05-27 16:05:04,347  INFO  
2026-05-27 16:05:04,348  INFO  ╔═════════════════════════════════════════════════════╗
2026-05-27 16:05:04,348  INFO  ║  ✅ PIPELINE COMPLETADO en 192s                      ║
2026-05-27 16:05:04,349  INFO  ║  📊 Excel en Drive: VentasFull_Actualizado.xlsx      ║
2026-05-27 16:05:04,349  INFO  ╚═════════════════════════════════════════════════════╝
2026-05-27 16:07:41,826  INFO  ╔═════════════════════════════════════════════════════╗
2026-05-27 16:07:41,827  INFO  ║   PIPELINE VENTAS FULL — Inicio: 2026-05-27 16:07   ║
2026-05-27 16:07:41,828  INFO  ╚═════════════════════════════════════════════════════╝
2026-05-27 16:07:41,829  INFO  
2026-05-27 16:07:41,829  INFO  ━━━━━━━━━━━━━━━━━━━━━━━━━━━━━━━━━━━━━━━━━━━━━━━━━━━━━━━
2026-05-27 16:07:41,829  INFO    PASO 1/3 — Descargar backup desde Manager
2026-05-27 16:07:41,829  INFO  ━━━━━━━━━━━━━━━━━━━━━━━━━━━━━━━━━━━━━━━━━━━━━━━━━━━━━━━
2026-05-27 16:07:42,214  INFO  =======================================================
2026-05-27 16:07:42,215  INFO    Iniciando descarga automática de backup Manager
2026-05-27 16:07:42,216  INFO  =======================================================
2026-05-27 16:07:42,218  INFO  ====== WebDriver manager ======
2026-05-27 16:07:43,761  INFO  Get LATEST chromedriver version for google-chrome
2026-05-27 16:07:44,221  INFO  Get LATEST chromedriver version for google-chrome
2026-05-27 16:07:44,567  INFO  Driver [C:\Users\atorr\.wdm\drivers\chromedriver\win64\148.0.7778.178\chromedriver-win32/chromedriver.exe] found in cache
2026-05-27 16:07:46,387  INFO  Abriendo login: https://prodkernel.manager.cl/index.html
2026-05-27 16:07:48,326  INFO  Inputs visibles: 3
2026-05-27 16:07:48,617  INFO  Login enviado...
2026-05-27 16:07:52,630  INFO  ✅ Login exitoso. session_id: e528a383...
2026-05-27 16:07:52,630  INFO  Navegando a: https://prodkernel.manager.cl/managerbackups.html?session_id=e528a3835c376287326b8f0422a8b768&cd=prodkernel
2026-05-27 16:07:52,717  INFO  Recarga 1/10...
2026-05-27 16:07:56,802  INFO    filas .bak encontradas: 3
2026-05-27 16:07:56,803  INFO  ✅ Tabla cargada en recarga 1.
2026-05-27 16:07:56,847  INFO    Ignorando: 2026-5-27-T779354202A.bak
2026-05-27 16:07:56,875  INFO    Ignorando: 2026-5-27-T779354202B.bak
2026-05-27 16:07:56,901  INFO  Backup seleccionado: 2026-5-27-T779354202C.bak (2026-05-27 10:12:48+00:00)
2026-05-27 16:07:56,909  INFO  HTML fila completa: <td class="bucket">mng-respaldos-poliuretano</td><td class="Key">2026-5-27-T779354202C.bak</td><td class="LastModified">2026-05-27 10:12:48+00:00</td><td class="Size">0.15 GB</td><td class="presigned_url" style="display: none;">https://mng-respaldos-poliuretano.s3.amazonaws.com/2026-5-27-T779354202C.bak?AWSAccessKeyId=AKIAZPIFFWJDVFW267ZG&amp;Signature=Tsrz0Qei2lxpLsjz%2BwITaXKb%2BEM%3D&amp;Expires=1779912772</td><td><i onclick="downloadbackup($(this).parent().parent())" class="fas fa-download">
2026-05-27 16:07:59,120  INFO  Descargando 2026-5-27-T779354202C.bak desde S3...
2026-05-27 16:08:01,615  INFO    10 MB / 147 MB (7%)
2026-05-27 16:08:02,566  INFO    21 MB / 147 MB (14%)
2026-05-27 16:08:03,261  INFO    31 MB / 147 MB (21%)
2026-05-27 16:08:04,220  INFO    42 MB / 147 MB (28%)
2026-05-27 16:08:05,467  INFO    52 MB / 147 MB (36%)
2026-05-27 16:08:06,635  INFO    63 MB / 147 MB (43%)
2026-05-27 16:08:07,707  INFO    73 MB / 147 MB (50%)
2026-05-27 16:08:08,807  INFO    84 MB / 147 MB (57%)
2026-05-27 16:08:10,078  INFO    94 MB / 147 MB (64%)
2026-05-27 16:08:11,398  INFO    105 MB / 147 MB (71%)
2026-05-27 16:08:12,703  INFO    115 MB / 147 MB (78%)
2026-05-27 16:08:13,991  INFO    126 MB / 147 MB (85%)
2026-05-27 16:08:15,443  INFO    136 MB / 147 MB (93%)
2026-05-27 16:08:17,073  INFO    147 MB / 147 MB (100%)
2026-05-27 16:08:17,143  INFO    147 MB / 147 MB (100%)
2026-05-27 16:08:17,146  INFO  ✅ Descarga completa: 2026-5-27-T779354202C.bak (147.3 MB)
2026-05-27 16:08:17,149  INFO  Backup guardado en: C:\Backups\Manager\2026-5-27-T779354202C_2026-05-27_1779912497.bak
2026-05-27 16:08:17,150  INFO  ✅ Éxito — backup guardado en: C:\Backups\Manager\2026-5-27-T779354202C_2026-05-27_1779912497.bak
2026-05-27 16:08:21,247  WARNING  Retrying (Retry(total=2, connect=None, read=None, redirect=None, status=None)) after connection broken by 'NewConnectionError("HTTPConnection(host='localhost', port=64356): Failed to establish a new connection: [WinError 10061] No se puede establecer una conexión ya que el equipo de destino denegó expresamente dicha conexión")': /session/fd3fbb3528f6dcf4ebf18d5538a4fd5d
2026-05-27 16:08:25,334  WARNING  Retrying (Retry(total=1, connect=None, read=None, redirect=None, status=None)) after connection broken by 'NewConnectionError("HTTPConnection(host='localhost', port=64356): Failed to establish a new connection: [WinError 10061] No se puede establecer una conexión ya que el equipo de destino denegó expresamente dicha conexión")': /session/fd3fbb3528f6dcf4ebf18d5538a4fd5d
2026-05-27 16:08:29,414  WARNING  Retrying (Retry(total=0, connect=None, read=None, redirect=None, status=None)) after connection broken by 'NewConnectionError("HTTPConnection(host='localhost', port=64356): Failed to establish a new connection: [WinError 10061] No se puede establecer una conexión ya que el equipo de destino denegó expresamente dicha conexión")': /session/fd3fbb3528f6dcf4ebf18d5538a4fd5d
2026-05-27 16:08:33,497  INFO  
2026-05-27 16:08:33,497  INFO  ━━━━━━━━━━━━━━━━━━━━━━━━━━━━━━━━━━━━━━━━━━━━━━━━━━━━━━━
2026-05-27 16:08:33,498  INFO    PASO 2/3 — Restaurar BD y extraer Ventas Full
2026-05-27 16:08:33,499  INFO  ━━━━━━━━━━━━━━━━━━━━━━━━━━━━━━━━━━━━━━━━━━━━━━━━━━━━━━━
2026-05-27 16:08:34,910  INFO  ============================================================
2026-05-27 16:08:34,910  INFO    PASO 1 — Restaurar BD y extraer Múltiples Reportes
2026-05-27 16:08:34,911  INFO  ============================================================
2026-05-27 16:08:34,924  INFO  Usando .bak de ultimo_bak.txt: 2026-5-27-T779354202C_2026-05-27_1779912497.bak
2026-05-27 16:08:34,925  INFO  Usando backup: 2026-5-27-T779354202C_2026-05-27_1779912497.bak
2026-05-27 16:08:34,925  INFO  Restaurando 2026-5-27-T779354202C_2026-05-27_1779912497.bak como 'T779354202A'...
2026-05-27 16:08:34,926  INFO  Copiando .bak a C:\Program Files\Microsoft SQL Server\MSSQL17.SQLEXPRESS\MSSQL\DATA\2026-5-27-T779354202C_2026-05-27_1779912497.bak...
2026-05-27 16:08:35,607  INFO  Ejecutando RESTORE DATABASE...
2026-05-27 16:09:19,892  INFO  ✅ BD 'T779354202A' restaurada correctamente.
2026-05-27 16:09:19,893  INFO  Conectando a 'T779354202A' para extraer reportes...
2026-05-27 16:09:19,941  INFO  Ejecutando: base_completo...
2026-05-27 16:09:21,283  INFO    └─ 8,736 filas extraídas.
2026-05-27 16:09:21,284  INFO  Ejecutando: calendario...
2026-05-27 16:09:21,447  INFO    └─ 94 filas extraídas.
2026-05-27 16:09:21,448  INFO  Ejecutando: Inventario_aceros...
2026-05-27 16:09:21,470  INFO    └─ 144 filas extraídas.
2026-05-27 16:09:21,470  INFO  Ejecutando: Notas_de_venta...
2026-05-27 16:09:21,473  ERROR    └─ Error ejecutando Notas_de_venta: ('42000', "[42000] [Microsoft][ODBC Driver 17 for SQL Server][SQL Server]Incorrect syntax near 'T779354202C'. (102) (SQLExecDirectW)")
2026-05-27 16:09:21,473  INFO  Ejecutando: Ordenes_de_Compra...
2026-05-27 16:09:21,479  ERROR    └─ Error ejecutando Ordenes_de_Compra: ('42000', '[42000] [Microsoft][ODBC Driver 17 for SQL Server][SQL Server]ORDER BY items must appear in the select list if SELECT DISTINCT is specified. (145) (SQLExecDirectW)')
2026-05-27 16:09:21,479  INFO  Ejecutando: Ordenes_de_produccion...
2026-05-27 16:09:21,637  INFO    └─ 3,134 filas extraídas.
2026-05-27 16:09:21,637  INFO  Ejecutando: Pendiente_a_facturar...
2026-05-27 16:09:21,644  ERROR    └─ Error ejecutando Pendiente_a_facturar: ('42000', '[42000] [Microsoft][ODBC Driver 17 for SQL Server][SQL Server]ORDER BY items must appear in the select list if SELECT DISTINCT is specified. (145) (SQLExecDirectW)')
2026-05-27 16:09:21,644  INFO  Ejecutando: Vales_de_Salida...
2026-05-27 16:09:21,657  ERROR    └─ Error ejecutando Vales_de_Salida: ('42000', '[42000] [Microsoft][ODBC Driver 17 for SQL Server][SQL Server]ORDER BY items must appear in the select list if SELECT DISTINCT is specified. (145) (SQLExecDirectW)')
2026-05-27 16:09:21,657  INFO  Ejecutando: Ventas_Full...
2026-05-27 16:09:22,255  INFO    └─ 1,678 filas extraídas.
2026-05-27 16:09:22,256  INFO  Ejecutando: WIP...
2026-05-27 16:09:22,384  INFO    └─ 25 filas extraídas.
2026-05-27 16:09:22,386  INFO  Exportando a Excel multipestaña: C:\Reportes\VentasFull\Reportes_Completos_2026-05-27.xlsx
2026-05-27 16:09:59,954  INFO  ✅ Excel generado: C:\Reportes\VentasFull\Reportes_Completos_2026-05-27.xlsx (2.3 MB)
2026-05-27 16:09:59,955  INFO  ✅ Proceso Completado → C:\Reportes\VentasFull\Reportes_Completos_2026-05-27.xlsx
2026-05-27 16:09:59,972  INFO  
2026-05-27 16:09:59,972  INFO  ━━━━━━━━━━━━━━━━━━━━━━━━━━━━━━━━━━━━━━━━━━━━━━━━━━━━━━━
2026-05-27 16:09:59,972  INFO    PASO 3/3 — Subir Excel a Google Drive
2026-05-27 16:09:59,973  INFO  ━━━━━━━━━━━━━━━━━━━━━━━━━━━━━━━━━━━━━━━━━━━━━━━━━━━━━━━
2026-05-27 16:10:01,082  INFO  =======================================================
2026-05-27 16:10:01,082  INFO    PASO 2 — Subir a Drive y actualizar Google Sheets
2026-05-27 16:10:01,084  INFO  =======================================================
2026-05-27 16:10:01,087  INFO  Procesando: Reportes_Completos_2026-05-27.xlsx (2.3 MB)
2026-05-27 16:10:01,147  INFO  file_cache is only supported with oauth2client<4.0.0
2026-05-27 16:10:01,152  INFO  file_cache is only supported with oauth2client<4.0.0
2026-05-27 16:10:02,301  INFO  Creando Excel nuevo en Drive...
2026-05-27 16:10:04,613  INFO  ✅ Excel subido a Drive: Reportes_Completos_Actualizado.xlsx
2026-05-27 16:10:04,613  INFO  Leyendo Excel para actualizar Google Sheets...
2026-05-27 16:10:04,630  INFO  Pestañas encontradas en Excel: ['base_completo', 'calendario', 'Inventario_aceros', 'Ordenes_de_produccion', 'Ventas_Full', 'WIP']
2026-05-27 16:10:06,017  INFO  Actualizando Base Produccion → 'Orden de Produccion' (3,134 filas)...
2026-05-27 16:10:07,299  INFO    Limpiando hoja 'Orden de Produccion'...
2026-05-27 16:10:08,003  INFO    Escribiendo 3,134 filas en 'Orden de Produccion'...
2026-05-27 16:10:10,441  INFO    ✅ Hoja 'Orden de Produccion' actualizada.
2026-05-27 16:10:10,444  WARNING    Pestaña 'Pendiente_a_facturar' no encontrada en el Excel, saltando...
2026-05-27 16:10:10,444  WARNING    Pestaña 'Vales_de_Salida' no encontrada en el Excel, saltando...
2026-05-27 16:10:11,659  INFO  Actualizando Base Produccion → 'Ventas_Full' (1,678 filas)...
2026-05-27 16:10:12,245  INFO    Limpiando hoja 'Ventas_Full'...
2026-05-27 16:10:12,648  INFO    Escribiendo 1,678 filas en 'Ventas_Full'...
2026-05-27 16:10:14,417  INFO    ✅ Hoja 'Ventas_Full' actualizada.
2026-05-27 16:10:14,450  INFO  Actualizando Base Produccion → 'WIP' (25 filas)...
2026-05-27 16:10:14,994  INFO    Limpiando hoja 'WIP'...
2026-05-27 16:10:15,220  INFO    Escribiendo 25 filas en 'WIP'...
2026-05-27 16:10:15,524  INFO    ✅ Hoja 'WIP' actualizada.
2026-05-27 16:10:16,713  INFO  Actualizando Presupuestos → 'Ventas Full Manager' (1,678 filas)...
2026-05-27 16:10:17,392  INFO    Limpiando hoja 'Ventas Full Manager'...
2026-05-27 16:10:17,867  INFO    Escribiendo 1,678 filas en 'Ventas Full Manager'...
2026-05-27 16:10:19,862  INFO    ✅ Hoja 'Ventas Full Manager' actualizada.
2026-05-27 16:10:19,866  INFO  
2026-05-27 16:10:19,867  INFO  ✅ Todo actualizado:
2026-05-27 16:10:19,867  INFO     📁 Drive: Reportes_Completos_Actualizado.xlsx
2026-05-27 16:10:19,867  INFO     📊 Base Produccion: ['Orden de Produccion', 'Por Facturar', 'Vales de Salida', 'Ventas_Full', 'WIP']
2026-05-27 16:10:19,867  INFO     📊 Presupuestos: Ventas Full Manager
2026-05-27 16:10:19,869  INFO  
2026-05-27 16:10:19,869  INFO  ╔═════════════════════════════════════════════════════╗
2026-05-27 16:10:19,870  INFO  ║  ✅ PIPELINE COMPLETADO en 158s                      ║
2026-05-27 16:10:19,870  INFO  ║  📊 Excel en Drive: VentasFull_Actualizado.xlsx      ║
2026-05-27 16:10:19,871  INFO  ╚═════════════════════════════════════════════════════╝
2026-05-27 16:11:36,517  INFO  ╔═════════════════════════════════════════════════════╗
2026-05-27 16:11:36,518  INFO  ║   PIPELINE VENTAS FULL — Inicio: 2026-05-27 16:11   ║
2026-05-27 16:11:36,518  INFO  ╚═════════════════════════════════════════════════════╝
2026-05-27 16:11:36,518  INFO  
2026-05-27 16:11:36,518  INFO  ━━━━━━━━━━━━━━━━━━━━━━━━━━━━━━━━━━━━━━━━━━━━━━━━━━━━━━━
2026-05-27 16:11:36,518  INFO    PASO 1/3 — Descargar backup desde Manager
2026-05-27 16:11:36,519  INFO  ━━━━━━━━━━━━━━━━━━━━━━━━━━━━━━━━━━━━━━━━━━━━━━━━━━━━━━━
2026-05-27 16:11:36,924  INFO  =======================================================
2026-05-27 16:11:36,924  INFO    Iniciando descarga automática de backup Manager
2026-05-27 16:11:36,924  INFO  =======================================================
2026-05-27 16:11:36,926  INFO  ====== WebDriver manager ======
2026-05-27 16:11:38,296  INFO  Get LATEST chromedriver version for google-chrome
2026-05-27 16:11:38,656  INFO  Get LATEST chromedriver version for google-chrome
2026-05-27 16:11:38,997  INFO  Driver [C:\Users\atorr\.wdm\drivers\chromedriver\win64\148.0.7778.178\chromedriver-win32/chromedriver.exe] found in cache
2026-05-27 16:11:40,189  INFO  Abriendo login: https://prodkernel.manager.cl/index.html
2026-05-27 16:11:42,080  INFO  Inputs visibles: 3
2026-05-27 16:11:42,353  INFO  Login enviado...
2026-05-27 16:11:46,367  INFO  ✅ Login exitoso. session_id: 3323413f...
2026-05-27 16:11:46,367  INFO  Navegando a: https://prodkernel.manager.cl/managerbackups.html?session_id=3323413f153cb1a17e3aaf5425d3213c&cd=prodkernel
2026-05-27 16:11:46,483  INFO  Recarga 1/10...
2026-05-27 16:11:50,571  INFO    filas .bak encontradas: 3
2026-05-27 16:11:50,571  INFO  ✅ Tabla cargada en recarga 1.
2026-05-27 16:11:50,632  INFO    Ignorando: 2026-5-27-T779354202A.bak
2026-05-27 16:11:50,663  INFO    Ignorando: 2026-5-27-T779354202B.bak
2026-05-27 16:11:50,693  INFO  Backup seleccionado: 2026-5-27-T779354202C.bak (2026-05-27 10:12:48+00:00)
2026-05-27 16:11:50,702  INFO  HTML fila completa: <td class="bucket">mng-respaldos-poliuretano</td><td class="Key">2026-5-27-T779354202C.bak</td><td class="LastModified">2026-05-27 10:12:48+00:00</td><td class="Size">0.15 GB</td><td class="presigned_url" style="display: none;">https://mng-respaldos-poliuretano.s3.amazonaws.com/2026-5-27-T779354202C.bak?AWSAccessKeyId=AKIAZPIFFWJDVFW267ZG&amp;Signature=Cqb18QjhZ257btqxcaRWbRCmUw8%3D&amp;Expires=1779913006</td><td><i onclick="downloadbackup($(this).parent().parent())" class="fas fa-download"></i>
2026-05-27 16:11:52,942  INFO  Descargando 2026-5-27-T779354202C.bak desde S3...
2026-05-27 16:11:55,751  INFO    10 MB / 147 MB (7%)
2026-05-27 16:11:56,556  INFO    21 MB / 147 MB (14%)
2026-05-27 16:11:57,350  INFO    31 MB / 147 MB (21%)
2026-05-27 16:11:58,398  INFO    42 MB / 147 MB (28%)
2026-05-27 16:12:00,260  INFO    52 MB / 147 MB (36%)
2026-05-27 16:12:03,123  INFO    63 MB / 147 MB (43%)
2026-05-27 16:12:06,241  INFO    73 MB / 147 MB (50%)
2026-05-27 16:12:09,197  INFO    84 MB / 147 MB (57%)
2026-05-27 16:12:12,589  INFO    94 MB / 147 MB (64%)
2026-05-27 16:12:15,627  INFO    105 MB / 147 MB (71%)
2026-05-27 16:12:18,503  INFO    115 MB / 147 MB (78%)
2026-05-27 16:12:21,271  INFO    126 MB / 147 MB (85%)
2026-05-27 16:12:23,647  INFO    136 MB / 147 MB (93%)
2026-05-27 16:12:25,754  INFO    147 MB / 147 MB (100%)
2026-05-27 16:12:25,842  INFO    147 MB / 147 MB (100%)
2026-05-27 16:12:25,843  INFO  ✅ Descarga completa: 2026-5-27-T779354202C.bak (147.3 MB)
2026-05-27 16:12:25,847  INFO  Backup guardado en: C:\Backups\Manager\2026-5-27-T779354202C_2026-05-27_1779912745.bak
2026-05-27 16:12:25,847  INFO  ✅ Éxito — backup guardado en: C:\Backups\Manager\2026-5-27-T779354202C_2026-05-27_1779912745.bak
2026-05-27 16:12:29,931  WARNING  Retrying (Retry(total=2, connect=None, read=None, redirect=None, status=None)) after connection broken by 'NewConnectionError("HTTPConnection(host='localhost', port=55589): Failed to establish a new connection: [WinError 10061] No se puede establecer una conexión ya que el equipo de destino denegó expresamente dicha conexión")': /session/8917f0558d1a195a918ded46512a9806
2026-05-27 16:12:34,007  WARNING  Retrying (Retry(total=1, connect=None, read=None, redirect=None, status=None)) after connection broken by 'NewConnectionError("HTTPConnection(host='localhost', port=55589): Failed to establish a new connection: [WinError 10061] No se puede establecer una conexión ya que el equipo de destino denegó expresamente dicha conexión")': /session/8917f0558d1a195a918ded46512a9806
2026-05-27 16:12:38,086  WARNING  Retrying (Retry(total=0, connect=None, read=None, redirect=None, status=None)) after connection broken by 'NewConnectionError("HTTPConnection(host='localhost', port=55589): Failed to establish a new connection: [WinError 10061] No se puede establecer una conexión ya que el equipo de destino denegó expresamente dicha conexión")': /session/8917f0558d1a195a918ded46512a9806
2026-05-27 16:12:42,167  INFO  
2026-05-27 16:12:42,168  INFO  ━━━━━━━━━━━━━━━━━━━━━━━━━━━━━━━━━━━━━━━━━━━━━━━━━━━━━━━
2026-05-27 16:12:42,169  INFO    PASO 2/3 — Restaurar BD y extraer Ventas Full
2026-05-27 16:12:42,169  INFO  ━━━━━━━━━━━━━━━━━━━━━━━━━━━━━━━━━━━━━━━━━━━━━━━━━━━━━━━
2026-05-27 16:12:43,128  INFO  ============================================================
2026-05-27 16:12:43,128  INFO    PASO 1 — Restaurar BD y extraer Múltiples Reportes
2026-05-27 16:12:43,129  INFO  ============================================================
2026-05-27 16:12:43,145  INFO  Usando .bak de ultimo_bak.txt: 2026-5-27-T779354202C_2026-05-27_1779912745.bak
2026-05-27 16:12:43,145  INFO  Usando backup: 2026-5-27-T779354202C_2026-05-27_1779912745.bak
2026-05-27 16:12:43,145  INFO  Restaurando 2026-5-27-T779354202C_2026-05-27_1779912745.bak como 'T779354202A'...
2026-05-27 16:12:43,145  INFO  Copiando .bak a C:\Program Files\Microsoft SQL Server\MSSQL17.SQLEXPRESS\MSSQL\DATA\2026-5-27-T779354202C_2026-05-27_1779912745.bak...
2026-05-27 16:12:43,899  INFO  Ejecutando RESTORE DATABASE...
2026-05-27 16:13:28,173  INFO  ✅ BD 'T779354202A' restaurada correctamente.
2026-05-27 16:13:28,173  INFO  Conectando a 'T779354202A' para extraer reportes...
2026-05-27 16:13:28,222  INFO  Ejecutando: base_completo...
2026-05-27 16:13:29,574  INFO    └─ 8,736 filas extraídas.
2026-05-27 16:13:29,574  INFO  Ejecutando: calendario...
2026-05-27 16:13:29,778  INFO    └─ 94 filas extraídas.
2026-05-27 16:13:29,779  INFO  Ejecutando: Inventario_aceros...
2026-05-27 16:13:29,802  INFO    └─ 144 filas extraídas.
2026-05-27 16:13:29,803  INFO  Ejecutando: Notas_de_venta...
2026-05-27 16:13:29,836  INFO    └─ 715 filas extraídas.
2026-05-27 16:13:29,836  INFO  Ejecutando: Ordenes_de_Compra...
2026-05-27 16:13:29,841  ERROR    └─ Error ejecutando Ordenes_de_Compra: ('42000', '[42000] [Microsoft][ODBC Driver 17 for SQL Server][SQL Server]ORDER BY items must appear in the select list if SELECT DISTINCT is specified. (145) (SQLExecDirectW)')
2026-05-27 16:13:29,842  INFO  Ejecutando: Ordenes_de_produccion...
2026-05-27 16:13:30,006  INFO    └─ 3,134 filas extraídas.
2026-05-27 16:13:30,006  INFO  Ejecutando: Pendiente_a_facturar...
2026-05-27 16:13:30,011  ERROR    └─ Error ejecutando Pendiente_a_facturar: ('42000', '[42000] [Microsoft][ODBC Driver 17 for SQL Server][SQL Server]ORDER BY items must appear in the select list if SELECT DISTINCT is specified. (145) (SQLExecDirectW)')
2026-05-27 16:13:30,012  INFO  Ejecutando: Vales_de_Salida...
2026-05-27 16:13:30,023  ERROR    └─ Error ejecutando Vales_de_Salida: ('42000', '[42000] [Microsoft][ODBC Driver 17 for SQL Server][SQL Server]ORDER BY items must appear in the select list if SELECT DISTINCT is specified. (145) (SQLExecDirectW)')
2026-05-27 16:13:30,024  INFO  Ejecutando: Ventas_Full...
2026-05-27 16:13:30,648  INFO    └─ 1,678 filas extraídas.
2026-05-27 16:13:30,648  INFO  Ejecutando: WIP...
2026-05-27 16:13:30,775  INFO    └─ 25 filas extraídas.
2026-05-27 16:13:30,776  INFO  Exportando a Excel multipestaña: C:\Reportes\VentasFull\Reportes_Completos_2026-05-27.xlsx
2026-05-27 16:14:13,614  INFO  ✅ Excel generado: C:\Reportes\VentasFull\Reportes_Completos_2026-05-27.xlsx (2.4 MB)
2026-05-27 16:14:13,619  INFO  ✅ Proceso Completado → C:\Reportes\VentasFull\Reportes_Completos_2026-05-27.xlsx
2026-05-27 16:14:13,639  INFO  
2026-05-27 16:14:13,640  INFO  ━━━━━━━━━━━━━━━━━━━━━━━━━━━━━━━━━━━━━━━━━━━━━━━━━━━━━━━
2026-05-27 16:14:13,640  INFO    PASO 3/3 — Subir Excel a Google Drive
2026-05-27 16:14:13,640  INFO  ━━━━━━━━━━━━━━━━━━━━━━━━━━━━━━━━━━━━━━━━━━━━━━━━━━━━━━━
2026-05-27 16:14:14,703  INFO  =======================================================
2026-05-27 16:14:14,704  INFO    PASO 2 — Subir a Drive y actualizar Google Sheets
2026-05-27 16:14:14,705  INFO  =======================================================
2026-05-27 16:14:14,707  INFO  Procesando: Reportes_Completos_2026-05-27.xlsx (2.4 MB)
2026-05-27 16:14:14,750  INFO  file_cache is only supported with oauth2client<4.0.0
2026-05-27 16:14:14,754  INFO  file_cache is only supported with oauth2client<4.0.0
2026-05-27 16:14:15,844  INFO  Creando Excel nuevo en Drive...
2026-05-27 16:14:18,083  INFO  ✅ Excel subido a Drive: Reportes_Completos_Actualizado.xlsx
2026-05-27 16:14:18,084  INFO  Leyendo Excel para actualizar Google Sheets...
2026-05-27 16:14:18,100  INFO  Pestañas encontradas en Excel: ['base_completo', 'calendario', 'Inventario_aceros', 'Notas_de_venta', 'Ordenes_de_produccion', 'Ventas_Full', 'WIP']
2026-05-27 16:14:18,908  INFO  Actualizando Base Produccion → 'Orden de Produccion' (3,134 filas)...
2026-05-27 16:14:20,160  INFO    Limpiando hoja 'Orden de Produccion'...
2026-05-27 16:14:20,888  INFO    Escribiendo 3,134 filas en 'Orden de Produccion'...
2026-05-27 16:14:24,185  INFO    ✅ Hoja 'Orden de Produccion' actualizada.
2026-05-27 16:14:24,188  WARNING    Pestaña 'Pendiente_a_facturar' no encontrada en el Excel, saltando...
2026-05-27 16:14:24,189  WARNING    Pestaña 'Vales_de_Salida' no encontrada en el Excel, saltando...
2026-05-27 16:14:24,979  INFO  Actualizando Base Produccion → 'Ventas_Full' (1,678 filas)...
2026-05-27 16:14:25,734  INFO    Limpiando hoja 'Ventas_Full'...
2026-05-27 16:14:26,236  INFO    Escribiendo 1,678 filas en 'Ventas_Full'...
2026-05-27 16:14:28,301  INFO    ✅ Hoja 'Ventas_Full' actualizada.
2026-05-27 16:14:28,323  INFO  Actualizando Base Produccion → 'WIP' (25 filas)...
2026-05-27 16:14:28,986  INFO    Limpiando hoja 'WIP'...
2026-05-27 16:14:29,310  INFO    Escribiendo 25 filas en 'WIP'...
2026-05-27 16:14:29,563  INFO    ✅ Hoja 'WIP' actualizada.
2026-05-27 16:14:30,608  INFO  Actualizando Presupuestos → 'Ventas Full Manager' (1,678 filas)...
2026-05-27 16:14:31,503  INFO    Limpiando hoja 'Ventas Full Manager'...
2026-05-27 16:14:32,025  INFO    Escribiendo 1,678 filas en 'Ventas Full Manager'...
2026-05-27 16:14:34,323  INFO    ✅ Hoja 'Ventas Full Manager' actualizada.
2026-05-27 16:14:34,327  INFO  
2026-05-27 16:14:34,327  INFO  ✅ Todo actualizado:
2026-05-27 16:14:34,327  INFO     📁 Drive: Reportes_Completos_Actualizado.xlsx
2026-05-27 16:14:34,327  INFO     📊 Base Produccion: ['Orden de Produccion', 'Por Facturar', 'Vales de Salida', 'Ventas_Full', 'WIP']
2026-05-27 16:14:34,328  INFO     📊 Presupuestos: Ventas Full Manager
2026-05-27 16:14:34,330  INFO  
2026-05-27 16:14:34,330  INFO  ╔═════════════════════════════════════════════════════╗
2026-05-27 16:14:34,331  INFO  ║  ✅ PIPELINE COMPLETADO en 177s                      ║
2026-05-27 16:14:34,331  INFO  ║  📊 Excel en Drive: VentasFull_Actualizado.xlsx      ║
2026-05-27 16:14:34,331  INFO  ╚═════════════════════════════════════════════════════╝
2026-05-27 16:17:21,016  INFO  ╔═════════════════════════════════════════════════════╗
2026-05-27 16:17:21,017  INFO  ║   PIPELINE VENTAS FULL — Inicio: 2026-05-27 16:17   ║
2026-05-27 16:17:21,017  INFO  ╚═════════════════════════════════════════════════════╝
2026-05-27 16:17:21,017  INFO  
2026-05-27 16:17:21,018  INFO  ━━━━━━━━━━━━━━━━━━━━━━━━━━━━━━━━━━━━━━━━━━━━━━━━━━━━━━━
2026-05-27 16:17:21,018  INFO    PASO 1/3 — Descargar backup desde Manager
2026-05-27 16:17:21,018  INFO  ━━━━━━━━━━━━━━━━━━━━━━━━━━━━━━━━━━━━━━━━━━━━━━━━━━━━━━━
2026-05-27 16:17:21,409  INFO  =======================================================
2026-05-27 16:17:21,409  INFO    Iniciando descarga automática de backup Manager
2026-05-27 16:17:21,410  INFO  =======================================================
2026-05-27 16:17:21,410  INFO  ====== WebDriver manager ======
2026-05-27 16:17:22,702  INFO  Get LATEST chromedriver version for google-chrome
2026-05-27 16:17:23,051  INFO  Get LATEST chromedriver version for google-chrome
2026-05-27 16:17:23,384  INFO  Driver [C:\Users\atorr\.wdm\drivers\chromedriver\win64\148.0.7778.178\chromedriver-win32/chromedriver.exe] found in cache
2026-05-27 16:17:24,563  INFO  Abriendo login: https://prodkernel.manager.cl/index.html
2026-05-27 16:17:26,545  INFO  Inputs visibles: 3
2026-05-27 16:17:26,826  INFO  Login enviado...
2026-05-27 16:17:30,838  INFO  ✅ Login exitoso. session_id: 44cc0382...
2026-05-27 16:17:30,838  INFO  Navegando a: https://prodkernel.manager.cl/managerbackups.html?session_id=44cc0382ecfc2344ad044c10a09d2422&cd=prodkernel
2026-05-27 16:17:30,984  INFO  Recarga 1/10...
2026-05-27 16:17:35,073  INFO    filas .bak encontradas: 3
2026-05-27 16:17:35,073  INFO  ✅ Tabla cargada en recarga 1.
2026-05-27 16:17:35,108  INFO    Ignorando: 2026-5-27-T779354202A.bak
2026-05-27 16:17:35,135  INFO    Ignorando: 2026-5-27-T779354202B.bak
2026-05-27 16:17:35,163  INFO  Backup seleccionado: 2026-5-27-T779354202C.bak (2026-05-27 10:12:48+00:00)
2026-05-27 16:17:35,172  INFO  HTML fila completa: <td class="bucket">mng-respaldos-poliuretano</td><td class="Key">2026-5-27-T779354202C.bak</td><td class="LastModified">2026-05-27 10:12:48+00:00</td><td class="Size">0.15 GB</td><td class="presigned_url" style="display: none;">https://mng-respaldos-poliuretano.s3.amazonaws.com/2026-5-27-T779354202C.bak?AWSAccessKeyId=AKIAZPIFFWJDVFW267ZG&amp;Signature=Vt4Exyu6eZy5oFG9TpVuCZXqGvA%3D&amp;Expires=1779913350</td><td><i onclick="downloadbackup($(this).parent().parent())" class="fas fa-download"></i>
2026-05-27 16:17:37,383  INFO  Descargando 2026-5-27-T779354202C.bak desde S3...
2026-05-27 16:17:39,984  INFO    10 MB / 147 MB (7%)
2026-05-27 16:17:40,549  INFO    21 MB / 147 MB (14%)
2026-05-27 16:17:41,986  INFO    31 MB / 147 MB (21%)
2026-05-27 16:17:43,041  INFO    42 MB / 147 MB (28%)
2026-05-27 16:17:44,193  INFO    52 MB / 147 MB (36%)
2026-05-27 16:17:45,466  INFO    63 MB / 147 MB (43%)
2026-05-27 16:17:46,744  INFO    73 MB / 147 MB (50%)
2026-05-27 16:17:48,346  INFO    84 MB / 147 MB (57%)
2026-05-27 16:17:50,339  INFO    94 MB / 147 MB (64%)
2026-05-27 16:17:52,261  INFO    105 MB / 147 MB (71%)
2026-05-27 16:17:54,063  INFO    115 MB / 147 MB (78%)
2026-05-27 16:17:55,853  INFO    126 MB / 147 MB (85%)
2026-05-27 16:17:57,968  INFO    136 MB / 147 MB (93%)
2026-05-27 16:17:59,950  INFO    147 MB / 147 MB (100%)
2026-05-27 16:18:00,060  INFO    147 MB / 147 MB (100%)
2026-05-27 16:18:00,061  INFO  ✅ Descarga completa: 2026-5-27-T779354202C.bak (147.3 MB)
2026-05-27 16:18:00,065  INFO  Backup guardado en: C:\Backups\Manager\2026-5-27-T779354202C_2026-05-27_1779913080.bak
2026-05-27 16:18:00,066  INFO  ✅ Éxito — backup guardado en: C:\Backups\Manager\2026-5-27-T779354202C_2026-05-27_1779913080.bak
2026-05-27 16:18:04,183  WARNING  Retrying (Retry(total=2, connect=None, read=None, redirect=None, status=None)) after connection broken by 'NewConnectionError("HTTPConnection(host='localhost', port=55322): Failed to establish a new connection: [WinError 10061] No se puede establecer una conexión ya que el equipo de destino denegó expresamente dicha conexión")': /session/42ff2f6e79fcce9079cd6e2651d5b49c
2026-05-27 16:18:08,267  WARNING  Retrying (Retry(total=1, connect=None, read=None, redirect=None, status=None)) after connection broken by 'NewConnectionError("HTTPConnection(host='localhost', port=55322): Failed to establish a new connection: [WinError 10061] No se puede establecer una conexión ya que el equipo de destino denegó expresamente dicha conexión")': /session/42ff2f6e79fcce9079cd6e2651d5b49c
2026-05-27 16:18:12,356  WARNING  Retrying (Retry(total=0, connect=None, read=None, redirect=None, status=None)) after connection broken by 'NewConnectionError("HTTPConnection(host='localhost', port=55322): Failed to establish a new connection: [WinError 10061] No se puede establecer una conexión ya que el equipo de destino denegó expresamente dicha conexión")': /session/42ff2f6e79fcce9079cd6e2651d5b49c
2026-05-27 16:18:16,420  INFO  
2026-05-27 16:18:16,420  INFO  ━━━━━━━━━━━━━━━━━━━━━━━━━━━━━━━━━━━━━━━━━━━━━━━━━━━━━━━
2026-05-27 16:18:16,421  INFO    PASO 2/3 — Restaurar BD y extraer Ventas Full
2026-05-27 16:18:16,421  INFO  ━━━━━━━━━━━━━━━━━━━━━━━━━━━━━━━━━━━━━━━━━━━━━━━━━━━━━━━
2026-05-27 16:18:17,360  INFO  ============================================================
2026-05-27 16:18:17,360  INFO    PASO 1 — Restaurar BD y extraer Múltiples Reportes
2026-05-27 16:18:17,361  INFO  ============================================================
2026-05-27 16:18:17,379  INFO  Usando .bak de ultimo_bak.txt: 2026-5-27-T779354202C_2026-05-27_1779913080.bak
2026-05-27 16:18:17,379  INFO  Usando backup: 2026-5-27-T779354202C_2026-05-27_1779913080.bak
2026-05-27 16:18:17,379  INFO  Restaurando 2026-5-27-T779354202C_2026-05-27_1779913080.bak como 'T779354202A'...
2026-05-27 16:18:17,380  INFO  Copiando .bak a C:\Program Files\Microsoft SQL Server\MSSQL17.SQLEXPRESS\MSSQL\DATA\2026-5-27-T779354202C_2026-05-27_1779913080.bak...
2026-05-27 16:18:17,808  INFO  Ejecutando RESTORE DATABASE...
2026-05-27 16:19:02,016  INFO  ✅ BD 'T779354202A' restaurada correctamente.
2026-05-27 16:19:02,017  INFO  Conectando a 'T779354202A' para extraer reportes...
2026-05-27 16:19:02,057  INFO  Ejecutando: base_completo...
2026-05-27 16:19:03,506  INFO    └─ 8,736 filas extraídas.
2026-05-27 16:19:03,507  INFO  Ejecutando: calendario...
2026-05-27 16:19:03,684  INFO    └─ 94 filas extraídas.
2026-05-27 16:19:03,685  INFO  Ejecutando: Inventario_aceros...
2026-05-27 16:19:03,718  INFO    └─ 144 filas extraídas.
2026-05-27 16:19:03,719  INFO  Ejecutando: Notas_de_venta...
2026-05-27 16:19:03,740  INFO    └─ 715 filas extraídas.
2026-05-27 16:19:03,740  INFO  Ejecutando: Ordenes_de_Compra...
2026-05-27 16:19:03,875  INFO    └─ 253 filas extraídas.
2026-05-27 16:19:03,875  INFO  Ejecutando: Ordenes_de_produccion...
2026-05-27 16:19:04,031  INFO    └─ 3,134 filas extraídas.
2026-05-27 16:19:04,032  INFO  Ejecutando: Pendiente_a_facturar...
2026-05-27 16:19:04,037  ERROR    └─ Error ejecutando Pendiente_a_facturar: ('42000', '[42000] [Microsoft][ODBC Driver 17 for SQL Server][SQL Server]ORDER BY items must appear in the select list if SELECT DISTINCT is specified. (145) (SQLExecDirectW)')
2026-05-27 16:19:04,038  INFO  Ejecutando: Vales_de_Salida...
2026-05-27 16:19:04,050  ERROR    └─ Error ejecutando Vales_de_Salida: ('42000', '[42000] [Microsoft][ODBC Driver 17 for SQL Server][SQL Server]ORDER BY items must appear in the select list if SELECT DISTINCT is specified. (145) (SQLExecDirectW)')
2026-05-27 16:19:04,050  INFO  Ejecutando: Ventas_Full...
2026-05-27 16:19:04,614  INFO    └─ 1,678 filas extraídas.
2026-05-27 16:19:04,615  INFO  Ejecutando: WIP...
2026-05-27 16:19:04,726  INFO    └─ 25 filas extraídas.
2026-05-27 16:19:04,727  INFO  Exportando a Excel multipestaña: C:\Reportes\VentasFull\Reportes_Completos_2026-05-27.xlsx
2026-05-27 16:19:54,221  INFO  ✅ Excel generado: C:\Reportes\VentasFull\Reportes_Completos_2026-05-27.xlsx (2.4 MB)
2026-05-27 16:19:54,223  INFO  ✅ Proceso Completado → C:\Reportes\VentasFull\Reportes_Completos_2026-05-27.xlsx
2026-05-27 16:19:54,236  INFO  
2026-05-27 16:19:54,236  INFO  ━━━━━━━━━━━━━━━━━━━━━━━━━━━━━━━━━━━━━━━━━━━━━━━━━━━━━━━
2026-05-27 16:19:54,236  INFO    PASO 3/3 — Subir Excel a Google Drive
2026-05-27 16:19:54,237  INFO  ━━━━━━━━━━━━━━━━━━━━━━━━━━━━━━━━━━━━━━━━━━━━━━━━━━━━━━━
2026-05-27 16:19:55,479  INFO  =======================================================
2026-05-27 16:19:55,483  INFO    PASO 2 — Subir a Drive y actualizar Google Sheets
2026-05-27 16:19:55,487  INFO  =======================================================
2026-05-27 16:19:55,496  INFO  Procesando: Reportes_Completos_2026-05-27.xlsx (2.4 MB)
2026-05-27 16:19:55,597  INFO  file_cache is only supported with oauth2client<4.0.0
2026-05-27 16:19:55,604  INFO  file_cache is only supported with oauth2client<4.0.0
2026-05-27 16:19:57,244  INFO  Creando Excel nuevo en Drive...
2026-05-27 16:19:59,535  INFO  ✅ Excel subido a Drive: Reportes_Completos_Actualizado.xlsx
2026-05-27 16:19:59,535  INFO  Leyendo Excel para actualizar Google Sheets...
2026-05-27 16:19:59,553  INFO  Pestañas encontradas en Excel: ['base_completo', 'calendario', 'Inventario_aceros', 'Notas_de_venta', 'Ordenes_de_Compra', 'Ordenes_de_produccion', 'Ventas_Full', 'WIP']
2026-05-27 16:20:00,266  INFO  Actualizando Base Produccion → 'Orden de Produccion' (3,134 filas)...
2026-05-27 16:20:01,443  INFO    Limpiando hoja 'Orden de Produccion'...
2026-05-27 16:20:02,096  INFO    Escribiendo 3,134 filas en 'Orden de Produccion'...
2026-05-27 16:20:04,631  INFO    ✅ Hoja 'Orden de Produccion' actualizada.
2026-05-27 16:20:04,634  WARNING    Pestaña 'Pendiente_a_facturar' no encontrada en el Excel, saltando...
2026-05-27 16:20:04,636  WARNING    Pestaña 'Vales_de_Salida' no encontrada en el Excel, saltando...
2026-05-27 16:20:05,397  INFO  Actualizando Base Produccion → 'Ventas_Full' (1,678 filas)...
2026-05-27 16:20:06,022  INFO    Limpiando hoja 'Ventas_Full'...
2026-05-27 16:20:06,481  INFO    Escribiendo 1,678 filas en 'Ventas_Full'...
2026-05-27 16:20:08,223  INFO    ✅ Hoja 'Ventas_Full' actualizada.
2026-05-27 16:20:08,686  INFO  Actualizando Base Produccion → 'WIP' (25 filas)...
2026-05-27 16:20:09,384  INFO    Limpiando hoja 'WIP'...
2026-05-27 16:20:09,650  INFO    Escribiendo 25 filas en 'WIP'...
2026-05-27 16:20:09,991  INFO    ✅ Hoja 'WIP' actualizada.
2026-05-27 16:20:10,597  INFO  Actualizando Presupuestos → 'Ventas Full Manager' (1,678 filas)...
2026-05-27 16:20:11,368  INFO    Limpiando hoja 'Ventas Full Manager'...
2026-05-27 16:20:11,949  INFO    Escribiendo 1,678 filas en 'Ventas Full Manager'...
2026-05-27 16:20:14,495  INFO    ✅ Hoja 'Ventas Full Manager' actualizada.
2026-05-27 16:20:14,499  INFO  
2026-05-27 16:20:14,500  INFO  ✅ Todo actualizado:
2026-05-27 16:20:14,500  INFO     📁 Drive: Reportes_Completos_Actualizado.xlsx
2026-05-27 16:20:14,500  INFO     📊 Base Produccion: ['Orden de Produccion', 'Por Facturar', 'Vales de Salida', 'Ventas_Full', 'WIP']
2026-05-27 16:20:14,500  INFO     📊 Presupuestos: Ventas Full Manager
2026-05-27 16:20:14,503  INFO  
2026-05-27 16:20:14,503  INFO  ╔═════════════════════════════════════════════════════╗
2026-05-27 16:20:14,504  INFO  ║  ✅ PIPELINE COMPLETADO en 173s                      ║
2026-05-27 16:20:14,504  INFO  ║  📊 Excel en Drive: VentasFull_Actualizado.xlsx      ║
2026-05-27 16:20:14,505  INFO  ╚═════════════════════════════════════════════════════╝
2026-05-27 16:23:21,924  INFO  ╔═════════════════════════════════════════════════════╗
2026-05-27 16:23:21,925  INFO  ║   PIPELINE VENTAS FULL — Inicio: 2026-05-27 16:23   ║
2026-05-27 16:23:21,926  INFO  ╚═════════════════════════════════════════════════════╝
2026-05-27 16:23:21,926  INFO  
2026-05-27 16:23:21,926  INFO  ━━━━━━━━━━━━━━━━━━━━━━━━━━━━━━━━━━━━━━━━━━━━━━━━━━━━━━━
2026-05-27 16:23:21,926  INFO    PASO 1/3 — Descargar backup desde Manager
2026-05-27 16:23:21,927  INFO  ━━━━━━━━━━━━━━━━━━━━━━━━━━━━━━━━━━━━━━━━━━━━━━━━━━━━━━━
2026-05-27 16:23:22,397  INFO  =======================================================
2026-05-27 16:23:22,397  INFO    Iniciando descarga automática de backup Manager
2026-05-27 16:23:22,398  INFO  =======================================================
2026-05-27 16:23:22,400  INFO  ====== WebDriver manager ======
2026-05-27 16:23:24,012  INFO  Get LATEST chromedriver version for google-chrome
2026-05-27 16:23:24,404  INFO  Get LATEST chromedriver version for google-chrome
2026-05-27 16:23:24,791  INFO  Driver [C:\Users\atorr\.wdm\drivers\chromedriver\win64\148.0.7778.178\chromedriver-win32/chromedriver.exe] found in cache
2026-05-27 16:23:26,350  INFO  Abriendo login: https://prodkernel.manager.cl/index.html
2026-05-27 16:23:29,270  INFO  Inputs visibles: 3
2026-05-27 16:23:29,701  INFO  Login enviado...
2026-05-27 16:23:33,713  INFO  ✅ Login exitoso. session_id: b0836683...
2026-05-27 16:23:33,714  INFO  Navegando a: https://prodkernel.manager.cl/managerbackups.html?session_id=b083668378b2e76860fff055a6170e19&cd=prodkernel
2026-05-27 16:23:33,824  INFO  Recarga 1/10...
2026-05-27 16:23:37,918  INFO    filas .bak encontradas: 3
2026-05-27 16:23:37,918  INFO  ✅ Tabla cargada en recarga 1.
2026-05-27 16:23:37,954  INFO    Ignorando: 2026-5-27-T779354202A.bak
2026-05-27 16:23:37,981  INFO    Ignorando: 2026-5-27-T779354202B.bak
2026-05-27 16:23:38,007  INFO  Backup seleccionado: 2026-5-27-T779354202C.bak (2026-05-27 10:12:48+00:00)
2026-05-27 16:23:38,016  INFO  HTML fila completa: <td class="bucket">mng-respaldos-poliuretano</td><td class="Key">2026-5-27-T779354202C.bak</td><td class="LastModified">2026-05-27 10:12:48+00:00</td><td class="Size">0.15 GB</td><td class="presigned_url" style="display: none;">https://mng-respaldos-poliuretano.s3.amazonaws.com/2026-5-27-T779354202C.bak?AWSAccessKeyId=AKIAZPIFFWJDVFW267ZG&amp;Signature=Z9XtADH7A48L3Wai87%2BAs80WCU0%3D&amp;Expires=1779913713</td><td><i onclick="downloadbackup($(this).parent().parent())" class="fas fa-download"></
2026-05-27 16:23:40,217  INFO  Descargando 2026-5-27-T779354202C.bak desde S3...
2026-05-27 16:23:42,693  INFO    10 MB / 147 MB (7%)
2026-05-27 16:23:43,817  INFO    21 MB / 147 MB (14%)
2026-05-27 16:23:45,447  INFO    31 MB / 147 MB (21%)
2026-05-27 16:23:46,986  INFO    42 MB / 147 MB (28%)
2026-05-27 16:23:48,525  INFO    52 MB / 147 MB (36%)
2026-05-27 16:23:49,952  INFO    63 MB / 147 MB (43%)
2026-05-27 16:23:51,391  INFO    73 MB / 147 MB (50%)
2026-05-27 16:23:52,860  INFO    84 MB / 147 MB (57%)
2026-05-27 16:23:54,275  INFO    94 MB / 147 MB (64%)
2026-05-27 16:23:55,665  INFO    105 MB / 147 MB (71%)
2026-05-27 16:23:56,958  INFO    115 MB / 147 MB (78%)
2026-05-27 16:23:58,752  INFO    126 MB / 147 MB (85%)
2026-05-27 16:24:00,671  INFO    136 MB / 147 MB (93%)
2026-05-27 16:24:03,384  INFO    147 MB / 147 MB (100%)
2026-05-27 16:24:03,889  INFO    147 MB / 147 MB (100%)
2026-05-27 16:24:03,889  INFO  ✅ Descarga completa: 2026-5-27-T779354202C.bak (147.3 MB)
2026-05-27 16:24:03,895  INFO  Backup guardado en: C:\Backups\Manager\2026-5-27-T779354202C_2026-05-27_1779913443.bak
2026-05-27 16:24:03,895  INFO  ✅ Éxito — backup guardado en: C:\Backups\Manager\2026-5-27-T779354202C_2026-05-27_1779913443.bak
2026-05-27 16:24:07,986  WARNING  Retrying (Retry(total=2, connect=None, read=None, redirect=None, status=None)) after connection broken by 'NewConnectionError("HTTPConnection(host='localhost', port=64448): Failed to establish a new connection: [WinError 10061] No se puede establecer una conexión ya que el equipo de destino denegó expresamente dicha conexión")': /session/068cbbff0f3bf83c33bb5442cee2abd9
2026-05-27 16:24:12,096  WARNING  Retrying (Retry(total=1, connect=None, read=None, redirect=None, status=None)) after connection broken by 'NewConnectionError("HTTPConnection(host='localhost', port=64448): Failed to establish a new connection: [WinError 10061] No se puede establecer una conexión ya que el equipo de destino denegó expresamente dicha conexión")': /session/068cbbff0f3bf83c33bb5442cee2abd9
2026-05-27 16:24:16,205  WARNING  Retrying (Retry(total=0, connect=None, read=None, redirect=None, status=None)) after connection broken by 'NewConnectionError("HTTPConnection(host='localhost', port=64448): Failed to establish a new connection: [WinError 10061] No se puede establecer una conexión ya que el equipo de destino denegó expresamente dicha conexión")': /session/068cbbff0f3bf83c33bb5442cee2abd9
2026-05-27 16:24:20,281  INFO  
2026-05-27 16:24:20,281  INFO  ━━━━━━━━━━━━━━━━━━━━━━━━━━━━━━━━━━━━━━━━━━━━━━━━━━━━━━━
2026-05-27 16:24:20,282  INFO    PASO 2/3 — Restaurar BD y extraer Ventas Full
2026-05-27 16:24:20,283  INFO  ━━━━━━━━━━━━━━━━━━━━━━━━━━━━━━━━━━━━━━━━━━━━━━━━━━━━━━━
2026-05-27 16:24:21,450  INFO  ============================================================
2026-05-27 16:24:21,450  INFO    PASO 1 — Restaurar BD y extraer Múltiples Reportes
2026-05-27 16:24:21,451  INFO  ============================================================
2026-05-27 16:24:21,467  INFO  Usando .bak de ultimo_bak.txt: 2026-5-27-T779354202C_2026-05-27_1779913443.bak
2026-05-27 16:24:21,467  INFO  Usando backup: 2026-5-27-T779354202C_2026-05-27_1779913443.bak
2026-05-27 16:24:21,467  INFO  Restaurando 2026-5-27-T779354202C_2026-05-27_1779913443.bak como 'T779354202A'...
2026-05-27 16:24:21,468  INFO  Copiando .bak a C:\Program Files\Microsoft SQL Server\MSSQL17.SQLEXPRESS\MSSQL\DATA\2026-5-27-T779354202C_2026-05-27_1779913443.bak...
2026-05-27 16:24:21,861  INFO  Ejecutando RESTORE DATABASE...
2026-05-27 16:25:06,038  INFO  ✅ BD 'T779354202A' restaurada correctamente.
2026-05-27 16:25:06,039  INFO  Conectando a 'T779354202A' para extraer reportes...
2026-05-27 16:25:06,076  INFO  Ejecutando: base_completo...
2026-05-27 16:25:07,312  INFO    └─ 8,736 filas extraídas.
2026-05-27 16:25:07,313  INFO  Ejecutando: calendario...
2026-05-27 16:25:07,479  INFO    └─ 94 filas extraídas.
2026-05-27 16:25:07,479  INFO  Ejecutando: Inventario_aceros...
2026-05-27 16:25:07,501  INFO    └─ 144 filas extraídas.
2026-05-27 16:25:07,501  INFO  Ejecutando: Notas_de_venta...
2026-05-27 16:25:07,536  INFO    └─ 715 filas extraídas.
2026-05-27 16:25:07,537  INFO  Ejecutando: Ordenes_de_Compra...
2026-05-27 16:25:07,664  INFO    └─ 253 filas extraídas.
2026-05-27 16:25:07,664  INFO  Ejecutando: Ordenes_de_produccion...
2026-05-27 16:25:07,822  INFO    └─ 3,134 filas extraídas.
2026-05-27 16:25:07,822  INFO  Ejecutando: Pendiente_a_facturar...
2026-05-27 16:25:07,828  ERROR    └─ Error ejecutando Pendiente_a_facturar: ('42000', '[42000] [Microsoft][ODBC Driver 17 for SQL Server][SQL Server]ORDER BY items must appear in the select list if SELECT DISTINCT is specified. (145) (SQLExecDirectW)')
2026-05-27 16:25:07,829  INFO  Ejecutando: Vales_de_Salida...
2026-05-27 16:25:07,842  ERROR    └─ Error ejecutando Vales_de_Salida: ('42000', '[42000] [Microsoft][ODBC Driver 17 for SQL Server][SQL Server]ORDER BY items must appear in the select list if SELECT DISTINCT is specified. (145) (SQLExecDirectW)')
2026-05-27 16:25:07,842  INFO  Ejecutando: Ventas_Full...
2026-05-27 16:25:08,416  INFO    └─ 1,678 filas extraídas.
2026-05-27 16:25:08,417  INFO  Ejecutando: WIP...
2026-05-27 16:25:08,536  INFO    └─ 25 filas extraídas.
2026-05-27 16:25:08,538  INFO  Exportando a Excel multipestaña: C:\Reportes\VentasFull\Reportes_Completos_2026-05-27.xlsx
2026-05-27 16:25:45,761  INFO  ✅ Excel generado: C:\Reportes\VentasFull\Reportes_Completos_2026-05-27.xlsx (2.4 MB)
2026-05-27 16:25:45,763  INFO  ✅ Proceso Completado → C:\Reportes\VentasFull\Reportes_Completos_2026-05-27.xlsx
2026-05-27 16:25:45,776  INFO  
2026-05-27 16:25:45,778  INFO  ━━━━━━━━━━━━━━━━━━━━━━━━━━━━━━━━━━━━━━━━━━━━━━━━━━━━━━━
2026-05-27 16:25:45,779  INFO    PASO 3/3 — Subir Excel a Google Drive
2026-05-27 16:25:45,779  INFO  ━━━━━━━━━━━━━━━━━━━━━━━━━━━━━━━━━━━━━━━━━━━━━━━━━━━━━━━
2026-05-27 16:25:46,612  INFO  =======================================================
2026-05-27 16:25:46,613  INFO    PASO 2 — Subir a Drive y actualizar Google Sheets
2026-05-27 16:25:46,616  INFO  =======================================================
2026-05-27 16:25:46,619  INFO  Procesando: Reportes_Completos_2026-05-27.xlsx (2.4 MB)
2026-05-27 16:25:46,661  INFO  file_cache is only supported with oauth2client<4.0.0
2026-05-27 16:25:46,666  INFO  file_cache is only supported with oauth2client<4.0.0
2026-05-27 16:25:47,841  INFO  Creando Excel nuevo en Drive...
2026-05-27 16:25:50,448  INFO  ✅ Excel subido a Drive: Reportes_Completos_Actualizado.xlsx
2026-05-27 16:25:50,449  INFO  Leyendo Excel para actualizar Google Sheets...
2026-05-27 16:25:50,467  INFO  Pestañas encontradas en Excel: ['base_completo', 'calendario', 'Inventario_aceros', 'Notas_de_venta', 'Ordenes_de_Compra', 'Ordenes_de_produccion', 'Ventas_Full', 'WIP']
2026-05-27 16:25:51,303  INFO  Actualizando Base Produccion → 'Orden de Produccion' (3,134 filas)...
2026-05-27 16:25:52,515  INFO    Limpiando hoja 'Orden de Produccion'...
2026-05-27 16:25:53,314  INFO    Escribiendo 3,134 filas en 'Orden de Produccion'...
2026-05-27 16:25:55,932  INFO    ✅ Hoja 'Orden de Produccion' actualizada.
2026-05-27 16:25:55,935  WARNING    Pestaña 'Pendiente_a_facturar' no encontrada en el Excel, saltando...
2026-05-27 16:25:55,936  WARNING    Pestaña 'Vales_de_Salida' no encontrada en el Excel, saltando...
2026-05-27 16:25:56,720  INFO  Actualizando Base Produccion → 'Ventas_Full' (1,678 filas)...
2026-05-27 16:25:57,438  INFO    Limpiando hoja 'Ventas_Full'...
2026-05-27 16:25:57,882  INFO    Escribiendo 1,678 filas en 'Ventas_Full'...
2026-05-27 16:25:59,722  INFO    ✅ Hoja 'Ventas_Full' actualizada.
2026-05-27 16:26:00,540  INFO  Actualizando Base Produccion → 'WIP' (25 filas)...
2026-05-27 16:26:01,266  INFO    Limpiando hoja 'WIP'...
2026-05-27 16:26:01,506  INFO    Escribiendo 25 filas en 'WIP'...
2026-05-27 16:26:01,839  INFO    ✅ Hoja 'WIP' actualizada.
2026-05-27 16:26:02,752  INFO  Actualizando Presupuestos → 'Ventas Full Manager' (1,678 filas)...
2026-05-27 16:26:03,701  INFO    Limpiando hoja 'Ventas Full Manager'...
2026-05-27 16:26:04,239  INFO    Escribiendo 1,678 filas en 'Ventas Full Manager'...
2026-05-27 16:26:06,024  INFO    ✅ Hoja 'Ventas Full Manager' actualizada.
2026-05-27 16:26:06,027  INFO  
2026-05-27 16:26:06,027  INFO  ✅ Todo actualizado:
2026-05-27 16:26:06,028  INFO     📁 Drive: Reportes_Completos_Actualizado.xlsx
2026-05-27 16:26:06,028  INFO     📊 Base Produccion: ['Orden de Produccion', 'Por Facturar', 'Vales de Salida', 'Ventas_Full', 'WIP']
2026-05-27 16:26:06,028  INFO     📊 Presupuestos: Ventas Full Manager
2026-05-27 16:26:06,030  INFO  
2026-05-27 16:26:06,030  INFO  ╔═════════════════════════════════════════════════════╗
2026-05-27 16:26:06,030  INFO  ║  ✅ PIPELINE COMPLETADO en 164s                      ║
2026-05-27 16:26:06,031  INFO  ║  📊 Excel en Drive: VentasFull_Actualizado.xlsx      ║
2026-05-27 16:26:06,031  INFO  ╚═════════════════════════════════════════════════════╝
2026-05-28 08:34:40,542  INFO  ╔═════════════════════════════════════════════════════╗
2026-05-28 08:34:40,545  INFO  ║   PIPELINE VENTAS FULL — Inicio: 2026-05-28 08:34   ║
2026-05-28 08:34:40,545  INFO  ╚═════════════════════════════════════════════════════╝
2026-05-28 08:34:40,546  INFO  
2026-05-28 08:34:40,546  INFO  ━━━━━━━━━━━━━━━━━━━━━━━━━━━━━━━━━━━━━━━━━━━━━━━━━━━━━━━
2026-05-28 08:34:40,546  INFO    PASO 1/3 — Descargar backup desde Manager
2026-05-28 08:34:40,546  INFO  ━━━━━━━━━━━━━━━━━━━━━━━━━━━━━━━━━━━━━━━━━━━━━━━━━━━━━━━
2026-05-28 08:34:41,855  INFO  =======================================================
2026-05-28 08:34:41,855  INFO    Iniciando descarga automática de backup Manager
2026-05-28 08:34:41,856  INFO  =======================================================
2026-05-28 08:34:41,860  INFO  ====== WebDriver manager ======
2026-05-28 08:34:44,494  INFO  Get LATEST chromedriver version for google-chrome
2026-05-28 08:34:46,075  INFO  Get LATEST chromedriver version for google-chrome
2026-05-28 08:34:47,232  INFO  Get LATEST chromedriver version for google-chrome
2026-05-28 08:34:49,503  INFO  WebDriver version 148.0.7778.178 selected
2026-05-28 08:34:49,539  INFO  Modern chrome version https://storage.googleapis.com/chrome-for-testing-public/148.0.7778.178/win32/chromedriver-win32.zip
2026-05-28 08:34:49,541  INFO  About to download new driver from https://storage.googleapis.com/chrome-for-testing-public/148.0.7778.178/win32/chromedriver-win32.zip
2026-05-28 08:34:50,432  INFO  Driver downloading response is 200
2026-05-28 08:34:50,746  INFO  Get LATEST chromedriver version for google-chrome
2026-05-28 08:34:52,534  INFO  Driver has been saved in cache [C:\Users\atorr\.wdm\drivers\chromedriver\win64\148.0.7778.178]
2026-05-28 08:34:56,752  INFO  Abriendo login: https://prodkernel.manager.cl/index.html
2026-05-28 08:34:59,462  INFO  Inputs visibles: 3
2026-05-28 08:35:00,126  INFO  Login enviado...
2026-05-28 08:35:04,150  INFO  ✅ Login exitoso. session_id: 022cb97b...
2026-05-28 08:35:04,150  INFO  Navegando a: https://prodkernel.manager.cl/managerbackups.html?session_id=022cb97b7e39af9fadd3cff4675a4cd8&cd=prodkernel
2026-05-28 08:35:04,724  INFO  Recarga 1/10...
2026-05-28 08:35:08,895  INFO    filas .bak encontradas: 3
2026-05-28 08:35:08,896  INFO  ✅ Tabla cargada en recarga 1.
2026-05-28 08:35:08,968  INFO    Ignorando: 2026-5-28-T779354202A.bak
2026-05-28 08:35:09,030  INFO    Ignorando: 2026-5-28-T779354202B.bak
2026-05-28 08:35:09,072  INFO  Backup seleccionado: 2026-5-28-T779354202C.bak (2026-05-28 10:09:48+00:00)
2026-05-28 08:35:09,087  INFO  HTML fila completa: <td class="bucket">mng-respaldos-poliuretano</td><td class="Key">2026-5-28-T779354202C.bak</td><td class="LastModified">2026-05-28 10:09:48+00:00</td><td class="Size">0.15 GB</td><td class="presigned_url" style="display: none;">https://mng-respaldos-poliuretano.s3.amazonaws.com/2026-5-28-T779354202C.bak?AWSAccessKeyId=AKIAZPIFFWJDVFW267ZG&amp;Signature=1ZJFczIHHUVHxUVJlxyZPlG4HsA%3D&amp;Expires=1779972003</td><td><i onclick="downloadbackup($(this).parent().parent())" class="fas fa-download"></i>
2026-05-28 08:35:11,616  INFO  Descargando 2026-5-28-T779354202C.bak desde S3...
2026-05-28 08:35:14,372  INFO    10 MB / 151 MB (7%)
2026-05-28 08:35:15,309  INFO    21 MB / 151 MB (14%)
2026-05-28 08:35:16,346  INFO    31 MB / 151 MB (21%)
2026-05-28 08:35:17,647  INFO    42 MB / 151 MB (28%)
2026-05-28 08:35:19,257  INFO    52 MB / 151 MB (35%)
2026-05-28 08:35:21,179  INFO    63 MB / 151 MB (42%)
2026-05-28 08:35:23,625  INFO    73 MB / 151 MB (48%)
2026-05-28 08:35:26,713  INFO    84 MB / 151 MB (55%)
2026-05-28 08:35:29,536  INFO    94 MB / 151 MB (62%)
2026-05-28 08:35:32,357  INFO    105 MB / 151 MB (69%)
2026-05-28 08:35:35,267  INFO    115 MB / 151 MB (76%)
2026-05-28 08:35:38,511  INFO    126 MB / 151 MB (83%)
2026-05-28 08:35:42,865  INFO    136 MB / 151 MB (90%)
2026-05-28 08:35:50,789  INFO    147 MB / 151 MB (97%)
2026-05-28 08:35:55,989  INFO  ✅ Descarga completa: 2026-5-28-T779354202C.bak (151.4 MB)
2026-05-28 08:35:55,995  INFO  Backup guardado en: C:\Backups\Manager\2026-5-28-T779354202C_2026-05-28.bak
2026-05-28 08:35:55,996  INFO  ✅ Éxito — backup guardado en: C:\Backups\Manager\2026-5-28-T779354202C_2026-05-28.bak
2026-05-28 08:36:00,073  WARNING  Retrying (Retry(total=2, connect=None, read=None, redirect=None, status=None)) after connection broken by 'NewConnectionError("HTTPConnection(host='localhost', port=57938): Failed to establish a new connection: [WinError 10061] No se puede establecer una conexión ya que el equipo de destino denegó expresamente dicha conexión")': /session/41a7864779f3de962451abb18f773487
2026-05-28 08:36:04,162  WARNING  Retrying (Retry(total=1, connect=None, read=None, redirect=None, status=None)) after connection broken by 'NewConnectionError("HTTPConnection(host='localhost', port=57938): Failed to establish a new connection: [WinError 10061] No se puede establecer una conexión ya que el equipo de destino denegó expresamente dicha conexión")': /session/41a7864779f3de962451abb18f773487
2026-05-28 08:36:08,247  WARNING  Retrying (Retry(total=0, connect=None, read=None, redirect=None, status=None)) after connection broken by 'NewConnectionError("HTTPConnection(host='localhost', port=57938): Failed to establish a new connection: [WinError 10061] No se puede establecer una conexión ya que el equipo de destino denegó expresamente dicha conexión")': /session/41a7864779f3de962451abb18f773487
2026-05-28 08:36:12,300  INFO  
2026-05-28 08:36:12,301  INFO  ━━━━━━━━━━━━━━━━━━━━━━━━━━━━━━━━━━━━━━━━━━━━━━━━━━━━━━━
2026-05-28 08:36:12,301  INFO    PASO 2/3 — Restaurar BD y extraer Ventas Full
2026-05-28 08:36:12,301  INFO  ━━━━━━━━━━━━━━━━━━━━━━━━━━━━━━━━━━━━━━━━━━━━━━━━━━━━━━━
2026-05-28 08:36:17,586  INFO  ============================================================
2026-05-28 08:36:17,587  INFO    PASO 1 — Restaurar BD y extraer Múltiples Reportes
2026-05-28 08:36:17,587  INFO  ============================================================
2026-05-28 08:36:17,609  INFO  Usando .bak de ultimo_bak.txt: 2026-5-28-T779354202C_2026-05-28.bak
2026-05-28 08:36:17,610  INFO  Usando backup: 2026-5-28-T779354202C_2026-05-28.bak
2026-05-28 08:36:17,610  INFO  Restaurando 2026-5-28-T779354202C_2026-05-28.bak como 'T779354202A'...
2026-05-28 08:36:17,612  INFO  Copiando .bak a C:\Program Files\Microsoft SQL Server\MSSQL17.SQLEXPRESS\MSSQL\DATA\2026-5-28-T779354202C_2026-05-28.bak...
2026-05-28 08:36:18,688  INFO  Ejecutando RESTORE DATABASE...
2026-05-28 08:37:06,660  INFO  ✅ BD 'T779354202A' restaurada correctamente.
2026-05-28 08:37:06,660  INFO  Conectando a 'T779354202A' para extraer reportes...
2026-05-28 08:37:06,710  INFO  Ejecutando: base_completo...
2026-05-28 08:37:08,590  INFO    └─ 8,765 filas extraídas.
2026-05-28 08:37:08,590  INFO  Ejecutando: calendario...
2026-05-28 08:37:08,817  INFO    └─ 94 filas extraídas.
2026-05-28 08:37:08,817  INFO  Ejecutando: Inventario_aceros...
2026-05-28 08:37:08,854  INFO    └─ 141 filas extraídas.
2026-05-28 08:37:08,855  INFO  Ejecutando: Notas_de_venta...
2026-05-28 08:37:08,897  INFO    └─ 720 filas extraídas.
2026-05-28 08:37:08,898  INFO  Ejecutando: Ordenes_de_Compra...
2026-05-28 08:37:09,047  INFO    └─ 267 filas extraídas.
2026-05-28 08:37:09,047  INFO  Ejecutando: Ordenes_de_produccion...
2026-05-28 08:37:09,259  INFO    └─ 3,147 filas extraídas.
2026-05-28 08:37:09,260  INFO  Ejecutando: Pendiente_a_facturar...
2026-05-28 08:37:09,300  ERROR    └─ Error ejecutando Pendiente_a_facturar: ('42000', '[42000] [Microsoft][ODBC Driver 17 for SQL Server][SQL Server]ORDER BY items must appear in the select list if SELECT DISTINCT is specified. (145) (SQLExecDirectW)')
2026-05-28 08:37:09,300  INFO  Ejecutando: Vales_de_Salida...
2026-05-28 08:37:09,326  ERROR    └─ Error ejecutando Vales_de_Salida: ('42000', '[42000] [Microsoft][ODBC Driver 17 for SQL Server][SQL Server]ORDER BY items must appear in the select list if SELECT DISTINCT is specified. (145) (SQLExecDirectW)')
2026-05-28 08:37:09,326  INFO  Ejecutando: Ventas_Full...
2026-05-28 08:37:09,994  INFO    └─ 1,695 filas extraídas.
2026-05-28 08:37:09,995  INFO  Ejecutando: WIP...
2026-05-28 08:37:10,148  INFO    └─ 24 filas extraídas.
2026-05-28 08:37:10,150  INFO  Exportando a Excel multipestaña: C:\Reportes\VentasFull\Reportes_Completos_2026-05-28.xlsx
2026-05-28 08:38:08,797  INFO  ✅ Excel generado: C:\Reportes\VentasFull\Reportes_Completos_2026-05-28.xlsx (2.4 MB)
2026-05-28 08:38:08,798  INFO  ✅ Proceso Completado → C:\Reportes\VentasFull\Reportes_Completos_2026-05-28.xlsx
2026-05-28 08:38:08,810  INFO  
2026-05-28 08:38:08,811  INFO  ━━━━━━━━━━━━━━━━━━━━━━━━━━━━━━━━━━━━━━━━━━━━━━━━━━━━━━━
2026-05-28 08:38:08,811  INFO    PASO 3/3 — Subir Excel a Google Drive
2026-05-28 08:38:08,811  INFO  ━━━━━━━━━━━━━━━━━━━━━━━━━━━━━━━━━━━━━━━━━━━━━━━━━━━━━━━
2026-05-28 08:38:12,954  INFO  =======================================================
2026-05-28 08:38:12,954  INFO    PASO 2 — Subir a Drive y actualizar Google Sheets
2026-05-28 08:38:12,954  INFO  =======================================================
2026-05-28 08:38:12,967  INFO  Procesando: Reportes_Completos_2026-05-28.xlsx (2.4 MB)
2026-05-28 08:38:13,070  INFO  file_cache is only supported with oauth2client<4.0.0
2026-05-28 08:38:13,096  INFO  file_cache is only supported with oauth2client<4.0.0
2026-05-28 08:38:14,361  INFO  Creando Excel nuevo en Drive...
2026-05-28 08:38:16,963  INFO  ✅ Excel subido a Drive: Reportes_Completos_Actualizado.xlsx
2026-05-28 08:38:16,963  INFO  Leyendo Excel para actualizar Google Sheets...
2026-05-28 08:38:17,007  INFO  Pestañas encontradas en Excel: ['base_completo', 'calendario', 'Inventario_aceros', 'Notas_de_venta', 'Ordenes_de_Compra', 'Ordenes_de_produccion', 'Ventas_Full', 'WIP']
2026-05-28 08:38:18,236  INFO  Actualizando Base Produccion → 'Orden de Produccion' (3,147 filas)...
2026-05-28 08:38:19,375  INFO    Limpiando hoja 'Orden de Produccion'...
2026-05-28 08:38:20,299  INFO    Escribiendo 3,147 filas en 'Orden de Produccion'...
2026-05-28 08:38:22,544  INFO    ✅ Hoja 'Orden de Produccion' actualizada.
2026-05-28 08:38:22,546  WARNING    Pestaña 'Pendiente_a_facturar' no encontrada en el Excel, saltando...
2026-05-28 08:38:22,547  WARNING    Pestaña 'Vales_de_Salida' no encontrada en el Excel, saltando...
2026-05-28 08:38:23,648  INFO  Actualizando Base Produccion → 'Ventas_Full' (1,695 filas)...
2026-05-28 08:38:24,386  INFO    Limpiando hoja 'Ventas_Full'...
2026-05-28 08:38:25,028  INFO    Escribiendo 1,695 filas en 'Ventas_Full'...
2026-05-28 08:38:26,651  INFO    ✅ Hoja 'Ventas_Full' actualizada.
2026-05-28 08:38:27,257  INFO  Actualizando Base Produccion → 'WIP' (24 filas)...
2026-05-28 08:38:27,966  INFO    Limpiando hoja 'WIP'...
2026-05-28 08:38:28,240  INFO    Escribiendo 24 filas en 'WIP'...
2026-05-28 08:38:28,569  INFO    ✅ Hoja 'WIP' actualizada.
2026-05-28 08:38:29,583  INFO  Actualizando Presupuestos → 'Ventas Full Manager' (1,695 filas)...
2026-05-28 08:38:30,491  INFO    Limpiando hoja 'Ventas Full Manager'...
2026-05-28 08:38:31,029  INFO    Escribiendo 1,695 filas en 'Ventas Full Manager'...
2026-05-28 08:38:33,076  INFO    ✅ Hoja 'Ventas Full Manager' actualizada.
2026-05-28 08:38:33,080  INFO  
2026-05-28 08:38:33,081  INFO  ✅ Todo actualizado:
2026-05-28 08:38:33,081  INFO     📁 Drive: Reportes_Completos_Actualizado.xlsx
2026-05-28 08:38:33,081  INFO     📊 Base Produccion: ['Orden de Produccion', 'Por Facturar', 'Vales de Salida', 'Ventas_Full', 'WIP']
2026-05-28 08:38:33,081  INFO     📊 Presupuestos: Ventas Full Manager
2026-05-28 08:38:33,085  INFO  
2026-05-28 08:38:33,086  INFO  ╔═════════════════════════════════════════════════════╗
2026-05-28 08:38:33,107  INFO  ║  ✅ PIPELINE COMPLETADO en 232s                      ║
2026-05-28 08:38:33,108  INFO  ║  📊 Excel en Drive: VentasFull_Actualizado.xlsx      ║
2026-05-28 08:38:33,110  INFO  ╚═════════════════════════════════════════════════════╝
2026-05-28 08:45:07,109  INFO  ╔═════════════════════════════════════════════════════╗
2026-05-28 08:45:07,109  INFO  ║   PIPELINE VENTAS FULL — Inicio: 2026-05-28 08:45   ║
2026-05-28 08:45:07,109  INFO  ╚═════════════════════════════════════════════════════╝
2026-05-28 08:45:07,110  INFO  
2026-05-28 08:45:07,110  INFO  ━━━━━━━━━━━━━━━━━━━━━━━━━━━━━━━━━━━━━━━━━━━━━━━━━━━━━━━
2026-05-28 08:45:07,110  INFO    PASO 1/3 — Descargar backup desde Manager
2026-05-28 08:45:07,110  INFO  ━━━━━━━━━━━━━━━━━━━━━━━━━━━━━━━━━━━━━━━━━━━━━━━━━━━━━━━
2026-05-28 08:45:07,849  INFO  =======================================================
2026-05-28 08:45:07,849  INFO    Iniciando descarga automática de backup Manager
2026-05-28 08:45:07,849  INFO  =======================================================
2026-05-28 08:45:07,852  INFO  ====== WebDriver manager ======
2026-05-28 08:45:09,784  INFO  Get LATEST chromedriver version for google-chrome
2026-05-28 08:45:10,233  INFO  Get LATEST chromedriver version for google-chrome
2026-05-28 08:45:10,666  INFO  Driver [C:\Users\atorr\.wdm\drivers\chromedriver\win64\148.0.7778.178\chromedriver-win32/chromedriver.exe] found in cache
2026-05-28 08:45:13,084  INFO  Abriendo login: https://prodkernel.manager.cl/index.html
2026-05-28 08:45:15,287  INFO  Inputs visibles: 3
2026-05-28 08:45:15,683  INFO  Login enviado...
2026-05-28 08:45:19,696  INFO  ✅ Login exitoso. session_id: a67852d9...
2026-05-28 08:45:19,696  INFO  Navegando a: https://prodkernel.manager.cl/managerbackups.html?session_id=a67852d90b71b74d33ee7e9d7e0db5f4&cd=prodkernel
2026-05-28 08:45:19,795  INFO  Recarga 1/10...
2026-05-28 08:45:23,892  INFO    filas .bak encontradas: 3
2026-05-28 08:45:23,892  INFO  ✅ Tabla cargada en recarga 1.
2026-05-28 08:45:23,951  INFO    Ignorando: 2026-5-28-T779354202A.bak
2026-05-28 08:45:23,993  INFO    Ignorando: 2026-5-28-T779354202B.bak
2026-05-28 08:45:24,031  INFO  Backup seleccionado: 2026-5-28-T779354202C.bak (2026-05-28 10:09:48+00:00)
2026-05-28 08:45:24,043  INFO  HTML fila completa: <td class="bucket">mng-respaldos-poliuretano</td><td class="Key">2026-5-28-T779354202C.bak</td><td class="LastModified">2026-05-28 10:09:48+00:00</td><td class="Size">0.15 GB</td><td class="presigned_url" style="display: none;">https://mng-respaldos-poliuretano.s3.amazonaws.com/2026-5-28-T779354202C.bak?AWSAccessKeyId=AKIAZPIFFWJDVFW267ZG&amp;Signature=Qtn69UeP%2BiJBVB7YJ7M9%2BbIRtCM%3D&amp;Expires=1779972618</td><td><i onclick="downloadbackup($(this).parent().parent())" class="fas fa-download">
2026-05-28 08:45:26,393  INFO  Descargando 2026-5-28-T779354202C.bak desde S3...
2026-05-28 08:45:29,732  INFO    10 MB / 151 MB (7%)
2026-05-28 08:45:31,093  INFO    21 MB / 151 MB (14%)
2026-05-28 08:45:32,422  INFO    31 MB / 151 MB (21%)
2026-05-28 08:45:34,034  INFO    42 MB / 151 MB (28%)
2026-05-28 08:45:35,520  INFO    52 MB / 151 MB (35%)
2026-05-28 08:45:37,233  INFO    63 MB / 151 MB (42%)
2026-05-28 08:45:39,131  INFO    73 MB / 151 MB (48%)
2026-05-28 08:45:41,105  INFO    84 MB / 151 MB (55%)
2026-05-28 08:45:43,850  INFO    94 MB / 151 MB (62%)
2026-05-28 08:45:46,505  INFO    105 MB / 151 MB (69%)
2026-05-28 08:45:49,088  INFO    115 MB / 151 MB (76%)
2026-05-28 08:45:51,583  INFO    126 MB / 151 MB (83%)
2026-05-28 08:45:53,840  INFO    136 MB / 151 MB (90%)
2026-05-28 08:45:56,224  INFO    147 MB / 151 MB (97%)
2026-05-28 08:45:57,218  INFO  ✅ Descarga completa: 2026-5-28-T779354202C.bak (151.4 MB)
2026-05-28 08:45:57,222  INFO  Backup guardado en: C:\Backups\Manager\2026-5-28-T779354202C_2026-05-28_1779972357.bak
2026-05-28 08:45:57,222  INFO  ✅ Éxito — backup guardado en: C:\Backups\Manager\2026-5-28-T779354202C_2026-05-28_1779972357.bak
2026-05-28 08:46:01,322  WARNING  Retrying (Retry(total=2, connect=None, read=None, redirect=None, status=None)) after connection broken by 'NewConnectionError("HTTPConnection(host='localhost', port=56920): Failed to establish a new connection: [WinError 10061] No se puede establecer una conexión ya que el equipo de destino denegó expresamente dicha conexión")': /session/fde9f52b740041dbfeb94dbc7a9dca1c
2026-05-28 08:46:05,409  WARNING  Retrying (Retry(total=1, connect=None, read=None, redirect=None, status=None)) after connection broken by 'NewConnectionError("HTTPConnection(host='localhost', port=56920): Failed to establish a new connection: [WinError 10061] No se puede establecer una conexión ya que el equipo de destino denegó expresamente dicha conexión")': /session/fde9f52b740041dbfeb94dbc7a9dca1c
2026-05-28 08:46:09,513  WARNING  Retrying (Retry(total=0, connect=None, read=None, redirect=None, status=None)) after connection broken by 'NewConnectionError("HTTPConnection(host='localhost', port=56920): Failed to establish a new connection: [WinError 10061] No se puede establecer una conexión ya que el equipo de destino denegó expresamente dicha conexión")': /session/fde9f52b740041dbfeb94dbc7a9dca1c
2026-05-28 08:46:13,596  INFO  
2026-05-28 08:46:13,596  INFO  ━━━━━━━━━━━━━━━━━━━━━━━━━━━━━━━━━━━━━━━━━━━━━━━━━━━━━━━
2026-05-28 08:46:13,597  INFO    PASO 2/3 — Restaurar BD y extraer Ventas Full
2026-05-28 08:46:13,597  INFO  ━━━━━━━━━━━━━━━━━━━━━━━━━━━━━━━━━━━━━━━━━━━━━━━━━━━━━━━
2026-05-28 08:46:14,562  INFO  ============================================================
2026-05-28 08:46:14,562  INFO    PASO 1 — Restaurar BD y extraer Múltiples Reportes
2026-05-28 08:46:14,562  INFO  ============================================================
2026-05-28 08:46:14,575  INFO  Usando .bak de ultimo_bak.txt: 2026-5-28-T779354202C_2026-05-28_1779972357.bak
2026-05-28 08:46:14,575  INFO  Usando backup: 2026-5-28-T779354202C_2026-05-28_1779972357.bak
2026-05-28 08:46:14,575  INFO  Restaurando 2026-5-28-T779354202C_2026-05-28_1779972357.bak como 'T779354202A'...
2026-05-28 08:46:14,576  INFO  Copiando .bak a C:\Program Files\Microsoft SQL Server\MSSQL17.SQLEXPRESS\MSSQL\DATA\2026-5-28-T779354202C_2026-05-28_1779972357.bak...
2026-05-28 08:46:14,993  INFO  Ejecutando RESTORE DATABASE...
2026-05-28 08:46:59,121  INFO  ✅ BD 'T779354202A' restaurada correctamente.
2026-05-28 08:46:59,121  INFO  Conectando a 'T779354202A' para extraer reportes...
2026-05-28 08:46:59,153  INFO  Ejecutando: base_completo...
2026-05-28 08:47:00,540  INFO    └─ 8,765 filas extraídas.
2026-05-28 08:47:00,540  INFO  Ejecutando: calendario...
2026-05-28 08:47:00,735  INFO    └─ 94 filas extraídas.
2026-05-28 08:47:00,736  INFO  Ejecutando: Inventario_aceros...
2026-05-28 08:47:00,756  INFO    └─ 141 filas extraídas.
2026-05-28 08:47:00,756  INFO  Ejecutando: Notas_de_venta...
2026-05-28 08:47:00,779  INFO    └─ 720 filas extraídas.
2026-05-28 08:47:00,779  INFO  Ejecutando: Ordenes_de_Compra...
2026-05-28 08:47:00,899  INFO    └─ 267 filas extraídas.
2026-05-28 08:47:00,899  INFO  Ejecutando: Ordenes_de_produccion...
2026-05-28 08:47:01,047  INFO    └─ 3,147 filas extraídas.
2026-05-28 08:47:01,047  INFO  Ejecutando: Pendiente_a_facturar...
2026-05-28 08:47:01,052  ERROR    └─ Error ejecutando Pendiente_a_facturar: ('42000', '[42000] [Microsoft][ODBC Driver 17 for SQL Server][SQL Server]ORDER BY items must appear in the select list if SELECT DISTINCT is specified. (145) (SQLExecDirectW)')
2026-05-28 08:47:01,052  INFO  Ejecutando: Productos_Stock...
2026-05-28 08:47:01,078  INFO    └─ 131 filas extraídas.
2026-05-28 08:47:01,078  INFO  Ejecutando: Vales_de_Salida...
2026-05-28 08:47:01,089  ERROR    └─ Error ejecutando Vales_de_Salida: ('42000', '[42000] [Microsoft][ODBC Driver 17 for SQL Server][SQL Server]ORDER BY items must appear in the select list if SELECT DISTINCT is specified. (145) (SQLExecDirectW)')
2026-05-28 08:47:01,089  INFO  Ejecutando: Ventas_Full...
2026-05-28 08:47:01,687  INFO    └─ 1,695 filas extraídas.
2026-05-28 08:47:01,687  INFO  Ejecutando: WIP...
2026-05-28 08:47:01,800  INFO    └─ 24 filas extraídas.
2026-05-28 08:47:01,801  INFO  Exportando a Excel multipestaña: C:\Reportes\VentasFull\Reportes_Completos_2026-05-28.xlsx
2026-05-28 08:47:13,926  INFO  ╔═════════════════════════════════════════════════════╗
2026-05-28 08:47:13,927  INFO  ║   PIPELINE VENTAS FULL — Inicio: 2026-05-28 08:47   ║
2026-05-28 08:47:13,927  INFO  ╚═════════════════════════════════════════════════════╝
2026-05-28 08:47:13,927  INFO  
2026-05-28 08:47:13,927  INFO  ━━━━━━━━━━━━━━━━━━━━━━━━━━━━━━━━━━━━━━━━━━━━━━━━━━━━━━━
2026-05-28 08:47:13,927  INFO    PASO 1/3 — Descargar backup desde Manager
2026-05-28 08:47:13,927  INFO  ━━━━━━━━━━━━━━━━━━━━━━━━━━━━━━━━━━━━━━━━━━━━━━━━━━━━━━━
2026-05-28 08:47:14,333  INFO  =======================================================
2026-05-28 08:47:14,334  INFO    Iniciando descarga automática de backup Manager
2026-05-28 08:47:14,334  INFO  =======================================================
2026-05-28 08:47:14,334  INFO  ====== WebDriver manager ======
2026-05-28 08:47:15,609  INFO  Get LATEST chromedriver version for google-chrome
2026-05-28 08:47:15,972  INFO  Get LATEST chromedriver version for google-chrome
2026-05-28 08:47:16,340  INFO  Driver [C:\Users\atorr\.wdm\drivers\chromedriver\win64\148.0.7778.178\chromedriver-win32/chromedriver.exe] found in cache
2026-05-28 08:47:17,597  INFO  Abriendo login: https://prodkernel.manager.cl/index.html
2026-05-28 08:47:19,454  INFO  Inputs visibles: 3
2026-05-28 08:47:19,725  INFO  Login enviado...
2026-05-28 08:47:23,737  INFO  ✅ Login exitoso. session_id: 1a2c63ac...
2026-05-28 08:47:23,737  INFO  Navegando a: https://prodkernel.manager.cl/managerbackups.html?session_id=1a2c63ac963171add4b597ab2955a57b&cd=prodkernel
2026-05-28 08:47:23,841  INFO  Recarga 1/10...
2026-05-28 08:47:27,913  INFO    filas .bak encontradas: 0
2026-05-28 08:47:27,913  INFO  Recarga 2/10...
2026-05-28 08:47:31,979  INFO    filas .bak encontradas: 3
2026-05-28 08:47:31,979  INFO  ✅ Tabla cargada en recarga 2.
2026-05-28 08:47:32,013  INFO    Ignorando: 2026-5-28-T779354202A.bak
2026-05-28 08:47:32,038  INFO    Ignorando: 2026-5-28-T779354202B.bak
2026-05-28 08:47:32,064  INFO  Backup seleccionado: 2026-5-28-T779354202C.bak (2026-05-28 10:09:48+00:00)
2026-05-28 08:47:32,073  INFO  HTML fila completa: <td class="bucket">mng-respaldos-poliuretano</td><td class="Key">2026-5-28-T779354202C.bak</td><td class="LastModified">2026-05-28 10:09:48+00:00</td><td class="Size">0.15 GB</td><td class="presigned_url" style="display: none;">https://mng-respaldos-poliuretano.s3.amazonaws.com/2026-5-28-T779354202C.bak?AWSAccessKeyId=AKIAZPIFFWJDVFW267ZG&amp;Signature=mjXTgvwnwBWKXC5%2BsGVV7TcGQbE%3D&amp;Expires=1779972746</td><td><i onclick="downloadbackup($(this).parent().parent())" class="fas fa-download"></
2026-05-28 08:47:34,319  INFO  Descargando 2026-5-28-T779354202C.bak desde S3...
2026-05-28 08:47:36,838  INFO    10 MB / 151 MB (7%)
2026-05-28 08:47:37,735  INFO    21 MB / 151 MB (14%)
2026-05-28 08:47:38,680  INFO    31 MB / 151 MB (21%)
2026-05-28 08:47:39,790  INFO    42 MB / 151 MB (28%)
2026-05-28 08:47:41,225  INFO    52 MB / 151 MB (35%)
2026-05-28 08:47:42,019  INFO  ✅ Excel generado: C:\Reportes\VentasFull\Reportes_Completos_2026-05-28.xlsx (2.4 MB)
2026-05-28 08:47:42,020  INFO  ✅ Proceso Completado → C:\Reportes\VentasFull\Reportes_Completos_2026-05-28.xlsx
2026-05-28 08:47:42,029  INFO  
2026-05-28 08:47:42,029  INFO  ━━━━━━━━━━━━━━━━━━━━━━━━━━━━━━━━━━━━━━━━━━━━━━━━━━━━━━━
2026-05-28 08:47:42,030  INFO    PASO 3/3 — Subir Excel a Google Drive
2026-05-28 08:47:42,030  INFO  ━━━━━━━━━━━━━━━━━━━━━━━━━━━━━━━━━━━━━━━━━━━━━━━━━━━━━━━
2026-05-28 08:47:42,901  INFO  =======================================================
2026-05-28 08:47:42,901  INFO    PASO 2 — Subir a Drive y actualizar Google Sheets
2026-05-28 08:47:42,902  INFO  =======================================================
2026-05-28 08:47:42,904  INFO  Procesando: Reportes_Completos_2026-05-28.xlsx (2.4 MB)
2026-05-28 08:47:42,949  INFO  file_cache is only supported with oauth2client<4.0.0
2026-05-28 08:47:42,953  INFO  file_cache is only supported with oauth2client<4.0.0
2026-05-28 08:47:43,261  INFO    63 MB / 151 MB (42%)
2026-05-28 08:47:43,956  INFO  Creando Excel nuevo en Drive...
2026-05-28 08:47:46,162  INFO  ✅ Excel subido a Drive: Reportes_Completos_Actualizado.xlsx
2026-05-28 08:47:46,163  INFO  Leyendo Excel para actualizar Google Sheets...
2026-05-28 08:47:46,168  INFO    73 MB / 151 MB (48%)
2026-05-28 08:47:46,179  INFO  Pestañas encontradas en Excel: ['base_completo', 'calendario', 'Inventario_aceros', 'Notas_de_venta', 'Ordenes_de_Compra', 'Ordenes_de_produccion', 'Productos_Stock', 'Ventas_Full', 'WIP']
2026-05-28 08:47:46,979  INFO  Actualizando Base Produccion → 'Orden de Produccion' (3,147 filas)...
2026-05-28 08:47:48,170  INFO    Limpiando hoja 'Orden de Produccion'...
2026-05-28 08:47:48,902  INFO    Escribiendo 3,147 filas en 'Orden de Produccion'...
2026-05-28 08:47:49,445  INFO    84 MB / 151 MB (55%)
2026-05-28 08:47:51,027  INFO    ✅ Hoja 'Orden de Produccion' actualizada.
2026-05-28 08:47:51,109  INFO  Actualizando Base Produccion → 'Por Facturar' (94 filas)...
2026-05-28 08:47:51,784  INFO    Limpiando hoja 'Por Facturar'...
2026-05-28 08:47:52,155  INFO    Escribiendo 94 filas en 'Por Facturar'...
2026-05-28 08:47:52,555  INFO    ✅ Hoja 'Por Facturar' actualizada.
2026-05-28 08:47:52,615  INFO  Actualizando Base Produccion → 'Control Inventario' (141 filas)...
2026-05-28 08:47:52,992  INFO    94 MB / 151 MB (62%)
2026-05-28 08:47:53,093  INFO    Limpiando hoja 'Control Inventario'...
2026-05-28 08:47:53,339  INFO    Escribiendo 141 filas en 'Control Inventario'...
2026-05-28 08:47:53,720  INFO    ✅ Hoja 'Control Inventario' actualizada.
2026-05-28 08:47:53,862  INFO  Actualizando Base Produccion → 'Notas de Venta' (720 filas)...
2026-05-28 08:47:54,350  INFO    Limpiando hoja 'Notas de Venta'...
2026-05-28 08:47:54,631  INFO    Escribiendo 720 filas en 'Notas de Venta'...
2026-05-28 08:47:55,018  INFO    ✅ Hoja 'Notas de Venta' actualizada.
2026-05-28 08:47:55,019  WARNING    Pestaña 'Vales_de_Salida' no encontrada en el Excel, saltando...
2026-05-28 08:47:55,495  INFO  Actualizando Base Produccion → 'Stock' (131 filas)...
2026-05-28 08:47:56,098  INFO    105 MB / 151 MB (69%)
2026-05-28 08:47:56,433  INFO    Limpiando hoja 'Stock'...
2026-05-28 08:47:56,707  INFO    Escribiendo 131 filas en 'Stock'...
2026-05-28 08:47:57,019  INFO    ✅ Hoja 'Stock' actualizada.
2026-05-28 08:47:57,717  INFO  Actualizando Base Produccion → 'Ventas_Full' (1,695 filas)...
2026-05-28 08:47:58,223  INFO    Limpiando hoja 'Ventas_Full'...
2026-05-28 08:47:58,608  INFO    Escribiendo 1,695 filas en 'Ventas_Full'...
2026-05-28 08:47:59,155  INFO    115 MB / 151 MB (76%)
2026-05-28 08:48:00,124  INFO    ✅ Hoja 'Ventas_Full' actualizada.
2026-05-28 08:48:00,148  INFO  Actualizando Base Produccion → 'WIP' (24 filas)...
2026-05-28 08:48:00,718  INFO    Limpiando hoja 'WIP'...
2026-05-28 08:48:00,984  INFO    Escribiendo 24 filas en 'WIP'...
2026-05-28 08:48:01,245  INFO    ✅ Hoja 'WIP' actualizada.
2026-05-28 08:48:01,813  INFO    126 MB / 151 MB (83%)
2026-05-28 08:48:01,837  INFO  Actualizando Presupuestos → 'Ventas Full Manager' (1,695 filas)...
2026-05-28 08:48:02,678  INFO    Limpiando hoja 'Ventas Full Manager'...
2026-05-28 08:48:03,112  INFO    Escribiendo 1,695 filas en 'Ventas Full Manager'...
2026-05-28 08:48:04,761  INFO    136 MB / 151 MB (90%)
2026-05-28 08:48:04,773  INFO    ✅ Hoja 'Ventas Full Manager' actualizada.
2026-05-28 08:48:04,777  INFO  
2026-05-28 08:48:04,777  INFO  ✅ Todo actualizado:
2026-05-28 08:48:04,777  INFO     📁 Drive: Reportes_Completos_Actualizado.xlsx
2026-05-28 08:48:04,778  INFO     📊 Base Produccion: ['Orden de Produccion', 'Por Facturar', 'Control Inventario', 'Notas de Venta', 'Vales de Salida', 'Stock', 'Ventas_Full', 'WIP']
2026-05-28 08:48:04,778  INFO     📊 Presupuestos: Ventas Full Manager
2026-05-28 08:48:04,780  INFO  
2026-05-28 08:48:04,780  INFO  ╔═════════════════════════════════════════════════════╗
2026-05-28 08:48:04,780  INFO  ║  ✅ PIPELINE COMPLETADO en 177s                      ║
2026-05-28 08:48:04,781  INFO  ║  📊 Excel en Drive: VentasFull_Actualizado.xlsx      ║
2026-05-28 08:48:04,782  INFO  ╚═════════════════════════════════════════════════════╝
2026-05-28 08:48:08,114  INFO    147 MB / 151 MB (97%)
2026-05-28 08:48:09,558  INFO  ✅ Descarga completa: 2026-5-28-T779354202C.bak (151.4 MB)
2026-05-28 08:48:09,563  INFO  Backup guardado en: C:\Backups\Manager\2026-5-28-T779354202C_2026-05-28_1779972489.bak
2026-05-28 08:48:09,563  INFO  ✅ Éxito — backup guardado en: C:\Backups\Manager\2026-5-28-T779354202C_2026-05-28_1779972489.bak
2026-05-28 08:48:13,627  WARNING  Retrying (Retry(total=2, connect=None, read=None, redirect=None, status=None)) after connection broken by 'NewConnectionError("HTTPConnection(host='localhost', port=53107): Failed to establish a new connection: [WinError 10061] No se puede establecer una conexión ya que el equipo de destino denegó expresamente dicha conexión")': /session/90c906280070865f892c917b42b0c496
2026-05-28 08:48:17,710  WARNING  Retrying (Retry(total=1, connect=None, read=None, redirect=None, status=None)) after connection broken by 'NewConnectionError("HTTPConnection(host='localhost', port=53107): Failed to establish a new connection: [WinError 10061] No se puede establecer una conexión ya que el equipo de destino denegó expresamente dicha conexión")': /session/90c906280070865f892c917b42b0c496
2026-05-28 08:48:21,809  WARNING  Retrying (Retry(total=0, connect=None, read=None, redirect=None, status=None)) after connection broken by 'NewConnectionError("HTTPConnection(host='localhost', port=53107): Failed to establish a new connection: [WinError 10061] No se puede establecer una conexión ya que el equipo de destino denegó expresamente dicha conexión")': /session/90c906280070865f892c917b42b0c496
2026-05-28 08:48:25,874  INFO  
2026-05-28 08:48:25,874  INFO  ━━━━━━━━━━━━━━━━━━━━━━━━━━━━━━━━━━━━━━━━━━━━━━━━━━━━━━━
2026-05-28 08:48:25,874  INFO    PASO 2/3 — Restaurar BD y extraer Ventas Full
2026-05-28 08:48:25,874  INFO  ━━━━━━━━━━━━━━━━━━━━━━━━━━━━━━━━━━━━━━━━━━━━━━━━━━━━━━━
2026-05-28 08:48:27,159  INFO  ============================================================
2026-05-28 08:48:27,159  INFO    PASO 1 — Restaurar BD y extraer Múltiples Reportes
2026-05-28 08:48:27,160  INFO  ============================================================
2026-05-28 08:48:27,173  INFO  Usando .bak de ultimo_bak.txt: 2026-5-28-T779354202C_2026-05-28_1779972489.bak
2026-05-28 08:48:27,173  INFO  Usando backup: 2026-5-28-T779354202C_2026-05-28_1779972489.bak
2026-05-28 08:48:27,174  INFO  Restaurando 2026-5-28-T779354202C_2026-05-28_1779972489.bak como 'T779354202A'...
2026-05-28 08:48:27,174  INFO  Copiando .bak a C:\Program Files\Microsoft SQL Server\MSSQL17.SQLEXPRESS\MSSQL\DATA\2026-5-28-T779354202C_2026-05-28_1779972489.bak...
2026-05-28 08:48:27,645  INFO  Ejecutando RESTORE DATABASE...
2026-05-28 08:49:11,912  INFO  ✅ BD 'T779354202A' restaurada correctamente.
2026-05-28 08:49:11,912  INFO  Conectando a 'T779354202A' para extraer reportes...
2026-05-28 08:49:11,949  INFO  Ejecutando: base_completo...
2026-05-28 08:49:13,558  INFO    └─ 8,765 filas extraídas.
2026-05-28 08:49:13,559  INFO  Ejecutando: calendario...
2026-05-28 08:49:13,737  INFO    └─ 94 filas extraídas.
2026-05-28 08:49:13,737  INFO  Ejecutando: Inventario_aceros...
2026-05-28 08:49:13,757  INFO    └─ 141 filas extraídas.
2026-05-28 08:49:13,758  INFO  Ejecutando: Notas_de_venta...
2026-05-28 08:49:13,804  INFO    └─ 720 filas extraídas.
2026-05-28 08:49:13,804  INFO  Ejecutando: Ordenes_de_Compra...
2026-05-28 08:49:13,939  INFO    └─ 267 filas extraídas.
2026-05-28 08:49:13,939  INFO  Ejecutando: Ordenes_de_produccion...
2026-05-28 08:49:14,137  INFO    └─ 3,147 filas extraídas.
2026-05-28 08:49:14,137  INFO  Ejecutando: Pendiente_a_facturar...
2026-05-28 08:49:14,142  ERROR    └─ Error ejecutando Pendiente_a_facturar: ('42000', '[42000] [Microsoft][ODBC Driver 17 for SQL Server][SQL Server]ORDER BY items must appear in the select list if SELECT DISTINCT is specified. (145) (SQLExecDirectW)')
2026-05-28 08:49:14,142  INFO  Ejecutando: Productos_Stock...
2026-05-28 08:49:14,163  INFO    └─ 131 filas extraídas.
2026-05-28 08:49:14,163  INFO  Ejecutando: Vales_de_Salida...
2026-05-28 08:49:14,174  ERROR    └─ Error ejecutando Vales_de_Salida: ('42000', '[42000] [Microsoft][ODBC Driver 17 for SQL Server][SQL Server]ORDER BY items must appear in the select list if SELECT DISTINCT is specified. (145) (SQLExecDirectW)')
2026-05-28 08:49:14,175  INFO  Ejecutando: Ventas_Full...
2026-05-28 08:49:14,819  INFO    └─ 1,695 filas extraídas.
2026-05-28 08:49:14,820  INFO  Ejecutando: WIP...
2026-05-28 08:49:14,936  INFO    └─ 24 filas extraídas.
2026-05-28 08:49:14,937  INFO  Exportando a Excel multipestaña: C:\Reportes\VentasFull\Reportes_Completos_2026-05-28.xlsx
2026-05-28 08:50:23,308  INFO  ✅ Excel generado: C:\Reportes\VentasFull\Reportes_Completos_2026-05-28.xlsx (2.4 MB)
2026-05-28 08:50:23,309  INFO  ✅ Proceso Completado → C:\Reportes\VentasFull\Reportes_Completos_2026-05-28.xlsx
2026-05-28 08:50:23,321  INFO  
2026-05-28 08:50:23,322  INFO  ━━━━━━━━━━━━━━━━━━━━━━━━━━━━━━━━━━━━━━━━━━━━━━━━━━━━━━━
2026-05-28 08:50:23,322  INFO    PASO 3/3 — Subir Excel a Google Drive
2026-05-28 08:50:23,322  INFO  ━━━━━━━━━━━━━━━━━━━━━━━━━━━━━━━━━━━━━━━━━━━━━━━━━━━━━━━
2026-05-28 08:50:24,599  INFO  =======================================================
2026-05-28 08:50:24,599  INFO    PASO 2 — Subir a Drive y actualizar Google Sheets
2026-05-28 08:50:24,599  INFO  =======================================================
2026-05-28 08:50:24,601  INFO  Procesando: Reportes_Completos_2026-05-28.xlsx (2.4 MB)
2026-05-28 08:50:24,670  INFO  file_cache is only supported with oauth2client<4.0.0
2026-05-28 08:50:24,675  INFO  file_cache is only supported with oauth2client<4.0.0
2026-05-28 08:50:26,119  INFO  Creando Excel nuevo en Drive...
2026-05-28 08:50:28,533  INFO  ✅ Excel subido a Drive: Reportes_Completos_Actualizado.xlsx
2026-05-28 08:50:28,533  INFO  Leyendo Excel para actualizar Google Sheets...
2026-05-28 08:50:28,553  INFO  Pestañas encontradas en Excel: ['base_completo', 'calendario', 'Inventario_aceros', 'Notas_de_venta', 'Ordenes_de_Compra', 'Ordenes_de_produccion', 'Productos_Stock', 'Ventas_Full', 'WIP']
2026-05-28 08:50:29,875  INFO  Actualizando Base Produccion → 'Orden de Produccion' (3,147 filas)...
2026-05-28 08:50:31,335  INFO    Limpiando hoja 'Orden de Produccion'...
2026-05-28 08:50:32,242  INFO    Escribiendo 3,147 filas en 'Orden de Produccion'...
2026-05-28 08:50:34,538  INFO    ✅ Hoja 'Orden de Produccion' actualizada.
2026-05-28 08:50:34,676  INFO  Actualizando Base Produccion → 'Por Facturar' (94 filas)...
2026-05-28 08:50:35,220  INFO    Limpiando hoja 'Por Facturar'...
2026-05-28 08:50:35,598  INFO    Escribiendo 94 filas en 'Por Facturar'...
2026-05-28 08:50:35,890  INFO    ✅ Hoja 'Por Facturar' actualizada.
2026-05-28 08:50:35,947  INFO  Actualizando Base Produccion → 'Control Inventario' (141 filas)...
2026-05-28 08:50:36,535  INFO    Limpiando hoja 'Control Inventario'...
2026-05-28 08:50:36,819  INFO    Escribiendo 141 filas en 'Control Inventario'...
2026-05-28 08:50:37,119  INFO    ✅ Hoja 'Control Inventario' actualizada.
2026-05-28 08:50:37,306  INFO  Actualizando Base Produccion → 'Notas de Venta' (720 filas)...
2026-05-28 08:50:38,370  INFO    Limpiando hoja 'Notas de Venta'...
2026-05-28 08:50:38,671  INFO    Escribiendo 720 filas en 'Notas de Venta'...
2026-05-28 08:50:39,045  INFO    ✅ Hoja 'Notas de Venta' actualizada.
2026-05-28 08:50:39,046  WARNING    Pestaña 'Vales_de_Salida' no encontrada en el Excel, saltando...
2026-05-28 08:50:39,658  INFO  Actualizando Base Produccion → 'Stock' (131 filas)...
2026-05-28 08:50:40,151  INFO    Limpiando hoja 'Stock'...
2026-05-28 08:50:40,404  INFO    Escribiendo 131 filas en 'Stock'...
2026-05-28 08:50:40,694  INFO    ✅ Hoja 'Stock' actualizada.
2026-05-28 08:50:41,729  INFO  Actualizando Base Produccion → 'Ventas_Full' (1,695 filas)...
2026-05-28 08:50:42,194  INFO    Limpiando hoja 'Ventas_Full'...
2026-05-28 08:50:42,691  INFO    Escribiendo 1,695 filas en 'Ventas_Full'...
2026-05-28 08:50:44,442  INFO    ✅ Hoja 'Ventas_Full' actualizada.
2026-05-28 08:50:44,470  INFO  Actualizando Base Produccion → 'WIP' (24 filas)...
2026-05-28 08:50:44,996  INFO    Limpiando hoja 'WIP'...
2026-05-28 08:50:45,236  INFO    Escribiendo 24 filas en 'WIP'...
2026-05-28 08:50:45,507  INFO    ✅ Hoja 'WIP' actualizada.
2026-05-28 08:50:46,899  INFO  Actualizando Presupuestos → 'Ventas Full Manager' (1,695 filas)...
2026-05-28 08:50:47,876  INFO    Limpiando hoja 'Ventas Full Manager'...
2026-05-28 08:50:48,401  INFO    Escribiendo 1,695 filas en 'Ventas Full Manager'...
2026-05-28 08:50:50,368  INFO    ✅ Hoja 'Ventas Full Manager' actualizada.
2026-05-28 08:50:50,374  INFO  
2026-05-28 08:50:50,374  INFO  ✅ Todo actualizado:
2026-05-28 08:50:50,374  INFO     📁 Drive: Reportes_Completos_Actualizado.xlsx
2026-05-28 08:50:50,377  INFO     📊 Base Produccion: ['Orden de Produccion', 'Por Facturar', 'Control Inventario', 'Notas de Venta', 'Vales de Salida', 'Stock', 'Ventas_Full', 'WIP']
2026-05-28 08:50:50,377  INFO     📊 Presupuestos: Ventas Full Manager
2026-05-28 08:50:50,381  INFO  
2026-05-28 08:50:50,381  INFO  ╔═════════════════════════════════════════════════════╗
2026-05-28 08:50:50,382  INFO  ║  ✅ PIPELINE COMPLETADO en 216s                      ║
2026-05-28 08:50:50,382  INFO  ║  📊 Excel en Drive: VentasFull_Actualizado.xlsx      ║
2026-05-28 08:50:50,382  INFO  ╚═════════════════════════════════════════════════════╝
2026-05-28 09:14:07,926  INFO  ╔═════════════════════════════════════════════════════╗
2026-05-28 09:14:07,927  INFO  ║   PIPELINE VENTAS FULL — Inicio: 2026-05-28 09:14   ║
2026-05-28 09:14:07,928  INFO  ╚═════════════════════════════════════════════════════╝
2026-05-28 09:14:07,928  INFO  
2026-05-28 09:14:07,928  INFO  ━━━━━━━━━━━━━━━━━━━━━━━━━━━━━━━━━━━━━━━━━━━━━━━━━━━━━━━
2026-05-28 09:14:07,928  INFO    PASO 1/3 — Descargar backup desde Manager
2026-05-28 09:14:07,928  INFO  ━━━━━━━━━━━━━━━━━━━━━━━━━━━━━━━━━━━━━━━━━━━━━━━━━━━━━━━
2026-05-28 09:14:08,406  INFO  =======================================================
2026-05-28 09:14:08,406  INFO    Iniciando descarga automática de backup Manager
2026-05-28 09:14:08,406  INFO  =======================================================
2026-05-28 09:14:08,408  INFO  ====== WebDriver manager ======
2026-05-28 09:14:10,285  INFO  Get LATEST chromedriver version for google-chrome
2026-05-28 09:14:10,763  INFO  Get LATEST chromedriver version for google-chrome
2026-05-28 09:14:11,113  INFO  Driver [C:\Users\atorr\.wdm\drivers\chromedriver\win64\148.0.7778.178\chromedriver-win32/chromedriver.exe] found in cache
2026-05-28 09:14:12,679  INFO  Abriendo login: https://prodkernel.manager.cl/index.html
2026-05-28 09:14:14,645  INFO  Inputs visibles: 3
2026-05-28 09:14:15,015  INFO  Login enviado...
2026-05-28 09:14:19,035  INFO  ✅ Login exitoso. session_id: 7a63e300...
2026-05-28 09:14:19,035  INFO  Navegando a: https://prodkernel.manager.cl/managerbackups.html?session_id=7a63e300676c46b2a077b747039c9d69&cd=prodkernel
2026-05-28 09:14:19,197  INFO  Recarga 1/10...
2026-05-28 09:14:23,339  INFO    filas .bak encontradas: 3
2026-05-28 09:14:23,340  INFO  ✅ Tabla cargada en recarga 1.
2026-05-28 09:14:23,385  INFO    Ignorando: 2026-5-28-T779354202A.bak
2026-05-28 09:14:23,422  INFO    Ignorando: 2026-5-28-T779354202B.bak
2026-05-28 09:14:23,454  INFO  Backup seleccionado: 2026-5-28-T779354202C.bak (2026-05-28 10:09:48+00:00)
2026-05-28 09:14:23,464  INFO  HTML fila completa: <td class="bucket">mng-respaldos-poliuretano</td><td class="Key">2026-5-28-T779354202C.bak</td><td class="LastModified">2026-05-28 10:09:48+00:00</td><td class="Size">0.15 GB</td><td class="presigned_url" style="display: none;">https://mng-respaldos-poliuretano.s3.amazonaws.com/2026-5-28-T779354202C.bak?AWSAccessKeyId=AKIAZPIFFWJDVFW267ZG&amp;Signature=plQmO1qJ88EkDUjbmrxzEUc7lso%3D&amp;Expires=1779974357</td><td><i onclick="downloadbackup($(this).parent().parent())" class="fas fa-download"></i>
2026-05-28 09:14:25,722  INFO  Descargando 2026-5-28-T779354202C.bak desde S3...
2026-05-28 09:14:28,318  INFO    10 MB / 151 MB (7%)
2026-05-28 09:14:29,325  INFO    21 MB / 151 MB (14%)
2026-05-28 09:14:30,648  INFO    31 MB / 151 MB (21%)
2026-05-28 09:14:31,919  INFO    42 MB / 151 MB (28%)
2026-05-28 09:14:33,551  INFO    52 MB / 151 MB (35%)
2026-05-28 09:14:35,419  INFO    63 MB / 151 MB (42%)
2026-05-28 09:14:37,912  INFO    73 MB / 151 MB (48%)
2026-05-28 09:14:40,684  INFO    84 MB / 151 MB (55%)
2026-05-28 09:14:43,766  INFO    94 MB / 151 MB (62%)
2026-05-28 09:14:46,659  INFO    105 MB / 151 MB (69%)
2026-05-28 09:14:49,441  INFO    115 MB / 151 MB (76%)
2026-05-28 09:14:52,116  INFO    126 MB / 151 MB (83%)
2026-05-28 09:14:55,805  INFO    136 MB / 151 MB (90%)
2026-05-28 09:14:59,400  INFO    147 MB / 151 MB (97%)
2026-05-28 09:15:00,875  INFO  ✅ Descarga completa: 2026-5-28-T779354202C.bak (151.4 MB)
2026-05-28 09:15:00,878  INFO  Backup guardado en: C:\Backups\Manager\2026-5-28-T779354202C_2026-05-28_1779974100.bak
2026-05-28 09:15:00,878  INFO  ✅ Éxito — backup guardado en: C:\Backups\Manager\2026-5-28-T779354202C_2026-05-28_1779974100.bak
2026-05-28 09:15:04,985  WARNING  Retrying (Retry(total=2, connect=None, read=None, redirect=None, status=None)) after connection broken by 'NewConnectionError("HTTPConnection(host='localhost', port=57049): Failed to establish a new connection: [WinError 10061] No se puede establecer una conexión ya que el equipo de destino denegó expresamente dicha conexión")': /session/4fb767b2f3b99ec38dd7c9814e24ea8c
2026-05-28 09:15:09,079  WARNING  Retrying (Retry(total=1, connect=None, read=None, redirect=None, status=None)) after connection broken by 'NewConnectionError("HTTPConnection(host='localhost', port=57049): Failed to establish a new connection: [WinError 10061] No se puede establecer una conexión ya que el equipo de destino denegó expresamente dicha conexión")': /session/4fb767b2f3b99ec38dd7c9814e24ea8c
2026-05-28 09:15:13,174  WARNING  Retrying (Retry(total=0, connect=None, read=None, redirect=None, status=None)) after connection broken by 'NewConnectionError("HTTPConnection(host='localhost', port=57049): Failed to establish a new connection: [WinError 10061] No se puede establecer una conexión ya que el equipo de destino denegó expresamente dicha conexión")': /session/4fb767b2f3b99ec38dd7c9814e24ea8c
2026-05-28 09:15:17,270  INFO  
2026-05-28 09:15:17,270  INFO  ━━━━━━━━━━━━━━━━━━━━━━━━━━━━━━━━━━━━━━━━━━━━━━━━━━━━━━━
2026-05-28 09:15:17,270  INFO    PASO 2/3 — Restaurar BD y extraer Ventas Full
2026-05-28 09:15:17,270  INFO  ━━━━━━━━━━━━━━━━━━━━━━━━━━━━━━━━━━━━━━━━━━━━━━━━━━━━━━━
2026-05-28 09:15:18,909  INFO  ============================================================
2026-05-28 09:15:18,910  INFO    PASO 1 — Restaurar BD y extraer Múltiples Reportes
2026-05-28 09:15:18,910  INFO  ============================================================
2026-05-28 09:15:18,925  INFO  Usando .bak de ultimo_bak.txt: 2026-5-28-T779354202C_2026-05-28_1779974100.bak
2026-05-28 09:15:18,925  INFO  Usando backup: 2026-5-28-T779354202C_2026-05-28_1779974100.bak
2026-05-28 09:15:18,925  INFO  Restaurando 2026-5-28-T779354202C_2026-05-28_1779974100.bak como 'T779354202A'...
2026-05-28 09:15:18,926  INFO  Copiando .bak a C:\Program Files\Microsoft SQL Server\MSSQL17.SQLEXPRESS\MSSQL\DATA\2026-5-28-T779354202C_2026-05-28_1779974100.bak...
2026-05-28 09:15:19,544  INFO  Ejecutando RESTORE DATABASE...
2026-05-28 09:16:03,934  INFO  ✅ BD 'T779354202A' restaurada correctamente.
2026-05-28 09:16:03,935  INFO  Conectando a 'T779354202A' para extraer reportes...
2026-05-28 09:16:03,975  INFO  Ejecutando: base_completo...
2026-05-28 09:16:05,803  INFO    └─ 8,765 filas extraídas.
2026-05-28 09:16:05,804  INFO  Ejecutando: calendario...
2026-05-28 09:16:06,075  INFO    └─ 94 filas extraídas.
2026-05-28 09:16:06,076  INFO  Ejecutando: Inventario_aceros...
2026-05-28 09:16:06,100  INFO    └─ 141 filas extraídas.
2026-05-28 09:16:06,101  INFO  Ejecutando: Notas_de_venta...
2026-05-28 09:16:06,135  INFO    └─ 720 filas extraídas.
2026-05-28 09:16:06,135  INFO  Ejecutando: Ordenes_de_Compra...
2026-05-28 09:16:06,303  INFO    └─ 267 filas extraídas.
2026-05-28 09:16:06,304  INFO  Ejecutando: Ordenes_de_produccion...
2026-05-28 09:16:06,534  INFO    └─ 3,147 filas extraídas.
2026-05-28 09:16:06,535  INFO  Ejecutando: Pendiente_a_facturar...
2026-05-28 09:16:06,545  ERROR    └─ Error ejecutando Pendiente_a_facturar: ('42000', '[42000] [Microsoft][ODBC Driver 17 for SQL Server][SQL Server]ORDER BY items must appear in the select list if SELECT DISTINCT is specified. (145) (SQLExecDirectW)')
2026-05-28 09:16:06,545  INFO  Ejecutando: Productos_Stock...
2026-05-28 09:16:06,575  INFO    └─ 131 filas extraídas.
2026-05-28 09:16:06,576  INFO  Ejecutando: Vales_de_Salida...
2026-05-28 09:16:06,597  ERROR    └─ Error ejecutando Vales_de_Salida: ('42000', '[42000] [Microsoft][ODBC Driver 17 for SQL Server][SQL Server]ORDER BY items must appear in the select list if SELECT DISTINCT is specified. (145) (SQLExecDirectW)')
2026-05-28 09:16:06,597  INFO  Ejecutando: Ventas_Full...
2026-05-28 09:16:07,474  INFO    └─ 1,695 filas extraídas.
2026-05-28 09:16:07,474  INFO  Ejecutando: WIP...
2026-05-28 09:16:07,643  INFO    └─ 24 filas extraídas.
2026-05-28 09:16:07,645  INFO  Exportando a Excel multipestaña: C:\Reportes\VentasFull\Reportes_Completos_2026-05-28.xlsx
2026-05-28 09:16:49,259  INFO  ✅ Excel generado: C:\Reportes\VentasFull\Reportes_Completos_2026-05-28.xlsx (2.4 MB)
2026-05-28 09:16:49,260  INFO  ✅ Proceso Completado → C:\Reportes\VentasFull\Reportes_Completos_2026-05-28.xlsx
2026-05-28 09:16:49,272  INFO  
2026-05-28 09:16:49,273  INFO  ━━━━━━━━━━━━━━━━━━━━━━━━━━━━━━━━━━━━━━━━━━━━━━━━━━━━━━━
2026-05-28 09:16:49,274  INFO    PASO 3/3 — Subir Excel a Google Drive
2026-05-28 09:16:49,274  INFO  ━━━━━━━━━━━━━━━━━━━━━━━━━━━━━━━━━━━━━━━━━━━━━━━━━━━━━━━
2026-05-28 09:16:50,538  INFO  =======================================================
2026-05-28 09:16:50,538  INFO    PASO 2 — Subir a Drive y actualizar Google Sheets
2026-05-28 09:16:50,538  INFO  =======================================================
2026-05-28 09:16:50,541  INFO  Procesando: Reportes_Completos_2026-05-28.xlsx (2.4 MB)
2026-05-28 09:16:50,605  INFO  file_cache is only supported with oauth2client<4.0.0
2026-05-28 09:16:50,612  INFO  file_cache is only supported with oauth2client<4.0.0
2026-05-28 09:16:51,788  INFO  Creando Excel nuevo en Drive...
2026-05-28 09:16:54,422  INFO  ✅ Excel subido a Drive: Reportes_Completos_Actualizado.xlsx
2026-05-28 09:16:54,422  INFO  Leyendo Excel para actualizar Google Sheets...
2026-05-28 09:16:54,438  INFO  Pestañas encontradas en Excel: ['base_completo', 'calendario', 'Inventario_aceros', 'Notas_de_venta', 'Ordenes_de_Compra', 'Ordenes_de_produccion', 'Productos_Stock', 'Ventas_Full', 'WIP']
2026-05-28 09:16:55,345  INFO  Actualizando Base Produccion → 'Orden de Produccion' (3,147 filas)...
2026-05-28 09:16:56,567  INFO    Limpiando hoja 'Orden de Produccion'...
2026-05-28 09:16:57,344  INFO    Escribiendo 3,147 filas en 'Orden de Produccion'...
2026-05-28 09:17:00,139  INFO    ✅ Hoja 'Orden de Produccion' actualizada.
2026-05-28 09:17:00,222  INFO  Actualizando Base Produccion → 'Por Facturar' (94 filas)...
2026-05-28 09:17:00,919  INFO    Limpiando hoja 'Por Facturar'...
2026-05-28 09:17:01,277  INFO    Escribiendo 94 filas en 'Por Facturar'...
2026-05-28 09:17:01,641  INFO    ✅ Hoja 'Por Facturar' actualizada.
2026-05-28 09:17:01,678  INFO  Actualizando Base Produccion → 'Control Inventario' (141 filas)...
2026-05-28 09:17:02,350  INFO    Limpiando hoja 'Control Inventario'...
2026-05-28 09:17:02,614  INFO    Escribiendo 141 filas en 'Control Inventario'...
2026-05-28 09:17:02,912  INFO    ✅ Hoja 'Control Inventario' actualizada.
2026-05-28 09:17:03,020  INFO  Actualizando Base Produccion → 'Notas de Venta' (720 filas)...
2026-05-28 09:17:03,536  INFO    Limpiando hoja 'Notas de Venta'...
2026-05-28 09:17:03,838  INFO    Escribiendo 720 filas en 'Notas de Venta'...
2026-05-28 09:17:04,262  INFO    ✅ Hoja 'Notas de Venta' actualizada.
2026-05-28 09:17:04,263  WARNING    Pestaña 'Vales_de_Salida' no encontrada en el Excel, saltando...
2026-05-28 09:17:04,731  INFO  Actualizando Base Produccion → 'Stock' (131 filas)...
2026-05-28 09:17:05,229  INFO    Limpiando hoja 'Stock'...
2026-05-28 09:17:05,508  INFO    Escribiendo 131 filas en 'Stock'...
2026-05-28 09:17:05,794  INFO    ✅ Hoja 'Stock' actualizada.
2026-05-28 09:17:06,449  INFO  Actualizando Base Produccion → 'Ventas_Full' (1,695 filas)...
2026-05-28 09:17:06,939  INFO    Limpiando hoja 'Ventas_Full'...
2026-05-28 09:17:07,410  INFO    Escribiendo 1,695 filas en 'Ventas_Full'...
2026-05-28 09:17:09,452  INFO    ✅ Hoja 'Ventas_Full' actualizada.
2026-05-28 09:17:09,472  INFO  Actualizando Base Produccion → 'WIP' (24 filas)...
2026-05-28 09:17:10,047  INFO    Limpiando hoja 'WIP'...
2026-05-28 09:17:10,339  INFO    Escribiendo 24 filas en 'WIP'...
2026-05-28 09:17:11,003  INFO    ✅ Hoja 'WIP' actualizada.
2026-05-28 09:17:11,683  INFO  Actualizando Presupuestos → 'Ventas Full Manager' (1,695 filas)...
2026-05-28 09:17:12,625  INFO    Limpiando hoja 'Ventas Full Manager'...
2026-05-28 09:17:13,054  INFO    Escribiendo 1,695 filas en 'Ventas Full Manager'...
2026-05-28 09:17:14,366  INFO    ✅ Hoja 'Ventas Full Manager' actualizada.
2026-05-28 09:17:14,369  INFO  
2026-05-28 09:17:14,369  INFO  ✅ Todo actualizado:
2026-05-28 09:17:14,369  INFO     📁 Drive: Reportes_Completos_Actualizado.xlsx
2026-05-28 09:17:14,370  INFO     📊 Base Produccion: ['Orden de Produccion', 'Por Facturar', 'Control Inventario', 'Notas de Venta', 'Vales de Salida', 'Stock', 'Ventas_Full', 'WIP']
2026-05-28 09:17:14,370  INFO     📊 Presupuestos: Ventas Full Manager
2026-05-28 09:17:14,372  INFO  
2026-05-28 09:17:14,373  INFO  ╔═════════════════════════════════════════════════════╗
2026-05-28 09:17:14,376  INFO  ║  ✅ PIPELINE COMPLETADO en 186s                      ║
2026-05-28 09:17:14,376  INFO  ║  📊 Excel en Drive: VentasFull_Actualizado.xlsx      ║
2026-05-28 09:17:14,376  INFO  ╚═════════════════════════════════════════════════════╝
2026-05-29 07:53:02,736  INFO  ╔═════════════════════════════════════════════════════╗
2026-05-29 07:53:02,755  INFO  ║   PIPELINE VENTAS FULL — Inicio: 2026-05-29 07:53   ║
2026-05-29 07:53:02,755  INFO  ╚═════════════════════════════════════════════════════╝
2026-05-29 07:53:02,755  INFO  
2026-05-29 07:53:02,755  INFO  ━━━━━━━━━━━━━━━━━━━━━━━━━━━━━━━━━━━━━━━━━━━━━━━━━━━━━━━
2026-05-29 07:53:02,755  INFO    PASO 1/3 — Descargar backup desde Manager
2026-05-29 07:53:02,756  INFO  ━━━━━━━━━━━━━━━━━━━━━━━━━━━━━━━━━━━━━━━━━━━━━━━━━━━━━━━
2026-05-29 07:53:04,895  INFO  =======================================================
2026-05-29 07:53:04,895  INFO    Iniciando descarga automática de backup Manager
2026-05-29 07:53:04,895  INFO  =======================================================
2026-05-29 07:53:04,899  INFO  ====== WebDriver manager ======
2026-05-29 07:53:07,629  INFO  Get LATEST chromedriver version for google-chrome
2026-05-29 07:53:11,037  INFO  Get LATEST chromedriver version for google-chrome
2026-05-29 07:53:12,774  INFO  Get LATEST chromedriver version for google-chrome
2026-05-29 07:53:14,483  INFO  WebDriver version 148.0.7778.178 selected
2026-05-29 07:53:14,505  INFO  Modern chrome version https://storage.googleapis.com/chrome-for-testing-public/148.0.7778.178/win32/chromedriver-win32.zip
2026-05-29 07:53:14,505  INFO  About to download new driver from https://storage.googleapis.com/chrome-for-testing-public/148.0.7778.178/win32/chromedriver-win32.zip
2026-05-29 07:53:15,796  INFO  Driver downloading response is 200
2026-05-29 07:53:17,993  INFO  Get LATEST chromedriver version for google-chrome
2026-05-29 07:53:19,838  INFO  Driver has been saved in cache [C:\Users\atorr\.wdm\drivers\chromedriver\win64\148.0.7778.178]
2026-05-29 07:53:25,351  INFO  Abriendo login: https://prodkernel.manager.cl/index.html
2026-05-29 07:53:27,692  INFO  Inputs visibles: 3
2026-05-29 07:53:28,675  INFO  Login enviado...
2026-05-29 07:53:32,695  INFO  ✅ Login exitoso. session_id: 46861413...
2026-05-29 07:53:32,695  INFO  Navegando a: https://prodkernel.manager.cl/managerbackups.html?session_id=46861413875c9e31c2d2cc628936d25d&cd=prodkernel
2026-05-29 07:53:32,875  INFO  Recarga 1/10...
2026-05-29 07:53:36,989  INFO    filas .bak encontradas: 3
2026-05-29 07:53:36,990  INFO  ✅ Tabla cargada en recarga 1.
2026-05-29 07:53:37,068  INFO    Ignorando: 2026-5-29-T779354202A.bak
2026-05-29 07:53:37,111  INFO    Ignorando: 2026-5-29-T779354202B.bak
2026-05-29 07:53:37,155  INFO  Backup seleccionado: 2026-5-29-T779354202C.bak (2026-05-29 10:09:01+00:00)
2026-05-29 07:53:37,170  INFO  HTML fila completa: <td class="bucket">mng-respaldos-poliuretano</td><td class="Key">2026-5-29-T779354202C.bak</td><td class="LastModified">2026-05-29 10:09:01+00:00</td><td class="Size">0.16 GB</td><td class="presigned_url" style="display: none;">https://mng-respaldos-poliuretano.s3.amazonaws.com/2026-5-29-T779354202C.bak?AWSAccessKeyId=AKIAZPIFFWJDVFW267ZG&amp;Signature=51a5j7gsFse49ylVFYTNMn3pqgU%3D&amp;Expires=1780055910</td><td><i onclick="downloadbackup($(this).parent().parent())" class="fas fa-download"></i>
2026-05-29 07:53:54,303  INFO  Descargando 2026-5-29-T779354202C.bak desde S3...
2026-05-29 07:54:02,533  INFO    10 MB / 156 MB (7%)
2026-05-29 07:54:25,184  INFO    21 MB / 156 MB (13%)
2026-05-29 07:54:30,231  INFO    31 MB / 156 MB (20%)
2026-05-29 07:54:33,742  INFO    42 MB / 156 MB (27%)
2026-05-29 07:54:37,403  INFO    52 MB / 156 MB (34%)
2026-05-29 07:54:41,045  INFO    63 MB / 156 MB (40%)
2026-05-29 07:54:50,101  INFO    73 MB / 156 MB (47%)
2026-05-29 07:55:02,376  INFO    84 MB / 156 MB (54%)
2026-05-29 07:55:07,139  INFO    94 MB / 156 MB (61%)
2026-05-29 07:55:10,917  INFO    105 MB / 156 MB (67%)
2026-05-29 07:55:14,621  INFO    115 MB / 156 MB (74%)
2026-05-29 07:55:18,582  INFO    126 MB / 156 MB (81%)
2026-05-29 07:55:24,288  INFO    136 MB / 156 MB (87%)
2026-05-29 07:55:30,750  INFO    147 MB / 156 MB (94%)
2026-05-29 07:55:35,807  INFO  ✅ Descarga completa: 2026-5-29-T779354202C.bak (155.9 MB)
2026-05-29 07:55:35,853  INFO  Backup guardado en: C:\Backups\Manager\2026-5-29-T779354202C_2026-05-29.bak
2026-05-29 07:55:35,853  INFO  ✅ Éxito — backup guardado en: C:\Backups\Manager\2026-5-29-T779354202C_2026-05-29.bak
2026-05-29 07:55:39,957  WARNING  Retrying (Retry(total=2, connect=None, read=None, redirect=None, status=None)) after connection broken by 'NewConnectionError("HTTPConnection(host='localhost', port=63953): Failed to establish a new connection: [WinError 10061] No se puede establecer una conexión ya que el equipo de destino denegó expresamente dicha conexión")': /session/82da549517b32b1c6dcf3bdd66d3dfcb
2026-05-29 07:55:44,020  WARNING  Retrying (Retry(total=1, connect=None, read=None, redirect=None, status=None)) after connection broken by 'NewConnectionError("HTTPConnection(host='localhost', port=63953): Failed to establish a new connection: [WinError 10061] No se puede establecer una conexión ya que el equipo de destino denegó expresamente dicha conexión")': /session/82da549517b32b1c6dcf3bdd66d3dfcb
2026-05-29 07:55:48,087  WARNING  Retrying (Retry(total=0, connect=None, read=None, redirect=None, status=None)) after connection broken by 'NewConnectionError("HTTPConnection(host='localhost', port=63953): Failed to establish a new connection: [WinError 10061] No se puede establecer una conexión ya que el equipo de destino denegó expresamente dicha conexión")': /session/82da549517b32b1c6dcf3bdd66d3dfcb
2026-05-29 07:55:52,121  INFO  
2026-05-29 07:55:52,121  INFO  ━━━━━━━━━━━━━━━━━━━━━━━━━━━━━━━━━━━━━━━━━━━━━━━━━━━━━━━
2026-05-29 07:55:52,121  INFO    PASO 2/3 — Restaurar BD y extraer Ventas Full
2026-05-29 07:55:52,121  INFO  ━━━━━━━━━━━━━━━━━━━━━━━━━━━━━━━━━━━━━━━━━━━━━━━━━━━━━━━
2026-05-29 07:56:00,650  INFO  ============================================================
2026-05-29 07:56:00,650  INFO    PASO 1 — Restaurar BD y extraer Múltiples Reportes
2026-05-29 07:56:00,650  INFO  ============================================================
2026-05-29 07:56:00,668  INFO  Usando .bak de ultimo_bak.txt: 2026-5-29-T779354202C_2026-05-29.bak
2026-05-29 07:56:00,668  INFO  Usando backup: 2026-5-29-T779354202C_2026-05-29.bak
2026-05-29 07:56:00,668  INFO  Restaurando 2026-5-29-T779354202C_2026-05-29.bak como 'T779354202A'...
2026-05-29 07:56:00,669  INFO  Copiando .bak a C:\Program Files\Microsoft SQL Server\MSSQL17.SQLEXPRESS\MSSQL\DATA\2026-5-29-T779354202C_2026-05-29.bak...
2026-05-29 07:56:01,972  INFO  Ejecutando RESTORE DATABASE...
2026-05-29 07:56:51,589  INFO  ✅ BD 'T779354202A' restaurada correctamente.
2026-05-29 07:56:51,761  INFO  Conectando a 'T779354202A' para extraer reportes...
2026-05-29 07:56:52,281  INFO  Ejecutando: base_completo...
2026-05-29 07:56:56,091  INFO    └─ 8,824 filas extraídas.
2026-05-29 07:56:56,091  INFO  Ejecutando: calendario...
2026-05-29 07:56:56,356  INFO    └─ 94 filas extraídas.
2026-05-29 07:56:56,357  INFO  Ejecutando: Inventario_aceros...
2026-05-29 07:56:56,413  INFO    └─ 140 filas extraídas.
2026-05-29 07:56:56,413  INFO  Ejecutando: Notas_de_venta...
2026-05-29 07:56:56,508  INFO    └─ 729 filas extraídas.
2026-05-29 07:56:56,509  INFO  Ejecutando: Ordenes_de_Compra...
2026-05-29 07:56:57,008  INFO    └─ 282 filas extraídas.
2026-05-29 07:56:57,009  INFO  Ejecutando: Ordenes_de_produccion...
2026-05-29 07:56:57,382  INFO    └─ 3,171 filas extraídas.
2026-05-29 07:56:57,383  INFO  Ejecutando: Pendiente_a_facturar...
2026-05-29 07:56:57,443  ERROR    └─ Error ejecutando Pendiente_a_facturar: ('42000', '[42000] [Microsoft][ODBC Driver 17 for SQL Server][SQL Server]ORDER BY items must appear in the select list if SELECT DISTINCT is specified. (145) (SQLExecDirectW)')
2026-05-29 07:56:57,444  INFO  Ejecutando: Productos_Stock...
2026-05-29 07:56:57,505  INFO    └─ 131 filas extraídas.
2026-05-29 07:56:57,506  INFO  Ejecutando: Vales_de_Salida...
2026-05-29 07:56:57,553  ERROR    └─ Error ejecutando Vales_de_Salida: ('42000', '[42000] [Microsoft][ODBC Driver 17 for SQL Server][SQL Server]ORDER BY items must appear in the select list if SELECT DISTINCT is specified. (145) (SQLExecDirectW)')
2026-05-29 07:56:57,553  INFO  Ejecutando: Ventas_Full...
2026-05-29 07:56:59,190  INFO    └─ 1,721 filas extraídas.
2026-05-29 07:56:59,191  INFO  Ejecutando: WIP...
2026-05-29 07:56:59,412  INFO    └─ 23 filas extraídas.
2026-05-29 07:56:59,605  INFO  Exportando a Excel multipestaña: C:\Reportes\VentasFull\Reportes_Completos_2026-05-29.xlsx
2026-05-29 07:58:57,466  INFO  ✅ Excel generado: C:\Reportes\VentasFull\Reportes_Completos_2026-05-29.xlsx (2.4 MB)
2026-05-29 07:58:57,489  INFO  ✅ Proceso Completado → C:\Reportes\VentasFull\Reportes_Completos_2026-05-29.xlsx
2026-05-29 07:58:57,509  INFO  
2026-05-29 07:58:57,509  INFO  ━━━━━━━━━━━━━━━━━━━━━━━━━━━━━━━━━━━━━━━━━━━━━━━━━━━━━━━
2026-05-29 07:58:57,509  INFO    PASO 3/3 — Subir Excel a Google Drive
2026-05-29 07:58:57,509  INFO  ━━━━━━━━━━━━━━━━━━━━━━━━━━━━━━━━━━━━━━━━━━━━━━━━━━━━━━━
2026-05-29 07:59:07,093  INFO  =======================================================
2026-05-29 07:59:07,095  INFO    PASO 2 — Subir a Drive y actualizar Google Sheets
2026-05-29 07:59:07,095  INFO  =======================================================
2026-05-29 07:59:07,111  INFO  Procesando: Reportes_Completos_2026-05-29.xlsx (2.4 MB)
2026-05-29 07:59:07,272  INFO  file_cache is only supported with oauth2client<4.0.0
2026-05-29 07:59:07,310  INFO  file_cache is only supported with oauth2client<4.0.0
2026-05-29 07:59:09,367  INFO  Creando Excel nuevo en Drive...
2026-05-29 07:59:12,355  INFO  ✅ Excel subido a Drive: Reportes_Completos_Actualizado.xlsx
2026-05-29 07:59:12,356  INFO  Leyendo Excel para actualizar Google Sheets...
2026-05-29 07:59:12,387  INFO  Pestañas encontradas en Excel: ['base_completo', 'calendario', 'Inventario_aceros', 'Notas_de_venta', 'Ordenes_de_Compra', 'Ordenes_de_produccion', 'Productos_Stock', 'Ventas_Full', 'WIP']
2026-05-29 07:59:14,578  INFO  Actualizando Base Produccion → 'Orden de Produccion' (3,171 filas)...
2026-05-29 07:59:16,416  INFO    Limpiando hoja 'Orden de Produccion'...
2026-05-29 07:59:17,919  INFO    Escribiendo 3,171 filas en 'Orden de Produccion'...
2026-05-29 07:59:19,798  INFO    ✅ Hoja 'Orden de Produccion' actualizada.
2026-05-29 07:59:19,902  INFO  Actualizando Base Produccion → 'Por Facturar' (94 filas)...
2026-05-29 07:59:20,542  INFO    Limpiando hoja 'Por Facturar'...
2026-05-29 07:59:20,896  INFO    Escribiendo 94 filas en 'Por Facturar'...
2026-05-29 07:59:21,182  INFO    ✅ Hoja 'Por Facturar' actualizada.
2026-05-29 07:59:21,262  INFO  Actualizando Base Produccion → 'Control Inventario' (140 filas)...
2026-05-29 07:59:21,894  INFO    Limpiando hoja 'Control Inventario'...
2026-05-29 07:59:22,170  INFO    Escribiendo 140 filas en 'Control Inventario'...
2026-05-29 07:59:22,518  INFO    ✅ Hoja 'Control Inventario' actualizada.
2026-05-29 07:59:23,289  INFO  Actualizando Base Produccion → 'Notas de Venta' (729 filas)...
2026-05-29 07:59:23,931  INFO    Limpiando hoja 'Notas de Venta'...
2026-05-29 07:59:24,245  INFO    Escribiendo 729 filas en 'Notas de Venta'...
2026-05-29 07:59:24,685  INFO    ✅ Hoja 'Notas de Venta' actualizada.
2026-05-29 07:59:24,686  WARNING    Pestaña 'Vales_de_Salida' no encontrada en el Excel, saltando...
2026-05-29 07:59:24,732  INFO  Actualizando Base Produccion → 'Stock' (131 filas)...
2026-05-29 07:59:25,296  INFO    Limpiando hoja 'Stock'...
2026-05-29 07:59:25,573  INFO    Escribiendo 131 filas en 'Stock'...
2026-05-29 07:59:25,849  INFO    ✅ Hoja 'Stock' actualizada.
2026-05-29 07:59:27,680  INFO  Actualizando Base Produccion → 'Ventas_Full' (1,721 filas)...
2026-05-29 07:59:28,349  INFO    Limpiando hoja 'Ventas_Full'...
2026-05-29 07:59:28,972  INFO    Escribiendo 1,721 filas en 'Ventas_Full'...
2026-05-29 07:59:30,497  INFO    ✅ Hoja 'Ventas_Full' actualizada.
2026-05-29 07:59:30,524  INFO  Actualizando Base Produccion → 'WIP' (23 filas)...
2026-05-29 07:59:31,051  INFO    Limpiando hoja 'WIP'...
2026-05-29 07:59:31,346  INFO    Escribiendo 23 filas en 'WIP'...
2026-05-29 07:59:31,599  INFO    ✅ Hoja 'WIP' actualizada.
2026-05-29 07:59:33,094  INFO  Actualizando Presupuestos → 'Ventas Full Manager' (1,721 filas)...
2026-05-29 07:59:33,911  INFO    Limpiando hoja 'Ventas Full Manager'...
2026-05-29 07:59:34,645  INFO    Escribiendo 1,721 filas en 'Ventas Full Manager'...
2026-05-29 07:59:38,039  INFO    ✅ Hoja 'Ventas Full Manager' actualizada.
2026-05-29 07:59:38,199  INFO  Actualizando Presupuestos → 'Notas de Venta' (729 filas)...
2026-05-29 07:59:38,853  INFO    Limpiando hoja 'Notas de Venta'...
2026-05-29 07:59:39,247  INFO    Escribiendo 729 filas en 'Notas de Venta'...
2026-05-29 07:59:39,676  INFO    ✅ Hoja 'Notas de Venta' actualizada.
2026-05-29 07:59:39,676  INFO  
2026-05-29 07:59:39,677  INFO  ✅ Todo actualizado:
2026-05-29 07:59:39,677  INFO     📁 Drive: Reportes_Completos_Actualizado.xlsx
2026-05-29 07:59:39,678  INFO     📊 Base Produccion: ['Orden de Produccion', 'Por Facturar', 'Control Inventario', 'Notas de Venta', 'Vales de Salida', 'Stock', 'Ventas_Full', 'WIP']
2026-05-29 07:59:39,678  INFO     📊 Presupuestos: Ventas Full Manager
2026-05-29 07:59:39,684  INFO  
2026-05-29 07:59:39,684  INFO  ╔═════════════════════════════════════════════════════╗
2026-05-29 07:59:39,685  INFO  ║  ✅ PIPELINE COMPLETADO en 396s                      ║
2026-05-29 07:59:39,685  INFO  ║  📊 Excel en Drive: VentasFull_Actualizado.xlsx      ║
2026-05-29 07:59:39,685  INFO  ╚═════════════════════════════════════════════════════╝
2026-06-01 07:44:10,945  INFO  ╔═════════════════════════════════════════════════════╗
2026-06-01 07:44:10,948  INFO  ║   PIPELINE VENTAS FULL — Inicio: 2026-06-01 07:44   ║
2026-06-01 07:44:10,949  INFO  ╚═════════════════════════════════════════════════════╝
2026-06-01 07:44:10,949  INFO  
2026-06-01 07:44:10,949  INFO  ━━━━━━━━━━━━━━━━━━━━━━━━━━━━━━━━━━━━━━━━━━━━━━━━━━━━━━━
2026-06-01 07:44:10,949  INFO    PASO 1/3 — Descargar backup desde Manager
2026-06-01 07:44:10,949  INFO  ━━━━━━━━━━━━━━━━━━━━━━━━━━━━━━━━━━━━━━━━━━━━━━━━━━━━━━━
2026-06-01 07:44:13,981  INFO  =======================================================
2026-06-01 07:44:13,981  INFO    Iniciando descarga automática de backup Manager
2026-06-01 07:44:13,981  INFO  =======================================================
2026-06-01 07:44:13,986  INFO  ====== WebDriver manager ======
2026-06-01 07:44:17,484  INFO  Get LATEST chromedriver version for google-chrome
2026-06-01 07:44:21,082  INFO  Get LATEST chromedriver version for google-chrome
2026-06-01 07:44:21,838  INFO  Get LATEST chromedriver version for google-chrome
2026-06-01 07:44:23,932  INFO  WebDriver version 148.0.7778.178 selected
2026-06-01 07:44:23,960  INFO  Modern chrome version https://storage.googleapis.com/chrome-for-testing-public/148.0.7778.178/win32/chromedriver-win32.zip
2026-06-01 07:44:23,960  INFO  About to download new driver from https://storage.googleapis.com/chrome-for-testing-public/148.0.7778.178/win32/chromedriver-win32.zip
2026-06-01 07:44:24,649  INFO  Driver downloading response is 200
2026-06-01 07:44:27,226  INFO  Get LATEST chromedriver version for google-chrome
2026-06-01 07:44:28,214  INFO  Driver has been saved in cache [C:\Users\atorr\.wdm\drivers\chromedriver\win64\148.0.7778.178]
2026-06-01 07:44:31,485  INFO  Abriendo login: https://prodkernel.manager.cl/index.html
2026-06-01 07:44:35,233  INFO  Inputs visibles: 3
2026-06-01 07:44:36,968  INFO  Login enviado...
2026-06-01 07:44:42,563  INFO  ✅ Login exitoso. session_id: 6bd73c43...
2026-06-01 07:44:42,563  INFO  Navegando a: https://prodkernel.manager.cl/managerbackups.html?session_id=6bd73c433c08c901c9bfb71584dcc42e&cd=prodkernel
2026-06-01 07:44:44,233  INFO  Recarga 1/10...
2026-06-01 07:44:49,141  INFO    filas .bak encontradas: 3
2026-06-01 07:44:49,141  INFO  ✅ Tabla cargada en recarga 1.
2026-06-01 07:44:49,278  INFO    Ignorando: 2026-6-1-T779354202A.bak
2026-06-01 07:44:49,352  INFO    Ignorando: 2026-6-1-T779354202B.bak
2026-06-01 07:44:49,429  INFO  Backup seleccionado: 2026-6-1-T779354202C.bak (2026-06-01 10:11:20+00:00)
2026-06-01 07:44:49,456  INFO  HTML fila completa: <td class="bucket">mng-respaldos-poliuretano</td><td class="Key">2026-6-1-T779354202C.bak</td><td class="LastModified">2026-06-01 10:11:20+00:00</td><td class="Size">0.16 GB</td><td class="presigned_url" style="display: none;">https://mng-respaldos-poliuretano.s3.amazonaws.com/2026-6-1-T779354202C.bak?AWSAccessKeyId=AKIAZPIFFWJDVFW267ZG&amp;Signature=snReOX2RAvVMM6QJcJQ5YPOWrtQ%3D&amp;Expires=1780314580</td><td><i onclick="downloadbackup($(this).parent().parent())" class="fas fa-download"></i></
2026-06-01 07:45:08,108  INFO  Descargando 2026-6-1-T779354202C.bak desde S3...
2026-06-01 07:45:15,843  INFO    10 MB / 158 MB (7%)
2026-06-01 07:45:23,375  INFO    21 MB / 158 MB (13%)
2026-06-01 07:45:33,343  INFO    31 MB / 158 MB (20%)
2026-06-01 07:45:48,594  INFO    42 MB / 158 MB (27%)
2026-06-01 07:46:05,149  INFO    52 MB / 158 MB (33%)
2026-06-01 07:46:15,280  INFO    63 MB / 158 MB (40%)
2026-06-01 07:46:28,295  INFO    73 MB / 158 MB (47%)
2026-06-01 07:46:45,626  INFO    84 MB / 158 MB (53%)
2026-06-01 07:46:50,927  INFO    94 MB / 158 MB (60%)
2026-06-01 07:46:57,511  INFO    105 MB / 158 MB (67%)
2026-06-01 07:47:02,461  INFO    115 MB / 158 MB (73%)
2026-06-01 07:47:05,314  INFO    126 MB / 158 MB (80%)
2026-06-01 07:47:07,091  INFO    136 MB / 158 MB (86%)
2026-06-01 07:47:08,415  INFO    147 MB / 158 MB (93%)
2026-06-01 07:47:09,760  INFO    157 MB / 158 MB (100%)
2026-06-01 07:47:09,898  INFO    158 MB / 158 MB (100%)
2026-06-01 07:47:10,093  INFO  ✅ Descarga completa: 2026-6-1-T779354202C.bak (157.6 MB)
2026-06-01 07:47:10,776  INFO  Backup guardado en: C:\Backups\Manager\2026-6-1-T779354202C_2026-06-01.bak
2026-06-01 07:47:10,777  INFO  ✅ Éxito — backup guardado en: C:\Backups\Manager\2026-6-1-T779354202C_2026-06-01.bak
2026-06-01 07:47:15,541  WARNING  Retrying (Retry(total=2, connect=None, read=None, redirect=None, status=None)) after connection broken by 'NewConnectionError("HTTPConnection(host='localhost', port=64857): Failed to establish a new connection: [WinError 10061] No se puede establecer una conexión ya que el equipo de destino denegó expresamente dicha conexión")': /session/0fa00ac2a1b7737df909ea17d8bf29d3
2026-06-01 07:47:19,624  WARNING  Retrying (Retry(total=1, connect=None, read=None, redirect=None, status=None)) after connection broken by 'NewConnectionError("HTTPConnection(host='localhost', port=64857): Failed to establish a new connection: [WinError 10061] No se puede establecer una conexión ya que el equipo de destino denegó expresamente dicha conexión")': /session/0fa00ac2a1b7737df909ea17d8bf29d3
2026-06-01 07:47:23,689  WARNING  Retrying (Retry(total=0, connect=None, read=None, redirect=None, status=None)) after connection broken by 'NewConnectionError("HTTPConnection(host='localhost', port=64857): Failed to establish a new connection: [WinError 10061] No se puede establecer una conexión ya que el equipo de destino denegó expresamente dicha conexión")': /session/0fa00ac2a1b7737df909ea17d8bf29d3
2026-06-01 07:47:27,807  INFO  
2026-06-01 07:47:27,808  INFO  ━━━━━━━━━━━━━━━━━━━━━━━━━━━━━━━━━━━━━━━━━━━━━━━━━━━━━━━
2026-06-01 07:47:27,808  INFO    PASO 2/3 — Restaurar BD y extraer Ventas Full
2026-06-01 07:47:27,808  INFO  ━━━━━━━━━━━━━━━━━━━━━━━━━━━━━━━━━━━━━━━━━━━━━━━━━━━━━━━
2026-06-01 07:47:57,217  INFO  ============================================================
2026-06-01 07:47:57,217  INFO    PASO 1 — Restaurar BD y extraer Múltiples Reportes
2026-06-01 07:47:57,217  INFO  ============================================================
2026-06-01 07:47:57,235  INFO  Usando .bak de ultimo_bak.txt: 2026-6-1-T779354202C_2026-06-01.bak
2026-06-01 07:47:57,235  INFO  Usando backup: 2026-6-1-T779354202C_2026-06-01.bak
2026-06-01 07:47:57,235  INFO  Restaurando 2026-6-1-T779354202C_2026-06-01.bak como 'T779354202A'...
2026-06-01 07:47:57,236  INFO  Copiando .bak a C:\Program Files\Microsoft SQL Server\MSSQL17.SQLEXPRESS\MSSQL\DATA\2026-6-1-T779354202C_2026-06-01.bak...
2026-06-01 07:48:01,110  INFO  Ejecutando RESTORE DATABASE...
2026-06-01 07:48:46,447  INFO  ✅ BD 'T779354202A' restaurada correctamente.
2026-06-01 07:48:46,472  INFO  Conectando a 'T779354202A' para extraer reportes...
2026-06-01 07:48:46,586  INFO  Ejecutando: base_completo...
2026-06-01 07:48:49,169  INFO    └─ 8,838 filas extraídas.
2026-06-01 07:48:49,170  INFO  Ejecutando: calendario...
2026-06-01 07:48:49,408  INFO    └─ 84 filas extraídas.
2026-06-01 07:48:49,408  INFO  Ejecutando: Inventario_aceros...
2026-06-01 07:48:49,457  INFO    └─ 146 filas extraídas.
2026-06-01 07:48:49,458  INFO  Ejecutando: Notas_de_venta...
2026-06-01 07:48:49,513  INFO    └─ 732 filas extraídas.
2026-06-01 07:48:49,513  INFO  Ejecutando: Ordenes_de_Compra...
2026-06-01 07:48:49,731  INFO    └─ 284 filas extraídas.
2026-06-01 07:48:49,731  INFO  Ejecutando: Ordenes_de_produccion...
2026-06-01 07:48:50,013  INFO    └─ 3,182 filas extraídas.
2026-06-01 07:48:50,013  INFO  Ejecutando: Pendiente_a_facturar...
2026-06-01 07:48:50,022  ERROR    └─ Error ejecutando Pendiente_a_facturar: ('42000', '[42000] [Microsoft][ODBC Driver 17 for SQL Server][SQL Server]ORDER BY items must appear in the select list if SELECT DISTINCT is specified. (145) (SQLExecDirectW)')
2026-06-01 07:48:50,023  INFO  Ejecutando: Productos_Stock...
2026-06-01 07:48:50,064  INFO    └─ 131 filas extraídas.
2026-06-01 07:48:50,064  INFO  Ejecutando: Vales_de_Salida...
2026-06-01 07:48:50,098  ERROR    └─ Error ejecutando Vales_de_Salida: ('42000', '[42000] [Microsoft][ODBC Driver 17 for SQL Server][SQL Server]ORDER BY items must appear in the select list if SELECT DISTINCT is specified. (145) (SQLExecDirectW)')
2026-06-01 07:48:50,099  INFO  Ejecutando: Ventas_Full...
2026-06-01 07:48:50,993  INFO    └─ 1,755 filas extraídas.
2026-06-01 07:48:50,994  INFO  Ejecutando: WIP...
2026-06-01 07:48:51,201  INFO    └─ 20 filas extraídas.
2026-06-01 07:48:51,204  INFO  Exportando a Excel multipestaña: C:\Reportes\VentasFull\Reportes_Completos_2026-06-01.xlsx
2026-06-01 07:50:11,361  INFO  ✅ Excel generado: C:\Reportes\VentasFull\Reportes_Completos_2026-06-01.xlsx (2.5 MB)
2026-06-01 07:50:11,362  INFO  ✅ Proceso Completado → C:\Reportes\VentasFull\Reportes_Completos_2026-06-01.xlsx
2026-06-01 07:50:11,375  INFO  
2026-06-01 07:50:11,376  INFO  ━━━━━━━━━━━━━━━━━━━━━━━━━━━━━━━━━━━━━━━━━━━━━━━━━━━━━━━
2026-06-01 07:50:11,376  INFO    PASO 3/3 — Subir Excel a Google Drive
2026-06-01 07:50:11,376  INFO  ━━━━━━━━━━━━━━━━━━━━━━━━━━━━━━━━━━━━━━━━━━━━━━━━━━━━━━━
2026-06-01 07:50:17,389  INFO  =======================================================
2026-06-01 07:50:17,390  INFO    PASO 2 — Subir a Drive y actualizar Google Sheets
2026-06-01 07:50:17,390  INFO  =======================================================
2026-06-01 07:50:17,401  INFO  Procesando: Reportes_Completos_2026-06-01.xlsx (2.5 MB)
2026-06-01 07:50:17,536  INFO  file_cache is only supported with oauth2client<4.0.0
2026-06-01 07:50:17,573  INFO  file_cache is only supported with oauth2client<4.0.0
2026-06-01 07:50:19,343  INFO  Creando Excel nuevo en Drive...
2026-06-01 07:50:22,017  INFO  ✅ Excel subido a Drive: Reportes_Completos_Actualizado.xlsx
2026-06-01 07:50:22,018  INFO  Leyendo Excel para actualizar Google Sheets...
2026-06-01 07:50:22,041  INFO  Pestañas encontradas en Excel: ['base_completo', 'calendario', 'Inventario_aceros', 'Notas_de_venta', 'Ordenes_de_Compra', 'Ordenes_de_produccion', 'Productos_Stock', 'Ventas_Full', 'WIP']
2026-06-01 07:50:23,655  INFO  Actualizando Base Produccion → 'Orden de Produccion' (3,182 filas)...
2026-06-01 07:50:25,212  INFO    Limpiando hoja 'Orden de Produccion'...
2026-06-01 07:50:26,177  INFO    Escribiendo 3,182 filas en 'Orden de Produccion'...
2026-06-01 07:50:28,578  INFO    ✅ Hoja 'Orden de Produccion' actualizada.
2026-06-01 07:50:28,628  INFO  Actualizando Base Produccion → 'Por Facturar' (84 filas)...
2026-06-01 07:50:29,306  INFO    Limpiando hoja 'Por Facturar'...
2026-06-01 07:50:29,653  INFO    Escribiendo 84 filas en 'Por Facturar'...
2026-06-01 07:50:30,007  INFO    ✅ Hoja 'Por Facturar' actualizada.
2026-06-01 07:50:30,071  INFO  Actualizando Base Produccion → 'Control Inventario' (146 filas)...
2026-06-01 07:50:30,620  INFO    Limpiando hoja 'Control Inventario'...
2026-06-01 07:50:30,862  INFO    Escribiendo 146 filas en 'Control Inventario'...
2026-06-01 07:50:31,140  INFO    ✅ Hoja 'Control Inventario' actualizada.
2026-06-01 07:50:31,832  INFO  Actualizando Base Produccion → 'Notas de Venta' (732 filas)...
2026-06-01 07:50:32,282  INFO    Limpiando hoja 'Notas de Venta'...
2026-06-01 07:50:32,678  INFO    Escribiendo 732 filas en 'Notas de Venta'...
2026-06-01 07:50:33,034  INFO    ✅ Hoja 'Notas de Venta' actualizada.
2026-06-01 07:50:33,035  WARNING    Pestaña 'Vales_de_Salida' no encontrada en el Excel, saltando...
2026-06-01 07:50:33,076  INFO  Actualizando Base Produccion → 'Stock' (131 filas)...
2026-06-01 07:50:33,514  INFO    Limpiando hoja 'Stock'...
2026-06-01 07:50:33,763  INFO    Escribiendo 131 filas en 'Stock'...
2026-06-01 07:50:34,024  INFO    ✅ Hoja 'Stock' actualizada.
2026-06-01 07:50:35,169  INFO  Actualizando Base Produccion → 'Ventas_Full' (1,755 filas)...
2026-06-01 07:50:35,603  INFO    Limpiando hoja 'Ventas_Full'...
2026-06-01 07:50:36,117  INFO    Escribiendo 1,755 filas en 'Ventas_Full'...
2026-06-01 07:50:38,053  INFO    ✅ Hoja 'Ventas_Full' actualizada.
2026-06-01 07:50:38,089  INFO  Actualizando Base Produccion → 'WIP' (20 filas)...
2026-06-01 07:50:38,542  INFO    Limpiando hoja 'WIP'...
2026-06-01 07:50:38,811  INFO    Escribiendo 20 filas en 'WIP'...
2026-06-01 07:50:39,063  INFO    ✅ Hoja 'WIP' actualizada.
2026-06-01 07:50:40,652  INFO  Actualizando Presupuestos → 'Ventas Full Manager' (1,755 filas)...
2026-06-01 07:50:41,473  INFO    Limpiando hoja 'Ventas Full Manager'...
2026-06-01 07:50:42,157  INFO    Escribiendo 1,755 filas en 'Ventas Full Manager'...
2026-06-01 07:50:43,988  INFO    ✅ Hoja 'Ventas Full Manager' actualizada.
2026-06-01 07:50:44,175  INFO  Actualizando Presupuestos → 'Notas de Venta' (732 filas)...
2026-06-01 07:50:44,767  INFO    Limpiando hoja 'Notas de Venta'...
2026-06-01 07:50:45,337  INFO    Escribiendo 732 filas en 'Notas de Venta'...
2026-06-01 07:50:45,753  INFO    ✅ Hoja 'Notas de Venta' actualizada.
2026-06-01 07:50:45,753  INFO  
2026-06-01 07:50:45,753  INFO  ✅ Todo actualizado:
2026-06-01 07:50:45,753  INFO     📁 Drive: Reportes_Completos_Actualizado.xlsx
2026-06-01 07:50:45,756  INFO     📊 Base Produccion: ['Orden de Produccion', 'Por Facturar', 'Control Inventario', 'Notas de Venta', 'Vales de Salida', 'Stock', 'Ventas_Full', 'WIP']
2026-06-01 07:50:45,757  INFO     📊 Presupuestos: Ventas Full Manager
2026-06-01 07:50:45,761  INFO  
2026-06-01 07:50:45,761  INFO  ╔═════════════════════════════════════════════════════╗
2026-06-01 07:50:45,761  INFO  ║  ✅ PIPELINE COMPLETADO en 394s                      ║
2026-06-01 07:50:45,761  INFO  ║  📊 Excel en Drive: VentasFull_Actualizado.xlsx      ║
2026-06-01 07:50:45,762  INFO  ╚═════════════════════════════════════════════════════╝
2026-06-01 09:39:12,553  INFO  ╔═════════════════════════════════════════════════════╗
2026-06-01 09:39:12,554  INFO  ║   PIPELINE VENTAS FULL — Inicio: 2026-06-01 09:39   ║
2026-06-01 09:39:12,554  INFO  ╚═════════════════════════════════════════════════════╝
2026-06-01 09:39:12,555  INFO  
2026-06-01 09:39:12,555  INFO  ━━━━━━━━━━━━━━━━━━━━━━━━━━━━━━━━━━━━━━━━━━━━━━━━━━━━━━━
2026-06-01 09:39:12,555  INFO    PASO 1/3 — Descargar backup desde Manager
2026-06-01 09:39:12,556  INFO  ━━━━━━━━━━━━━━━━━━━━━━━━━━━━━━━━━━━━━━━━━━━━━━━━━━━━━━━
2026-06-01 09:39:13,891  INFO  =======================================================
2026-06-01 09:39:13,891  INFO    Iniciando descarga automática de backup Manager
2026-06-01 09:39:13,891  INFO  =======================================================
2026-06-01 09:39:13,895  INFO  ====== WebDriver manager ======
2026-06-01 09:39:16,214  INFO  Get LATEST chromedriver version for google-chrome
2026-06-01 09:39:16,916  INFO  Get LATEST chromedriver version for google-chrome
2026-06-01 09:39:17,490  INFO  Driver [C:\Users\atorr\.wdm\drivers\chromedriver\win64\148.0.7778.178\chromedriver-win32/chromedriver.exe] found in cache
2026-06-01 09:39:20,817  INFO  Abriendo login: https://prodkernel.manager.cl/index.html
2026-06-01 09:39:23,053  INFO  Inputs visibles: 3
2026-06-01 09:39:23,534  INFO  Login enviado...
2026-06-01 09:39:27,550  INFO  ✅ Login exitoso. session_id: d0bfd7e9...
2026-06-01 09:39:27,552  INFO  Navegando a: https://prodkernel.manager.cl/managerbackups.html?session_id=d0bfd7e9a87d58f9c62f837c31c8c9bf&cd=prodkernel
2026-06-01 09:39:27,764  INFO  Recarga 1/10...
2026-06-01 09:39:31,918  INFO    filas .bak encontradas: 3
2026-06-01 09:39:31,919  INFO  ✅ Tabla cargada en recarga 1.
2026-06-01 09:39:31,987  INFO    Ignorando: 2026-6-1-T779354202A.bak
2026-06-01 09:39:32,030  INFO    Ignorando: 2026-6-1-T779354202B.bak
2026-06-01 09:39:32,069  INFO  Backup seleccionado: 2026-6-1-T779354202C.bak (2026-06-01 10:11:20+00:00)
2026-06-01 09:39:32,080  INFO  HTML fila completa: <td class="bucket">mng-respaldos-poliuretano</td><td class="Key">2026-6-1-T779354202C.bak</td><td class="LastModified">2026-06-01 10:11:20+00:00</td><td class="Size">0.16 GB</td><td class="presigned_url" style="display: none;">https://mng-respaldos-poliuretano.s3.amazonaws.com/2026-6-1-T779354202C.bak?AWSAccessKeyId=AKIAZPIFFWJDVFW267ZG&amp;Signature=SYwf2KAMEwyijwPJ%2FpZC4ctVGx0%3D&amp;Expires=1780321462</td><td><i onclick="downloadbackup($(this).parent().parent())" class="fas fa-download"></i>
2026-06-01 09:39:34,372  INFO  Descargando 2026-6-1-T779354202C.bak desde S3...
2026-06-01 09:39:42,772  INFO    10 MB / 158 MB (7%)
2026-06-01 09:39:51,179  INFO    21 MB / 158 MB (13%)
2026-06-01 09:40:04,478  INFO    31 MB / 158 MB (20%)
2026-06-01 09:40:16,470  INFO    42 MB / 158 MB (27%)
2026-06-01 09:40:25,320  INFO    52 MB / 158 MB (33%)
2026-06-01 09:40:35,196  INFO    63 MB / 158 MB (40%)
2026-06-01 09:40:43,041  INFO    73 MB / 158 MB (47%)
2026-06-01 09:40:49,627  INFO    84 MB / 158 MB (53%)
2026-06-01 09:41:01,117  INFO    94 MB / 158 MB (60%)
2026-06-01 09:41:08,697  INFO    105 MB / 158 MB (67%)
2026-06-01 09:41:13,676  INFO    115 MB / 158 MB (73%)
2026-06-01 09:41:21,064  INFO    126 MB / 158 MB (80%)
2026-06-01 09:41:29,306  INFO    136 MB / 158 MB (86%)
2026-06-01 09:41:34,183  INFO    147 MB / 158 MB (93%)
2026-06-01 09:41:39,356  INFO    157 MB / 158 MB (100%)
2026-06-01 09:41:39,530  INFO    158 MB / 158 MB (100%)
2026-06-01 09:41:39,533  INFO  ✅ Descarga completa: 2026-6-1-T779354202C.bak (157.6 MB)
2026-06-01 09:41:39,541  INFO  Backup guardado en: C:\Backups\Manager\2026-6-1-T779354202C_2026-06-01_1780321299.bak
2026-06-01 09:41:39,541  INFO  ✅ Éxito — backup guardado en: C:\Backups\Manager\2026-6-1-T779354202C_2026-06-01_1780321299.bak
2026-06-01 09:41:43,669  WARNING  Retrying (Retry(total=2, connect=None, read=None, redirect=None, status=None)) after connection broken by 'NewConnectionError("HTTPConnection(host='localhost', port=57975): Failed to establish a new connection: [WinError 10061] No se puede establecer una conexión ya que el equipo de destino denegó expresamente dicha conexión")': /session/379a04bb6ee7866443671bb2cad2e512
2026-06-01 09:41:47,764  WARNING  Retrying (Retry(total=1, connect=None, read=None, redirect=None, status=None)) after connection broken by 'NewConnectionError("HTTPConnection(host='localhost', port=57975): Failed to establish a new connection: [WinError 10061] No se puede establecer una conexión ya que el equipo de destino denegó expresamente dicha conexión")': /session/379a04bb6ee7866443671bb2cad2e512
2026-06-01 09:41:51,844  WARNING  Retrying (Retry(total=0, connect=None, read=None, redirect=None, status=None)) after connection broken by 'NewConnectionError("HTTPConnection(host='localhost', port=57975): Failed to establish a new connection: [WinError 10061] No se puede establecer una conexión ya que el equipo de destino denegó expresamente dicha conexión")': /session/379a04bb6ee7866443671bb2cad2e512
2026-06-01 09:41:55,954  INFO  
2026-06-01 09:41:55,960  INFO  ━━━━━━━━━━━━━━━━━━━━━━━━━━━━━━━━━━━━━━━━━━━━━━━━━━━━━━━
2026-06-01 09:41:55,961  INFO    PASO 2/3 — Restaurar BD y extraer Ventas Full
2026-06-01 09:41:55,963  INFO  ━━━━━━━━━━━━━━━━━━━━━━━━━━━━━━━━━━━━━━━━━━━━━━━━━━━━━━━
2026-06-01 09:42:02,931  INFO  ============================================================
2026-06-01 09:42:02,931  INFO    PASO 1 — Restaurar BD y extraer Múltiples Reportes
2026-06-01 09:42:02,931  INFO  ============================================================
2026-06-01 09:42:02,948  INFO  Usando .bak de ultimo_bak.txt: 2026-6-1-T779354202C_2026-06-01_1780321299.bak
2026-06-01 09:42:02,948  INFO  Usando backup: 2026-6-1-T779354202C_2026-06-01_1780321299.bak
2026-06-01 09:42:02,949  INFO  Restaurando 2026-6-1-T779354202C_2026-06-01_1780321299.bak como 'T779354202A'...
2026-06-01 09:42:02,950  INFO  Copiando .bak a C:\Program Files\Microsoft SQL Server\MSSQL17.SQLEXPRESS\MSSQL\DATA\2026-6-1-T779354202C_2026-06-01_1780321299.bak...
2026-06-01 09:42:06,849  INFO  Ejecutando RESTORE DATABASE...
2026-06-01 09:42:52,038  INFO  ✅ BD 'T779354202A' restaurada correctamente.
2026-06-01 09:42:52,039  INFO  Conectando a 'T779354202A' para extraer reportes...
2026-06-01 09:42:52,093  INFO  Ejecutando: base_completo...
2026-06-01 09:42:53,890  INFO    └─ 8,838 filas extraídas.
2026-06-01 09:42:53,891  INFO  Ejecutando: calendario...
2026-06-01 09:42:54,099  INFO    └─ 84 filas extraídas.
2026-06-01 09:42:54,099  INFO  Ejecutando: Inventario_aceros...
2026-06-01 09:42:54,139  INFO    └─ 146 filas extraídas.
2026-06-01 09:42:54,139  INFO  Ejecutando: Notas_de_venta...
2026-06-01 09:42:54,182  INFO    └─ 732 filas extraídas.
2026-06-01 09:42:54,182  INFO  Ejecutando: Ordenes_de_Compra...
2026-06-01 09:42:54,352  INFO    └─ 284 filas extraídas.
2026-06-01 09:42:54,353  INFO  Ejecutando: Ordenes_de_produccion...
2026-06-01 09:42:54,550  INFO    └─ 3,182 filas extraídas.
2026-06-01 09:42:54,550  INFO  Ejecutando: Pendiente_a_facturar...
2026-06-01 09:42:54,591  ERROR    └─ Error ejecutando Pendiente_a_facturar: ('42000', '[42000] [Microsoft][ODBC Driver 17 for SQL Server][SQL Server]ORDER BY items must appear in the select list if SELECT DISTINCT is specified. (145) (SQLExecDirectW)')
2026-06-01 09:42:54,592  INFO  Ejecutando: Productos_Stock...
2026-06-01 09:42:54,624  INFO    └─ 131 filas extraídas.
2026-06-01 09:42:54,624  INFO  Ejecutando: Vales_de_Salida...
2026-06-01 09:42:54,650  ERROR    └─ Error ejecutando Vales_de_Salida: ('42000', '[42000] [Microsoft][ODBC Driver 17 for SQL Server][SQL Server]ORDER BY items must appear in the select list if SELECT DISTINCT is specified. (145) (SQLExecDirectW)')
2026-06-01 09:42:54,650  INFO  Ejecutando: Ventas_Full...
2026-06-01 09:42:55,448  INFO    └─ 1,755 filas extraídas.
2026-06-01 09:42:55,448  INFO  Ejecutando: WIP...
2026-06-01 09:42:55,525  INFO    └─ 43 filas extraídas.
2026-06-01 09:42:55,529  INFO  Exportando a Excel multipestaña: C:\Reportes\VentasFull\Reportes_Completos_2026-06-01.xlsx
2026-06-01 09:43:44,890  INFO  ✅ Excel generado: C:\Reportes\VentasFull\Reportes_Completos_2026-06-01.xlsx (2.5 MB)
2026-06-01 09:43:44,892  INFO  ✅ Proceso Completado → C:\Reportes\VentasFull\Reportes_Completos_2026-06-01.xlsx
2026-06-01 09:43:44,906  INFO  
2026-06-01 09:43:44,907  INFO  ━━━━━━━━━━━━━━━━━━━━━━━━━━━━━━━━━━━━━━━━━━━━━━━━━━━━━━━
2026-06-01 09:43:44,907  INFO    PASO 3/3 — Subir Excel a Google Drive
2026-06-01 09:43:44,908  INFO  ━━━━━━━━━━━━━━━━━━━━━━━━━━━━━━━━━━━━━━━━━━━━━━━━━━━━━━━
2026-06-01 09:43:49,046  INFO  =======================================================
2026-06-01 09:43:49,047  INFO    PASO 2 — Subir a Drive y actualizar Google Sheets
2026-06-01 09:43:49,047  INFO  =======================================================
2026-06-01 09:43:49,059  INFO  Procesando: Reportes_Completos_2026-06-01.xlsx (2.5 MB)
2026-06-01 09:43:49,139  INFO  file_cache is only supported with oauth2client<4.0.0
2026-06-01 09:43:49,164  INFO  file_cache is only supported with oauth2client<4.0.0
2026-06-01 09:43:50,370  INFO  Creando Excel nuevo en Drive...
2026-06-01 09:43:52,699  INFO  ✅ Excel subido a Drive: Reportes_Completos_Actualizado.xlsx
2026-06-01 09:43:52,699  INFO  Leyendo Excel para actualizar Google Sheets...
2026-06-01 09:43:52,755  INFO  Pestañas encontradas en Excel: ['base_completo', 'calendario', 'Inventario_aceros', 'Notas_de_venta', 'Ordenes_de_Compra', 'Ordenes_de_produccion', 'Productos_Stock', 'Ventas_Full', 'WIP']
2026-06-01 09:43:54,156  INFO  Actualizando Base Produccion → 'Orden de Produccion' (3,182 filas)...
2026-06-01 09:43:55,554  INFO    Limpiando hoja 'Orden de Produccion'...
2026-06-01 09:43:56,559  INFO    Escribiendo 3,182 filas en 'Orden de Produccion'...
2026-06-01 09:43:59,351  INFO    ✅ Hoja 'Orden de Produccion' actualizada.
2026-06-01 09:43:59,424  INFO  Actualizando Base Produccion → 'Por Facturar' (84 filas)...
2026-06-01 09:43:59,911  INFO    Limpiando hoja 'Por Facturar'...
2026-06-01 09:44:00,334  INFO    Escribiendo 84 filas en 'Por Facturar'...
2026-06-01 09:44:00,754  INFO    ✅ Hoja 'Por Facturar' actualizada.
2026-06-01 09:44:00,819  INFO  Actualizando Base Produccion → 'Control Inventario' (146 filas)...
2026-06-01 09:44:01,295  INFO    Limpiando hoja 'Control Inventario'...
2026-06-01 09:44:01,550  INFO    Escribiendo 146 filas en 'Control Inventario'...
2026-06-01 09:44:01,856  INFO    ✅ Hoja 'Control Inventario' actualizada.
2026-06-01 09:44:02,707  INFO  Actualizando Base Produccion → 'Notas de Venta' (732 filas)...
2026-06-01 09:44:03,179  INFO    Limpiando hoja 'Notas de Venta'...
2026-06-01 09:44:03,504  INFO    Escribiendo 732 filas en 'Notas de Venta'...
2026-06-01 09:44:03,890  INFO    ✅ Hoja 'Notas de Venta' actualizada.
2026-06-01 09:44:03,891  WARNING    Pestaña 'Vales_de_Salida' no encontrada en el Excel, saltando...
2026-06-01 09:44:03,945  INFO  Actualizando Base Produccion → 'Stock' (131 filas)...
2026-06-01 09:44:04,453  INFO    Limpiando hoja 'Stock'...
2026-06-01 09:44:04,740  INFO    Escribiendo 131 filas en 'Stock'...
2026-06-01 09:44:05,012  INFO    ✅ Hoja 'Stock' actualizada.
2026-06-01 09:44:06,264  INFO  Actualizando Base Produccion → 'Ventas_Full' (1,755 filas)...
2026-06-01 09:44:06,752  INFO    Limpiando hoja 'Ventas_Full'...
2026-06-01 09:44:07,371  INFO    Escribiendo 1,755 filas en 'Ventas_Full'...
2026-06-01 09:44:09,081  INFO    ✅ Hoja 'Ventas_Full' actualizada.
2026-06-01 09:44:09,151  INFO  Actualizando Base Produccion → 'WIP' (43 filas)...
2026-06-01 09:44:09,686  INFO    Limpiando hoja 'WIP'...
2026-06-01 09:44:09,932  INFO    Escribiendo 43 filas en 'WIP'...
2026-06-01 09:44:10,205  INFO    ✅ Hoja 'WIP' actualizada.
2026-06-01 09:44:11,144  INFO  Actualizando Presupuestos → 'Ventas Full Manager' (1,755 filas)...
2026-06-01 09:44:12,075  INFO    Limpiando hoja 'Ventas Full Manager'...
2026-06-01 09:44:12,779  INFO    Escribiendo 1,755 filas en 'Ventas Full Manager'...
2026-06-01 09:44:14,918  INFO    ✅ Hoja 'Ventas Full Manager' actualizada.
2026-06-01 09:44:15,163  INFO  Actualizando Presupuestos → 'Notas de Venta' (732 filas)...
2026-06-01 09:44:15,897  INFO    Limpiando hoja 'Notas de Venta'...
2026-06-01 09:44:16,490  INFO    Escribiendo 732 filas en 'Notas de Venta'...
2026-06-01 09:44:17,006  INFO    ✅ Hoja 'Notas de Venta' actualizada.
2026-06-01 09:44:17,007  INFO  
2026-06-01 09:44:17,007  INFO  ✅ Todo actualizado:
2026-06-01 09:44:17,008  INFO     📁 Drive: Reportes_Completos_Actualizado.xlsx
2026-06-01 09:44:17,008  INFO     📊 Base Produccion: ['Orden de Produccion', 'Por Facturar', 'Control Inventario', 'Notas de Venta', 'Vales de Salida', 'Stock', 'Ventas_Full', 'WIP']
2026-06-01 09:44:17,009  INFO     📊 Presupuestos: Ventas Full Manager
2026-06-01 09:44:17,012  INFO  
2026-06-01 09:44:17,012  INFO  ╔═════════════════════════════════════════════════════╗
2026-06-01 09:44:17,013  INFO  ║  ✅ PIPELINE COMPLETADO en 304s                      ║
2026-06-01 09:44:17,014  INFO  ║  📊 Excel en Drive: VentasFull_Actualizado.xlsx      ║
2026-06-01 09:44:17,014  INFO  ╚═════════════════════════════════════════════════════╝
2026-06-01 17:25:39,020  INFO  ╔═════════════════════════════════════════════════════╗
2026-06-01 17:25:39,021  INFO  ║   PIPELINE VENTAS FULL — Inicio: 2026-06-01 17:25   ║
2026-06-01 17:25:39,022  INFO  ╚═════════════════════════════════════════════════════╝
2026-06-01 17:25:39,022  INFO  
2026-06-01 17:25:39,022  INFO  ━━━━━━━━━━━━━━━━━━━━━━━━━━━━━━━━━━━━━━━━━━━━━━━━━━━━━━━
2026-06-01 17:25:39,022  INFO    PASO 1/3 — Descargar backup desde Manager
2026-06-01 17:25:39,023  INFO  ━━━━━━━━━━━━━━━━━━━━━━━━━━━━━━━━━━━━━━━━━━━━━━━━━━━━━━━
2026-06-01 17:25:40,363  INFO  =======================================================
2026-06-01 17:25:40,363  INFO    Iniciando descarga automática de backup Manager
2026-06-01 17:25:40,364  INFO  =======================================================
2026-06-01 17:25:40,368  INFO  ====== WebDriver manager ======
2026-06-01 17:25:44,599  INFO  Get LATEST chromedriver version for google-chrome
2026-06-01 17:25:45,200  INFO  Get LATEST chromedriver version for google-chrome
2026-06-01 17:25:45,653  INFO  Driver [C:\Users\atorr\.wdm\drivers\chromedriver\win64\148.0.7778.178\chromedriver-win32/chromedriver.exe] found in cache
2026-06-01 17:25:48,491  INFO  Abriendo login: https://prodkernel.manager.cl/index.html
2026-06-01 17:25:50,969  INFO  Inputs visibles: 3
2026-06-01 17:25:51,510  INFO  Login enviado...
2026-06-01 17:25:55,528  INFO  ✅ Login exitoso. session_id: 565fb130...
2026-06-01 17:25:55,530  INFO  Navegando a: https://prodkernel.manager.cl/managerbackups.html?session_id=565fb1300b56e97b684bfb5d0d6c213d&cd=prodkernel
2026-06-01 17:25:55,691  INFO  Recarga 1/10...
2026-06-01 17:25:59,826  INFO    filas .bak encontradas: 0
2026-06-01 17:25:59,827  INFO  Recarga 2/10...
2026-06-01 17:26:04,412  INFO    filas .bak encontradas: 0
2026-06-01 17:26:04,413  INFO  Recarga 3/10...
2026-06-01 17:26:08,532  INFO    filas .bak encontradas: 0
2026-06-01 17:26:08,533  INFO  Recarga 4/10...
2026-06-01 17:26:12,934  INFO    filas .bak encontradas: 3
2026-06-01 17:26:12,935  INFO  ✅ Tabla cargada en recarga 4.
2026-06-01 17:26:13,017  INFO    Ignorando: 2026-6-1-T779354202A.bak
2026-06-01 17:26:13,066  INFO    Ignorando: 2026-6-1-T779354202B.bak
2026-06-01 17:26:13,110  INFO  Backup seleccionado: 2026-6-1-T779354202C.bak (2026-06-01 10:11:20+00:00)
2026-06-01 17:26:13,122  INFO  HTML fila completa: <td class="bucket">mng-respaldos-poliuretano</td><td class="Key">2026-6-1-T779354202C.bak</td><td class="LastModified">2026-06-01 10:11:20+00:00</td><td class="Size">0.16 GB</td><td class="presigned_url" style="display: none;">https://mng-respaldos-poliuretano.s3.amazonaws.com/2026-6-1-T779354202C.bak?AWSAccessKeyId=AKIAZPIFFWJDVFW267ZG&amp;Signature=Ukhx0EmbWeNZvdQ7AY7A%2FzVW8qY%3D&amp;Expires=1780349467</td><td><i onclick="downloadbackup($(this).parent().parent())" class="fas fa-download"></i>
2026-06-01 17:26:15,518  INFO  Descargando 2026-6-1-T779354202C.bak desde S3...
2026-06-01 17:26:39,320  INFO    10 MB / 158 MB (7%)
2026-06-01 17:26:59,728  INFO    21 MB / 158 MB (13%)
2026-06-01 17:27:10,751  INFO    31 MB / 158 MB (20%)
2026-06-01 17:27:20,932  INFO    42 MB / 158 MB (27%)
2026-06-01 17:27:32,206  INFO    52 MB / 158 MB (33%)
2026-06-01 17:27:44,218  INFO    63 MB / 158 MB (40%)
2026-06-01 17:27:57,322  INFO    73 MB / 158 MB (47%)
2026-06-01 17:28:11,552  INFO    84 MB / 158 MB (53%)
2026-06-01 17:28:27,956  INFO    94 MB / 158 MB (60%)
2026-06-01 17:28:41,323  INFO    105 MB / 158 MB (67%)
2026-06-01 17:28:55,342  INFO    115 MB / 158 MB (73%)
2026-06-01 17:29:11,087  INFO    126 MB / 158 MB (80%)
2026-06-01 17:29:25,485  INFO    136 MB / 158 MB (86%)
2026-06-01 17:29:52,169  INFO    147 MB / 158 MB (93%)
2026-06-01 17:30:06,339  INFO    157 MB / 158 MB (100%)
2026-06-01 17:30:06,875  INFO    158 MB / 158 MB (100%)
2026-06-01 17:30:06,899  INFO  ✅ Descarga completa: 2026-6-1-T779354202C.bak (157.6 MB)
2026-06-01 17:30:06,908  INFO  Backup guardado en: C:\Backups\Manager\2026-6-1-T779354202C_2026-06-01_1780349406.bak
2026-06-01 17:30:06,909  INFO  ✅ Éxito — backup guardado en: C:\Backups\Manager\2026-6-1-T779354202C_2026-06-01_1780349406.bak
2026-06-01 17:30:11,040  WARNING  Retrying (Retry(total=2, connect=None, read=None, redirect=None, status=None)) after connection broken by 'NewConnectionError("HTTPConnection(host='localhost', port=50755): Failed to establish a new connection: [WinError 10061] No se puede establecer una conexión ya que el equipo de destino denegó expresamente dicha conexión")': /session/9f19f991a5b86330c088e9f39d7a1533
2026-06-01 17:30:15,093  WARNING  Retrying (Retry(total=1, connect=None, read=None, redirect=None, status=None)) after connection broken by 'NewConnectionError("HTTPConnection(host='localhost', port=50755): Failed to establish a new connection: [WinError 10061] No se puede establecer una conexión ya que el equipo de destino denegó expresamente dicha conexión")': /session/9f19f991a5b86330c088e9f39d7a1533
2026-06-01 17:30:19,159  WARNING  Retrying (Retry(total=0, connect=None, read=None, redirect=None, status=None)) after connection broken by 'NewConnectionError("HTTPConnection(host='localhost', port=50755): Failed to establish a new connection: [WinError 10061] No se puede establecer una conexión ya que el equipo de destino denegó expresamente dicha conexión")': /session/9f19f991a5b86330c088e9f39d7a1533
2026-06-01 17:30:23,226  INFO  
2026-06-01 17:30:23,226  INFO  ━━━━━━━━━━━━━━━━━━━━━━━━━━━━━━━━━━━━━━━━━━━━━━━━━━━━━━━
2026-06-01 17:30:23,227  INFO    PASO 2/3 — Restaurar BD y extraer Ventas Full
2026-06-01 17:30:23,227  INFO  ━━━━━━━━━━━━━━━━━━━━━━━━━━━━━━━━━━━━━━━━━━━━━━━━━━━━━━━
2026-06-01 17:30:29,795  INFO  ============================================================
2026-06-01 17:30:29,796  INFO    PASO 1 — Restaurar BD y extraer Múltiples Reportes
2026-06-01 17:30:29,796  INFO  ============================================================
2026-06-01 17:30:29,814  INFO  Usando .bak de ultimo_bak.txt: 2026-6-1-T779354202C_2026-06-01_1780349406.bak
2026-06-01 17:30:29,814  INFO  Usando backup: 2026-6-1-T779354202C_2026-06-01_1780349406.bak
2026-06-01 17:30:29,814  INFO  Restaurando 2026-6-1-T779354202C_2026-06-01_1780349406.bak como 'T779354202A'...
2026-06-01 17:30:29,816  INFO  Copiando .bak a C:\Program Files\Microsoft SQL Server\MSSQL17.SQLEXPRESS\MSSQL\DATA\2026-6-1-T779354202C_2026-06-01_1780349406.bak...
2026-06-01 17:30:34,071  INFO  Ejecutando RESTORE DATABASE...
2026-06-01 17:31:19,231  INFO  ✅ BD 'T779354202A' restaurada correctamente.
2026-06-01 17:31:19,231  INFO  Conectando a 'T779354202A' para extraer reportes...
2026-06-01 17:31:19,280  INFO  Ejecutando: base_completo...
2026-06-01 17:31:21,370  INFO    └─ 8,838 filas extraídas.
2026-06-01 17:31:21,370  INFO  Ejecutando: calendario...
2026-06-01 17:31:21,583  INFO    └─ 84 filas extraídas.
2026-06-01 17:31:21,583  INFO  Ejecutando: Inventario_aceros...
2026-06-01 17:31:21,614  INFO    └─ 146 filas extraídas.
2026-06-01 17:31:21,614  INFO  Ejecutando: Notas_de_venta...
2026-06-01 17:31:21,668  INFO    └─ 732 filas extraídas.
2026-06-01 17:31:21,668  INFO  Ejecutando: Ordenes_de_Compra...
2026-06-01 17:31:21,847  INFO    └─ 284 filas extraídas.
2026-06-01 17:31:21,848  INFO  Ejecutando: Ordenes_de_produccion...
2026-06-01 17:31:22,082  INFO    └─ 3,182 filas extraídas.
2026-06-01 17:31:22,082  INFO  Ejecutando: Pendiente_a_facturar...
2026-06-01 17:31:22,128  ERROR    └─ Error ejecutando Pendiente_a_facturar: ('42000', '[42000] [Microsoft][ODBC Driver 17 for SQL Server][SQL Server]ORDER BY items must appear in the select list if SELECT DISTINCT is specified. (145) (SQLExecDirectW)')
2026-06-01 17:31:22,128  INFO  Ejecutando: Productos_Stock...
2026-06-01 17:31:22,157  INFO    └─ 131 filas extraídas.
2026-06-01 17:31:22,157  INFO  Ejecutando: Vales_de_Salida...
2026-06-01 17:31:22,189  ERROR    └─ Error ejecutando Vales_de_Salida: ('42000', '[42000] [Microsoft][ODBC Driver 17 for SQL Server][SQL Server]ORDER BY items must appear in the select list if SELECT DISTINCT is specified. (145) (SQLExecDirectW)')
2026-06-01 17:31:22,190  INFO  Ejecutando: Ventas_Full...
2026-06-01 17:31:22,937  INFO    └─ 1,755 filas extraídas.
2026-06-01 17:31:22,938  INFO  Ejecutando: WIP...
2026-06-01 17:31:22,992  INFO    └─ 43 filas extraídas.
2026-06-01 17:31:22,994  INFO  Exportando a Excel multipestaña: C:\Reportes\VentasFull\Reportes_Completos_2026-06-01.xlsx
2026-06-01 17:32:36,295  INFO  ✅ Excel generado: C:\Reportes\VentasFull\Reportes_Completos_2026-06-01.xlsx (2.5 MB)
2026-06-01 17:32:36,297  INFO  ✅ Proceso Completado → C:\Reportes\VentasFull\Reportes_Completos_2026-06-01.xlsx
2026-06-01 17:32:36,317  INFO  
2026-06-01 17:32:36,318  INFO  ━━━━━━━━━━━━━━━━━━━━━━━━━━━━━━━━━━━━━━━━━━━━━━━━━━━━━━━
2026-06-01 17:32:36,318  INFO    PASO 3/3 — Subir Excel a Google Drive
2026-06-01 17:32:36,318  INFO  ━━━━━━━━━━━━━━━━━━━━━━━━━━━━━━━━━━━━━━━━━━━━━━━━━━━━━━━
2026-06-01 17:32:40,986  INFO  =======================================================
2026-06-01 17:32:40,986  INFO    PASO 2 — Subir a Drive y actualizar Google Sheets
2026-06-01 17:32:40,986  INFO  =======================================================
2026-06-01 17:32:40,999  INFO  Procesando: Reportes_Completos_2026-06-01.xlsx (2.5 MB)
2026-06-01 17:32:41,095  INFO  file_cache is only supported with oauth2client<4.0.0
2026-06-01 17:32:41,128  INFO  file_cache is only supported with oauth2client<4.0.0
2026-06-01 17:32:42,670  INFO  Creando Excel nuevo en Drive...
2026-06-01 17:32:44,977  INFO  ✅ Excel subido a Drive: Reportes_Completos_Actualizado.xlsx
2026-06-01 17:32:44,977  INFO  Leyendo Excel para actualizar Google Sheets...
2026-06-01 17:32:45,013  INFO  Pestañas encontradas en Excel: ['base_completo', 'calendario', 'Inventario_aceros', 'Notas_de_venta', 'Ordenes_de_Compra', 'Ordenes_de_produccion', 'Productos_Stock', 'Ventas_Full', 'WIP']
2026-06-01 17:32:46,689  INFO  Actualizando Base Produccion → 'Orden de Produccion' (3,182 filas)...
2026-06-01 17:32:48,142  INFO    Limpiando hoja 'Orden de Produccion'...
2026-06-01 17:32:49,939  INFO    Escribiendo 3,182 filas en 'Orden de Produccion'...
2026-06-01 17:32:52,303  INFO    ✅ Hoja 'Orden de Produccion' actualizada.
2026-06-01 17:32:52,382  INFO  Actualizando Base Produccion → 'Por Facturar' (84 filas)...
2026-06-01 17:32:52,961  INFO    Limpiando hoja 'Por Facturar'...
2026-06-01 17:32:53,253  INFO    Escribiendo 84 filas en 'Por Facturar'...
2026-06-01 17:32:53,543  INFO    ✅ Hoja 'Por Facturar' actualizada.
2026-06-01 17:32:53,647  INFO  Actualizando Base Produccion → 'Control Inventario' (146 filas)...
2026-06-01 17:32:54,201  INFO    Limpiando hoja 'Control Inventario'...
2026-06-01 17:32:54,472  INFO    Escribiendo 146 filas en 'Control Inventario'...
2026-06-01 17:32:54,784  INFO    ✅ Hoja 'Control Inventario' actualizada.
2026-06-01 17:32:55,642  INFO  Actualizando Base Produccion → 'Notas de Venta' (732 filas)...
2026-06-01 17:32:56,098  INFO    Limpiando hoja 'Notas de Venta'...
2026-06-01 17:32:56,406  INFO    Escribiendo 732 filas en 'Notas de Venta'...
2026-06-01 17:32:56,866  INFO    ✅ Hoja 'Notas de Venta' actualizada.
2026-06-01 17:32:56,867  WARNING    Pestaña 'Vales_de_Salida' no encontrada en el Excel, saltando...
2026-06-01 17:32:56,933  INFO  Actualizando Base Produccion → 'Stock' (131 filas)...
2026-06-01 17:32:57,388  INFO    Limpiando hoja 'Stock'...
2026-06-01 17:32:57,623  INFO    Escribiendo 131 filas en 'Stock'...
2026-06-01 17:32:58,644  INFO    ✅ Hoja 'Stock' actualizada.
2026-06-01 17:33:00,194  INFO  Actualizando Base Produccion → 'Ventas_Full' (1,755 filas)...
2026-06-01 17:33:00,649  INFO    Limpiando hoja 'Ventas_Full'...
2026-06-01 17:33:01,278  INFO    Escribiendo 1,755 filas en 'Ventas_Full'...
2026-06-01 17:33:03,561  INFO    ✅ Hoja 'Ventas_Full' actualizada.
2026-06-01 17:33:03,632  INFO  Actualizando Base Produccion → 'WIP' (43 filas)...
2026-06-01 17:33:04,144  INFO    Limpiando hoja 'WIP'...
2026-06-01 17:33:04,392  INFO    Escribiendo 43 filas en 'WIP'...
2026-06-01 17:33:04,656  INFO    ✅ Hoja 'WIP' actualizada.
2026-06-01 17:33:06,183  INFO  Actualizando Presupuestos → 'Ventas Full Manager' (1,755 filas)...
2026-06-01 17:33:06,879  INFO    Limpiando hoja 'Ventas Full Manager'...
2026-06-01 17:33:07,564  INFO    Escribiendo 1,755 filas en 'Ventas Full Manager'...
2026-06-01 17:33:09,560  INFO    ✅ Hoja 'Ventas Full Manager' actualizada.
2026-06-01 17:33:09,860  INFO  Actualizando Presupuestos → 'Notas de Venta' (732 filas)...
2026-06-01 17:33:10,477  INFO    Limpiando hoja 'Notas de Venta'...
2026-06-01 17:33:10,800  INFO    Escribiendo 732 filas en 'Notas de Venta'...
2026-06-01 17:33:11,185  INFO    ✅ Hoja 'Notas de Venta' actualizada.
2026-06-01 17:33:11,185  INFO  
2026-06-01 17:33:11,186  INFO  ✅ Todo actualizado:
2026-06-01 17:33:11,186  INFO     📁 Drive: Reportes_Completos_Actualizado.xlsx
2026-06-01 17:33:11,187  INFO     📊 Base Produccion: ['Orden de Produccion', 'Por Facturar', 'Control Inventario', 'Notas de Venta', 'Vales de Salida', 'Stock', 'Ventas_Full', 'WIP']
2026-06-01 17:33:11,187  INFO     📊 Presupuestos: Ventas Full Manager
2026-06-01 17:33:11,190  INFO  
2026-06-01 17:33:11,190  INFO  ╔═════════════════════════════════════════════════════╗
2026-06-01 17:33:11,191  INFO  ║  ✅ PIPELINE COMPLETADO en 452s                      ║
2026-06-01 17:33:11,191  INFO  ║  📊 Excel en Drive: VentasFull_Actualizado.xlsx      ║
2026-06-01 17:33:11,192  INFO  ╚═════════════════════════════════════════════════════╝
2026-06-02 08:04:14,646  INFO  ╔═════════════════════════════════════════════════════╗
2026-06-02 08:04:14,649  INFO  ║   PIPELINE VENTAS FULL — Inicio: 2026-06-02 08:04   ║
2026-06-02 08:04:14,649  INFO  ╚═════════════════════════════════════════════════════╝
2026-06-02 08:04:14,649  INFO  
2026-06-02 08:04:14,649  INFO  ━━━━━━━━━━━━━━━━━━━━━━━━━━━━━━━━━━━━━━━━━━━━━━━━━━━━━━━
2026-06-02 08:04:14,649  INFO    PASO 1/3 — Descargar backup desde Manager
2026-06-02 08:04:14,649  INFO  ━━━━━━━━━━━━━━━━━━━━━━━━━━━━━━━━━━━━━━━━━━━━━━━━━━━━━━━
2026-06-02 08:04:16,273  INFO  =======================================================
2026-06-02 08:04:16,273  INFO    Iniciando descarga automática de backup Manager
2026-06-02 08:04:16,273  INFO  =======================================================
2026-06-02 08:04:16,292  INFO  ====== WebDriver manager ======
2026-06-02 08:04:22,378  INFO  Get LATEST chromedriver version for google-chrome
2026-06-02 08:04:26,309  INFO  Get LATEST chromedriver version for google-chrome
2026-06-02 08:04:27,368  INFO  Get LATEST chromedriver version for google-chrome
2026-06-02 08:04:29,583  INFO  WebDriver version 148.0.7778.178 selected
2026-06-02 08:04:29,604  INFO  Modern chrome version https://storage.googleapis.com/chrome-for-testing-public/148.0.7778.178/win32/chromedriver-win32.zip
2026-06-02 08:04:29,604  INFO  About to download new driver from https://storage.googleapis.com/chrome-for-testing-public/148.0.7778.178/win32/chromedriver-win32.zip
2026-06-02 08:04:30,432  INFO  Driver downloading response is 200
2026-06-02 08:04:32,357  INFO  Get LATEST chromedriver version for google-chrome
2026-06-02 08:04:33,514  INFO  Driver has been saved in cache [C:\Users\atorr\.wdm\drivers\chromedriver\win64\148.0.7778.178]
2026-06-02 08:04:37,135  INFO  Abriendo login: https://prodkernel.manager.cl/index.html
2026-06-02 08:04:39,381  INFO  Inputs visibles: 3
2026-06-02 08:04:40,266  INFO  Login enviado...
2026-06-02 08:04:44,305  INFO  ✅ Login exitoso. session_id: 5f26b39b...
2026-06-02 08:04:44,306  INFO  Navegando a: https://prodkernel.manager.cl/managerbackups.html?session_id=5f26b39bef69e5353a43c76a0fb85383&cd=prodkernel
2026-06-02 08:04:44,550  INFO  Recarga 1/10...
2026-06-02 08:04:48,773  INFO    filas .bak encontradas: 3
2026-06-02 08:04:48,773  INFO  ✅ Tabla cargada en recarga 1.
2026-06-02 08:04:48,843  INFO    Ignorando: 2026-6-2-T779354202A.bak
2026-06-02 08:04:48,933  INFO    Ignorando: 2026-6-2-T779354202B.bak
2026-06-02 08:04:48,986  INFO  Backup seleccionado: 2026-6-2-T779354202C.bak (2026-06-02 10:12:32+00:00)
2026-06-02 08:04:49,001  INFO  HTML fila completa: <td class="bucket">mng-respaldos-poliuretano</td><td class="Key">2026-6-2-T779354202C.bak</td><td class="LastModified">2026-06-02 10:12:32+00:00</td><td class="Size">0.16 GB</td><td class="presigned_url" style="display: none;">https://mng-respaldos-poliuretano.s3.amazonaws.com/2026-6-2-T779354202C.bak?AWSAccessKeyId=AKIAZPIFFWJDVFW267ZG&amp;Signature=nnsKRYs4uW8v8ksP2taZuWYvBIk%3D&amp;Expires=1780402184</td><td><i onclick="downloadbackup($(this).parent().parent())" class="fas fa-download"></i></
2026-06-02 08:04:51,917  INFO  Descargando 2026-6-2-T779354202C.bak desde S3...
2026-06-02 08:05:38,315  INFO    10 MB / 159 MB (7%)
2026-06-02 08:05:41,139  INFO    21 MB / 159 MB (13%)
2026-06-02 08:05:44,623  INFO    31 MB / 159 MB (20%)
2026-06-02 08:05:50,371  INFO    42 MB / 159 MB (26%)
2026-06-02 08:06:06,134  INFO    52 MB / 159 MB (33%)
2026-06-02 08:06:11,501  INFO    63 MB / 159 MB (39%)
2026-06-02 08:06:13,897  INFO    73 MB / 159 MB (46%)
2026-06-02 08:06:16,827  INFO    84 MB / 159 MB (53%)
2026-06-02 08:06:19,558  INFO    94 MB / 159 MB (59%)
2026-06-02 08:06:22,271  INFO    105 MB / 159 MB (66%)
2026-06-02 08:06:24,843  INFO    115 MB / 159 MB (72%)
2026-06-02 08:06:26,960  INFO    126 MB / 159 MB (79%)
2026-06-02 08:06:28,978  INFO    136 MB / 159 MB (86%)
2026-06-02 08:06:30,896  INFO    147 MB / 159 MB (92%)
2026-06-02 08:06:32,635  INFO    157 MB / 159 MB (99%)
2026-06-02 08:06:32,989  INFO  ✅ Descarga completa: 2026-6-2-T779354202C.bak (159.3 MB)
2026-06-02 08:06:33,038  INFO  Backup guardado en: C:\Backups\Manager\2026-6-2-T779354202C_2026-06-02.bak
2026-06-02 08:06:33,039  INFO  ✅ Éxito — backup guardado en: C:\Backups\Manager\2026-6-2-T779354202C_2026-06-02.bak
2026-06-02 08:06:37,162  WARNING  Retrying (Retry(total=2, connect=None, read=None, redirect=None, status=None)) after connection broken by 'NewConnectionError("HTTPConnection(host='localhost', port=50311): Failed to establish a new connection: [WinError 10061] No se puede establecer una conexión ya que el equipo de destino denegó expresamente dicha conexión")': /session/1408f04ca4f4f61a1a9103145ec204cf
2026-06-02 08:06:41,204  WARNING  Retrying (Retry(total=1, connect=None, read=None, redirect=None, status=None)) after connection broken by 'NewConnectionError("HTTPConnection(host='localhost', port=50311): Failed to establish a new connection: [WinError 10061] No se puede establecer una conexión ya que el equipo de destino denegó expresamente dicha conexión")': /session/1408f04ca4f4f61a1a9103145ec204cf
2026-06-02 08:06:45,281  WARNING  Retrying (Retry(total=0, connect=None, read=None, redirect=None, status=None)) after connection broken by 'NewConnectionError("HTTPConnection(host='localhost', port=50311): Failed to establish a new connection: [WinError 10061] No se puede establecer una conexión ya que el equipo de destino denegó expresamente dicha conexión")': /session/1408f04ca4f4f61a1a9103145ec204cf
2026-06-02 08:06:49,325  INFO  
2026-06-02 08:06:49,326  INFO  ━━━━━━━━━━━━━━━━━━━━━━━━━━━━━━━━━━━━━━━━━━━━━━━━━━━━━━━
2026-06-02 08:06:49,328  INFO    PASO 2/3 — Restaurar BD y extraer Ventas Full
2026-06-02 08:06:49,329  INFO  ━━━━━━━━━━━━━━━━━━━━━━━━━━━━━━━━━━━━━━━━━━━━━━━━━━━━━━━
2026-06-02 08:06:51,561  INFO  ============================================================
2026-06-02 08:06:51,562  INFO    PASO 1 — Restaurar BD y extraer Múltiples Reportes
2026-06-02 08:06:51,562  INFO  ============================================================
2026-06-02 08:06:51,578  INFO  Usando .bak de ultimo_bak.txt: 2026-6-2-T779354202C_2026-06-02.bak
2026-06-02 08:06:51,578  INFO  Usando backup: 2026-6-2-T779354202C_2026-06-02.bak
2026-06-02 08:06:51,578  INFO  Restaurando 2026-6-2-T779354202C_2026-06-02.bak como 'T779354202A'...
2026-06-02 08:06:51,578  INFO  Copiando .bak a C:\Program Files\Microsoft SQL Server\MSSQL17.SQLEXPRESS\MSSQL\DATA\2026-6-2-T779354202C_2026-06-02.bak...
2026-06-02 08:06:52,514  INFO  Ejecutando RESTORE DATABASE...
2026-06-02 08:07:37,661  INFO  ✅ BD 'T779354202A' restaurada correctamente.
2026-06-02 08:07:37,662  INFO  Conectando a 'T779354202A' para extraer reportes...
2026-06-02 08:07:37,710  INFO  Ejecutando: base_completo...
2026-06-02 08:07:39,591  INFO    └─ 8,857 filas extraídas.
2026-06-02 08:07:39,591  INFO  Ejecutando: calendario...
2026-06-02 08:07:39,793  INFO    └─ 86 filas extraídas.
2026-06-02 08:07:39,793  INFO  Ejecutando: Inventario_aceros...
2026-06-02 08:07:39,819  INFO    └─ 148 filas extraídas.
2026-06-02 08:07:39,819  INFO  Ejecutando: Notas_de_venta...
2026-06-02 08:07:39,855  INFO    └─ 738 filas extraídas.
2026-06-02 08:07:39,855  INFO  Ejecutando: Ordenes_de_Compra...
2026-06-02 08:07:40,013  INFO    └─ 284 filas extraídas.
2026-06-02 08:07:40,014  INFO  Ejecutando: Ordenes_de_produccion...
2026-06-02 08:07:40,239  INFO    └─ 3,221 filas extraídas.
2026-06-02 08:07:40,239  INFO  Ejecutando: Pendiente_a_facturar...
2026-06-02 08:07:40,248  ERROR    └─ Error ejecutando Pendiente_a_facturar: ('42000', '[42000] [Microsoft][ODBC Driver 17 for SQL Server][SQL Server]ORDER BY items must appear in the select list if SELECT DISTINCT is specified. (145) (SQLExecDirectW)')
2026-06-02 08:07:40,249  INFO  Ejecutando: Productos_Stock...
2026-06-02 08:07:40,272  INFO    └─ 123 filas extraídas.
2026-06-02 08:07:40,273  INFO  Ejecutando: Vales_de_Salida...
2026-06-02 08:07:40,285  ERROR    └─ Error ejecutando Vales_de_Salida: ('42000', '[42000] [Microsoft][ODBC Driver 17 for SQL Server][SQL Server]ORDER BY items must appear in the select list if SELECT DISTINCT is specified. (145) (SQLExecDirectW)')
2026-06-02 08:07:40,285  INFO  Ejecutando: Ventas_Full...
2026-06-02 08:07:41,007  INFO    └─ 1,769 filas extraídas.
2026-06-02 08:07:41,007  INFO  Ejecutando: WIP...
2026-06-02 08:07:41,051  INFO    └─ 46 filas extraídas.
2026-06-02 08:07:41,054  INFO  Exportando a Excel multipestaña: C:\Reportes\VentasFull\Reportes_Completos_2026-06-02.xlsx
2026-06-02 08:08:56,836  INFO  ✅ Excel generado: C:\Reportes\VentasFull\Reportes_Completos_2026-06-02.xlsx (2.5 MB)
2026-06-02 08:08:56,840  INFO  ✅ Proceso Completado → C:\Reportes\VentasFull\Reportes_Completos_2026-06-02.xlsx
2026-06-02 08:08:56,854  INFO  
2026-06-02 08:08:56,854  INFO  ━━━━━━━━━━━━━━━━━━━━━━━━━━━━━━━━━━━━━━━━━━━━━━━━━━━━━━━
2026-06-02 08:08:56,854  INFO    PASO 3/3 — Subir Excel a Google Drive
2026-06-02 08:08:56,854  INFO  ━━━━━━━━━━━━━━━━━━━━━━━━━━━━━━━━━━━━━━━━━━━━━━━━━━━━━━━
2026-06-02 08:08:59,289  INFO  =======================================================
2026-06-02 08:08:59,289  INFO    PASO 2 — Subir a Drive y actualizar Google Sheets
2026-06-02 08:08:59,289  INFO  =======================================================
2026-06-02 08:08:59,309  INFO  Procesando: Reportes_Completos_2026-06-02.xlsx (2.5 MB)
2026-06-02 08:08:59,416  INFO  file_cache is only supported with oauth2client<4.0.0
2026-06-02 08:08:59,428  INFO  file_cache is only supported with oauth2client<4.0.0
2026-06-02 08:09:01,087  INFO  Creando Excel nuevo en Drive...
2026-06-02 08:09:03,983  INFO  ✅ Excel subido a Drive: Reportes_Completos_Actualizado.xlsx
2026-06-02 08:09:03,983  INFO  Leyendo Excel para actualizar Google Sheets...
2026-06-02 08:09:04,022  INFO  Pestañas encontradas en Excel: ['base_completo', 'calendario', 'Inventario_aceros', 'Notas_de_venta', 'Ordenes_de_Compra', 'Ordenes_de_produccion', 'Productos_Stock', 'Ventas_Full', 'WIP']
2026-06-02 08:09:05,943  INFO  Actualizando Base Produccion → 'Orden de Produccion' (3,221 filas)...
2026-06-02 08:09:07,423  INFO    Limpiando hoja 'Orden de Produccion'...
2026-06-02 08:09:08,454  INFO    Escribiendo 3,221 filas en 'Orden de Produccion'...
2026-06-02 08:09:10,650  INFO    ✅ Hoja 'Orden de Produccion' actualizada.
2026-06-02 08:09:10,713  INFO  Actualizando Base Produccion → 'Por Facturar' (86 filas)...
2026-06-02 08:09:11,354  INFO    Limpiando hoja 'Por Facturar'...
2026-06-02 08:09:11,680  INFO    Escribiendo 86 filas en 'Por Facturar'...
2026-06-02 08:09:12,024  INFO    ✅ Hoja 'Por Facturar' actualizada.
2026-06-02 08:09:12,091  INFO  Actualizando Base Produccion → 'Control Inventario' (148 filas)...
2026-06-02 08:09:12,624  INFO    Limpiando hoja 'Control Inventario'...
2026-06-02 08:09:12,966  INFO    Escribiendo 148 filas en 'Control Inventario'...
2026-06-02 08:09:13,261  INFO    ✅ Hoja 'Control Inventario' actualizada.
2026-06-02 08:09:14,155  INFO  Actualizando Base Produccion → 'Notas de Venta' (738 filas)...
2026-06-02 08:09:14,675  INFO    Limpiando hoja 'Notas de Venta'...
2026-06-02 08:09:14,995  INFO    Escribiendo 738 filas en 'Notas de Venta'...
2026-06-02 08:09:15,401  INFO    ✅ Hoja 'Notas de Venta' actualizada.
2026-06-02 08:09:15,401  WARNING    Pestaña 'Vales_de_Salida' no encontrada en el Excel, saltando...
2026-06-02 08:09:15,451  INFO  Actualizando Base Produccion → 'Stock' (123 filas)...
2026-06-02 08:09:16,000  INFO    Limpiando hoja 'Stock'...
2026-06-02 08:09:16,269  INFO    Escribiendo 123 filas en 'Stock'...
2026-06-02 08:09:16,548  INFO    ✅ Hoja 'Stock' actualizada.
2026-06-02 08:09:17,892  INFO  Actualizando Base Produccion → 'Ventas_Full' (1,769 filas)...
2026-06-02 08:09:18,379  INFO    Limpiando hoja 'Ventas_Full'...
2026-06-02 08:09:18,928  INFO    Escribiendo 1,769 filas en 'Ventas_Full'...
2026-06-02 08:09:21,078  INFO    ✅ Hoja 'Ventas_Full' actualizada.
2026-06-02 08:09:21,106  INFO  Actualizando Base Produccion → 'WIP' (46 filas)...
2026-06-02 08:09:21,669  INFO    Limpiando hoja 'WIP'...
2026-06-02 08:09:21,935  INFO    Escribiendo 46 filas en 'WIP'...
2026-06-02 08:09:22,190  INFO    ✅ Hoja 'WIP' actualizada.
2026-06-02 08:09:23,325  INFO  Actualizando Presupuestos → 'Ventas Full Manager' (1,769 filas)...
2026-06-02 08:09:23,999  INFO    Limpiando hoja 'Ventas Full Manager'...
2026-06-02 08:09:24,573  INFO    Escribiendo 1,769 filas en 'Ventas Full Manager'...
2026-06-02 08:09:27,859  INFO    ✅ Hoja 'Ventas Full Manager' actualizada.
2026-06-02 08:09:28,037  INFO  Actualizando Presupuestos → 'Notas de Venta' (738 filas)...
2026-06-02 08:09:28,564  INFO    Limpiando hoja 'Notas de Venta'...
2026-06-02 08:09:28,892  INFO    Escribiendo 738 filas en 'Notas de Venta'...
2026-06-02 08:09:29,283  INFO    ✅ Hoja 'Notas de Venta' actualizada.
2026-06-02 08:09:29,283  INFO  
2026-06-02 08:09:29,284  INFO  ✅ Todo actualizado:
2026-06-02 08:09:29,284  INFO     📁 Drive: Reportes_Completos_Actualizado.xlsx
2026-06-02 08:09:29,284  INFO     📊 Base Produccion: ['Orden de Produccion', 'Por Facturar', 'Control Inventario', 'Notas de Venta', 'Vales de Salida', 'Stock', 'Ventas_Full', 'WIP']
2026-06-02 08:09:29,284  INFO     📊 Presupuestos: Ventas Full Manager
2026-06-02 08:09:29,287  INFO  
2026-06-02 08:09:29,287  INFO  ╔═════════════════════════════════════════════════════╗
2026-06-02 08:09:29,289  INFO  ║  ✅ PIPELINE COMPLETADO en 314s                      ║
2026-06-02 08:09:29,290  INFO  ║  📊 Excel en Drive: VentasFull_Actualizado.xlsx      ║
2026-06-02 08:09:29,290  INFO  ╚═════════════════════════════════════════════════════╝
2026-06-02 08:34:11,193  INFO  ╔═════════════════════════════════════════════════════╗
2026-06-02 08:34:11,194  INFO  ║   PIPELINE VENTAS FULL — Inicio: 2026-06-02 08:34   ║
2026-06-02 08:34:11,194  INFO  ╚═════════════════════════════════════════════════════╝
2026-06-02 08:34:11,194  INFO  
2026-06-02 08:34:11,195  INFO  ━━━━━━━━━━━━━━━━━━━━━━━━━━━━━━━━━━━━━━━━━━━━━━━━━━━━━━━
2026-06-02 08:34:11,195  INFO    PASO 1/3 — Descargar backup desde Manager
2026-06-02 08:34:11,195  INFO  ━━━━━━━━━━━━━━━━━━━━━━━━━━━━━━━━━━━━━━━━━━━━━━━━━━━━━━━
2026-06-02 08:34:12,312  INFO  =======================================================
2026-06-02 08:34:12,312  INFO    Iniciando descarga automática de backup Manager
2026-06-02 08:34:12,312  INFO  =======================================================
2026-06-02 08:34:12,313  INFO  ====== WebDriver manager ======
2026-06-02 08:34:13,692  INFO  Get LATEST chromedriver version for google-chrome
2026-06-02 08:34:14,211  INFO  Get LATEST chromedriver version for google-chrome
2026-06-02 08:34:14,983  INFO  Driver [C:\Users\atorr\.wdm\drivers\chromedriver\win64\148.0.7778.178\chromedriver-win32/chromedriver.exe] found in cache
2026-06-02 08:34:19,169  INFO  Abriendo login: https://prodkernel.manager.cl/index.html
2026-06-02 08:34:21,427  INFO  Inputs visibles: 3
2026-06-02 08:34:21,897  INFO  Login enviado...
2026-06-02 08:34:25,928  INFO  ✅ Login exitoso. session_id: ec585fce...
2026-06-02 08:34:25,928  INFO  Navegando a: https://prodkernel.manager.cl/managerbackups.html?session_id=ec585fceefb78ab3c44700fc2e2a3109&cd=prodkernel
2026-06-02 08:34:26,126  INFO  Recarga 1/10...
2026-06-02 08:34:30,308  INFO    filas .bak encontradas: 3
2026-06-02 08:34:30,309  INFO  ✅ Tabla cargada en recarga 1.
2026-06-02 08:34:30,541  INFO    Ignorando: 2026-6-2-T779354202A.bak
2026-06-02 08:34:30,643  INFO    Ignorando: 2026-6-2-T779354202B.bak
2026-06-02 08:34:30,720  INFO  Backup seleccionado: 2026-6-2-T779354202C.bak (2026-06-02 10:12:32+00:00)
2026-06-02 08:34:30,736  INFO  HTML fila completa: <td class="bucket">mng-respaldos-poliuretano</td><td class="Key">2026-6-2-T779354202C.bak</td><td class="LastModified">2026-06-02 10:12:32+00:00</td><td class="Size">0.16 GB</td><td class="presigned_url" style="display: none;">https://mng-respaldos-poliuretano.s3.amazonaws.com/2026-6-2-T779354202C.bak?AWSAccessKeyId=AKIAZPIFFWJDVFW267ZG&amp;Signature=ECFwSdXIfTgANpV%2Bms6C%2FRnu1uU%3D&amp;Expires=1780403965</td><td><i onclick="downloadbackup($(this).parent().parent())" class="fas fa-download"></
2026-06-02 08:34:33,426  INFO  Descargando 2026-6-2-T779354202C.bak desde S3...
2026-06-02 08:34:40,293  INFO    10 MB / 159 MB (7%)
2026-06-02 08:34:45,042  INFO    21 MB / 159 MB (13%)
2026-06-02 08:34:50,400  INFO    31 MB / 159 MB (20%)
2026-06-02 08:34:55,474  INFO    42 MB / 159 MB (26%)
2026-06-02 08:35:01,123  INFO    52 MB / 159 MB (33%)
2026-06-02 08:35:09,109  INFO    63 MB / 159 MB (39%)
2026-06-02 08:35:14,549  INFO    73 MB / 159 MB (46%)
2026-06-02 08:35:21,187  INFO    84 MB / 159 MB (53%)
2026-06-02 08:35:28,103  INFO    94 MB / 159 MB (59%)
2026-06-02 08:35:33,896  INFO    105 MB / 159 MB (66%)
2026-06-02 08:35:38,731  INFO    115 MB / 159 MB (72%)
2026-06-02 08:35:44,950  INFO    126 MB / 159 MB (79%)
2026-06-02 08:35:52,088  INFO    136 MB / 159 MB (86%)
2026-06-02 08:36:12,828  INFO    147 MB / 159 MB (92%)
2026-06-02 08:36:17,150  INFO    157 MB / 159 MB (99%)
2026-06-02 08:36:18,318  INFO  ✅ Descarga completa: 2026-6-2-T779354202C.bak (159.3 MB)
2026-06-02 08:36:18,376  INFO  Backup guardado en: C:\Backups\Manager\2026-6-2-T779354202C_2026-06-02_1780403778.bak
2026-06-02 08:36:18,376  INFO  ✅ Éxito — backup guardado en: C:\Backups\Manager\2026-6-2-T779354202C_2026-06-02_1780403778.bak
2026-06-02 08:36:22,461  WARNING  Retrying (Retry(total=2, connect=None, read=None, redirect=None, status=None)) after connection broken by 'NewConnectionError("HTTPConnection(host='localhost', port=62226): Failed to establish a new connection: [WinError 10061] No se puede establecer una conexión ya que el equipo de destino denegó expresamente dicha conexión")': /session/ed2ba9fc07a76511ea0d8f4dd72deaf6
2026-06-02 08:36:26,513  WARNING  Retrying (Retry(total=1, connect=None, read=None, redirect=None, status=None)) after connection broken by 'NewConnectionError("HTTPConnection(host='localhost', port=62226): Failed to establish a new connection: [WinError 10061] No se puede establecer una conexión ya que el equipo de destino denegó expresamente dicha conexión")': /session/ed2ba9fc07a76511ea0d8f4dd72deaf6
2026-06-02 08:36:30,548  WARNING  Retrying (Retry(total=0, connect=None, read=None, redirect=None, status=None)) after connection broken by 'NewConnectionError("HTTPConnection(host='localhost', port=62226): Failed to establish a new connection: [WinError 10061] No se puede establecer una conexión ya que el equipo de destino denegó expresamente dicha conexión")': /session/ed2ba9fc07a76511ea0d8f4dd72deaf6
2026-06-02 08:36:34,583  INFO  
2026-06-02 08:36:34,583  INFO  ━━━━━━━━━━━━━━━━━━━━━━━━━━━━━━━━━━━━━━━━━━━━━━━━━━━━━━━
2026-06-02 08:36:34,584  INFO    PASO 2/3 — Restaurar BD y extraer Ventas Full
2026-06-02 08:36:34,584  INFO  ━━━━━━━━━━━━━━━━━━━━━━━━━━━━━━━━━━━━━━━━━━━━━━━━━━━━━━━
2026-06-02 08:36:47,409  INFO  ============================================================
2026-06-02 08:36:47,409  INFO    PASO 1 — Restaurar BD y extraer Múltiples Reportes
2026-06-02 08:36:47,409  INFO  ============================================================
2026-06-02 08:36:47,425  INFO  Usando .bak de ultimo_bak.txt: 2026-6-2-T779354202C_2026-06-02_1780403778.bak
2026-06-02 08:36:47,425  INFO  Usando backup: 2026-6-2-T779354202C_2026-06-02_1780403778.bak
2026-06-02 08:36:47,425  INFO  Restaurando 2026-6-2-T779354202C_2026-06-02_1780403778.bak como 'T779354202A'...
2026-06-02 08:36:47,425  INFO  Copiando .bak a C:\Program Files\Microsoft SQL Server\MSSQL17.SQLEXPRESS\MSSQL\DATA\2026-6-2-T779354202C_2026-06-02_1780403778.bak...
2026-06-02 08:36:48,831  INFO  Ejecutando RESTORE DATABASE...
2026-06-02 08:37:33,896  INFO  ✅ BD 'T779354202A' restaurada correctamente.
2026-06-02 08:37:33,901  INFO  Conectando a 'T779354202A' para extraer reportes...
2026-06-02 08:37:33,958  INFO  Ejecutando: base_completo...
2026-06-02 08:37:36,026  INFO    └─ 8,857 filas extraídas.
2026-06-02 08:37:36,027  INFO  Ejecutando: calendario...
2026-06-02 08:37:36,263  INFO    └─ 86 filas extraídas.
2026-06-02 08:37:36,263  INFO  Ejecutando: Inventario_aceros...
2026-06-02 08:37:36,305  INFO    └─ 148 filas extraídas.
2026-06-02 08:37:36,305  INFO  Ejecutando: Notas_de_venta...
2026-06-02 08:37:36,356  INFO    └─ 738 filas extraídas.
2026-06-02 08:37:36,356  INFO  Ejecutando: Ordenes_de_Compra...
2026-06-02 08:37:36,547  INFO    └─ 284 filas extraídas.
2026-06-02 08:37:36,548  INFO  Ejecutando: Ordenes_de_produccion...
2026-06-02 08:37:36,785  INFO    └─ 3,221 filas extraídas.
2026-06-02 08:37:36,785  INFO  Ejecutando: Pendiente_a_facturar...
2026-06-02 08:37:36,807  ERROR    └─ Error ejecutando Pendiente_a_facturar: ('42000', '[42000] [Microsoft][ODBC Driver 17 for SQL Server][SQL Server]ORDER BY items must appear in the select list if SELECT DISTINCT is specified. (145) (SQLExecDirectW)')
2026-06-02 08:37:36,807  INFO  Ejecutando: Productos_Stock...
2026-06-02 08:37:36,843  INFO    └─ 123 filas extraídas.
2026-06-02 08:37:36,843  INFO  Ejecutando: Vales_de_Salida...
2026-06-02 08:37:36,870  ERROR    └─ Error ejecutando Vales_de_Salida: ('42000', '[42000] [Microsoft][ODBC Driver 17 for SQL Server][SQL Server]ORDER BY items must appear in the select list if SELECT DISTINCT is specified. (145) (SQLExecDirectW)')
2026-06-02 08:37:36,870  INFO  Ejecutando: Ventas_Full...
2026-06-02 08:37:37,596  INFO    └─ 1,769 filas extraídas.
2026-06-02 08:37:37,596  INFO  Ejecutando: WIP...
2026-06-02 08:37:37,653  INFO    └─ 46 filas extraídas.
2026-06-02 08:37:37,655  INFO  Exportando a Excel multipestaña: C:\Reportes\VentasFull\Reportes_Completos_2026-06-02.xlsx
2026-06-02 08:38:54,188  INFO  ✅ Excel generado: C:\Reportes\VentasFull\Reportes_Completos_2026-06-02.xlsx (2.5 MB)
2026-06-02 08:38:54,189  INFO  ✅ Proceso Completado → C:\Reportes\VentasFull\Reportes_Completos_2026-06-02.xlsx
2026-06-02 08:38:54,207  INFO  
2026-06-02 08:38:54,208  INFO  ━━━━━━━━━━━━━━━━━━━━━━━━━━━━━━━━━━━━━━━━━━━━━━━━━━━━━━━
2026-06-02 08:38:54,208  INFO    PASO 3/3 — Subir Excel a Google Drive
2026-06-02 08:38:54,208  INFO  ━━━━━━━━━━━━━━━━━━━━━━━━━━━━━━━━━━━━━━━━━━━━━━━━━━━━━━━
2026-06-02 08:39:04,663  INFO  =======================================================
2026-06-02 08:39:04,664  INFO    PASO 2 — Subir a Drive y actualizar Google Sheets
2026-06-02 08:39:04,664  INFO  =======================================================
2026-06-02 08:39:04,679  INFO  Procesando: Reportes_Completos_2026-06-02.xlsx (2.5 MB)
2026-06-02 08:39:04,831  INFO  file_cache is only supported with oauth2client<4.0.0
2026-06-02 08:39:04,870  INFO  file_cache is only supported with oauth2client<4.0.0
2026-06-02 08:39:08,797  INFO  Creando Excel nuevo en Drive...
2026-06-02 08:39:20,243  INFO  ✅ Excel subido a Drive: Reportes_Completos_Actualizado.xlsx
2026-06-02 08:39:20,244  INFO  Leyendo Excel para actualizar Google Sheets...
2026-06-02 08:39:20,284  INFO  Pestañas encontradas en Excel: ['base_completo', 'calendario', 'Inventario_aceros', 'Notas_de_venta', 'Ordenes_de_Compra', 'Ordenes_de_produccion', 'Productos_Stock', 'Ventas_Full', 'WIP']
2026-06-02 08:39:21,739  INFO  Actualizando Base Produccion → 'Orden de Produccion' (3,221 filas)...
2026-06-02 08:39:23,872  INFO    Limpiando hoja 'Orden de Produccion'...
2026-06-02 08:39:24,958  INFO    Escribiendo 3,221 filas en 'Orden de Produccion'...
2026-06-02 08:39:31,760  INFO    ✅ Hoja 'Orden de Produccion' actualizada.
2026-06-02 08:39:31,816  INFO  Actualizando Base Produccion → 'Por Facturar' (86 filas)...
2026-06-02 08:39:33,559  INFO    Limpiando hoja 'Por Facturar'...
2026-06-02 08:39:34,016  INFO    Escribiendo 86 filas en 'Por Facturar'...
2026-06-02 08:39:34,387  INFO    ✅ Hoja 'Por Facturar' actualizada.
2026-06-02 08:39:34,446  INFO  Actualizando Base Produccion → 'Control Inventario' (148 filas)...
2026-06-02 08:39:35,200  INFO    Limpiando hoja 'Control Inventario'...
2026-06-02 08:39:35,803  INFO    Escribiendo 148 filas en 'Control Inventario'...
2026-06-02 08:39:36,720  INFO    ✅ Hoja 'Control Inventario' actualizada.
2026-06-02 08:39:37,494  INFO  Actualizando Base Produccion → 'Notas de Venta' (738 filas)...
2026-06-02 08:39:38,420  INFO    Limpiando hoja 'Notas de Venta'...
2026-06-02 08:39:38,880  INFO    Escribiendo 738 filas en 'Notas de Venta'...
2026-06-02 08:39:39,872  INFO    ✅ Hoja 'Notas de Venta' actualizada.
2026-06-02 08:39:39,872  WARNING    Pestaña 'Vales_de_Salida' no encontrada en el Excel, saltando...
2026-06-02 08:39:39,920  INFO  Actualizando Base Produccion → 'Stock' (123 filas)...
2026-06-02 08:39:40,966  INFO    Limpiando hoja 'Stock'...
2026-06-02 08:39:41,446  INFO    Escribiendo 123 filas en 'Stock'...
2026-06-02 08:39:42,152  INFO    ✅ Hoja 'Stock' actualizada.
2026-06-02 08:39:43,518  INFO  Actualizando Base Produccion → 'Ventas_Full' (1,769 filas)...
2026-06-02 08:39:45,060  INFO    Limpiando hoja 'Ventas_Full'...
2026-06-02 08:39:45,605  INFO    Escribiendo 1,769 filas en 'Ventas_Full'...
2026-06-02 08:39:52,196  INFO    ✅ Hoja 'Ventas_Full' actualizada.
2026-06-02 08:39:52,217  INFO  Actualizando Base Produccion → 'WIP' (46 filas)...
2026-06-02 08:39:53,052  INFO    Limpiando hoja 'WIP'...
2026-06-02 08:39:53,354  INFO    Escribiendo 46 filas en 'WIP'...
2026-06-02 08:39:53,807  INFO    ✅ Hoja 'WIP' actualizada.
2026-06-02 08:39:54,961  INFO  Actualizando Presupuestos → 'Ventas Full Manager' (1,769 filas)...
2026-06-02 08:39:55,752  INFO    Limpiando hoja 'Ventas Full Manager'...
2026-06-02 08:39:56,342  INFO    Escribiendo 1,769 filas en 'Ventas Full Manager'...
2026-06-02 08:40:00,054  INFO    ✅ Hoja 'Ventas Full Manager' actualizada.
2026-06-02 08:40:00,235  INFO  Actualizando Presupuestos → 'Notas de Venta' (738 filas)...
2026-06-02 08:40:00,960  INFO    Limpiando hoja 'Notas de Venta'...
2026-06-02 08:40:02,088  INFO    Escribiendo 738 filas en 'Notas de Venta'...
2026-06-02 08:40:02,703  INFO    ✅ Hoja 'Notas de Venta' actualizada.
2026-06-02 08:40:02,704  INFO  
2026-06-02 08:40:02,704  INFO  ✅ Todo actualizado:
2026-06-02 08:40:02,704  INFO     📁 Drive: Reportes_Completos_Actualizado.xlsx
2026-06-02 08:40:02,707  INFO     📊 Base Produccion: ['Orden de Produccion', 'Por Facturar', 'Control Inventario', 'Notas de Venta', 'Vales de Salida', 'Stock', 'Ventas_Full', 'WIP']
2026-06-02 08:40:02,707  INFO     📊 Presupuestos: Ventas Full Manager
2026-06-02 08:40:02,711  INFO  
2026-06-02 08:40:02,712  INFO  ╔═════════════════════════════════════════════════════╗
2026-06-02 08:40:02,712  INFO  ║  ✅ PIPELINE COMPLETADO en 351s                      ║
2026-06-02 08:40:02,713  INFO  ║  📊 Excel en Drive: VentasFull_Actualizado.xlsx      ║
2026-06-02 08:40:02,713  INFO  ╚═════════════════════════════════════════════════════╝
2026-06-03 07:52:43,510  INFO  ╔═════════════════════════════════════════════════════╗
2026-06-03 07:52:43,512  INFO  ║   PIPELINE VENTAS FULL — Inicio: 2026-06-03 07:52   ║
2026-06-03 07:52:43,512  INFO  ╚═════════════════════════════════════════════════════╝
2026-06-03 07:52:43,512  INFO  
2026-06-03 07:52:43,512  INFO  ━━━━━━━━━━━━━━━━━━━━━━━━━━━━━━━━━━━━━━━━━━━━━━━━━━━━━━━
2026-06-03 07:52:43,512  INFO    PASO 1/3 — Descargar backup desde Manager
2026-06-03 07:52:43,513  INFO  ━━━━━━━━━━━━━━━━━━━━━━━━━━━━━━━━━━━━━━━━━━━━━━━━━━━━━━━
2026-06-03 07:52:45,697  INFO  =======================================================
2026-06-03 07:52:45,697  INFO    Iniciando descarga automática de backup Manager
2026-06-03 07:52:45,697  INFO  =======================================================
2026-06-03 07:52:45,702  INFO  ====== WebDriver manager ======
2026-06-03 07:52:48,319  INFO  Get LATEST chromedriver version for google-chrome
2026-06-03 07:52:48,944  INFO  Get LATEST chromedriver version for google-chrome
2026-06-03 07:52:49,488  INFO  Get LATEST chromedriver version for google-chrome
2026-06-03 07:52:50,689  INFO  WebDriver version 148.0.7778.178 selected
2026-06-03 07:52:50,711  INFO  Modern chrome version https://storage.googleapis.com/chrome-for-testing-public/148.0.7778.178/win32/chromedriver-win32.zip
2026-06-03 07:52:50,712  INFO  About to download new driver from https://storage.googleapis.com/chrome-for-testing-public/148.0.7778.178/win32/chromedriver-win32.zip
2026-06-03 07:52:51,298  INFO  Driver downloading response is 200
2026-06-03 07:52:54,091  INFO  Get LATEST chromedriver version for google-chrome
2026-06-03 07:52:55,473  INFO  Driver has been saved in cache [C:\Users\atorr\.wdm\drivers\chromedriver\win64\148.0.7778.178]
2026-06-03 07:53:00,901  INFO  Abriendo login: https://prodkernel.manager.cl/index.html
2026-06-03 07:53:05,349  INFO  Inputs visibles: 3
2026-06-03 07:53:06,022  INFO  Login enviado...
2026-06-03 07:53:10,052  INFO  ✅ Login exitoso. session_id: 3ff3e191...
2026-06-03 07:53:10,052  INFO  Navegando a: https://prodkernel.manager.cl/managerbackups.html?session_id=3ff3e19124c8fec70ca3b17fcd8c3896&cd=prodkernel
2026-06-03 07:53:10,228  INFO  Recarga 1/10...
2026-06-03 07:53:14,400  INFO    filas .bak encontradas: 3
2026-06-03 07:53:14,400  INFO  ✅ Tabla cargada en recarga 1.
2026-06-03 07:53:14,479  INFO    Ignorando: 2026-6-3-T779354202A.bak
2026-06-03 07:53:14,519  INFO    Ignorando: 2026-6-3-T779354202B.bak
2026-06-03 07:53:14,561  INFO  Backup seleccionado: 2026-6-3-T779354202C.bak (2026-06-03 10:13:08+00:00)
2026-06-03 07:53:14,572  INFO  HTML fila completa: <td class="bucket">mng-respaldos-poliuretano</td><td class="Key">2026-6-3-T779354202C.bak</td><td class="LastModified">2026-06-03 10:13:08+00:00</td><td class="Size">0.16 GB</td><td class="presigned_url" style="display: none;">https://mng-respaldos-poliuretano.s3.amazonaws.com/2026-6-3-T779354202C.bak?AWSAccessKeyId=AKIAZPIFFWJDVFW267ZG&amp;Signature=BB18AEKR3MejPTS2w%2BVjHgTy6q8%3D&amp;Expires=1780487888</td><td><i onclick="downloadbackup($(this).parent().parent())" class="fas fa-download"></i>
2026-06-03 07:53:16,964  INFO  Descargando 2026-6-3-T779354202C.bak desde S3...
2026-06-03 07:53:22,496  INFO    10 MB / 160 MB (7%)
2026-06-03 07:53:40,256  INFO    21 MB / 160 MB (13%)
2026-06-03 07:53:45,843  INFO    31 MB / 160 MB (20%)
2026-06-03 07:53:56,622  INFO    42 MB / 160 MB (26%)
2026-06-03 07:54:05,811  INFO    52 MB / 160 MB (33%)
2026-06-03 07:54:14,714  INFO    63 MB / 160 MB (39%)
2026-06-03 07:54:23,839  INFO    73 MB / 160 MB (46%)
2026-06-03 07:54:35,851  INFO    84 MB / 160 MB (52%)
2026-06-03 07:54:41,279  INFO    94 MB / 160 MB (59%)
2026-06-03 07:54:45,017  INFO    105 MB / 160 MB (66%)
2026-06-03 07:54:48,598  INFO    115 MB / 160 MB (72%)
2026-06-03 07:54:53,399  INFO    126 MB / 160 MB (79%)
2026-06-03 07:54:59,146  INFO    136 MB / 160 MB (85%)
2026-06-03 07:55:04,367  INFO    147 MB / 160 MB (92%)
2026-06-03 07:55:08,515  INFO    157 MB / 160 MB (98%)
2026-06-03 07:55:09,551  INFO  ✅ Descarga completa: 2026-6-3-T779354202C.bak (159.9 MB)
2026-06-03 07:55:11,046  INFO  Backup guardado en: C:\Backups\Manager\2026-6-3-T779354202C_2026-06-03.bak
2026-06-03 07:55:11,074  INFO  ✅ Éxito — backup guardado en: C:\Backups\Manager\2026-6-3-T779354202C_2026-06-03.bak
2026-06-03 07:55:15,835  WARNING  Retrying (Retry(total=2, connect=None, read=None, redirect=None, status=None)) after connection broken by 'NewConnectionError("HTTPConnection(host='localhost', port=63942): Failed to establish a new connection: [WinError 10061] No se puede establecer una conexión ya que el equipo de destino denegó expresamente dicha conexión")': /session/1b93f0417e88dd1b28138ed93846a4ae
2026-06-03 07:55:19,995  WARNING  Retrying (Retry(total=1, connect=None, read=None, redirect=None, status=None)) after connection broken by 'NewConnectionError("HTTPConnection(host='localhost', port=63942): Failed to establish a new connection: [WinError 10061] No se puede establecer una conexión ya que el equipo de destino denegó expresamente dicha conexión")': /session/1b93f0417e88dd1b28138ed93846a4ae
2026-06-03 07:55:24,057  WARNING  Retrying (Retry(total=0, connect=None, read=None, redirect=None, status=None)) after connection broken by 'NewConnectionError("HTTPConnection(host='localhost', port=63942): Failed to establish a new connection: [WinError 10061] No se puede establecer una conexión ya que el equipo de destino denegó expresamente dicha conexión")': /session/1b93f0417e88dd1b28138ed93846a4ae
2026-06-03 07:55:28,138  INFO  
2026-06-03 07:55:28,138  INFO  ━━━━━━━━━━━━━━━━━━━━━━━━━━━━━━━━━━━━━━━━━━━━━━━━━━━━━━━
2026-06-03 07:55:28,139  INFO    PASO 2/3 — Restaurar BD y extraer Ventas Full
2026-06-03 07:55:28,139  INFO  ━━━━━━━━━━━━━━━━━━━━━━━━━━━━━━━━━━━━━━━━━━━━━━━━━━━━━━━
2026-06-03 07:55:42,082  INFO  ============================================================
2026-06-03 07:55:42,083  INFO    PASO 1 — Restaurar BD y extraer Múltiples Reportes
2026-06-03 07:55:42,084  INFO  ============================================================
2026-06-03 07:55:42,100  INFO  Usando .bak de ultimo_bak.txt: 2026-6-3-T779354202C_2026-06-03.bak
2026-06-03 07:55:42,100  INFO  Usando backup: 2026-6-3-T779354202C_2026-06-03.bak
2026-06-03 07:55:42,100  INFO  Restaurando 2026-6-3-T779354202C_2026-06-03.bak como 'T779354202A'...
2026-06-03 07:55:42,101  INFO  Copiando .bak a C:\Program Files\Microsoft SQL Server\MSSQL17.SQLEXPRESS\MSSQL\DATA\2026-6-3-T779354202C_2026-06-03.bak...
2026-06-03 07:55:46,396  INFO  Ejecutando RESTORE DATABASE...
2026-06-03 07:56:35,634  INFO  ✅ BD 'T779354202A' restaurada correctamente.
2026-06-03 07:56:35,637  INFO  Conectando a 'T779354202A' para extraer reportes...
2026-06-03 07:56:35,678  INFO  Ejecutando: base_completo...
2026-06-03 07:56:37,506  INFO    └─ 8,883 filas extraídas.
2026-06-03 07:56:37,507  INFO  Ejecutando: calendario...
2026-06-03 07:56:37,706  INFO    └─ 86 filas extraídas.
2026-06-03 07:56:37,706  INFO  Ejecutando: Inventario_aceros...
2026-06-03 07:56:37,746  INFO    └─ 153 filas extraídas.
2026-06-03 07:56:37,746  INFO  Ejecutando: Notas_de_venta...
2026-06-03 07:56:37,794  INFO    └─ 744 filas extraídas.
2026-06-03 07:56:37,794  INFO  Ejecutando: Ordenes_de_Compra...
2026-06-03 07:56:37,941  INFO    └─ 284 filas extraídas.
2026-06-03 07:56:37,941  INFO  Ejecutando: Ordenes_de_produccion...
2026-06-03 07:56:38,164  INFO    └─ 3,224 filas extraídas.
2026-06-03 07:56:38,165  INFO  Ejecutando: Pendiente_a_facturar...
2026-06-03 07:56:38,186  ERROR    └─ Error ejecutando Pendiente_a_facturar: ('42000', '[42000] [Microsoft][ODBC Driver 17 for SQL Server][SQL Server]ORDER BY items must appear in the select list if SELECT DISTINCT is specified. (145) (SQLExecDirectW)')
2026-06-03 07:56:38,186  INFO  Ejecutando: Productos_Stock...
2026-06-03 07:56:38,221  INFO    └─ 122 filas extraídas.
2026-06-03 07:56:38,222  INFO  Ejecutando: Vales_de_Salida...
2026-06-03 07:56:38,249  ERROR    └─ Error ejecutando Vales_de_Salida: ('42000', '[42000] [Microsoft][ODBC Driver 17 for SQL Server][SQL Server]ORDER BY items must appear in the select list if SELECT DISTINCT is specified. (145) (SQLExecDirectW)')
2026-06-03 07:56:38,249  INFO  Ejecutando: Ventas_Full...
2026-06-03 07:56:38,951  INFO    └─ 1,793 filas extraídas.
2026-06-03 07:56:38,951  INFO  Ejecutando: WIP...
2026-06-03 07:56:39,023  INFO    └─ 42 filas extraídas.
2026-06-03 07:56:39,028  INFO  Exportando a Excel multipestaña: C:\Reportes\VentasFull\Reportes_Completos_2026-06-03.xlsx
2026-06-03 07:58:05,545  INFO  ✅ Excel generado: C:\Reportes\VentasFull\Reportes_Completos_2026-06-03.xlsx (2.5 MB)
2026-06-03 07:58:05,547  INFO  ✅ Proceso Completado → C:\Reportes\VentasFull\Reportes_Completos_2026-06-03.xlsx
2026-06-03 07:58:05,562  INFO  
2026-06-03 07:58:05,562  INFO  ━━━━━━━━━━━━━━━━━━━━━━━━━━━━━━━━━━━━━━━━━━━━━━━━━━━━━━━
2026-06-03 07:58:05,563  INFO    PASO 3/3 — Subir Excel a Google Drive
2026-06-03 07:58:05,563  INFO  ━━━━━━━━━━━━━━━━━━━━━━━━━━━━━━━━━━━━━━━━━━━━━━━━━━━━━━━
2026-06-03 07:58:26,535  INFO  =======================================================
2026-06-03 07:58:26,610  INFO    PASO 2 — Subir a Drive y actualizar Google Sheets
2026-06-03 07:58:26,611  INFO  =======================================================
2026-06-03 07:58:26,633  INFO  Procesando: Reportes_Completos_2026-06-03.xlsx (2.5 MB)
2026-06-03 07:58:27,629  INFO  file_cache is only supported with oauth2client<4.0.0
2026-06-03 07:58:27,671  INFO  file_cache is only supported with oauth2client<4.0.0
2026-06-03 07:58:31,807  INFO  Creando Excel nuevo en Drive...
2026-06-03 07:58:34,829  INFO  ✅ Excel subido a Drive: Reportes_Completos_Actualizado.xlsx
2026-06-03 07:58:34,829  INFO  Leyendo Excel para actualizar Google Sheets...
2026-06-03 07:58:34,861  INFO  Pestañas encontradas en Excel: ['base_completo', 'calendario', 'Inventario_aceros', 'Notas_de_venta', 'Ordenes_de_Compra', 'Ordenes_de_produccion', 'Productos_Stock', 'Ventas_Full', 'WIP']
2026-06-03 07:58:37,254  INFO  Actualizando Base Produccion → 'Orden de Produccion' (3,224 filas)...
2026-06-03 07:58:40,201  INFO    Limpiando hoja 'Orden de Produccion'...
2026-06-03 07:58:41,242  INFO    Escribiendo 3,224 filas en 'Orden de Produccion'...
2026-06-03 07:58:44,905  INFO    ✅ Hoja 'Orden de Produccion' actualizada.
2026-06-03 07:58:46,754  INFO  Actualizando Base Produccion → 'Por Facturar' (86 filas)...
2026-06-03 07:58:47,302  INFO    Limpiando hoja 'Por Facturar'...
2026-06-03 07:58:47,873  INFO    Escribiendo 86 filas en 'Por Facturar'...
2026-06-03 07:58:48,421  INFO    ✅ Hoja 'Por Facturar' actualizada.
2026-06-03 07:58:48,594  INFO  Actualizando Base Produccion → 'Control Inventario' (153 filas)...
2026-06-03 07:58:49,035  INFO    Limpiando hoja 'Control Inventario'...
2026-06-03 07:58:49,272  INFO    Escribiendo 153 filas en 'Control Inventario'...
2026-06-03 07:58:49,553  INFO    ✅ Hoja 'Control Inventario' actualizada.
2026-06-03 07:58:50,645  INFO  Actualizando Base Produccion → 'Notas de Venta' (744 filas)...
2026-06-03 07:58:51,081  INFO    Limpiando hoja 'Notas de Venta'...
2026-06-03 07:58:51,359  INFO    Escribiendo 744 filas en 'Notas de Venta'...
2026-06-03 07:58:51,792  INFO    ✅ Hoja 'Notas de Venta' actualizada.
2026-06-03 07:58:51,794  WARNING    Pestaña 'Vales_de_Salida' no encontrada en el Excel, saltando...
2026-06-03 07:58:52,105  INFO  Actualizando Base Produccion → 'Stock' (122 filas)...
2026-06-03 07:58:52,527  INFO    Limpiando hoja 'Stock'...
2026-06-03 07:58:52,768  INFO    Escribiendo 122 filas en 'Stock'...
2026-06-03 07:58:53,010  INFO    ✅ Hoja 'Stock' actualizada.
2026-06-03 07:58:54,857  INFO  Actualizando Base Produccion → 'Ventas_Full' (1,793 filas)...
2026-06-03 07:58:55,284  INFO    Limpiando hoja 'Ventas_Full'...
2026-06-03 07:58:56,028  INFO    Escribiendo 1,793 filas en 'Ventas_Full'...
2026-06-03 07:58:57,492  INFO    ✅ Hoja 'Ventas_Full' actualizada.
2026-06-03 07:58:57,526  INFO  Actualizando Base Produccion → 'WIP' (42 filas)...
2026-06-03 07:58:57,992  INFO    Limpiando hoja 'WIP'...
2026-06-03 07:58:58,253  INFO    Escribiendo 42 filas en 'WIP'...
2026-06-03 07:58:58,821  INFO    ✅ Hoja 'WIP' actualizada.
2026-06-03 07:59:00,268  INFO  Actualizando Presupuestos → 'Ventas Full Manager' (1,793 filas)...
2026-06-03 07:59:01,144  INFO    Limpiando hoja 'Ventas Full Manager'...
2026-06-03 07:59:02,071  INFO    Escribiendo 1,793 filas en 'Ventas Full Manager'...
2026-06-03 07:59:05,360  INFO    ✅ Hoja 'Ventas Full Manager' actualizada.
2026-06-03 07:59:05,568  INFO  Actualizando Presupuestos → 'Notas de Venta' (744 filas)...
2026-06-03 07:59:06,138  INFO    Limpiando hoja 'Notas de Venta'...
2026-06-03 07:59:06,461  INFO    Escribiendo 744 filas en 'Notas de Venta'...
2026-06-03 07:59:06,865  INFO    ✅ Hoja 'Notas de Venta' actualizada.
2026-06-03 07:59:06,866  INFO  
2026-06-03 07:59:06,866  INFO  ✅ Todo actualizado:
2026-06-03 07:59:06,866  INFO     📁 Drive: Reportes_Completos_Actualizado.xlsx
2026-06-03 07:59:06,985  INFO     📊 Base Produccion: ['Orden de Produccion', 'Por Facturar', 'Control Inventario', 'Notas de Venta', 'Vales de Salida', 'Stock', 'Ventas_Full', 'WIP']
2026-06-03 07:59:06,985  INFO     📊 Presupuestos: Ventas Full Manager
2026-06-03 07:59:07,666  INFO  
2026-06-03 07:59:07,666  INFO  ╔═════════════════════════════════════════════════════╗
2026-06-03 07:59:07,697  INFO  ║  ✅ PIPELINE COMPLETADO en 384s                      ║
2026-06-03 07:59:07,697  INFO  ║  📊 Excel en Drive: VentasFull_Actualizado.xlsx      ║
2026-06-03 07:59:07,698  INFO  ╚═════════════════════════════════════════════════════╝
2026-06-03 09:48:12,883  INFO  ╔═════════════════════════════════════════════════════╗
2026-06-03 09:48:12,885  INFO  ║   PIPELINE VENTAS FULL — Inicio: 2026-06-03 09:48   ║
2026-06-03 09:48:12,885  INFO  ╚═════════════════════════════════════════════════════╝
2026-06-03 09:48:12,886  INFO  
2026-06-03 09:48:12,886  INFO  ━━━━━━━━━━━━━━━━━━━━━━━━━━━━━━━━━━━━━━━━━━━━━━━━━━━━━━━
2026-06-03 09:48:12,886  INFO    PASO 1/3 — Descargar backup desde Manager
2026-06-03 09:48:12,886  INFO  ━━━━━━━━━━━━━━━━━━━━━━━━━━━━━━━━━━━━━━━━━━━━━━━━━━━━━━━
2026-06-03 09:48:13,817  INFO  =======================================================
2026-06-03 09:48:13,817  INFO    Iniciando descarga automática de backup Manager
2026-06-03 09:48:13,817  INFO  =======================================================
2026-06-03 09:48:13,820  INFO  ====== WebDriver manager ======
2026-06-03 09:48:15,473  INFO  Get LATEST chromedriver version for google-chrome
2026-06-03 09:48:15,924  INFO  Get LATEST chromedriver version for google-chrome
2026-06-03 09:48:16,293  INFO  Driver [C:\Users\atorr\.wdm\drivers\chromedriver\win64\148.0.7778.178\chromedriver-win32/chromedriver.exe] found in cache
2026-06-03 09:48:18,609  INFO  Abriendo login: https://prodkernel.manager.cl/index.html
2026-06-03 09:48:20,732  INFO  Inputs visibles: 3
2026-06-03 09:48:21,015  INFO  Login enviado...
2026-06-03 09:48:25,027  INFO  ✅ Login exitoso. session_id: 292c8ae2...
2026-06-03 09:48:25,028  INFO  Navegando a: https://prodkernel.manager.cl/managerbackups.html?session_id=292c8ae2c7dfd4bd85051d2e71063f65&cd=prodkernel
2026-06-03 09:48:25,140  INFO  Recarga 1/10...
2026-06-03 09:48:29,228  INFO    filas .bak encontradas: 0
2026-06-03 09:48:29,229  INFO  Recarga 2/10...
2026-06-03 09:48:33,339  INFO    filas .bak encontradas: 0
2026-06-03 09:48:33,340  INFO  Recarga 3/10...
2026-06-03 09:48:37,920  INFO    filas .bak encontradas: 3
2026-06-03 09:48:37,921  INFO  ✅ Tabla cargada en recarga 3.
2026-06-03 09:48:37,972  INFO    Ignorando: 2026-6-3-T779354202A.bak
2026-06-03 09:48:38,000  INFO    Ignorando: 2026-6-3-T779354202B.bak
2026-06-03 09:48:38,045  INFO  Backup seleccionado: 2026-6-3-T779354202C.bak (2026-06-03 10:13:08+00:00)
2026-06-03 09:48:38,054  INFO  HTML fila completa: <td class="bucket">mng-respaldos-poliuretano</td><td class="Key">2026-6-3-T779354202C.bak</td><td class="LastModified">2026-06-03 10:13:08+00:00</td><td class="Size">0.16 GB</td><td class="presigned_url" style="display: none;">https://mng-respaldos-poliuretano.s3.amazonaws.com/2026-6-3-T779354202C.bak?AWSAccessKeyId=AKIAZPIFFWJDVFW267ZG&amp;Signature=Wj2b0F09jk7x1PxbLcblWMwIOns%3D&amp;Expires=1780494811</td><td><i onclick="downloadbackup($(this).parent().parent())" class="fas fa-download"></i></
2026-06-03 09:48:40,293  INFO  Descargando 2026-6-3-T779354202C.bak desde S3...
2026-06-03 09:48:48,063  INFO    10 MB / 160 MB (7%)
2026-06-03 09:48:53,406  INFO    21 MB / 160 MB (13%)
2026-06-03 09:48:57,784  INFO    31 MB / 160 MB (20%)
2026-06-03 09:49:05,513  INFO    42 MB / 160 MB (26%)
2026-06-03 09:49:16,065  INFO    52 MB / 160 MB (33%)
2026-06-03 09:49:23,605  INFO    63 MB / 160 MB (39%)
2026-06-03 09:49:30,979  INFO    73 MB / 160 MB (46%)
2026-06-03 09:49:40,842  INFO    84 MB / 160 MB (52%)
2026-06-03 09:49:48,776  INFO    94 MB / 160 MB (59%)
2026-06-03 09:49:56,292  INFO    105 MB / 160 MB (66%)
2026-06-03 09:50:09,620  INFO    115 MB / 160 MB (72%)
2026-06-03 09:50:28,106  INFO    126 MB / 160 MB (79%)
2026-06-03 09:50:37,604  INFO    136 MB / 160 MB (85%)
2026-06-03 09:50:43,295  INFO    147 MB / 160 MB (92%)
2026-06-03 09:50:48,210  INFO    157 MB / 160 MB (98%)
2026-06-03 09:50:49,204  INFO  ✅ Descarga completa: 2026-6-3-T779354202C.bak (159.9 MB)
2026-06-03 09:50:49,209  INFO  Backup guardado en: C:\Backups\Manager\2026-6-3-T779354202C_2026-06-03_1780494649.bak
2026-06-03 09:50:49,209  INFO  ✅ Éxito — backup guardado en: C:\Backups\Manager\2026-6-3-T779354202C_2026-06-03_1780494649.bak
2026-06-03 09:50:53,299  WARNING  Retrying (Retry(total=2, connect=None, read=None, redirect=None, status=None)) after connection broken by 'NewConnectionError("HTTPConnection(host='localhost', port=56892): Failed to establish a new connection: [WinError 10061] No se puede establecer una conexión ya que el equipo de destino denegó expresamente dicha conexión")': /session/7d5d64e0ca9fa3c873b8809a72e0d3bf
2026-06-03 09:50:57,386  WARNING  Retrying (Retry(total=1, connect=None, read=None, redirect=None, status=None)) after connection broken by 'NewConnectionError("HTTPConnection(host='localhost', port=56892): Failed to establish a new connection: [WinError 10061] No se puede establecer una conexión ya que el equipo de destino denegó expresamente dicha conexión")': /session/7d5d64e0ca9fa3c873b8809a72e0d3bf
2026-06-03 09:51:01,488  WARNING  Retrying (Retry(total=0, connect=None, read=None, redirect=None, status=None)) after connection broken by 'NewConnectionError("HTTPConnection(host='localhost', port=56892): Failed to establish a new connection: [WinError 10061] No se puede establecer una conexión ya que el equipo de destino denegó expresamente dicha conexión")': /session/7d5d64e0ca9fa3c873b8809a72e0d3bf
2026-06-03 09:51:05,593  INFO  
2026-06-03 09:51:05,594  INFO  ━━━━━━━━━━━━━━━━━━━━━━━━━━━━━━━━━━━━━━━━━━━━━━━━━━━━━━━
2026-06-03 09:51:05,594  INFO    PASO 2/3 — Restaurar BD y extraer Ventas Full
2026-06-03 09:51:05,594  INFO  ━━━━━━━━━━━━━━━━━━━━━━━━━━━━━━━━━━━━━━━━━━━━━━━━━━━━━━━
2026-06-03 09:51:09,926  INFO  ============================================================
2026-06-03 09:51:09,927  INFO    PASO 1 — Restaurar BD y extraer Múltiples Reportes
2026-06-03 09:51:09,927  INFO  ============================================================
2026-06-03 09:51:09,940  INFO  Usando .bak de ultimo_bak.txt: 2026-6-3-T779354202C_2026-06-03_1780494649.bak
2026-06-03 09:51:09,940  INFO  Usando backup: 2026-6-3-T779354202C_2026-06-03_1780494649.bak
2026-06-03 09:51:09,940  INFO  Restaurando 2026-6-3-T779354202C_2026-06-03_1780494649.bak como 'T779354202A'...
2026-06-03 09:51:09,941  INFO  Copiando .bak a C:\Program Files\Microsoft SQL Server\MSSQL17.SQLEXPRESS\MSSQL\DATA\2026-6-3-T779354202C_2026-06-03_1780494649.bak...
2026-06-03 09:51:13,543  INFO  Ejecutando RESTORE DATABASE...
2026-06-03 09:51:58,074  INFO  ✅ BD 'T779354202A' restaurada correctamente.
2026-06-03 09:51:58,075  INFO  Conectando a 'T779354202A' para extraer reportes...
2026-06-03 09:51:58,123  INFO  Ejecutando: base_completo...
2026-06-03 09:51:59,699  INFO    └─ 8,883 filas extraídas.
2026-06-03 09:51:59,700  INFO  Ejecutando: calendario...
2026-06-03 09:51:59,937  INFO    └─ 86 filas extraídas.
2026-06-03 09:51:59,937  INFO  Ejecutando: Cotizaciones...
2026-06-03 09:52:00,009  INFO    └─ 3,306 filas extraídas.
2026-06-03 09:52:00,009  INFO  Ejecutando: Inventario_aceros...
2026-06-03 09:52:00,042  INFO    └─ 153 filas extraídas.
2026-06-03 09:52:00,042  INFO  Ejecutando: Notas_de_venta...
2026-06-03 09:52:00,076  INFO    └─ 744 filas extraídas.
2026-06-03 09:52:00,076  INFO  Ejecutando: Ordenes_de_Compra...
2026-06-03 09:52:00,214  INFO    └─ 284 filas extraídas.
2026-06-03 09:52:00,214  INFO  Ejecutando: Ordenes_de_produccion...
2026-06-03 09:52:00,382  INFO    └─ 3,224 filas extraídas.
2026-06-03 09:52:00,382  INFO  Ejecutando: Pendiente_a_facturar...
2026-06-03 09:52:00,403  ERROR    └─ Error ejecutando Pendiente_a_facturar: ('42000', '[42000] [Microsoft][ODBC Driver 17 for SQL Server][SQL Server]ORDER BY items must appear in the select list if SELECT DISTINCT is specified. (145) (SQLExecDirectW)')
2026-06-03 09:52:00,403  INFO  Ejecutando: Productos_Stock...
2026-06-03 09:52:00,436  INFO    └─ 122 filas extraídas.
2026-06-03 09:52:00,436  INFO  Ejecutando: Vales_de_Salida...
2026-06-03 09:52:00,460  ERROR    └─ Error ejecutando Vales_de_Salida: ('42000', '[42000] [Microsoft][ODBC Driver 17 for SQL Server][SQL Server]ORDER BY items must appear in the select list if SELECT DISTINCT is specified. (145) (SQLExecDirectW)')
2026-06-03 09:52:00,461  INFO  Ejecutando: Ventas_Full...
2026-06-03 09:52:01,079  INFO    └─ 1,793 filas extraídas.
2026-06-03 09:52:01,080  INFO  Ejecutando: WIP...
2026-06-03 09:52:01,127  INFO    └─ 42 filas extraídas.
2026-06-03 09:52:01,129  INFO  Exportando a Excel multipestaña: C:\Reportes\VentasFull\Reportes_Completos_2026-06-03.xlsx
2026-06-03 09:52:45,613  INFO  ✅ Excel generado: C:\Reportes\VentasFull\Reportes_Completos_2026-06-03.xlsx (2.6 MB)
2026-06-03 09:52:45,615  INFO  ✅ Proceso Completado → C:\Reportes\VentasFull\Reportes_Completos_2026-06-03.xlsx
2026-06-03 09:52:45,631  INFO  
2026-06-03 09:52:45,632  INFO  ━━━━━━━━━━━━━━━━━━━━━━━━━━━━━━━━━━━━━━━━━━━━━━━━━━━━━━━
2026-06-03 09:52:45,632  INFO    PASO 3/3 — Subir Excel a Google Drive
2026-06-03 09:52:45,632  INFO  ━━━━━━━━━━━━━━━━━━━━━━━━━━━━━━━━━━━━━━━━━━━━━━━━━━━━━━━
2026-06-03 09:52:50,364  INFO  =======================================================
2026-06-03 09:52:50,365  INFO    PASO 2 — Subir a Drive y actualizar Google Sheets
2026-06-03 09:52:50,366  INFO  =======================================================
2026-06-03 09:52:50,382  INFO  Procesando: Reportes_Completos_2026-06-03.xlsx (2.6 MB)
2026-06-03 09:52:50,518  INFO  file_cache is only supported with oauth2client<4.0.0
2026-06-03 09:52:50,551  INFO  file_cache is only supported with oauth2client<4.0.0
2026-06-03 09:52:51,906  INFO  Creando Excel nuevo en Drive...
2026-06-03 09:52:55,475  INFO  ✅ Excel subido a Drive: Reportes_Completos_Actualizado.xlsx
2026-06-03 09:52:55,476  INFO  Leyendo Excel para actualizar Google Sheets...
2026-06-03 09:52:55,529  INFO  Pestañas encontradas en Excel: ['base_completo', 'calendario', 'Cotizaciones', 'Inventario_aceros', 'Notas_de_venta', 'Ordenes_de_Compra', 'Ordenes_de_produccion', 'Productos_Stock', 'Ventas_Full', 'WIP']
2026-06-03 09:52:56,397  INFO  Actualizando Base Produccion → 'Orden de Produccion' (3,224 filas)...
2026-06-03 09:52:57,570  INFO    Limpiando hoja 'Orden de Produccion'...
2026-06-03 09:52:58,230  INFO    Escribiendo 3,224 filas en 'Orden de Produccion'...
2026-06-03 09:53:01,089  INFO    ✅ Hoja 'Orden de Produccion' actualizada.
2026-06-03 09:53:01,135  INFO  Actualizando Base Produccion → 'Por Facturar' (86 filas)...
2026-06-03 09:53:01,791  INFO    Limpiando hoja 'Por Facturar'...
2026-06-03 09:53:02,047  INFO    Escribiendo 86 filas en 'Por Facturar'...
2026-06-03 09:53:02,398  INFO    ✅ Hoja 'Por Facturar' actualizada.
2026-06-03 09:53:02,455  INFO  Actualizando Base Produccion → 'Control Inventario' (153 filas)...
2026-06-03 09:53:03,009  INFO    Limpiando hoja 'Control Inventario'...
2026-06-03 09:53:03,254  INFO    Escribiendo 153 filas en 'Control Inventario'...
2026-06-03 09:53:03,549  INFO    ✅ Hoja 'Control Inventario' actualizada.
2026-06-03 09:53:04,078  INFO  Actualizando Base Produccion → 'Notas de Venta' (744 filas)...
2026-06-03 09:53:04,531  INFO    Limpiando hoja 'Notas de Venta'...
2026-06-03 09:53:04,803  INFO    Escribiendo 744 filas en 'Notas de Venta'...
2026-06-03 09:53:05,184  INFO    ✅ Hoja 'Notas de Venta' actualizada.
2026-06-03 09:53:05,185  WARNING    Pestaña 'Vales_de_Salida' no encontrada en el Excel, saltando...
2026-06-03 09:53:05,212  INFO  Actualizando Base Produccion → 'Stock' (122 filas)...
2026-06-03 09:53:05,652  INFO    Limpiando hoja 'Stock'...
2026-06-03 09:53:05,898  INFO    Escribiendo 122 filas en 'Stock'...
2026-06-03 09:53:06,176  INFO    ✅ Hoja 'Stock' actualizada.
2026-06-03 09:53:06,939  INFO  Actualizando Base Produccion → 'Ventas_Full' (1,793 filas)...
2026-06-03 09:53:07,447  INFO    Limpiando hoja 'Ventas_Full'...
2026-06-03 09:53:07,844  INFO    Escribiendo 1,793 filas en 'Ventas_Full'...
2026-06-03 09:53:09,779  INFO    ✅ Hoja 'Ventas_Full' actualizada.
2026-06-03 09:53:09,802  INFO  Actualizando Base Produccion → 'WIP' (42 filas)...
2026-06-03 09:53:10,359  INFO    Limpiando hoja 'WIP'...
2026-06-03 09:53:10,597  INFO    Escribiendo 42 filas en 'WIP'...
2026-06-03 09:53:10,841  INFO    ✅ Hoja 'WIP' actualizada.
2026-06-03 09:53:11,482  INFO  Actualizando Presupuestos → 'Ventas Full Manager' (1,793 filas)...
2026-06-03 09:53:12,350  INFO    Limpiando hoja 'Ventas Full Manager'...
2026-06-03 09:53:12,763  INFO    Escribiendo 1,793 filas en 'Ventas Full Manager'...
2026-06-03 09:53:15,260  INFO    ✅ Hoja 'Ventas Full Manager' actualizada.
2026-06-03 09:53:15,354  INFO  Actualizando Presupuestos → 'Notas de Venta' (744 filas)...
2026-06-03 09:53:15,991  INFO    Limpiando hoja 'Notas de Venta'...
2026-06-03 09:53:16,365  INFO    Escribiendo 744 filas en 'Notas de Venta'...
2026-06-03 09:53:16,784  INFO    ✅ Hoja 'Notas de Venta' actualizada.
2026-06-03 09:53:17,100  INFO  Actualizando Presupuestos → 'Cotizaciones' (3,306 filas)...
2026-06-03 09:53:17,898  INFO    Limpiando hoja 'Cotizaciones'...
2026-06-03 09:53:18,478  INFO    Escribiendo 3,306 filas en 'Cotizaciones'...
2026-06-03 09:53:20,068  INFO    ✅ Hoja 'Cotizaciones' actualizada.
2026-06-03 09:53:20,070  INFO  
2026-06-03 09:53:20,070  INFO  ✅ Todo actualizado:
2026-06-03 09:53:20,070  INFO     📁 Drive: Reportes_Completos_Actualizado.xlsx
2026-06-03 09:53:20,070  INFO     📊 Base Produccion: ['Orden de Produccion', 'Por Facturar', 'Control Inventario', 'Notas de Venta', 'Vales de Salida', 'Stock', 'Ventas_Full', 'WIP']
2026-06-03 09:53:20,071  INFO     📊 Presupuestos: Ventas Full Manager
2026-06-03 09:53:20,073  INFO  
2026-06-03 09:53:20,073  INFO  ╔═════════════════════════════════════════════════════╗
2026-06-03 09:53:20,074  INFO  ║  ✅ PIPELINE COMPLETADO en 307s                      ║
2026-06-03 09:53:20,075  INFO  ║  📊 Excel en Drive: VentasFull_Actualizado.xlsx      ║
2026-06-03 09:53:20,075  INFO  ╚═════════════════════════════════════════════════════╝
2026-06-04 08:12:43,482  INFO  ╔═════════════════════════════════════════════════════╗
2026-06-04 08:12:43,483  INFO  ║   PIPELINE VENTAS FULL — Inicio: 2026-06-04 08:12   ║
2026-06-04 08:12:43,484  INFO  ╚═════════════════════════════════════════════════════╝
2026-06-04 08:12:43,484  INFO  
2026-06-04 08:12:43,484  INFO  ━━━━━━━━━━━━━━━━━━━━━━━━━━━━━━━━━━━━━━━━━━━━━━━━━━━━━━━
2026-06-04 08:12:43,484  INFO    PASO 1/3 — Descargar backup desde Manager
2026-06-04 08:12:43,484  INFO  ━━━━━━━━━━━━━━━━━━━━━━━━━━━━━━━━━━━━━━━━━━━━━━━━━━━━━━━
2026-06-04 08:12:44,356  INFO  =======================================================
2026-06-04 08:12:44,356  INFO    Iniciando descarga automática de backup Manager
2026-06-04 08:12:44,357  INFO  =======================================================
2026-06-04 08:12:44,360  INFO  ====== WebDriver manager ======
2026-06-04 08:12:46,163  INFO  Get LATEST chromedriver version for google-chrome
2026-06-04 08:12:46,803  INFO  Get LATEST chromedriver version for google-chrome
2026-06-04 08:12:47,226  INFO  Get LATEST chromedriver version for google-chrome
2026-06-04 08:12:48,093  INFO  WebDriver version 148.0.7778.178 selected
2026-06-04 08:12:48,104  INFO  Modern chrome version https://storage.googleapis.com/chrome-for-testing-public/148.0.7778.178/win32/chromedriver-win32.zip
2026-06-04 08:12:48,104  INFO  About to download new driver from https://storage.googleapis.com/chrome-for-testing-public/148.0.7778.178/win32/chromedriver-win32.zip
2026-06-04 08:12:48,473  INFO  Driver downloading response is 200
2026-06-04 08:12:49,639  INFO  Get LATEST chromedriver version for google-chrome
2026-06-04 08:12:50,184  INFO  Driver has been saved in cache [C:\Users\atorr\.wdm\drivers\chromedriver\win64\148.0.7778.178]
2026-06-04 08:12:52,926  INFO  Abriendo login: https://prodkernel.manager.cl/index.html
2026-06-04 08:12:55,209  INFO  Inputs visibles: 3
2026-06-04 08:12:55,552  INFO  Login enviado...
2026-06-04 08:12:59,567  INFO  ✅ Login exitoso. session_id: ee2f5a30...
2026-06-04 08:12:59,607  INFO  Navegando a: https://prodkernel.manager.cl/managerbackups.html?session_id=ee2f5a30ba4dd3332177e030e0b85cba&cd=prodkernel
2026-06-04 08:12:59,705  INFO  Recarga 1/10...
2026-06-04 08:13:03,804  INFO    filas .bak encontradas: 3
2026-06-04 08:13:03,805  INFO  ✅ Tabla cargada en recarga 1.
2026-06-04 08:13:03,843  INFO    Ignorando: 2026-6-4-T779354202A.bak
2026-06-04 08:13:03,873  INFO    Ignorando: 2026-6-4-T779354202B.bak
2026-06-04 08:13:03,920  INFO  Backup seleccionado: 2026-6-4-T779354202C.bak (2026-06-04 10:13:55+00:00)
2026-06-04 08:13:03,930  INFO  HTML fila completa: <td class="bucket">mng-respaldos-poliuretano</td><td class="Key">2026-6-4-T779354202C.bak</td><td class="LastModified">2026-06-04 10:13:55+00:00</td><td class="Size">0.16 GB</td><td class="presigned_url" style="display: none;">https://mng-respaldos-poliuretano.s3.amazonaws.com/2026-6-4-T779354202C.bak?AWSAccessKeyId=AKIAZPIFFWJDVFW267ZG&amp;Signature=E6b0tzKGlDefGzwMWVn%2BDTy%2B7%2Fs%3D&amp;Expires=1780575479</td><td><i onclick="downloadbackup($(this).parent().parent())" class="fas fa-download">
2026-06-04 08:13:06,189  INFO  Descargando 2026-6-4-T779354202C.bak desde S3...
2026-06-04 08:13:12,455  INFO    10 MB / 160 MB (7%)
2026-06-04 08:13:16,899  INFO    21 MB / 160 MB (13%)
2026-06-04 08:13:20,377  INFO    31 MB / 160 MB (20%)
2026-06-04 08:13:24,718  INFO    42 MB / 160 MB (26%)
2026-06-04 08:13:30,181  INFO    52 MB / 160 MB (33%)
2026-06-04 08:13:35,189  INFO    63 MB / 160 MB (39%)
2026-06-04 08:13:44,447  INFO    73 MB / 160 MB (46%)
2026-06-04 08:13:54,449  INFO    84 MB / 160 MB (52%)
2026-06-04 08:14:03,520  INFO    94 MB / 160 MB (59%)
2026-06-04 08:14:09,815  INFO    105 MB / 160 MB (65%)
2026-06-04 08:14:13,797  INFO    115 MB / 160 MB (72%)
2026-06-04 08:14:16,980  INFO    126 MB / 160 MB (78%)
2026-06-04 08:14:19,721  INFO    136 MB / 160 MB (85%)
2026-06-04 08:14:22,487  INFO    147 MB / 160 MB (92%)
2026-06-04 08:14:25,435  INFO    157 MB / 160 MB (98%)
2026-06-04 08:14:26,326  INFO  ✅ Descarga completa: 2026-6-4-T779354202C.bak (160.3 MB)
2026-06-04 08:14:26,333  INFO  Backup guardado en: C:\Backups\Manager\2026-6-4-T779354202C_2026-06-04.bak
2026-06-04 08:14:26,333  INFO  ✅ Éxito — backup guardado en: C:\Backups\Manager\2026-6-4-T779354202C_2026-06-04.bak
2026-06-04 08:14:30,398  WARNING  Retrying (Retry(total=2, connect=None, read=None, redirect=None, status=None)) after connection broken by 'NewConnectionError("HTTPConnection(host='localhost', port=54357): Failed to establish a new connection: [WinError 10061] No se puede establecer una conexión ya que el equipo de destino denegó expresamente dicha conexión")': /session/5ddfce1f85df7b4e7b1f8f7f73aa60fa
2026-06-04 08:14:34,460  WARNING  Retrying (Retry(total=1, connect=None, read=None, redirect=None, status=None)) after connection broken by 'NewConnectionError("HTTPConnection(host='localhost', port=54357): Failed to establish a new connection: [WinError 10061] No se puede establecer una conexión ya que el equipo de destino denegó expresamente dicha conexión")': /session/5ddfce1f85df7b4e7b1f8f7f73aa60fa
2026-06-04 08:14:38,530  WARNING  Retrying (Retry(total=0, connect=None, read=None, redirect=None, status=None)) after connection broken by 'NewConnectionError("HTTPConnection(host='localhost', port=54357): Failed to establish a new connection: [WinError 10061] No se puede establecer una conexión ya que el equipo de destino denegó expresamente dicha conexión")': /session/5ddfce1f85df7b4e7b1f8f7f73aa60fa
2026-06-04 08:14:42,610  INFO  
2026-06-04 08:14:42,611  INFO  ━━━━━━━━━━━━━━━━━━━━━━━━━━━━━━━━━━━━━━━━━━━━━━━━━━━━━━━
2026-06-04 08:14:42,611  INFO    PASO 2/3 — Restaurar BD y extraer Ventas Full
2026-06-04 08:14:42,612  INFO  ━━━━━━━━━━━━━━━━━━━━━━━━━━━━━━━━━━━━━━━━━━━━━━━━━━━━━━━
2026-06-04 08:14:47,487  INFO  ============================================================
2026-06-04 08:14:47,487  INFO    PASO 1 — Restaurar BD y extraer Múltiples Reportes
2026-06-04 08:14:47,487  INFO  ============================================================
2026-06-04 08:14:47,508  INFO  Usando .bak de ultimo_bak.txt: 2026-6-4-T779354202C_2026-06-04.bak
2026-06-04 08:14:47,508  INFO  Usando backup: 2026-6-4-T779354202C_2026-06-04.bak
2026-06-04 08:14:47,508  INFO  Restaurando 2026-6-4-T779354202C_2026-06-04.bak como 'T779354202C'...
2026-06-04 08:14:47,509  INFO  Copiando .bak a C:\Program Files\Microsoft SQL Server\MSSQL17.SQLEXPRESS\MSSQL\DATA\2026-6-4-T779354202C_2026-06-04.bak...
2026-06-04 08:14:48,437  INFO  Ejecutando RESTORE DATABASE...
2026-06-04 08:15:33,189  INFO  ✅ BD 'T779354202C' restaurada correctamente.
2026-06-04 08:15:33,190  INFO  Conectando a 'T779354202C' para extraer reportes...
2026-06-04 08:15:33,251  INFO  Ejecutando: base_completo...
2026-06-04 08:15:34,770  INFO    └─ 8,929 filas extraídas.
2026-06-04 08:15:34,771  INFO  Ejecutando: calendario...
2026-06-04 08:15:35,027  INFO    └─ 89 filas extraídas.
2026-06-04 08:15:35,028  INFO  Ejecutando: Cotizaciones...
2026-06-04 08:15:35,094  INFO    └─ 3,355 filas extraídas.
2026-06-04 08:15:35,095  INFO  Ejecutando: Inventario_aceros...
2026-06-04 08:15:35,121  INFO    └─ 136 filas extraídas.
2026-06-04 08:15:35,121  INFO  Ejecutando: Notas_de_venta...
2026-06-04 08:15:35,149  INFO    └─ 752 filas extraídas.
2026-06-04 08:15:35,149  INFO  Ejecutando: Ordenes_de_Compra...
2026-06-04 08:15:35,303  INFO    └─ 287 filas extraídas.
2026-06-04 08:15:35,303  INFO  Ejecutando: Ordenes_de_produccion...
2026-06-04 08:15:35,470  INFO    └─ 3,240 filas extraídas.
2026-06-04 08:15:35,471  INFO  Ejecutando: Pendiente_a_facturar...
2026-06-04 08:15:35,489  ERROR    └─ Error ejecutando Pendiente_a_facturar: ('42000', '[42000] [Microsoft][ODBC Driver 17 for SQL Server][SQL Server]ORDER BY items must appear in the select list if SELECT DISTINCT is specified. (145) (SQLExecDirectW)')
2026-06-04 08:15:35,489  INFO  Ejecutando: Productos_Stock...
2026-06-04 08:15:35,523  INFO    └─ 124 filas extraídas.
2026-06-04 08:15:35,523  INFO  Ejecutando: Vales_de_Salida...
2026-06-04 08:15:35,549  ERROR    └─ Error ejecutando Vales_de_Salida: ('42000', '[42000] [Microsoft][ODBC Driver 17 for SQL Server][SQL Server]ORDER BY items must appear in the select list if SELECT DISTINCT is specified. (145) (SQLExecDirectW)')
2026-06-04 08:15:35,549  INFO  Ejecutando: Ventas_Full...
2026-06-04 08:15:36,211  INFO    └─ 1,806 filas extraídas.
2026-06-04 08:15:36,211  INFO  Ejecutando: WIP...
2026-06-04 08:15:36,270  INFO    └─ 42 filas extraídas.
2026-06-04 08:15:36,272  INFO  Exportando a Excel multipestaña: C:\Reportes\VentasFull\Reportes_Completos_2026-06-04.xlsx
2026-06-04 08:16:16,722  INFO  ✅ Excel generado: C:\Reportes\VentasFull\Reportes_Completos_2026-06-04.xlsx (2.7 MB)
2026-06-04 08:16:16,724  INFO  ✅ Proceso Completado → C:\Reportes\VentasFull\Reportes_Completos_2026-06-04.xlsx
2026-06-04 08:16:16,739  INFO  
2026-06-04 08:16:16,739  INFO  ━━━━━━━━━━━━━━━━━━━━━━━━━━━━━━━━━━━━━━━━━━━━━━━━━━━━━━━
2026-06-04 08:16:16,739  INFO    PASO 3/3 — Subir Excel a Google Drive
2026-06-04 08:16:16,740  INFO  ━━━━━━━━━━━━━━━━━━━━━━━━━━━━━━━━━━━━━━━━━━━━━━━━━━━━━━━
2026-06-04 08:16:19,775  INFO  =======================================================
2026-06-04 08:16:19,775  INFO    PASO 2 — Subir a Drive y actualizar Google Sheets
2026-06-04 08:16:19,775  INFO  =======================================================
2026-06-04 08:16:19,785  INFO  Procesando: Reportes_Completos_2026-06-04.xlsx (2.7 MB)
2026-06-04 08:16:19,851  INFO  file_cache is only supported with oauth2client<4.0.0
2026-06-04 08:16:19,875  INFO  file_cache is only supported with oauth2client<4.0.0
2026-06-04 08:16:21,087  INFO  Creando Excel nuevo en Drive...
2026-06-04 08:16:24,761  INFO  ✅ Excel subido a Drive: Reportes_Completos_Actualizado.xlsx
2026-06-04 08:16:24,762  INFO  Leyendo Excel para actualizar Google Sheets...
2026-06-04 08:16:24,777  INFO  Pestañas encontradas en Excel: ['base_completo', 'calendario', 'Cotizaciones', 'Inventario_aceros', 'Notas_de_venta', 'Ordenes_de_Compra', 'Ordenes_de_produccion', 'Productos_Stock', 'Ventas_Full', 'WIP']
2026-06-04 08:16:25,576  INFO  Actualizando Base Produccion → 'Orden de Produccion' (3,240 filas)...
2026-06-04 08:16:26,633  INFO    Limpiando hoja 'Orden de Produccion'...
2026-06-04 08:16:27,343  INFO    Escribiendo 3,240 filas en 'Orden de Produccion'...
2026-06-04 08:16:30,045  INFO    ✅ Hoja 'Orden de Produccion' actualizada.
2026-06-04 08:16:30,126  INFO  Actualizando Base Produccion → 'Por Facturar' (89 filas)...
2026-06-04 08:16:30,745  INFO    Limpiando hoja 'Por Facturar'...
2026-06-04 08:16:31,056  INFO    Escribiendo 89 filas en 'Por Facturar'...
2026-06-04 08:16:31,379  INFO    ✅ Hoja 'Por Facturar' actualizada.
2026-06-04 08:16:31,418  INFO  Actualizando Base Produccion → 'Control Inventario' (136 filas)...
2026-06-04 08:16:32,091  INFO    Limpiando hoja 'Control Inventario'...
2026-06-04 08:16:32,345  INFO    Escribiendo 136 filas en 'Control Inventario'...
2026-06-04 08:16:32,732  INFO    ✅ Hoja 'Control Inventario' actualizada.
2026-06-04 08:16:33,337  INFO  Actualizando Base Produccion → 'Notas de Venta' (752 filas)...
2026-06-04 08:16:33,817  INFO    Limpiando hoja 'Notas de Venta'...
2026-06-04 08:16:34,093  INFO    Escribiendo 752 filas en 'Notas de Venta'...
2026-06-04 08:16:34,523  INFO    ✅ Hoja 'Notas de Venta' actualizada.
2026-06-04 08:16:34,524  WARNING    Pestaña 'Vales_de_Salida' no encontrada en el Excel, saltando...
2026-06-04 08:16:34,553  INFO  Actualizando Base Produccion → 'Stock' (124 filas)...
2026-06-04 08:16:35,045  INFO    Limpiando hoja 'Stock'...
2026-06-04 08:16:35,309  INFO    Escribiendo 124 filas en 'Stock'...
2026-06-04 08:16:35,574  INFO    ✅ Hoja 'Stock' actualizada.
2026-06-04 08:16:36,209  INFO  Actualizando Base Produccion → 'Ventas_Full' (1,806 filas)...
2026-06-04 08:16:36,668  INFO    Limpiando hoja 'Ventas_Full'...
2026-06-04 08:16:37,082  INFO    Escribiendo 1,806 filas en 'Ventas_Full'...
2026-06-04 08:16:38,991  INFO    ✅ Hoja 'Ventas_Full' actualizada.
2026-06-04 08:16:39,013  INFO  Actualizando Base Produccion → 'WIP' (42 filas)...
2026-06-04 08:16:39,560  INFO    Limpiando hoja 'WIP'...
2026-06-04 08:16:39,802  INFO    Escribiendo 42 filas en 'WIP'...
2026-06-04 08:16:40,044  INFO    ✅ Hoja 'WIP' actualizada.
2026-06-04 08:16:40,686  INFO  Actualizando Presupuestos → 'Ventas Full Manager' (1,806 filas)...
2026-06-04 08:16:41,945  INFO    Limpiando hoja 'Ventas Full Manager'...
2026-06-04 08:16:42,444  INFO    Escribiendo 1,806 filas en 'Ventas Full Manager'...
2026-06-04 08:16:44,270  INFO    ✅ Hoja 'Ventas Full Manager' actualizada.
2026-06-04 08:16:44,382  INFO  Actualizando Presupuestos → 'Notas de Venta' (752 filas)...
2026-06-04 08:16:45,092  INFO    Limpiando hoja 'Notas de Venta'...
2026-06-04 08:16:45,861  INFO    Escribiendo 752 filas en 'Notas de Venta'...
2026-06-04 08:16:46,272  INFO    ✅ Hoja 'Notas de Venta' actualizada.
2026-06-04 08:16:46,587  INFO  Actualizando Presupuestos → 'Cotizaciones' (3,355 filas)...
2026-06-04 08:16:47,134  INFO    Limpiando hoja 'Cotizaciones'...
2026-06-04 08:16:47,528  INFO    Escribiendo 3,355 filas en 'Cotizaciones'...
2026-06-04 08:16:48,587  INFO    ✅ Hoja 'Cotizaciones' actualizada.
2026-06-04 08:16:48,613  INFO  Actualizando Presupuestos → 'Calendario' (89 filas)...
2026-06-04 08:16:49,155  INFO    Limpiando hoja 'Calendario'...
2026-06-04 08:16:49,394  INFO    Escribiendo 89 filas en 'Calendario'...
2026-06-04 08:16:49,668  INFO    ✅ Hoja 'Calendario' actualizada.
2026-06-04 08:16:49,669  INFO  
2026-06-04 08:16:49,669  INFO  ✅ Todo actualizado:
2026-06-04 08:16:49,669  INFO     📁 Drive: Reportes_Completos_Actualizado.xlsx
2026-06-04 08:16:49,670  INFO     📊 Base Produccion: ['Orden de Produccion', 'Por Facturar', 'Control Inventario', 'Notas de Venta', 'Vales de Salida', 'Stock', 'Ventas_Full', 'WIP']
2026-06-04 08:16:49,670  INFO     📊 Presupuestos: Ventas Full Manager
2026-06-04 08:16:49,671  INFO  
2026-06-04 08:16:49,672  INFO  ╔═════════════════════════════════════════════════════╗
2026-06-04 08:16:49,674  INFO  ║  ✅ PIPELINE COMPLETADO en 246s                      ║
2026-06-04 08:16:49,674  INFO  ║  📊 Excel en Drive: VentasFull_Actualizado.xlsx      ║
2026-06-04 08:16:49,675  INFO  ╚═════════════════════════════════════════════════════╝
2026-06-04 08:16:50,314  INFO  ╔═════════════════════════════════════════════════════╗
2026-06-04 08:16:50,314  INFO  ║   PIPELINE VENTAS FULL — Inicio: 2026-06-04 08:16   ║
2026-06-04 08:16:50,314  INFO  ╚═════════════════════════════════════════════════════╝
2026-06-04 08:16:50,314  INFO  
2026-06-04 08:16:50,314  INFO  ━━━━━━━━━━━━━━━━━━━━━━━━━━━━━━━━━━━━━━━━━━━━━━━━━━━━━━━
2026-06-04 08:16:50,314  INFO    PASO 1/3 — Descargar backup desde Manager
2026-06-04 08:16:50,314  INFO  ━━━━━━━━━━━━━━━━━━━━━━━━━━━━━━━━━━━━━━━━━━━━━━━━━━━━━━━
2026-06-04 08:16:50,813  INFO  =======================================================
2026-06-04 08:16:50,813  INFO    Iniciando descarga automática de backup Manager
2026-06-04 08:16:50,813  INFO  =======================================================
2026-06-04 08:16:50,814  INFO  ====== WebDriver manager ======
2026-06-04 08:16:52,516  INFO  Get LATEST chromedriver version for google-chrome
2026-06-04 08:16:52,896  INFO  Get LATEST chromedriver version for google-chrome
2026-06-04 08:16:53,252  INFO  Driver [C:\Users\atorr\.wdm\drivers\chromedriver\win64\148.0.7778.178\chromedriver-win32/chromedriver.exe] found in cache
2026-06-04 08:16:54,859  INFO  Abriendo login: https://prodkernel.manager.cl/index.html
2026-06-04 08:16:56,853  INFO  Inputs visibles: 3
2026-06-04 08:16:57,200  INFO  Login enviado...
2026-06-04 08:17:01,215  INFO  ✅ Login exitoso. session_id: 15431faf...
2026-06-04 08:17:01,215  INFO  Navegando a: https://prodkernel.manager.cl/managerbackups.html?session_id=15431faf13d3bfaa3f992fc4301371b7&cd=prodkernel
2026-06-04 08:17:01,346  INFO  Recarga 1/10...
2026-06-04 08:17:05,440  INFO    filas .bak encontradas: 3
2026-06-04 08:17:05,440  INFO  ✅ Tabla cargada en recarga 1.
2026-06-04 08:17:05,481  INFO    Ignorando: 2026-6-4-T779354202A.bak
2026-06-04 08:17:05,512  INFO    Ignorando: 2026-6-4-T779354202B.bak
2026-06-04 08:17:05,540  INFO  Backup seleccionado: 2026-6-4-T779354202C.bak (2026-06-04 10:13:55+00:00)
2026-06-04 08:17:05,548  INFO  HTML fila completa: <td class="bucket">mng-respaldos-poliuretano</td><td class="Key">2026-6-4-T779354202C.bak</td><td class="LastModified">2026-06-04 10:13:55+00:00</td><td class="Size">0.16 GB</td><td class="presigned_url" style="display: none;">https://mng-respaldos-poliuretano.s3.amazonaws.com/2026-6-4-T779354202C.bak?AWSAccessKeyId=AKIAZPIFFWJDVFW267ZG&amp;Signature=Fd1Nt1mMX9NJdblcbi77zo6h%2BAs%3D&amp;Expires=1780575721</td><td><i onclick="downloadbackup($(this).parent().parent())" class="fas fa-download"></i>
2026-06-04 08:17:07,763  INFO  Descargando 2026-6-4-T779354202C.bak desde S3...
2026-06-04 08:17:16,121  INFO    10 MB / 160 MB (7%)
2026-06-04 08:17:22,715  INFO    21 MB / 160 MB (13%)
2026-06-04 08:17:44,253  INFO    31 MB / 160 MB (20%)
2026-06-04 08:17:49,642  INFO    42 MB / 160 MB (26%)
2026-06-04 08:17:51,772  INFO    52 MB / 160 MB (33%)
2026-06-04 08:17:54,116  INFO    63 MB / 160 MB (39%)
2026-06-04 08:17:56,637  INFO    73 MB / 160 MB (46%)
2026-06-04 08:17:59,128  INFO    84 MB / 160 MB (52%)
2026-06-04 08:18:01,486  INFO    94 MB / 160 MB (59%)
2026-06-04 08:18:04,046  INFO    105 MB / 160 MB (65%)
2026-06-04 08:18:08,091  INFO    115 MB / 160 MB (72%)
2026-06-04 08:18:18,363  INFO    126 MB / 160 MB (78%)
2026-06-04 08:18:28,402  INFO    136 MB / 160 MB (85%)
2026-06-04 08:18:40,078  INFO    147 MB / 160 MB (92%)
2026-06-04 08:18:43,496  INFO    157 MB / 160 MB (98%)
2026-06-04 08:18:44,376  INFO  ✅ Descarga completa: 2026-6-4-T779354202C.bak (160.3 MB)
2026-06-04 08:18:44,379  INFO  Backup guardado en: C:\Backups\Manager\2026-6-4-T779354202C_2026-06-04_1780575524.bak
2026-06-04 08:18:44,379  INFO  ✅ Éxito — backup guardado en: C:\Backups\Manager\2026-6-4-T779354202C_2026-06-04_1780575524.bak
2026-06-04 08:18:48,440  WARNING  Retrying (Retry(total=2, connect=None, read=None, redirect=None, status=None)) after connection broken by 'NewConnectionError("HTTPConnection(host='localhost', port=55495): Failed to establish a new connection: [WinError 10061] No se puede establecer una conexión ya que el equipo de destino denegó expresamente dicha conexión")': /session/213daca541fbf6607a3b574da80280fa
2026-06-04 08:18:52,521  WARNING  Retrying (Retry(total=1, connect=None, read=None, redirect=None, status=None)) after connection broken by 'NewConnectionError("HTTPConnection(host='localhost', port=55495): Failed to establish a new connection: [WinError 10061] No se puede establecer una conexión ya que el equipo de destino denegó expresamente dicha conexión")': /session/213daca541fbf6607a3b574da80280fa
2026-06-04 08:18:56,592  WARNING  Retrying (Retry(total=0, connect=None, read=None, redirect=None, status=None)) after connection broken by 'NewConnectionError("HTTPConnection(host='localhost', port=55495): Failed to establish a new connection: [WinError 10061] No se puede establecer una conexión ya que el equipo de destino denegó expresamente dicha conexión")': /session/213daca541fbf6607a3b574da80280fa
2026-06-04 08:19:00,665  INFO  
2026-06-04 08:19:00,665  INFO  ━━━━━━━━━━━━━━━━━━━━━━━━━━━━━━━━━━━━━━━━━━━━━━━━━━━━━━━
2026-06-04 08:19:00,666  INFO    PASO 2/3 — Restaurar BD y extraer Ventas Full
2026-06-04 08:19:00,666  INFO  ━━━━━━━━━━━━━━━━━━━━━━━━━━━━━━━━━━━━━━━━━━━━━━━━━━━━━━━
2026-06-04 08:19:01,603  INFO  ============================================================
2026-06-04 08:19:01,603  INFO    PASO 1 — Restaurar BD y extraer Múltiples Reportes
2026-06-04 08:19:01,603  INFO  ============================================================
2026-06-04 08:19:01,618  INFO  Usando .bak de ultimo_bak.txt: 2026-6-4-T779354202C_2026-06-04_1780575524.bak
2026-06-04 08:19:01,618  INFO  Usando backup: 2026-6-4-T779354202C_2026-06-04_1780575524.bak
2026-06-04 08:19:01,618  INFO  Restaurando 2026-6-4-T779354202C_2026-06-04_1780575524.bak como 'T779354202C'...
2026-06-04 08:19:01,619  INFO  Copiando .bak a C:\Program Files\Microsoft SQL Server\MSSQL17.SQLEXPRESS\MSSQL\DATA\2026-6-4-T779354202C_2026-06-04_1780575524.bak...
2026-06-04 08:19:02,124  INFO  Ejecutando RESTORE DATABASE...
2026-06-04 08:19:46,269  INFO  ✅ BD 'T779354202C' restaurada correctamente.
2026-06-04 08:19:46,270  INFO  Conectando a 'T779354202C' para extraer reportes...
2026-06-04 08:19:46,315  INFO  Ejecutando: base_completo...
2026-06-04 08:19:47,643  INFO    └─ 8,929 filas extraídas.
2026-06-04 08:19:47,644  INFO  Ejecutando: calendario...
2026-06-04 08:19:47,841  INFO    └─ 89 filas extraídas.
2026-06-04 08:19:47,841  INFO  Ejecutando: Cotizaciones...
2026-06-04 08:19:47,909  INFO    └─ 3,355 filas extraídas.
2026-06-04 08:19:47,909  INFO  Ejecutando: Inventario_aceros...
2026-06-04 08:19:47,929  INFO    └─ 136 filas extraídas.
2026-06-04 08:19:47,930  INFO  Ejecutando: Notas_de_venta...
2026-06-04 08:19:47,953  INFO    └─ 752 filas extraídas.
2026-06-04 08:19:47,954  INFO  Ejecutando: Ordenes_de_Compra...
2026-06-04 08:19:48,081  INFO    └─ 287 filas extraídas.
2026-06-04 08:19:48,081  INFO  Ejecutando: Ordenes_de_produccion...
2026-06-04 08:19:48,238  INFO    └─ 3,240 filas extraídas.
2026-06-04 08:19:48,238  INFO  Ejecutando: Pendiente_a_facturar...
2026-06-04 08:19:48,243  ERROR    └─ Error ejecutando Pendiente_a_facturar: ('42000', '[42000] [Microsoft][ODBC Driver 17 for SQL Server][SQL Server]ORDER BY items must appear in the select list if SELECT DISTINCT is specified. (145) (SQLExecDirectW)')
2026-06-04 08:19:48,243  INFO  Ejecutando: Productos_Stock...
2026-06-04 08:19:48,265  INFO    └─ 124 filas extraídas.
2026-06-04 08:19:48,265  INFO  Ejecutando: Vales_de_Salida...
2026-06-04 08:19:48,279  ERROR    └─ Error ejecutando Vales_de_Salida: ('42000', '[42000] [Microsoft][ODBC Driver 17 for SQL Server][SQL Server]ORDER BY items must appear in the select list if SELECT DISTINCT is specified. (145) (SQLExecDirectW)')
2026-06-04 08:19:48,279  INFO  Ejecutando: Ventas_Full...
2026-06-04 08:19:48,912  INFO    └─ 1,806 filas extraídas.
2026-06-04 08:19:48,913  INFO  Ejecutando: WIP...
2026-06-04 08:19:48,955  INFO    └─ 42 filas extraídas.
2026-06-04 08:19:48,957  INFO  Exportando a Excel multipestaña: C:\Reportes\VentasFull\Reportes_Completos_2026-06-04.xlsx
2026-06-04 08:20:29,994  INFO  ✅ Excel generado: C:\Reportes\VentasFull\Reportes_Completos_2026-06-04.xlsx (2.7 MB)
2026-06-04 08:20:29,995  INFO  ✅ Proceso Completado → C:\Reportes\VentasFull\Reportes_Completos_2026-06-04.xlsx
2026-06-04 08:20:30,004  INFO  
2026-06-04 08:20:30,004  INFO  ━━━━━━━━━━━━━━━━━━━━━━━━━━━━━━━━━━━━━━━━━━━━━━━━━━━━━━━
2026-06-04 08:20:30,005  INFO    PASO 3/3 — Subir Excel a Google Drive
2026-06-04 08:20:30,005  INFO  ━━━━━━━━━━━━━━━━━━━━━━━━━━━━━━━━━━━━━━━━━━━━━━━━━━━━━━━
2026-06-04 08:20:30,770  INFO  =======================================================
2026-06-04 08:20:30,771  INFO    PASO 2 — Subir a Drive y actualizar Google Sheets
2026-06-04 08:20:30,771  INFO  =======================================================
2026-06-04 08:20:30,772  INFO  Procesando: Reportes_Completos_2026-06-04.xlsx (2.7 MB)
2026-06-04 08:20:30,819  INFO  file_cache is only supported with oauth2client<4.0.0
2026-06-04 08:20:30,824  INFO  file_cache is only supported with oauth2client<4.0.0
2026-06-04 08:20:31,827  INFO  Creando Excel nuevo en Drive...
2026-06-04 08:20:34,934  INFO  ✅ Excel subido a Drive: Reportes_Completos_Actualizado.xlsx
2026-06-04 08:20:34,934  INFO  Leyendo Excel para actualizar Google Sheets...
2026-06-04 08:20:34,997  INFO  Pestañas encontradas en Excel: ['base_completo', 'calendario', 'Cotizaciones', 'Inventario_aceros', 'Notas_de_venta', 'Ordenes_de_Compra', 'Ordenes_de_produccion', 'Productos_Stock', 'Ventas_Full', 'WIP']
2026-06-04 08:20:35,818  INFO  Actualizando Base Produccion → 'Orden de Produccion' (3,240 filas)...
2026-06-04 08:20:36,797  INFO    Limpiando hoja 'Orden de Produccion'...
2026-06-04 08:20:37,433  INFO    Escribiendo 3,240 filas en 'Orden de Produccion'...
2026-06-04 08:20:39,838  INFO    ✅ Hoja 'Orden de Produccion' actualizada.
2026-06-04 08:20:40,354  INFO  Actualizando Base Produccion → 'Por Facturar' (89 filas)...
2026-06-04 08:20:40,939  INFO    Limpiando hoja 'Por Facturar'...
2026-06-04 08:20:41,214  INFO    Escribiendo 89 filas en 'Por Facturar'...
2026-06-04 08:20:41,507  INFO    ✅ Hoja 'Por Facturar' actualizada.
2026-06-04 08:20:41,547  INFO  Actualizando Base Produccion → 'Control Inventario' (136 filas)...
2026-06-04 08:20:42,048  INFO    Limpiando hoja 'Control Inventario'...
2026-06-04 08:20:42,300  INFO    Escribiendo 136 filas en 'Control Inventario'...
2026-06-04 08:20:42,580  INFO    ✅ Hoja 'Control Inventario' actualizada.
2026-06-04 08:20:42,683  INFO  Actualizando Base Produccion → 'Notas de Venta' (752 filas)...
2026-06-04 08:20:43,132  INFO    Limpiando hoja 'Notas de Venta'...
2026-06-04 08:20:43,391  INFO    Escribiendo 752 filas en 'Notas de Venta'...
2026-06-04 08:20:43,762  INFO    ✅ Hoja 'Notas de Venta' actualizada.
2026-06-04 08:20:43,763  WARNING    Pestaña 'Vales_de_Salida' no encontrada en el Excel, saltando...
2026-06-04 08:20:43,792  INFO  Actualizando Base Produccion → 'Stock' (124 filas)...
2026-06-04 08:20:44,299  INFO    Limpiando hoja 'Stock'...
2026-06-04 08:20:44,534  INFO    Escribiendo 124 filas en 'Stock'...
2026-06-04 08:20:44,794  INFO    ✅ Hoja 'Stock' actualizada.
2026-06-04 08:20:45,424  INFO  Actualizando Base Produccion → 'Ventas_Full' (1,806 filas)...
2026-06-04 08:20:45,893  INFO    Limpiando hoja 'Ventas_Full'...
2026-06-04 08:20:46,285  INFO    Escribiendo 1,806 filas en 'Ventas_Full'...
2026-06-04 08:20:47,984  INFO    ✅ Hoja 'Ventas_Full' actualizada.
2026-06-04 08:20:48,005  INFO  Actualizando Base Produccion → 'WIP' (42 filas)...
2026-06-04 08:20:48,521  INFO    Limpiando hoja 'WIP'...
2026-06-04 08:20:48,763  INFO    Escribiendo 42 filas en 'WIP'...
2026-06-04 08:20:49,001  INFO    ✅ Hoja 'WIP' actualizada.
2026-06-04 08:20:49,640  INFO  Actualizando Presupuestos → 'Ventas Full Manager' (1,806 filas)...
2026-06-04 08:20:50,584  INFO    Limpiando hoja 'Ventas Full Manager'...
2026-06-04 08:20:51,071  INFO    Escribiendo 1,806 filas en 'Ventas Full Manager'...
2026-06-04 08:20:52,904  INFO    ✅ Hoja 'Ventas Full Manager' actualizada.
2026-06-04 08:20:53,015  INFO  Actualizando Presupuestos → 'Notas de Venta' (752 filas)...
2026-06-04 08:20:53,612  INFO    Limpiando hoja 'Notas de Venta'...
2026-06-04 08:20:53,974  INFO    Escribiendo 752 filas en 'Notas de Venta'...
2026-06-04 08:20:54,438  INFO    ✅ Hoja 'Notas de Venta' actualizada.
2026-06-04 08:20:54,739  INFO  Actualizando Presupuestos → 'Cotizaciones' (3,355 filas)...
2026-06-04 08:20:55,241  INFO    Limpiando hoja 'Cotizaciones'...
2026-06-04 08:20:55,635  INFO    Escribiendo 3,355 filas en 'Cotizaciones'...
2026-06-04 08:20:56,433  INFO    ✅ Hoja 'Cotizaciones' actualizada.
2026-06-04 08:20:56,470  INFO  Actualizando Presupuestos → 'Calendario' (89 filas)...
2026-06-04 08:20:57,022  INFO    Limpiando hoja 'Calendario'...
2026-06-04 08:20:57,384  INFO    Escribiendo 89 filas en 'Calendario'...
2026-06-04 08:20:57,654  INFO    ✅ Hoja 'Calendario' actualizada.
2026-06-04 08:20:57,654  INFO  
2026-06-04 08:20:57,655  INFO  ✅ Todo actualizado:
2026-06-04 08:20:57,655  INFO     📁 Drive: Reportes_Completos_Actualizado.xlsx
2026-06-04 08:20:57,655  INFO     📊 Base Produccion: ['Orden de Produccion', 'Por Facturar', 'Control Inventario', 'Notas de Venta', 'Vales de Salida', 'Stock', 'Ventas_Full', 'WIP']
2026-06-04 08:20:57,655  INFO     📊 Presupuestos: Ventas Full Manager
2026-06-04 08:20:57,657  INFO  
2026-06-04 08:20:57,657  INFO  ╔═════════════════════════════════════════════════════╗
2026-06-04 08:20:57,657  INFO  ║  ✅ PIPELINE COMPLETADO en 247s                      ║
2026-06-04 08:20:57,657  INFO  ║  📊 Excel en Drive: VentasFull_Actualizado.xlsx      ║
2026-06-04 08:20:57,658  INFO  ╚═════════════════════════════════════════════════════╝
2026-06-04 10:10:15,910  INFO  ╔═════════════════════════════════════════════════════╗
2026-06-04 10:10:15,912  INFO  ║   PIPELINE VENTAS FULL — Inicio: 2026-06-04 10:10   ║
2026-06-04 10:10:15,913  INFO  ╚═════════════════════════════════════════════════════╝
2026-06-04 10:10:15,913  INFO  
2026-06-04 10:10:15,913  INFO  ━━━━━━━━━━━━━━━━━━━━━━━━━━━━━━━━━━━━━━━━━━━━━━━━━━━━━━━
2026-06-04 10:10:15,914  INFO    PASO 1/3 — Descargar backup desde Manager
2026-06-04 10:10:15,914  INFO  ━━━━━━━━━━━━━━━━━━━━━━━━━━━━━━━━━━━━━━━━━━━━━━━━━━━━━━━
2026-06-04 10:10:17,128  INFO  =======================================================
2026-06-04 10:10:17,129  INFO    Iniciando descarga automática de backup Manager
2026-06-04 10:10:17,129  INFO  =======================================================
2026-06-04 10:10:17,131  INFO  ====== WebDriver manager ======
2026-06-04 10:10:19,866  INFO  Get LATEST chromedriver version for google-chrome
2026-06-04 10:10:20,492  INFO  Get LATEST chromedriver version for google-chrome
2026-06-04 10:10:20,957  INFO  Driver [C:\Users\atorr\.wdm\drivers\chromedriver\win64\148.0.7778.178\chromedriver-win32/chromedriver.exe] found in cache
2026-06-04 10:10:23,685  INFO  Abriendo login: https://prodkernel.manager.cl/index.html
2026-06-04 10:10:25,816  INFO  Inputs visibles: 3
2026-06-04 10:10:26,257  INFO  Login enviado...
2026-06-04 10:10:30,273  INFO  ✅ Login exitoso. session_id: 8b53f610...
2026-06-04 10:10:30,274  INFO  Navegando a: https://prodkernel.manager.cl/managerbackups.html?session_id=8b53f610682fc425732193f2081b78e6&cd=prodkernel
2026-06-04 10:10:30,444  INFO  Recarga 1/10...
2026-06-04 10:10:34,580  INFO    filas .bak encontradas: 0
2026-06-04 10:10:34,580  INFO  Recarga 2/10...
2026-06-04 10:10:39,142  INFO    filas .bak encontradas: 3
2026-06-04 10:10:39,143  INFO  ✅ Tabla cargada en recarga 2.
2026-06-04 10:10:39,194  INFO    Ignorando: 2026-6-4-T779354202A.bak
2026-06-04 10:10:39,231  INFO    Ignorando: 2026-6-4-T779354202B.bak
2026-06-04 10:10:39,272  INFO  Backup seleccionado: 2026-6-4-T779354202C.bak (2026-06-04 10:13:55+00:00)
2026-06-04 10:10:39,285  INFO  HTML fila completa: <td class="bucket">mng-respaldos-poliuretano</td><td class="Key">2026-6-4-T779354202C.bak</td><td class="LastModified">2026-06-04 10:13:55+00:00</td><td class="Size">0.16 GB</td><td class="presigned_url" style="display: none;">https://mng-respaldos-poliuretano.s3.amazonaws.com/2026-6-4-T779354202C.bak?AWSAccessKeyId=AKIAZPIFFWJDVFW267ZG&amp;Signature=9fFBZpWK8xjZCI9daLxI5bM0BTo%3D&amp;Expires=1780582533</td><td><i onclick="downloadbackup($(this).parent().parent())" class="fas fa-download"></i></
2026-06-04 10:10:41,646  INFO  Descargando 2026-6-4-T779354202C.bak desde S3...
2026-06-04 10:10:47,926  INFO    10 MB / 160 MB (7%)
2026-06-04 10:10:55,084  INFO    21 MB / 160 MB (13%)
2026-06-04 10:11:02,990  INFO    31 MB / 160 MB (20%)
2026-06-04 10:11:09,140  INFO    42 MB / 160 MB (26%)
2026-06-04 10:11:14,561  INFO    52 MB / 160 MB (33%)
2026-06-04 10:11:19,656  INFO    63 MB / 160 MB (39%)
2026-06-04 10:11:24,536  INFO    73 MB / 160 MB (46%)
2026-06-04 10:11:29,251  INFO    84 MB / 160 MB (52%)
2026-06-04 10:11:34,559  INFO    94 MB / 160 MB (59%)
2026-06-04 10:11:41,052  INFO    105 MB / 160 MB (65%)
2026-06-04 10:11:46,800  INFO    115 MB / 160 MB (72%)
2026-06-04 10:11:52,897  INFO    126 MB / 160 MB (78%)
2026-06-04 10:11:59,497  INFO    136 MB / 160 MB (85%)
2026-06-04 10:12:05,987  INFO    147 MB / 160 MB (92%)
2026-06-04 10:12:13,815  INFO    157 MB / 160 MB (98%)
2026-06-04 10:12:17,083  INFO  ✅ Descarga completa: 2026-6-4-T779354202C.bak (160.3 MB)
2026-06-04 10:12:17,089  INFO  Backup guardado en: C:\Backups\Manager\2026-6-4-T779354202C_2026-06-04_1780582337.bak
2026-06-04 10:12:17,089  INFO  ✅ Éxito — backup guardado en: C:\Backups\Manager\2026-6-4-T779354202C_2026-06-04_1780582337.bak
2026-06-04 10:12:21,216  WARNING  Retrying (Retry(total=2, connect=None, read=None, redirect=None, status=None)) after connection broken by 'NewConnectionError("HTTPConnection(host='localhost', port=50180): Failed to establish a new connection: [WinError 10061] No se puede establecer una conexión ya que el equipo de destino denegó expresamente dicha conexión")': /session/2ab1764d55feb7f59054db5cb7fbcbf5
2026-06-04 10:12:25,315  WARNING  Retrying (Retry(total=1, connect=None, read=None, redirect=None, status=None)) after connection broken by 'NewConnectionError("HTTPConnection(host='localhost', port=50180): Failed to establish a new connection: [WinError 10061] No se puede establecer una conexión ya que el equipo de destino denegó expresamente dicha conexión")': /session/2ab1764d55feb7f59054db5cb7fbcbf5
2026-06-04 10:12:29,413  WARNING  Retrying (Retry(total=0, connect=None, read=None, redirect=None, status=None)) after connection broken by 'NewConnectionError("HTTPConnection(host='localhost', port=50180): Failed to establish a new connection: [WinError 10061] No se puede establecer una conexión ya que el equipo de destino denegó expresamente dicha conexión")': /session/2ab1764d55feb7f59054db5cb7fbcbf5
2026-06-04 10:12:33,481  INFO  
2026-06-04 10:12:33,481  INFO  ━━━━━━━━━━━━━━━━━━━━━━━━━━━━━━━━━━━━━━━━━━━━━━━━━━━━━━━
2026-06-04 10:12:33,481  INFO    PASO 2/3 — Restaurar BD y extraer Ventas Full
2026-06-04 10:12:33,482  INFO  ━━━━━━━━━━━━━━━━━━━━━━━━━━━━━━━━━━━━━━━━━━━━━━━━━━━━━━━
2026-06-04 10:12:38,790  INFO  ============================================================
2026-06-04 10:12:38,791  INFO    PASO 1 — Restaurar BD y extraer Múltiples Reportes
2026-06-04 10:12:38,791  INFO  ============================================================
2026-06-04 10:12:38,803  INFO  Usando .bak de ultimo_bak.txt: 2026-6-4-T779354202C_2026-06-04_1780582337.bak
2026-06-04 10:12:38,804  INFO  Usando backup: 2026-6-4-T779354202C_2026-06-04_1780582337.bak
2026-06-04 10:12:38,804  INFO  Restaurando 2026-6-4-T779354202C_2026-06-04_1780582337.bak como 'T779354202C'...
2026-06-04 10:12:38,804  INFO  Copiando .bak a C:\Program Files\Microsoft SQL Server\MSSQL17.SQLEXPRESS\MSSQL\DATA\2026-6-4-T779354202C_2026-06-04_1780582337.bak...
2026-06-04 10:12:40,824  INFO  Ejecutando RESTORE DATABASE...
2026-06-04 10:13:30,993  INFO  ✅ BD 'T779354202C' restaurada correctamente.
2026-06-04 10:13:30,994  INFO  Conectando a 'T779354202C' para extraer reportes...
2026-06-04 10:13:31,050  INFO  Ejecutando: Aceros...
2026-06-04 10:13:31,373  INFO    └─ 71 filas extraídas.
2026-06-04 10:13:31,374  INFO  Ejecutando: base_completo...
2026-06-04 10:13:33,111  INFO    └─ 8,929 filas extraídas.
2026-06-04 10:13:33,112  INFO  Ejecutando: calendario...
2026-06-04 10:13:33,345  INFO    └─ 89 filas extraídas.
2026-06-04 10:13:33,345  INFO  Ejecutando: Cotizaciones...
2026-06-04 10:13:33,428  INFO    └─ 3,355 filas extraídas.
2026-06-04 10:13:33,429  INFO  Ejecutando: Inventario_aceros...
2026-06-04 10:13:33,507  INFO    └─ 136 filas extraídas.
2026-06-04 10:13:33,507  INFO  Ejecutando: Notas_de_venta...
2026-06-04 10:13:33,544  INFO    └─ 752 filas extraídas.
2026-06-04 10:13:33,545  INFO  Ejecutando: Ordenes_de_Compra...
2026-06-04 10:13:33,732  INFO    └─ 287 filas extraídas.
2026-06-04 10:13:33,732  INFO  Ejecutando: Ordenes_de_produccion...
2026-06-04 10:13:33,957  INFO    └─ 3,240 filas extraídas.
2026-06-04 10:13:33,958  INFO  Ejecutando: Pendiente_a_facturar...
2026-06-04 10:13:33,993  ERROR    └─ Error ejecutando Pendiente_a_facturar: ('42000', '[42000] [Microsoft][ODBC Driver 17 for SQL Server][SQL Server]ORDER BY items must appear in the select list if SELECT DISTINCT is specified. (145) (SQLExecDirectW)')
2026-06-04 10:13:33,994  INFO  Ejecutando: Productos_Stock...
2026-06-04 10:13:34,039  INFO    └─ 124 filas extraídas.
2026-06-04 10:13:34,040  INFO  Ejecutando: Vales_de_Salida...
2026-06-04 10:13:34,067  ERROR    └─ Error ejecutando Vales_de_Salida: ('42000', '[42000] [Microsoft][ODBC Driver 17 for SQL Server][SQL Server]ORDER BY items must appear in the select list if SELECT DISTINCT is specified. (145) (SQLExecDirectW)')
2026-06-04 10:13:34,068  INFO  Ejecutando: Ventas_Full...
2026-06-04 10:13:34,873  INFO    └─ 1,806 filas extraídas.
2026-06-04 10:13:34,874  INFO  Ejecutando: WIP...
2026-06-04 10:13:35,000  INFO    └─ 42 filas extraídas.
2026-06-04 10:13:35,002  INFO  Exportando a Excel multipestaña: C:\Reportes\VentasFull\Reportes_Completos_2026-06-04.xlsx
2026-06-04 10:14:47,412  INFO  ✅ Excel generado: C:\Reportes\VentasFull\Reportes_Completos_2026-06-04.xlsx (2.7 MB)
2026-06-04 10:14:47,413  INFO  ✅ Proceso Completado → C:\Reportes\VentasFull\Reportes_Completos_2026-06-04.xlsx
2026-06-04 10:14:47,425  INFO  
2026-06-04 10:14:47,425  INFO  ━━━━━━━━━━━━━━━━━━━━━━━━━━━━━━━━━━━━━━━━━━━━━━━━━━━━━━━
2026-06-04 10:14:47,425  INFO    PASO 3/3 — Subir Excel a Google Drive
2026-06-04 10:14:47,426  INFO  ━━━━━━━━━━━━━━━━━━━━━━━━━━━━━━━━━━━━━━━━━━━━━━━━━━━━━━━
2026-06-04 10:14:50,177  INFO  =======================================================
2026-06-04 10:14:50,178  INFO    PASO 2 — Subir a Drive y actualizar Google Sheets
2026-06-04 10:14:50,178  INFO  =======================================================
2026-06-04 10:14:50,180  INFO  Procesando: Reportes_Completos_2026-06-04.xlsx (2.7 MB)
2026-06-04 10:14:50,256  INFO  file_cache is only supported with oauth2client<4.0.0
2026-06-04 10:14:50,290  INFO  file_cache is only supported with oauth2client<4.0.0
2026-06-04 10:14:51,503  INFO  Creando Excel nuevo en Drive...
2026-06-04 10:14:54,431  INFO  ✅ Excel subido a Drive: Reportes_Completos_Actualizado.xlsx
2026-06-04 10:14:54,431  INFO  Leyendo Excel para actualizar Google Sheets...
2026-06-04 10:14:54,537  INFO  Pestañas encontradas en Excel: ['Aceros', 'base_completo', 'calendario', 'Cotizaciones', 'Inventario_aceros', 'Notas_de_venta', 'Ordenes_de_Compra', 'Ordenes_de_produccion', 'Productos_Stock', 'Ventas_Full', 'WIP']
2026-06-04 10:14:55,874  INFO  Actualizando Base Produccion → 'Orden de Produccion' (3,240 filas)...
2026-06-04 10:14:57,002  INFO    Limpiando hoja 'Orden de Produccion'...
2026-06-04 10:14:57,871  INFO    Escribiendo 3,240 filas en 'Orden de Produccion'...
2026-06-04 10:15:00,018  INFO    ✅ Hoja 'Orden de Produccion' actualizada.
2026-06-04 10:15:00,943  INFO  Actualizando Base Produccion → 'Por Facturar' (89 filas)...
2026-06-04 10:15:01,640  INFO    Limpiando hoja 'Por Facturar'...
2026-06-04 10:15:01,888  INFO    Escribiendo 89 filas en 'Por Facturar'...
2026-06-04 10:15:02,252  INFO    ✅ Hoja 'Por Facturar' actualizada.
2026-06-04 10:15:02,308  INFO  Actualizando Base Produccion → 'Control Inventario' (136 filas)...
2026-06-04 10:15:02,834  INFO    Limpiando hoja 'Control Inventario'...
2026-06-04 10:15:03,116  INFO    Escribiendo 136 filas en 'Control Inventario'...
2026-06-04 10:15:03,429  INFO    ✅ Hoja 'Control Inventario' actualizada.
2026-06-04 10:15:03,594  INFO  Actualizando Base Produccion → 'Notas de Venta' (752 filas)...
2026-06-04 10:15:04,058  INFO    Limpiando hoja 'Notas de Venta'...
2026-06-04 10:15:04,343  INFO    Escribiendo 752 filas en 'Notas de Venta'...
2026-06-04 10:15:04,751  INFO    ✅ Hoja 'Notas de Venta' actualizada.
2026-06-04 10:15:04,790  INFO  Actualizando Base Produccion → 'Vales de Salida' (71 filas)...
2026-06-04 10:15:05,247  INFO    Limpiando hoja 'Vales de Salida'...
2026-06-04 10:15:05,547  INFO    Escribiendo 71 filas en 'Vales de Salida'...
2026-06-04 10:15:05,795  INFO    ✅ Hoja 'Vales de Salida' actualizada.
2026-06-04 10:15:05,849  INFO  Actualizando Base Produccion → 'Stock' (124 filas)...
2026-06-04 10:15:06,338  INFO    Limpiando hoja 'Stock'...
2026-06-04 10:15:06,587  INFO    Escribiendo 124 filas en 'Stock'...
2026-06-04 10:15:06,827  INFO    ✅ Hoja 'Stock' actualizada.
2026-06-04 10:15:08,038  INFO  Actualizando Base Produccion → 'Ventas_Full' (1,806 filas)...
2026-06-04 10:15:08,522  INFO    Limpiando hoja 'Ventas_Full'...
2026-06-04 10:15:09,059  INFO    Escribiendo 1,806 filas en 'Ventas_Full'...
2026-06-04 10:15:10,858  INFO    ✅ Hoja 'Ventas_Full' actualizada.
2026-06-04 10:15:10,911  INFO  Actualizando Base Produccion → 'WIP' (42 filas)...
2026-06-04 10:15:11,416  INFO    Limpiando hoja 'WIP'...
2026-06-04 10:15:11,682  INFO    Escribiendo 42 filas en 'WIP'...
2026-06-04 10:15:11,911  INFO    ✅ Hoja 'WIP' actualizada.
2026-06-04 10:15:13,075  INFO  Actualizando Presupuestos → 'Ventas Full Manager' (1,806 filas)...
2026-06-04 10:15:13,826  INFO    Limpiando hoja 'Ventas Full Manager'...
2026-06-04 10:15:14,468  INFO    Escribiendo 1,806 filas en 'Ventas Full Manager'...
2026-06-04 10:15:16,583  INFO    ✅ Hoja 'Ventas Full Manager' actualizada.
2026-06-04 10:15:16,742  INFO  Actualizando Presupuestos → 'Notas de Venta' (752 filas)...
2026-06-04 10:15:17,439  INFO    Limpiando hoja 'Notas de Venta'...
2026-06-04 10:15:18,261  INFO    Escribiendo 752 filas en 'Notas de Venta'...
2026-06-04 10:15:18,765  INFO    ✅ Hoja 'Notas de Venta' actualizada.
2026-06-04 10:15:19,406  INFO  Actualizando Presupuestos → 'Cotizaciones' (3,355 filas)...
2026-06-04 10:15:20,047  INFO    Limpiando hoja 'Cotizaciones'...
2026-06-04 10:15:20,473  INFO    Escribiendo 3,355 filas en 'Cotizaciones'...
2026-06-04 10:15:21,684  INFO    ✅ Hoja 'Cotizaciones' actualizada.
2026-06-04 10:15:21,737  INFO  Actualizando Presupuestos → 'Calendario' (89 filas)...
2026-06-04 10:15:22,339  INFO    Limpiando hoja 'Calendario'...
2026-06-04 10:15:22,608  INFO    Escribiendo 89 filas en 'Calendario'...
2026-06-04 10:15:22,918  INFO    ✅ Hoja 'Calendario' actualizada.
2026-06-04 10:15:22,918  INFO  
2026-06-04 10:15:22,918  INFO  ✅ Todo actualizado:
2026-06-04 10:15:22,919  INFO     📁 Drive: Reportes_Completos_Actualizado.xlsx
2026-06-04 10:15:22,919  INFO     📊 Base Produccion: ['Orden de Produccion', 'Por Facturar', 'Control Inventario', 'Notas de Venta', 'Vales de Salida', 'Stock', 'Ventas_Full', 'WIP']
2026-06-04 10:15:22,919  INFO     📊 Presupuestos: Ventas Full Manager
2026-06-04 10:15:22,922  INFO  
2026-06-04 10:15:22,922  INFO  ╔═════════════════════════════════════════════════════╗
2026-06-04 10:15:22,924  INFO  ║  ✅ PIPELINE COMPLETADO en 307s                      ║
2026-06-04 10:15:22,924  INFO  ║  📊 Excel en Drive: VentasFull_Actualizado.xlsx      ║
2026-06-04 10:15:22,925  INFO  ╚═════════════════════════════════════════════════════╝
2026-06-05 08:00:51,180  INFO  ╔═════════════════════════════════════════════════════╗
2026-06-05 08:00:51,226  INFO  ║   PIPELINE VENTAS FULL — Inicio: 2026-06-05 08:00   ║
2026-06-05 08:00:51,226  INFO  ╚═════════════════════════════════════════════════════╝
2026-06-05 08:00:51,226  INFO  
2026-06-05 08:00:51,227  INFO  ━━━━━━━━━━━━━━━━━━━━━━━━━━━━━━━━━━━━━━━━━━━━━━━━━━━━━━━
2026-06-05 08:00:51,227  INFO    PASO 1/3 — Descargar backup desde Manager
2026-06-05 08:00:51,227  INFO  ━━━━━━━━━━━━━━━━━━━━━━━━━━━━━━━━━━━━━━━━━━━━━━━━━━━━━━━
2026-06-05 08:00:56,827  INFO  =======================================================
2026-06-05 08:00:56,828  INFO    Iniciando descarga automática de backup Manager
2026-06-05 08:00:56,828  INFO  =======================================================
2026-06-05 08:00:56,849  INFO  ====== WebDriver manager ======
2026-06-05 08:00:59,826  INFO  Get LATEST chromedriver version for google-chrome
2026-06-05 08:01:01,515  INFO  Get LATEST chromedriver version for google-chrome
2026-06-05 08:01:02,253  INFO  Get LATEST chromedriver version for google-chrome
2026-06-05 08:01:03,632  INFO  WebDriver version 148.0.7778.178 selected
2026-06-05 08:01:03,651  INFO  Modern chrome version https://storage.googleapis.com/chrome-for-testing-public/148.0.7778.178/win32/chromedriver-win32.zip
2026-06-05 08:01:03,652  INFO  About to download new driver from https://storage.googleapis.com/chrome-for-testing-public/148.0.7778.178/win32/chromedriver-win32.zip
2026-06-05 08:01:04,185  INFO  Driver downloading response is 200
2026-06-05 08:01:05,368  INFO  Get LATEST chromedriver version for google-chrome
2026-06-05 08:01:06,120  INFO  Driver has been saved in cache [C:\Users\atorr\.wdm\drivers\chromedriver\win64\148.0.7778.178]
2026-06-05 08:01:10,348  INFO  Abriendo login: https://prodkernel.manager.cl/index.html
2026-06-05 08:01:13,825  INFO  Inputs visibles: 3
2026-06-05 08:01:14,349  INFO  Login enviado...
2026-06-05 08:01:18,443  INFO  ✅ Login exitoso. session_id: a266cc69...
2026-06-05 08:01:18,443  INFO  Navegando a: https://prodkernel.manager.cl/managerbackups.html?session_id=a266cc69e3ffaf806896e046a38fa30e&cd=prodkernel
2026-06-05 08:01:20,547  INFO  Recarga 1/10...
2026-06-05 08:01:24,711  INFO    filas .bak encontradas: 3
2026-06-05 08:01:24,712  INFO  ✅ Tabla cargada en recarga 1.
2026-06-05 08:01:24,826  INFO    Ignorando: 2026-6-5-T779354202A.bak
2026-06-05 08:01:24,905  INFO    Ignorando: 2026-6-5-T779354202B.bak
2026-06-05 08:01:24,957  INFO  Backup seleccionado: 2026-6-5-T779354202C.bak (2026-06-05 10:00:06+00:00)
2026-06-05 08:01:24,972  INFO  HTML fila completa: <td class="bucket">mng-respaldos-poliuretano</td><td class="Key">2026-6-5-T779354202C.bak</td><td class="LastModified">2026-06-05 10:00:06+00:00</td><td class="Size">0.16 GB</td><td class="presigned_url" style="display: none;">https://mng-respaldos-poliuretano.s3.amazonaws.com/2026-6-5-T779354202C.bak?AWSAccessKeyId=AKIAZPIFFWJDVFW267ZG&amp;Signature=yKzChM0AsrD1Hs55z7dQIsoMvo0%3D&amp;Expires=1780661180</td><td><i onclick="downloadbackup($(this).parent().parent())" class="fas fa-download"></i></
2026-06-05 08:01:27,465  INFO  Descargando 2026-6-5-T779354202C.bak desde S3...
2026-06-05 08:01:32,946  INFO    10 MB / 161 MB (7%)
2026-06-05 08:01:40,221  INFO    21 MB / 161 MB (13%)
2026-06-05 08:01:49,570  INFO    31 MB / 161 MB (20%)
2026-06-05 08:01:52,997  INFO    42 MB / 161 MB (26%)
2026-06-05 08:01:56,774  INFO    52 MB / 161 MB (33%)
2026-06-05 08:02:01,046  INFO    63 MB / 161 MB (39%)
2026-06-05 08:02:05,636  INFO    73 MB / 161 MB (46%)
2026-06-05 08:02:10,759  INFO    84 MB / 161 MB (52%)
2026-06-05 08:02:15,785  INFO    94 MB / 161 MB (59%)
2026-06-05 08:02:20,698  INFO    105 MB / 161 MB (65%)
2026-06-05 08:02:27,663  INFO    115 MB / 161 MB (72%)
2026-06-05 08:02:39,616  INFO    126 MB / 161 MB (78%)
2026-06-05 08:02:43,775  INFO    136 MB / 161 MB (85%)
2026-06-05 08:02:53,502  INFO    147 MB / 161 MB (91%)
2026-06-05 08:03:10,498  INFO    157 MB / 161 MB (98%)
2026-06-05 08:03:14,322  INFO  ✅ Descarga completa: 2026-6-5-T779354202C.bak (160.6 MB)
2026-06-05 08:03:14,893  INFO  Backup guardado en: C:\Backups\Manager\2026-6-5-T779354202C_2026-06-05.bak
2026-06-05 08:03:14,894  INFO  ✅ Éxito — backup guardado en: C:\Backups\Manager\2026-6-5-T779354202C_2026-06-05.bak
2026-06-05 08:03:19,049  WARNING  Retrying (Retry(total=2, connect=None, read=None, redirect=None, status=None)) after connection broken by 'NewConnectionError("HTTPConnection(host='localhost', port=56127): Failed to establish a new connection: [WinError 10061] No se puede establecer una conexión ya que el equipo de destino denegó expresamente dicha conexión")': /session/b2ad85ba97b1c95b78acb681f6fe99cb
2026-06-05 08:03:23,144  WARNING  Retrying (Retry(total=1, connect=None, read=None, redirect=None, status=None)) after connection broken by 'NewConnectionError("HTTPConnection(host='localhost', port=56127): Failed to establish a new connection: [WinError 10061] No se puede establecer una conexión ya que el equipo de destino denegó expresamente dicha conexión")': /session/b2ad85ba97b1c95b78acb681f6fe99cb
2026-06-05 08:03:27,249  WARNING  Retrying (Retry(total=0, connect=None, read=None, redirect=None, status=None)) after connection broken by 'NewConnectionError("HTTPConnection(host='localhost', port=56127): Failed to establish a new connection: [WinError 10061] No se puede establecer una conexión ya que el equipo de destino denegó expresamente dicha conexión")': /session/b2ad85ba97b1c95b78acb681f6fe99cb
2026-06-05 08:03:31,427  INFO  
2026-06-05 08:03:31,428  INFO  ━━━━━━━━━━━━━━━━━━━━━━━━━━━━━━━━━━━━━━━━━━━━━━━━━━━━━━━
2026-06-05 08:03:31,428  INFO    PASO 2/3 — Restaurar BD y extraer Ventas Full
2026-06-05 08:03:31,428  INFO  ━━━━━━━━━━━━━━━━━━━━━━━━━━━━━━━━━━━━━━━━━━━━━━━━━━━━━━━
2026-06-05 08:04:21,508  INFO  ============================================================
2026-06-05 08:04:21,510  INFO    PASO 1 — Restaurar BD y extraer Múltiples Reportes
2026-06-05 08:04:21,511  INFO  ============================================================
2026-06-05 08:04:22,468  INFO  Usando .bak de ultimo_bak.txt: 2026-6-5-T779354202C_2026-06-05.bak
2026-06-05 08:04:22,468  INFO  Usando backup: 2026-6-5-T779354202C_2026-06-05.bak
2026-06-05 08:04:22,468  INFO  Restaurando 2026-6-5-T779354202C_2026-06-05.bak como 'T779354202C'...
2026-06-05 08:04:22,469  INFO  Copiando .bak a C:\Program Files\Microsoft SQL Server\MSSQL17.SQLEXPRESS\MSSQL\DATA\2026-6-5-T779354202C_2026-06-05.bak...
2026-06-05 08:04:29,114  INFO  Ejecutando RESTORE DATABASE...
2026-06-05 08:05:14,128  INFO  ✅ BD 'T779354202C' restaurada correctamente.
2026-06-05 08:05:14,131  INFO  Conectando a 'T779354202C' para extraer reportes...
2026-06-05 08:05:14,202  INFO  Ejecutando: Aceros...
2026-06-05 08:05:14,553  INFO    └─ 71 filas extraídas.
2026-06-05 08:05:14,553  INFO  Ejecutando: base_completo...
2026-06-05 08:05:16,377  INFO    └─ 9,037 filas extraídas.
2026-06-05 08:05:16,377  INFO  Ejecutando: calendario...
2026-06-05 08:05:16,613  INFO    └─ 96 filas extraídas.
2026-06-05 08:05:16,613  INFO  Ejecutando: Cotizaciones...
2026-06-05 08:05:16,702  INFO    └─ 3,381 filas extraídas.
2026-06-05 08:05:16,702  INFO  Ejecutando: Inventario_aceros...
2026-06-05 08:05:16,726  INFO    └─ 140 filas extraídas.
2026-06-05 08:05:16,726  INFO  Ejecutando: Notas_de_venta...
2026-06-05 08:05:16,761  INFO    └─ 762 filas extraídas.
2026-06-05 08:05:16,762  INFO  Ejecutando: Ordenes_de_Compra...
2026-06-05 08:05:16,935  INFO    └─ 287 filas extraídas.
2026-06-05 08:05:16,935  INFO  Ejecutando: Ordenes_de_produccion...
2026-06-05 08:05:17,168  INFO    └─ 3,249 filas extraídas.
2026-06-05 08:05:17,168  INFO  Ejecutando: Pendiente_a_facturar...
2026-06-05 08:05:17,187  ERROR    └─ Error ejecutando Pendiente_a_facturar: ('42000', '[42000] [Microsoft][ODBC Driver 17 for SQL Server][SQL Server]ORDER BY items must appear in the select list if SELECT DISTINCT is specified. (145) (SQLExecDirectW)')
2026-06-05 08:05:17,187  INFO  Ejecutando: Productos_Stock...
2026-06-05 08:05:17,226  INFO    └─ 124 filas extraídas.
2026-06-05 08:05:17,226  INFO  Ejecutando: Stock_vendido...
2026-06-05 08:05:17,295  INFO    └─ 155 filas extraídas.
2026-06-05 08:05:17,295  INFO  Ejecutando: Vales_de_Salida...
2026-06-05 08:05:17,317  ERROR    └─ Error ejecutando Vales_de_Salida: ('42000', '[42000] [Microsoft][ODBC Driver 17 for SQL Server][SQL Server]ORDER BY items must appear in the select list if SELECT DISTINCT is specified. (145) (SQLExecDirectW)')
2026-06-05 08:05:17,317  INFO  Ejecutando: Ventas_Full...
2026-06-05 08:05:18,096  INFO    └─ 1,817 filas extraídas.
2026-06-05 08:05:18,096  INFO  Ejecutando: WIP...
2026-06-05 08:05:18,153  INFO    └─ 41 filas extraídas.
2026-06-05 08:05:18,155  INFO  Exportando a Excel multipestaña: C:\Reportes\VentasFull\Reportes_Completos_2026-06-05.xlsx
2026-06-05 08:06:47,461  WARNING    └─ Stock_vendido: columnas duplicadas renombradas
2026-06-05 08:07:13,540  INFO  ✅ Excel generado: C:\Reportes\VentasFull\Reportes_Completos_2026-06-05.xlsx (2.7 MB)
2026-06-05 08:07:13,541  INFO  ✅ Proceso Completado → C:\Reportes\VentasFull\Reportes_Completos_2026-06-05.xlsx
2026-06-05 08:07:13,556  INFO  
2026-06-05 08:07:13,556  INFO  ━━━━━━━━━━━━━━━━━━━━━━━━━━━━━━━━━━━━━━━━━━━━━━━━━━━━━━━
2026-06-05 08:07:13,557  INFO    PASO 3/3 — Subir Excel a Google Drive
2026-06-05 08:07:13,557  INFO  ━━━━━━━━━━━━━━━━━━━━━━━━━━━━━━━━━━━━━━━━━━━━━━━━━━━━━━━
2026-06-05 08:07:18,559  INFO  =======================================================
2026-06-05 08:07:18,559  INFO    PASO 2 — Subir a Drive y actualizar Google Sheets
2026-06-05 08:07:18,559  INFO  =======================================================
2026-06-05 08:07:18,573  INFO  Procesando: Reportes_Completos_2026-06-05.xlsx (2.7 MB)
2026-06-05 08:07:18,652  INFO  file_cache is only supported with oauth2client<4.0.0
2026-06-05 08:07:18,686  INFO  file_cache is only supported with oauth2client<4.0.0
2026-06-05 08:07:20,473  INFO  Creando Excel nuevo en Drive...
2026-06-05 08:07:24,304  INFO  ✅ Excel subido a Drive: Reportes_Completos_Actualizado.xlsx
2026-06-05 08:07:24,304  INFO  Leyendo Excel para actualizar Google Sheets...
2026-06-05 08:07:24,331  INFO  Pestañas encontradas en Excel: ['Aceros', 'base_completo', 'calendario', 'Cotizaciones', 'Inventario_aceros', 'Notas_de_venta', 'Ordenes_de_Compra', 'Ordenes_de_produccion', 'Productos_Stock', 'Stock_vendido', 'Ventas_Full', 'WIP']
2026-06-05 08:07:25,986  INFO  Actualizando Base Produccion → 'Orden de Produccion' (3,249 filas)...
2026-06-05 08:07:27,260  INFO    Limpiando hoja 'Orden de Produccion'...
2026-06-05 08:07:28,259  INFO    Escribiendo 3,249 filas en 'Orden de Produccion'...
2026-06-05 08:07:30,993  INFO    ✅ Hoja 'Orden de Produccion' actualizada.
2026-06-05 08:07:31,102  INFO  Actualizando Base Produccion → 'Por Facturar' (96 filas)...
2026-06-05 08:07:31,834  INFO    Limpiando hoja 'Por Facturar'...
2026-06-05 08:07:32,110  INFO    Escribiendo 96 filas en 'Por Facturar'...
2026-06-05 08:07:32,429  INFO    ✅ Hoja 'Por Facturar' actualizada.
2026-06-05 08:07:32,490  INFO  Actualizando Base Produccion → 'Control Inventario' (140 filas)...
2026-06-05 08:07:33,026  INFO    Limpiando hoja 'Control Inventario'...
2026-06-05 08:07:33,393  INFO    Escribiendo 140 filas en 'Control Inventario'...
2026-06-05 08:07:33,718  INFO    ✅ Hoja 'Control Inventario' actualizada.
2026-06-05 08:07:34,490  INFO  Actualizando Base Produccion → 'Notas de Venta' (762 filas)...
2026-06-05 08:07:35,020  INFO    Limpiando hoja 'Notas de Venta'...
2026-06-05 08:07:35,434  INFO    Escribiendo 762 filas en 'Notas de Venta'...
2026-06-05 08:07:35,838  INFO    ✅ Hoja 'Notas de Venta' actualizada.
2026-06-05 08:07:35,869  INFO  Actualizando Base Produccion → 'Vales de Salida' (71 filas)...
2026-06-05 08:07:36,433  INFO    Limpiando hoja 'Vales de Salida'...
2026-06-05 08:07:36,707  INFO    Escribiendo 71 filas en 'Vales de Salida'...
2026-06-05 08:07:36,998  INFO    ✅ Hoja 'Vales de Salida' actualizada.
2026-06-05 08:07:37,042  INFO  Actualizando Base Produccion → 'Stock' (124 filas)...
2026-06-05 08:07:37,531  INFO    Limpiando hoja 'Stock'...
2026-06-05 08:07:37,811  INFO    Escribiendo 124 filas en 'Stock'...
2026-06-05 08:07:38,106  INFO    ✅ Hoja 'Stock' actualizada.
2026-06-05 08:07:39,437  INFO  Actualizando Base Produccion → 'Ventas_Full' (1,817 filas)...
2026-06-05 08:07:40,084  INFO    Limpiando hoja 'Ventas_Full'...
2026-06-05 08:07:40,583  INFO    Escribiendo 1,817 filas en 'Ventas_Full'...
2026-06-05 08:07:42,192  INFO    ✅ Hoja 'Ventas_Full' actualizada.
2026-06-05 08:07:42,224  INFO  Actualizando Base Produccion → 'WIP' (41 filas)...
2026-06-05 08:07:42,756  INFO    Limpiando hoja 'WIP'...
2026-06-05 08:07:43,005  INFO    Escribiendo 41 filas en 'WIP'...
2026-06-05 08:07:43,287  INFO    ✅ Hoja 'WIP' actualizada.
2026-06-05 08:07:43,347  INFO  Actualizando Base Produccion → 'Stock Vendido' (155 filas)...
2026-06-05 08:07:43,827  INFO    Limpiando hoja 'Stock Vendido'...
2026-06-05 08:07:44,111  INFO    Escribiendo 155 filas en 'Stock Vendido'...
2026-06-05 08:07:44,503  INFO    ✅ Hoja 'Stock Vendido' actualizada.
2026-06-05 08:07:45,628  INFO  Actualizando Presupuestos → 'Ventas Full Manager' (1,817 filas)...
2026-06-05 08:07:46,507  INFO    Limpiando hoja 'Ventas Full Manager'...
2026-06-05 08:07:47,340  INFO    Escribiendo 1,817 filas en 'Ventas Full Manager'...
2026-06-05 08:07:50,373  INFO    ✅ Hoja 'Ventas Full Manager' actualizada.
2026-06-05 08:07:50,545  INFO  Actualizando Presupuestos → 'Notas de Venta' (762 filas)...
2026-06-05 08:07:51,319  INFO    Limpiando hoja 'Notas de Venta'...
2026-06-05 08:07:51,656  INFO    Escribiendo 762 filas en 'Notas de Venta'...
2026-06-05 08:07:52,126  INFO    ✅ Hoja 'Notas de Venta' actualizada.
2026-06-05 08:07:52,757  INFO  Actualizando Presupuestos → 'Cotizaciones' (3,381 filas)...
2026-06-05 08:07:53,805  INFO    Limpiando hoja 'Cotizaciones'...
2026-06-05 08:07:54,321  INFO    Escribiendo 3,381 filas en 'Cotizaciones'...
2026-06-05 08:07:55,330  INFO    ✅ Hoja 'Cotizaciones' actualizada.
2026-06-05 08:07:55,376  INFO  Actualizando Presupuestos → 'Calendario' (96 filas)...
2026-06-05 08:07:55,944  INFO    Limpiando hoja 'Calendario'...
2026-06-05 08:07:56,228  INFO    Escribiendo 96 filas en 'Calendario'...
2026-06-05 08:07:56,538  INFO    ✅ Hoja 'Calendario' actualizada.
2026-06-05 08:07:56,538  INFO  
2026-06-05 08:07:56,539  INFO  ✅ Todo actualizado:
2026-06-05 08:07:56,539  INFO     📁 Drive: Reportes_Completos_Actualizado.xlsx
2026-06-05 08:07:56,541  INFO     📊 Base Produccion: ['Orden de Produccion', 'Por Facturar', 'Control Inventario', 'Notas de Venta', 'Vales de Salida', 'Stock', 'Ventas_Full', 'WIP', 'Stock Vendido']
2026-06-05 08:07:56,541  INFO     📊 Presupuestos: Ventas Full Manager
2026-06-05 08:07:56,545  INFO  
2026-06-05 08:07:56,545  INFO  ╔═════════════════════════════════════════════════════╗
2026-06-05 08:07:56,545  INFO  ║  ✅ PIPELINE COMPLETADO en 425s                      ║
2026-06-05 08:07:56,546  INFO  ║  📊 Excel en Drive: VentasFull_Actualizado.xlsx      ║
2026-06-05 08:07:56,546  INFO  ╚═════════════════════════════════════════════════════╝
2026-06-08 08:04:12,385  INFO  ╔═════════════════════════════════════════════════════╗
2026-06-08 08:04:12,390  INFO  ║   PIPELINE VENTAS FULL — Inicio: 2026-06-08 08:04   ║
2026-06-08 08:04:12,391  INFO  ╚═════════════════════════════════════════════════════╝
2026-06-08 08:04:12,391  INFO  
2026-06-08 08:04:12,392  INFO  ━━━━━━━━━━━━━━━━━━━━━━━━━━━━━━━━━━━━━━━━━━━━━━━━━━━━━━━
2026-06-08 08:04:12,393  INFO    PASO 1/3 — Descargar backup desde Manager
2026-06-08 08:04:12,393  INFO  ━━━━━━━━━━━━━━━━━━━━━━━━━━━━━━━━━━━━━━━━━━━━━━━━━━━━━━━
2026-06-08 08:04:14,773  INFO  =======================================================
2026-06-08 08:04:14,774  INFO    Iniciando descarga automática de backup Manager
2026-06-08 08:04:14,776  INFO  =======================================================
2026-06-08 08:04:14,785  INFO  ====== WebDriver manager ======
2026-06-08 08:04:19,089  INFO  Get LATEST chromedriver version for google-chrome
2026-06-08 08:04:21,771  INFO  Get LATEST chromedriver version for google-chrome
2026-06-08 08:04:23,416  INFO  There is no [win64] chromedriver "149.0.7827.54" for browser google-chrome "149.0.7827" in cache
2026-06-08 08:04:23,443  INFO  Get LATEST chromedriver version for google-chrome
2026-06-08 08:04:26,332  INFO  WebDriver version 149.0.7827.54 selected
2026-06-08 08:04:26,387  INFO  Modern chrome version https://storage.googleapis.com/chrome-for-testing-public/149.0.7827.54/win32/chromedriver-win32.zip
2026-06-08 08:04:26,397  INFO  About to download new driver from https://storage.googleapis.com/chrome-for-testing-public/149.0.7827.54/win32/chromedriver-win32.zip
2026-06-08 08:04:27,702  INFO  Driver downloading response is 200
2026-06-08 08:04:29,031  INFO  Get LATEST chromedriver version for google-chrome
2026-06-08 08:04:30,786  INFO  Driver has been saved in cache [C:\Users\atorr\.wdm\drivers\chromedriver\win64\149.0.7827.54]
2026-06-08 08:04:35,554  INFO  Abriendo login: https://prodkernel.manager.cl/index.html
2026-06-08 08:04:38,156  INFO  ╔═════════════════════════════════════════════════════╗
2026-06-08 08:04:38,157  INFO  ║   PIPELINE VENTAS FULL — Inicio: 2026-06-08 08:04   ║
2026-06-08 08:04:38,158  INFO  ╚═════════════════════════════════════════════════════╝
2026-06-08 08:04:38,164  INFO  Inputs visibles: 3
2026-06-08 08:04:38,165  INFO  
2026-06-08 08:04:38,173  INFO  ━━━━━━━━━━━━━━━━━━━━━━━━━━━━━━━━━━━━━━━━━━━━━━━━━━━━━━━
2026-06-08 08:04:38,175  INFO    PASO 1/3 — Descargar backup desde Manager
2026-06-08 08:04:38,175  INFO  ━━━━━━━━━━━━━━━━━━━━━━━━━━━━━━━━━━━━━━━━━━━━━━━━━━━━━━━
2026-06-08 08:04:41,625  INFO  Login enviado...
2026-06-08 08:04:45,663  INFO  ✅ Login exitoso. session_id: a2891b23...
2026-06-08 08:04:45,666  INFO  Navegando a: https://prodkernel.manager.cl/managerbackups.html?session_id=a2891b232b383b66a1e69ce8d262e5f5&cd=prodkernel
2026-06-08 08:04:45,965  INFO  =======================================================
2026-06-08 08:04:45,966  INFO    Iniciando descarga automática de backup Manager
2026-06-08 08:04:45,966  INFO  =======================================================
2026-06-08 08:04:45,969  INFO  ====== WebDriver manager ======
2026-06-08 08:04:47,376  INFO  Recarga 1/10...
2026-06-08 08:04:51,683  INFO    filas .bak encontradas: 3
2026-06-08 08:04:51,686  INFO  ✅ Tabla cargada en recarga 1.
2026-06-08 08:04:52,212  INFO    Ignorando: 2026-6-8-T779354202A.bak
2026-06-08 08:04:52,809  INFO    Ignorando: 2026-6-8-T779354202B.bak
2026-06-08 08:04:53,002  INFO  Backup seleccionado: 2026-6-8-T779354202C.bak (2026-06-08 10:10:13+00:00)
2026-06-08 08:04:53,039  INFO  HTML fila completa: <td class="bucket">mng-respaldos-poliuretano</td><td class="Key">2026-6-8-T779354202C.bak</td><td class="LastModified">2026-06-08 10:10:13+00:00</td><td class="Size">0.17 GB</td><td class="presigned_url" style="display: none;">https://mng-respaldos-poliuretano.s3.amazonaws.com/2026-6-8-T779354202C.bak?AWSAccessKeyId=AKIAZPIFFWJDVFW267ZG&amp;Signature=fARBZ%2Bks31XDfO48095fQEc3KTM%3D&amp;Expires=1780920583</td><td><i onclick="downloadbackup($(this).parent().parent())" class="fas fa-download"></i>
2026-06-08 08:05:01,826  INFO  Get LATEST chromedriver version for google-chrome
2026-06-08 08:05:04,139  INFO  Get LATEST chromedriver version for google-chrome
2026-06-08 08:05:06,509  INFO  Driver [C:\Users\atorr\.wdm\drivers\chromedriver\win64\149.0.7827.54\chromedriver-win32/chromedriver.exe] found in cache
2026-06-08 08:05:08,803  INFO  Abriendo login: https://prodkernel.manager.cl/index.html
2026-06-08 08:05:12,059  INFO  Inputs visibles: 3
2026-06-08 08:05:13,953  INFO  Login enviado...
2026-06-08 08:05:18,058  INFO  ✅ Login exitoso. session_id: bbbec3c4...
2026-06-08 08:05:18,058  INFO  Navegando a: https://prodkernel.manager.cl/managerbackups.html?session_id=bbbec3c4ea807148d0f897c1b74e37e3&cd=prodkernel
2026-06-08 08:05:18,252  INFO  Recarga 1/10...
2026-06-08 08:05:22,554  INFO    filas .bak encontradas: 3
2026-06-08 08:05:22,554  INFO  ✅ Tabla cargada en recarga 1.
2026-06-08 08:05:22,812  INFO    Ignorando: 2026-6-8-T779354202A.bak
2026-06-08 08:05:23,065  INFO    Ignorando: 2026-6-8-T779354202B.bak
2026-06-08 08:05:23,228  INFO  Backup seleccionado: 2026-6-8-T779354202C.bak (2026-06-08 10:10:13+00:00)
2026-06-08 08:05:23,268  INFO  HTML fila completa: <td class="bucket">mng-respaldos-poliuretano</td><td class="Key">2026-6-8-T779354202C.bak</td><td class="LastModified">2026-06-08 10:10:13+00:00</td><td class="Size">0.17 GB</td><td class="presigned_url" style="display: none;">https://mng-respaldos-poliuretano.s3.amazonaws.com/2026-6-8-T779354202C.bak?AWSAccessKeyId=AKIAZPIFFWJDVFW267ZG&amp;Signature=P0pqFgXRZ4Owgnz11BJ%2BavQp8Hg%3D&amp;Expires=1780920614</td><td><i onclick="downloadbackup($(this).parent().parent())" class="fas fa-download"></i>
2026-06-08 08:05:57,963  INFO  Descargando 2026-6-8-T779354202C.bak desde S3...
2026-06-08 08:06:11,287  INFO    10 MB / 165 MB (6%)
2026-06-08 08:06:18,696  INFO  Descargando 2026-6-8-T779354202C.bak desde S3...
2026-06-08 08:06:25,825  INFO    10 MB / 165 MB (6%)
2026-06-08 08:06:29,763  INFO    21 MB / 165 MB (13%)
2026-06-08 08:06:31,876  INFO    21 MB / 165 MB (13%)
2026-06-08 08:06:35,139  INFO    31 MB / 165 MB (19%)
2026-06-08 08:06:42,548  INFO    42 MB / 165 MB (25%)
2026-06-08 08:06:44,410  INFO    31 MB / 165 MB (19%)
2026-06-08 08:06:47,464  INFO    52 MB / 165 MB (32%)
2026-06-08 08:06:51,247  INFO    63 MB / 165 MB (38%)
2026-06-08 08:06:53,053  INFO    42 MB / 165 MB (25%)
2026-06-08 08:06:55,787  INFO    73 MB / 165 MB (44%)
2026-06-08 08:07:02,213  INFO    84 MB / 165 MB (51%)
2026-06-08 08:07:04,204  INFO    52 MB / 165 MB (32%)
2026-06-08 08:07:08,304  INFO    94 MB / 165 MB (57%)
2026-06-08 08:07:14,520  INFO    63 MB / 165 MB (38%)
2026-06-08 08:07:21,781  INFO    105 MB / 165 MB (63%)
2026-06-08 08:07:24,418  INFO    73 MB / 165 MB (44%)
2026-06-08 08:07:29,128  INFO    84 MB / 165 MB (51%)
2026-06-08 08:07:29,997  INFO    115 MB / 165 MB (70%)
2026-06-08 08:07:38,901  INFO    94 MB / 165 MB (57%)
2026-06-08 08:07:40,964  INFO    126 MB / 165 MB (76%)
2026-06-08 08:08:01,461  INFO    136 MB / 165 MB (83%)
2026-06-08 08:08:03,299  INFO    105 MB / 165 MB (63%)
2026-06-08 08:08:09,307  INFO    147 MB / 165 MB (89%)
2026-06-08 08:08:13,842  INFO    115 MB / 165 MB (70%)
2026-06-08 08:08:15,662  INFO    157 MB / 165 MB (95%)
2026-06-08 08:08:18,813  INFO    126 MB / 165 MB (76%)
2026-06-08 08:08:19,844  INFO  ✅ Descarga completa: 2026-6-8-T779354202C.bak (165.2 MB)
2026-06-08 08:08:21,373  ERROR  ❌ Error: [WinError 32] El proceso no tiene acceso al archivo porque está siendo utilizado por otro proceso: 'C:\\Users\\atorr\\AppData\\Local\\Temp\\manager_dl\\2026-6-8-T779354202C.bak'
2026-06-08 08:08:22,960  INFO    136 MB / 165 MB (83%)
2026-06-08 08:08:25,652  WARNING  Retrying (Retry(total=2, connect=None, read=None, redirect=None, status=None)) after connection broken by 'NewConnectionError("HTTPConnection(host='localhost', port=58331): Failed to establish a new connection: [WinError 10061] No se puede establecer una conexión ya que el equipo de destino denegó expresamente dicha conexión")': /session/5a326c9fe00b06eb920a30351c42ff70/screenshot
2026-06-08 08:08:27,185  INFO    147 MB / 165 MB (89%)
2026-06-08 08:08:29,719  WARNING  Retrying (Retry(total=1, connect=None, read=None, redirect=None, status=None)) after connection broken by 'NewConnectionError("HTTPConnection(host='localhost', port=58331): Failed to establish a new connection: [WinError 10061] No se puede establecer una conexión ya que el equipo de destino denegó expresamente dicha conexión")': /session/5a326c9fe00b06eb920a30351c42ff70/screenshot
2026-06-08 08:08:33,773  WARNING  Retrying (Retry(total=0, connect=None, read=None, redirect=None, status=None)) after connection broken by 'NewConnectionError("HTTPConnection(host='localhost', port=58331): Failed to establish a new connection: [WinError 10061] No se puede establecer una conexión ya que el equipo de destino denegó expresamente dicha conexión")': /session/5a326c9fe00b06eb920a30351c42ff70/screenshot
2026-06-08 08:08:36,297  INFO    157 MB / 165 MB (95%)
2026-06-08 08:08:40,159  INFO  ✅ Descarga completa: 2026-6-8-T779354202C.bak (165.2 MB)
2026-06-08 08:08:40,179  INFO  Backup guardado en: C:\Backups\Manager\2026-6-8-T779354202C_2026-06-08_1780920520.bak
2026-06-08 08:08:40,180  INFO  ✅ Éxito — backup guardado en: C:\Backups\Manager\2026-6-8-T779354202C_2026-06-08_1780920520.bak
2026-06-08 08:08:41,936  WARNING  Retrying (Retry(total=2, connect=None, read=None, redirect=None, status=None)) after connection broken by 'NewConnectionError("HTTPConnection(host='localhost', port=58331): Failed to establish a new connection: [WinError 10061] No se puede establecer una conexión ya que el equipo de destino denegó expresamente dicha conexión")': /session/5a326c9fe00b06eb920a30351c42ff70
2026-06-08 08:08:44,254  WARNING  Retrying (Retry(total=2, connect=None, read=None, redirect=None, status=None)) after connection broken by 'NewConnectionError("HTTPConnection(host='localhost', port=61694): Failed to establish a new connection: [WinError 10061] No se puede establecer una conexión ya que el equipo de destino denegó expresamente dicha conexión")': /session/0bf2c5a1585ff1a482553b3b9bcda8c9
2026-06-08 08:08:46,008  WARNING  Retrying (Retry(total=1, connect=None, read=None, redirect=None, status=None)) after connection broken by 'NewConnectionError("HTTPConnection(host='localhost', port=58331): Failed to establish a new connection: [WinError 10061] No se puede establecer una conexión ya que el equipo de destino denegó expresamente dicha conexión")': /session/5a326c9fe00b06eb920a30351c42ff70
2026-06-08 08:08:48,306  WARNING  Retrying (Retry(total=1, connect=None, read=None, redirect=None, status=None)) after connection broken by 'NewConnectionError("HTTPConnection(host='localhost', port=61694): Failed to establish a new connection: [WinError 10061] No se puede establecer una conexión ya que el equipo de destino denegó expresamente dicha conexión")': /session/0bf2c5a1585ff1a482553b3b9bcda8c9
2026-06-08 08:08:50,509  WARNING  Retrying (Retry(total=0, connect=None, read=None, redirect=None, status=None)) after connection broken by 'NewConnectionError("HTTPConnection(host='localhost', port=58331): Failed to establish a new connection: [WinError 10061] No se puede establecer una conexión ya que el equipo de destino denegó expresamente dicha conexión")': /session/5a326c9fe00b06eb920a30351c42ff70
2026-06-08 08:08:52,373  WARNING  Retrying (Retry(total=0, connect=None, read=None, redirect=None, status=None)) after connection broken by 'NewConnectionError("HTTPConnection(host='localhost', port=61694): Failed to establish a new connection: [WinError 10061] No se puede establecer una conexión ya que el equipo de destino denegó expresamente dicha conexión")': /session/0bf2c5a1585ff1a482553b3b9bcda8c9
2026-06-08 08:08:56,020  ERROR  
2026-06-08 08:08:56,452  INFO  
2026-06-08 08:08:56,453  INFO  ━━━━━━━━━━━━━━━━━━━━━━━━━━━━━━━━━━━━━━━━━━━━━━━━━━━━━━━
2026-06-08 08:08:56,453  INFO    PASO 2/3 — Restaurar BD y extraer Ventas Full
2026-06-08 08:08:56,459  INFO  ━━━━━━━━━━━━━━━━━━━━━━━━━━━━━━━━━━━━━━━━━━━━━━━━━━━━━━━
2026-06-08 08:08:56,787  ERROR  ╔═════════════════════════════════════════════════════╗
2026-06-08 08:08:58,663  ERROR  ║  ❌ PIPELINE FALLÓ                                   ║
2026-06-08 08:08:58,678  ERROR  ║  Error: [WinError 32] El proceso no tiene acceso al ║
2026-06-08 08:08:58,802  ERROR  ╚═════════════════════════════════════════════════════╝
2026-06-08 08:09:02,604  ERROR  Traceback (most recent call last):
  File "C:\Users\atorr\AppData\Local\Programs\Python\Python314\Lib\shutil.py", line 918, in move
    os.rename(src, real_dst)
    ~~~~~~~~~^^^^^^^^^^^^^^^
PermissionError: [WinError 32] El proceso no tiene acceso al archivo porque está siendo utilizado por otro proceso: 'C:\\Users\\atorr\\AppData\\Local\\Temp\\manager_dl\\2026-6-8-T779354202C.bak' -> 'C:\\Backups\\Manager\\2026-6-8-T779354202C_2026-06-08.bak'

During handling of the above exception, another exception occurred:

Traceback (most recent call last):
  File "C:\Scripts\BackupManager\00_pipeline_completo.py", line 46, in main
    descargar()
    ~~~~~~~~~^^
  File "C:\Scripts\BackupManager\descargar_backup_manager.py", line 242, in main
    ruta_final = mover_a_destino(archivo_tmp, destino, nombre_archivo)
  File "C:\Scripts\BackupManager\descargar_backup_manager.py", line 210, in mover_a_destino
    shutil.move(str(archivo), str(destino_final))
    ~~~~~~~~~~~^^^^^^^^^^^^^^^^^^^^^^^^^^^^^^^^^^
  File "C:\Users\atorr\AppData\Local\Programs\Python\Python314\Lib\shutil.py", line 939, in move
    os.unlink(src)
    ~~~~~~~~~^^^^^
PermissionError: [WinError 32] El proceso no tiene acceso al archivo porque está siendo utilizado por otro proceso: 'C:\\Users\\atorr\\AppData\\Local\\Temp\\manager_dl\\2026-6-8-T779354202C.bak'

2026-06-08 08:09:06,581  INFO  ============================================================
2026-06-08 08:09:06,582  INFO    PASO 1 — Restaurar BD y extraer Múltiples Reportes
2026-06-08 08:09:06,582  INFO  ============================================================
2026-06-08 08:09:06,610  INFO  Usando .bak de ultimo_bak.txt: 2026-6-8-T779354202C_2026-06-08_1780920520.bak
2026-06-08 08:09:06,611  INFO  Usando backup: 2026-6-8-T779354202C_2026-06-08_1780920520.bak
2026-06-08 08:09:06,611  INFO  Restaurando 2026-6-8-T779354202C_2026-06-08_1780920520.bak como 'T779354202C'...
2026-06-08 08:09:06,613  INFO  Copiando .bak a C:\Program Files\Microsoft SQL Server\MSSQL17.SQLEXPRESS\MSSQL\DATA\2026-6-8-T779354202C_2026-06-08_1780920520.bak...
2026-06-08 08:09:08,578  INFO  Ejecutando RESTORE DATABASE...
2026-06-08 08:10:09,602  INFO  ✅ BD 'T779354202C' restaurada correctamente.
2026-06-08 08:10:09,603  INFO  Conectando a 'T779354202C' para extraer reportes...
2026-06-08 08:10:09,680  INFO  Ejecutando: Aceros...
2026-06-08 08:10:10,237  INFO    └─ 71 filas extraídas.
2026-06-08 08:10:10,238  INFO  Ejecutando: base_completo...
2026-06-08 08:10:12,141  INFO    └─ 9,066 filas extraídas.
2026-06-08 08:10:12,142  INFO  Ejecutando: calendario...
2026-06-08 08:10:12,480  INFO    └─ 95 filas extraídas.
2026-06-08 08:10:12,480  INFO  Ejecutando: Cotizaciones...
2026-06-08 08:10:12,561  INFO    └─ 3,408 filas extraídas.
2026-06-08 08:10:12,561  INFO  Ejecutando: Inventario_aceros...
2026-06-08 08:10:12,596  INFO    └─ 139 filas extraídas.
2026-06-08 08:10:12,597  INFO  Ejecutando: Notas_de_venta...
2026-06-08 08:10:12,635  INFO    └─ 766 filas extraídas.
2026-06-08 08:10:12,635  INFO  Ejecutando: Ordenes_de_Compra...
2026-06-08 08:10:12,837  INFO    └─ 287 filas extraídas.
2026-06-08 08:10:12,837  INFO  Ejecutando: Ordenes_de_produccion...
2026-06-08 08:10:13,037  INFO    └─ 3,262 filas extraídas.
2026-06-08 08:10:13,037  INFO  Ejecutando: Pendiente_a_facturar...
2026-06-08 08:10:13,058  ERROR    └─ Error ejecutando Pendiente_a_facturar: ('42000', '[42000] [Microsoft][ODBC Driver 17 for SQL Server][SQL Server]ORDER BY items must appear in the select list if SELECT DISTINCT is specified. (145) (SQLExecDirectW)')
2026-06-08 08:10:13,059  INFO  Ejecutando: Productos_Stock...
2026-06-08 08:10:13,088  INFO    └─ 124 filas extraídas.
2026-06-08 08:10:13,088  INFO  Ejecutando: Stock_vendido...
2026-06-08 08:10:13,152  INFO    └─ 154 filas extraídas.
2026-06-08 08:10:13,153  INFO  Ejecutando: Vales_de_Salida...
2026-06-08 08:10:13,172  ERROR    └─ Error ejecutando Vales_de_Salida: ('42000', '[42000] [Microsoft][ODBC Driver 17 for SQL Server][SQL Server]ORDER BY items must appear in the select list if SELECT DISTINCT is specified. (145) (SQLExecDirectW)')
2026-06-08 08:10:13,173  INFO  Ejecutando: Ventas_Full...
2026-06-08 08:10:13,982  INFO    └─ 1,832 filas extraídas.
2026-06-08 08:10:13,983  INFO  Ejecutando: WIP...
2026-06-08 08:10:14,066  INFO    └─ 40 filas extraídas.
2026-06-08 08:10:14,071  INFO  Exportando a Excel multipestaña: C:\Reportes\VentasFull\Reportes_Completos_2026-06-08.xlsx
2026-06-08 08:11:03,250  WARNING    └─ Stock_vendido: columnas duplicadas renombradas
2026-06-08 08:11:18,532  INFO  ✅ Excel generado: C:\Reportes\VentasFull\Reportes_Completos_2026-06-08.xlsx (2.7 MB)
2026-06-08 08:11:18,534  INFO  ✅ Proceso Completado → C:\Reportes\VentasFull\Reportes_Completos_2026-06-08.xlsx
2026-06-08 08:11:18,543  INFO  
2026-06-08 08:11:18,544  INFO  ━━━━━━━━━━━━━━━━━━━━━━━━━━━━━━━━━━━━━━━━━━━━━━━━━━━━━━━
2026-06-08 08:11:18,544  INFO    PASO 3/3 — Subir Excel a Google Drive
2026-06-08 08:11:18,544  INFO  ━━━━━━━━━━━━━━━━━━━━━━━━━━━━━━━━━━━━━━━━━━━━━━━━━━━━━━━
2026-06-08 08:11:22,557  INFO  =======================================================
2026-06-08 08:11:22,557  INFO    PASO 2 — Subir a Drive y actualizar Google Sheets
2026-06-08 08:11:22,557  INFO  =======================================================
2026-06-08 08:11:22,573  INFO  Procesando: Reportes_Completos_2026-06-08.xlsx (2.7 MB)
2026-06-08 08:11:22,635  INFO  file_cache is only supported with oauth2client<4.0.0
2026-06-08 08:11:22,672  INFO  file_cache is only supported with oauth2client<4.0.0
2026-06-08 08:11:23,730  INFO  Creando Excel nuevo en Drive...
2026-06-08 08:11:26,184  INFO  ✅ Excel subido a Drive: Reportes_Completos_Actualizado.xlsx
2026-06-08 08:11:26,185  INFO  Leyendo Excel para actualizar Google Sheets...
2026-06-08 08:11:26,200  INFO  Pestañas encontradas en Excel: ['Aceros', 'base_completo', 'calendario', 'Cotizaciones', 'Inventario_aceros', 'Notas_de_venta', 'Ordenes_de_Compra', 'Ordenes_de_produccion', 'Productos_Stock', 'Stock_vendido', 'Ventas_Full', 'WIP']
2026-06-08 08:11:27,020  INFO  Actualizando Base Produccion → 'Orden de Produccion' (3,262 filas)...
2026-06-08 08:11:28,104  INFO    Limpiando hoja 'Orden de Produccion'...
2026-06-08 08:11:28,757  INFO    Escribiendo 3,262 filas en 'Orden de Produccion'...
2026-06-08 08:11:30,716  INFO    ✅ Hoja 'Orden de Produccion' actualizada.
2026-06-08 08:11:30,798  INFO  Actualizando Base Produccion → 'Por Facturar' (95 filas)...
2026-06-08 08:11:31,318  INFO    Limpiando hoja 'Por Facturar'...
2026-06-08 08:11:31,581  INFO    Escribiendo 95 filas en 'Por Facturar'...
2026-06-08 08:11:31,886  INFO    ✅ Hoja 'Por Facturar' actualizada.
2026-06-08 08:11:31,925  INFO  Actualizando Base Produccion → 'Control Inventario' (139 filas)...
2026-06-08 08:11:32,412  INFO    Limpiando hoja 'Control Inventario'...
2026-06-08 08:11:32,704  INFO    Escribiendo 139 filas en 'Control Inventario'...
2026-06-08 08:11:33,005  INFO    ✅ Hoja 'Control Inventario' actualizada.
2026-06-08 08:11:33,582  INFO  Actualizando Base Produccion → 'Notas de Venta' (766 filas)...
2026-06-08 08:11:34,069  INFO    Limpiando hoja 'Notas de Venta'...
2026-06-08 08:11:34,361  INFO    Escribiendo 766 filas en 'Notas de Venta'...
2026-06-08 08:11:34,763  INFO    ✅ Hoja 'Notas de Venta' actualizada.
2026-06-08 08:11:34,783  INFO  Actualizando Base Produccion → 'Vales de Salida' (71 filas)...
2026-06-08 08:11:35,298  INFO    Limpiando hoja 'Vales de Salida'...
2026-06-08 08:11:35,551  INFO    Escribiendo 71 filas en 'Vales de Salida'...
2026-06-08 08:11:35,793  INFO    ✅ Hoja 'Vales de Salida' actualizada.
2026-06-08 08:11:35,822  INFO  Actualizando Base Produccion → 'Stock' (124 filas)...
2026-06-08 08:11:36,271  INFO    Limpiando hoja 'Stock'...
2026-06-08 08:11:36,509  INFO    Escribiendo 124 filas en 'Stock'...
2026-06-08 08:11:36,760  INFO    ✅ Hoja 'Stock' actualizada.
2026-06-08 08:11:37,364  INFO  Actualizando Base Produccion → 'Ventas_Full' (1,832 filas)...
2026-06-08 08:11:37,800  INFO    Limpiando hoja 'Ventas_Full'...
2026-06-08 08:11:38,192  INFO    Escribiendo 1,832 filas en 'Ventas_Full'...
2026-06-08 08:11:39,612  INFO    ✅ Hoja 'Ventas_Full' actualizada.
2026-06-08 08:11:39,632  INFO  Actualizando Base Produccion → 'WIP' (40 filas)...
2026-06-08 08:11:40,108  INFO    Limpiando hoja 'WIP'...
2026-06-08 08:11:40,343  INFO    Escribiendo 40 filas en 'WIP'...
2026-06-08 08:11:40,570  INFO    ✅ Hoja 'WIP' actualizada.
2026-06-08 08:11:40,607  INFO  Actualizando Base Produccion → 'Stock Vendido' (154 filas)...
2026-06-08 08:11:41,056  INFO    Limpiando hoja 'Stock Vendido'...
2026-06-08 08:11:41,356  INFO    Escribiendo 154 filas en 'Stock Vendido'...
2026-06-08 08:11:41,614  INFO    ✅ Hoja 'Stock Vendido' actualizada.
2026-06-08 08:11:42,316  INFO  Actualizando Presupuestos → 'Ventas Full Manager' (1,832 filas)...
2026-06-08 08:11:43,139  INFO    Limpiando hoja 'Ventas Full Manager'...
2026-06-08 08:11:43,603  INFO    Escribiendo 1,832 filas en 'Ventas Full Manager'...
2026-06-08 08:11:46,454  INFO    ✅ Hoja 'Ventas Full Manager' actualizada.
2026-06-08 08:11:46,573  INFO  Actualizando Presupuestos → 'Notas de Venta' (766 filas)...
2026-06-08 08:11:47,092  INFO    Limpiando hoja 'Notas de Venta'...
2026-06-08 08:11:47,367  INFO    Escribiendo 766 filas en 'Notas de Venta'...
2026-06-08 08:11:47,735  INFO    ✅ Hoja 'Notas de Venta' actualizada.
2026-06-08 08:11:48,082  INFO  Actualizando Presupuestos → 'Cotizaciones' (3,408 filas)...
2026-06-08 08:11:48,569  INFO    Limpiando hoja 'Cotizaciones'...
2026-06-08 08:11:48,927  INFO    Escribiendo 3,408 filas en 'Cotizaciones'...
2026-06-08 08:11:49,865  INFO    ✅ Hoja 'Cotizaciones' actualizada.
2026-06-08 08:11:49,901  INFO  Actualizando Presupuestos → 'Calendario' (95 filas)...
2026-06-08 08:11:50,411  INFO    Limpiando hoja 'Calendario'...
2026-06-08 08:11:50,681  INFO    Escribiendo 95 filas en 'Calendario'...
2026-06-08 08:11:50,945  INFO    ✅ Hoja 'Calendario' actualizada.
2026-06-08 08:11:50,945  INFO  
2026-06-08 08:11:50,945  INFO  ✅ Todo actualizado:
2026-06-08 08:11:50,946  INFO     📁 Drive: Reportes_Completos_Actualizado.xlsx
2026-06-08 08:11:50,946  INFO     📊 Base Produccion: ['Orden de Produccion', 'Por Facturar', 'Control Inventario', 'Notas de Venta', 'Vales de Salida', 'Stock', 'Ventas_Full', 'WIP', 'Stock Vendido']
2026-06-08 08:11:50,946  INFO     📊 Presupuestos: Ventas Full Manager
2026-06-08 08:11:50,948  INFO  
2026-06-08 08:11:50,948  INFO  ╔═════════════════════════════════════════════════════╗
2026-06-08 08:11:50,949  INFO  ║  ✅ PIPELINE COMPLETADO en 458s                      ║
2026-06-08 08:11:50,950  INFO  ║  📊 Excel en Drive: VentasFull_Actualizado.xlsx      ║
2026-06-08 08:11:50,950  INFO  ╚═════════════════════════════════════════════════════╝
2026-06-09 07:55:45,555  INFO  ╔═════════════════════════════════════════════════════╗
2026-06-09 07:55:45,561  INFO  ║   PIPELINE VENTAS FULL — Inicio: 2026-06-09 07:55   ║
2026-06-09 07:55:45,562  INFO  ╚═════════════════════════════════════════════════════╝
2026-06-09 07:55:45,562  INFO  
2026-06-09 07:55:45,563  INFO  ━━━━━━━━━━━━━━━━━━━━━━━━━━━━━━━━━━━━━━━━━━━━━━━━━━━━━━━
2026-06-09 07:55:45,563  INFO    PASO 1/3 — Descargar backup desde Manager
2026-06-09 07:55:45,564  INFO  ━━━━━━━━━━━━━━━━━━━━━━━━━━━━━━━━━━━━━━━━━━━━━━━━━━━━━━━
2026-06-09 07:55:47,037  INFO  =======================================================
2026-06-09 07:55:47,038  INFO    Iniciando descarga automática de backup Manager
2026-06-09 07:55:47,038  INFO  =======================================================
2026-06-09 07:55:47,045  INFO  ====== WebDriver manager ======
2026-06-09 07:55:52,433  INFO  Get LATEST chromedriver version for google-chrome
2026-06-09 07:55:53,608  INFO  Get LATEST chromedriver version for google-chrome
2026-06-09 07:55:54,530  INFO  There is no [win64] chromedriver "149.0.7827.55" for browser google-chrome "149.0.7827" in cache
2026-06-09 07:55:54,530  INFO  Get LATEST chromedriver version for google-chrome
2026-06-09 07:55:56,532  INFO  WebDriver version 149.0.7827.55 selected
2026-06-09 07:55:56,549  INFO  Modern chrome version https://storage.googleapis.com/chrome-for-testing-public/149.0.7827.55/win32/chromedriver-win32.zip
2026-06-09 07:55:56,550  INFO  About to download new driver from https://storage.googleapis.com/chrome-for-testing-public/149.0.7827.55/win32/chromedriver-win32.zip
2026-06-09 07:55:57,104  INFO  Driver downloading response is 200
2026-06-09 07:55:58,229  INFO  Get LATEST chromedriver version for google-chrome
2026-06-09 07:55:59,142  INFO  Driver has been saved in cache [C:\Users\atorr\.wdm\drivers\chromedriver\win64\149.0.7827.55]
2026-06-09 07:56:02,858  INFO  Abriendo login: https://prodkernel.manager.cl/index.html
2026-06-09 07:56:06,402  INFO  Inputs visibles: 3
2026-06-09 07:56:10,774  INFO  Login enviado...
2026-06-09 07:56:14,857  INFO  ✅ Login exitoso. session_id: ea84d94c...
2026-06-09 07:56:14,864  INFO  Navegando a: https://prodkernel.manager.cl/managerbackups.html?session_id=ea84d94c6400efddf51177b7c1deaea0&cd=prodkernel
2026-06-09 07:56:16,132  INFO  Recarga 1/10...
2026-06-09 07:56:20,593  INFO    filas .bak encontradas: 3
2026-06-09 07:56:20,594  INFO  ✅ Tabla cargada en recarga 1.
2026-06-09 07:56:20,801  INFO    Ignorando: 2026-6-9-T779354202A.bak
2026-06-09 07:56:21,122  INFO    Ignorando: 2026-6-9-T779354202B.bak
2026-06-09 07:56:21,441  INFO  Backup seleccionado: 2026-6-9-T779354202C.bak (2026-06-09 10:09:37+00:00)
2026-06-09 07:56:21,460  INFO  HTML fila completa: <td class="bucket">mng-respaldos-poliuretano</td><td class="Key">2026-6-9-T779354202C.bak</td><td class="LastModified">2026-06-09 10:09:37+00:00</td><td class="Size">0.17 GB</td><td class="presigned_url" style="display: none;">https://mng-respaldos-poliuretano.s3.amazonaws.com/2026-6-9-T779354202C.bak?AWSAccessKeyId=AKIAZPIFFWJDVFW267ZG&amp;Signature=cZZZEaqix3ZCv4SFuTEuvv187fg%3D&amp;Expires=1781006475</td><td><i onclick="downloadbackup($(this).parent().parent())" class="fas fa-download"></i></
2026-06-09 07:56:24,886  INFO  Descargando 2026-6-9-T779354202C.bak desde S3...
2026-06-09 07:56:38,651  INFO    10 MB / 170 MB (6%)
2026-06-09 07:56:42,024  INFO    21 MB / 170 MB (12%)
2026-06-09 07:56:44,232  INFO    31 MB / 170 MB (19%)
2026-06-09 07:56:47,085  INFO    42 MB / 170 MB (25%)
2026-06-09 07:56:51,426  INFO    52 MB / 170 MB (31%)
2026-06-09 07:56:56,254  INFO    63 MB / 170 MB (37%)
2026-06-09 07:57:01,501  INFO    73 MB / 170 MB (43%)
2026-06-09 07:57:07,734  INFO    84 MB / 170 MB (49%)
2026-06-09 07:57:13,711  INFO    94 MB / 170 MB (56%)
2026-06-09 07:57:24,789  INFO    105 MB / 170 MB (62%)
2026-06-09 07:57:35,998  INFO    115 MB / 170 MB (68%)
2026-06-09 07:57:47,518  INFO    126 MB / 170 MB (74%)
2026-06-09 07:57:54,222  INFO    136 MB / 170 MB (80%)
2026-06-09 07:57:56,627  INFO    147 MB / 170 MB (86%)
2026-06-09 07:57:58,829  INFO    157 MB / 170 MB (93%)
2026-06-09 07:58:01,253  INFO    168 MB / 170 MB (99%)
2026-06-09 07:58:01,874  INFO  ✅ Descarga completa: 2026-6-9-T779354202C.bak (169.8 MB)
2026-06-09 07:58:01,885  INFO  Backup guardado en: C:\Backups\Manager\2026-6-9-T779354202C_2026-06-09.bak
2026-06-09 07:58:01,886  INFO  ✅ Éxito — backup guardado en: C:\Backups\Manager\2026-6-9-T779354202C_2026-06-09.bak
2026-06-09 07:58:06,172  WARNING  Retrying (Retry(total=2, connect=None, read=None, redirect=None, status=None)) after connection broken by 'NewConnectionError("HTTPConnection(host='localhost', port=56363): Failed to establish a new connection: [WinError 10061] No se puede establecer una conexión ya que el equipo de destino denegó expresamente dicha conexión")': /session/7c9a5f23e82d00ab83814de00885074d
2026-06-09 07:58:10,227  WARNING  Retrying (Retry(total=1, connect=None, read=None, redirect=None, status=None)) after connection broken by 'NewConnectionError("HTTPConnection(host='localhost', port=56363): Failed to establish a new connection: [WinError 10061] No se puede establecer una conexión ya que el equipo de destino denegó expresamente dicha conexión")': /session/7c9a5f23e82d00ab83814de00885074d
2026-06-09 07:58:14,269  WARNING  Retrying (Retry(total=0, connect=None, read=None, redirect=None, status=None)) after connection broken by 'NewConnectionError("HTTPConnection(host='localhost', port=56363): Failed to establish a new connection: [WinError 10061] No se puede establecer una conexión ya que el equipo de destino denegó expresamente dicha conexión")': /session/7c9a5f23e82d00ab83814de00885074d
2026-06-09 07:58:18,335  INFO  
2026-06-09 07:58:18,342  INFO  ━━━━━━━━━━━━━━━━━━━━━━━━━━━━━━━━━━━━━━━━━━━━━━━━━━━━━━━
2026-06-09 07:58:18,343  INFO    PASO 2/3 — Restaurar BD y extraer Ventas Full
2026-06-09 07:58:18,346  INFO  ━━━━━━━━━━━━━━━━━━━━━━━━━━━━━━━━━━━━━━━━━━━━━━━━━━━━━━━
2026-06-09 07:58:25,494  INFO  ============================================================
2026-06-09 07:58:25,499  INFO    PASO 1 — Restaurar BD y extraer Múltiples Reportes
2026-06-09 07:58:25,500  INFO  ============================================================
2026-06-09 07:58:25,519  INFO  Usando .bak de ultimo_bak.txt: 2026-6-9-T779354202C_2026-06-09.bak
2026-06-09 07:58:25,521  INFO  Usando backup: 2026-6-9-T779354202C_2026-06-09.bak
2026-06-09 07:58:25,524  INFO  Restaurando 2026-6-9-T779354202C_2026-06-09.bak como 'T779354202C'...
2026-06-09 07:58:25,527  INFO  Copiando .bak a C:\Program Files\Microsoft SQL Server\MSSQL17.SQLEXPRESS\MSSQL\DATA\2026-6-9-T779354202C_2026-06-09.bak...
2026-06-09 07:58:30,945  INFO  Ejecutando RESTORE DATABASE...
2026-06-09 07:59:30,032  INFO  ✅ BD 'T779354202C' restaurada correctamente.
2026-06-09 07:59:30,035  INFO  Conectando a 'T779354202C' para extraer reportes...
2026-06-09 07:59:30,524  INFO  Ejecutando: Aceros...
2026-06-09 07:59:32,283  INFO    └─ 71 filas extraídas.
2026-06-09 07:59:32,284  INFO  Ejecutando: base_completo...
2026-06-09 08:00:08,252  INFO    └─ 9,101 filas extraídas.
2026-06-09 08:00:08,252  INFO  Ejecutando: calendario...
2026-06-09 08:00:08,607  INFO    └─ 96 filas extraídas.
2026-06-09 08:00:08,607  INFO  Ejecutando: Consumos_acero...
2026-06-09 08:00:08,836  INFO    └─ 169 filas extraídas.
2026-06-09 08:00:08,836  INFO  Ejecutando: Cotizaciones...
2026-06-09 08:00:08,955  INFO    └─ 3,454 filas extraídas.
2026-06-09 08:00:08,956  INFO  Ejecutando: Inventario_aceros...
2026-06-09 08:00:09,015  INFO    └─ 136 filas extraídas.
2026-06-09 08:00:09,016  INFO  Ejecutando: Notas_de_venta...
2026-06-09 08:00:09,066  INFO    └─ 775 filas extraídas.
2026-06-09 08:00:09,067  INFO  Ejecutando: Ordenes_de_Compra...
2026-06-09 08:00:09,247  INFO    └─ 287 filas extraídas.
2026-06-09 08:00:09,247  INFO  Ejecutando: Ordenes_de_produccion...
2026-06-09 08:00:09,532  INFO    └─ 3,278 filas extraídas.
2026-06-09 08:00:09,533  INFO  Ejecutando: Pendiente_a_facturar...
2026-06-09 08:00:09,556  ERROR    └─ Error ejecutando Pendiente_a_facturar: ('42000', '[42000] [Microsoft][ODBC Driver 17 for SQL Server][SQL Server]ORDER BY items must appear in the select list if SELECT DISTINCT is specified. (145) (SQLExecDirectW)')
2026-06-09 08:00:09,556  INFO  Ejecutando: Productos_Stock...
2026-06-09 08:00:09,590  INFO    └─ 125 filas extraídas.
2026-06-09 08:00:09,590  INFO  Ejecutando: Stock_vendido...
2026-06-09 08:00:09,647  INFO    └─ 157 filas extraídas.
2026-06-09 08:00:09,647  INFO  Ejecutando: Vales_de_Salida...
2026-06-09 08:00:09,694  ERROR    └─ Error ejecutando Vales_de_Salida: ('42000', '[42000] [Microsoft][ODBC Driver 17 for SQL Server][SQL Server]ORDER BY items must appear in the select list if SELECT DISTINCT is specified. (145) (SQLExecDirectW)')
2026-06-09 08:00:09,694  INFO  Ejecutando: Ventas_Full...
2026-06-09 08:00:10,277  INFO    └─ 1,853 filas extraídas.
2026-06-09 08:00:10,277  INFO  Ejecutando: WIP...
2026-06-09 08:00:10,339  INFO    └─ 42 filas extraídas.
2026-06-09 08:00:10,341  INFO  Exportando a Excel multipestaña: C:\Reportes\VentasFull\Reportes_Completos_2026-06-09.xlsx
2026-06-09 08:01:16,775  WARNING    └─ Stock_vendido: columnas duplicadas renombradas
2026-06-09 08:01:35,755  INFO  ✅ Excel generado: C:\Reportes\VentasFull\Reportes_Completos_2026-06-09.xlsx (2.7 MB)
2026-06-09 08:01:35,826  INFO  ✅ Proceso Completado → C:\Reportes\VentasFull\Reportes_Completos_2026-06-09.xlsx
2026-06-09 08:01:35,839  INFO  
2026-06-09 08:01:35,839  INFO  ━━━━━━━━━━━━━━━━━━━━━━━━━━━━━━━━━━━━━━━━━━━━━━━━━━━━━━━
2026-06-09 08:01:35,839  INFO    PASO 3/3 — Subir Excel a Google Drive
2026-06-09 08:01:35,839  INFO  ━━━━━━━━━━━━━━━━━━━━━━━━━━━━━━━━━━━━━━━━━━━━━━━━━━━━━━━
2026-06-09 08:01:41,389  INFO  =======================================================
2026-06-09 08:01:41,389  INFO    PASO 2 — Subir a Drive y actualizar Google Sheets
2026-06-09 08:01:41,389  INFO  =======================================================
2026-06-09 08:01:41,400  INFO  Procesando: Reportes_Completos_2026-06-09.xlsx (2.7 MB)
2026-06-09 08:01:41,480  INFO  file_cache is only supported with oauth2client<4.0.0
2026-06-09 08:01:41,511  INFO  file_cache is only supported with oauth2client<4.0.0
2026-06-09 08:01:42,935  INFO  Creando Excel nuevo en Drive...
2026-06-09 08:01:46,201  INFO  ✅ Excel subido a Drive: Reportes_Completos_Actualizado.xlsx
2026-06-09 08:01:46,201  INFO  Leyendo Excel para actualizar Google Sheets...
2026-06-09 08:01:46,259  INFO  Pestañas encontradas en Excel: ['Aceros', 'base_completo', 'calendario', 'Consumos_acero', 'Cotizaciones', 'Inventario_aceros', 'Notas_de_venta', 'Ordenes_de_Compra', 'Ordenes_de_produccion', 'Productos_Stock', 'Stock_vendido', 'Ventas_Full', 'WIP']
2026-06-09 08:01:47,604  INFO  Actualizando Base Produccion → 'Orden de Produccion' (3,278 filas)...
2026-06-09 08:01:49,078  INFO    Limpiando hoja 'Orden de Produccion'...
2026-06-09 08:01:50,053  INFO    Escribiendo 3,278 filas en 'Orden de Produccion'...
2026-06-09 08:01:52,765  INFO    ✅ Hoja 'Orden de Produccion' actualizada.
2026-06-09 08:01:52,879  INFO  Actualizando Base Produccion → 'Por Facturar' (96 filas)...
2026-06-09 08:01:53,771  INFO    Limpiando hoja 'Por Facturar'...
2026-06-09 08:01:54,028  INFO    Escribiendo 96 filas en 'Por Facturar'...
2026-06-09 08:01:54,353  INFO    ✅ Hoja 'Por Facturar' actualizada.
2026-06-09 08:01:54,407  INFO  Actualizando Base Produccion → 'Control Inventario' (136 filas)...
2026-06-09 08:01:54,932  INFO    Limpiando hoja 'Control Inventario'...
2026-06-09 08:01:55,186  INFO    Escribiendo 136 filas en 'Control Inventario'...
2026-06-09 08:01:55,489  INFO    ✅ Hoja 'Control Inventario' actualizada.
2026-06-09 08:01:56,542  INFO  Actualizando Base Produccion → 'Notas de Venta' (775 filas)...
2026-06-09 08:01:57,025  INFO    Limpiando hoja 'Notas de Venta'...
2026-06-09 08:01:57,318  INFO    Escribiendo 775 filas en 'Notas de Venta'...
2026-06-09 08:01:57,889  INFO    ✅ Hoja 'Notas de Venta' actualizada.
2026-06-09 08:01:57,916  INFO  Actualizando Base Produccion → 'Vales de Salida' (71 filas)...
2026-06-09 08:01:58,394  INFO    Limpiando hoja 'Vales de Salida'...
2026-06-09 08:01:58,658  INFO    Escribiendo 71 filas en 'Vales de Salida'...
2026-06-09 08:01:58,956  INFO    ✅ Hoja 'Vales de Salida' actualizada.
2026-06-09 08:01:59,006  INFO  Actualizando Base Produccion → 'Stock' (125 filas)...
2026-06-09 08:01:59,468  INFO    Limpiando hoja 'Stock'...
2026-06-09 08:01:59,967  INFO    Escribiendo 125 filas en 'Stock'...
2026-06-09 08:02:00,262  INFO    ✅ Hoja 'Stock' actualizada.
2026-06-09 08:02:01,452  INFO  Actualizando Base Produccion → 'Ventas_Full' (1,853 filas)...
2026-06-09 08:02:01,908  INFO    Limpiando hoja 'Ventas_Full'...
2026-06-09 08:02:02,380  INFO    Escribiendo 1,853 filas en 'Ventas_Full'...
2026-06-09 08:02:04,439  INFO    ✅ Hoja 'Ventas_Full' actualizada.
2026-06-09 08:02:04,484  INFO  Actualizando Base Produccion → 'WIP' (42 filas)...
2026-06-09 08:02:05,019  INFO    Limpiando hoja 'WIP'...
2026-06-09 08:02:05,293  INFO    Escribiendo 42 filas en 'WIP'...
2026-06-09 08:02:05,619  INFO    ✅ Hoja 'WIP' actualizada.
2026-06-09 08:02:05,677  INFO  Actualizando Base Produccion → 'Stock Vendido' (157 filas)...
2026-06-09 08:02:06,144  INFO    Limpiando hoja 'Stock Vendido'...
2026-06-09 08:02:06,424  INFO    Escribiendo 157 filas en 'Stock Vendido'...
2026-06-09 08:02:06,691  INFO    ✅ Hoja 'Stock Vendido' actualizada.
2026-06-09 08:02:06,740  INFO  Actualizando Base Produccion → 'Consumos Acero' (169 filas)...
2026-06-09 08:02:07,293  INFO    Limpiando hoja 'Consumos Acero'...
2026-06-09 08:02:07,831  INFO    Escribiendo 169 filas en 'Consumos Acero'...
2026-06-09 08:02:08,158  INFO    ✅ Hoja 'Consumos Acero' actualizada.
2026-06-09 08:02:09,023  INFO  Actualizando Presupuestos → 'Ventas Full Manager' (1,853 filas)...
2026-06-09 08:02:10,316  INFO    Limpiando hoja 'Ventas Full Manager'...
2026-06-09 08:02:11,262  INFO    Escribiendo 1,853 filas en 'Ventas Full Manager'...
2026-06-09 08:02:15,245  INFO    ✅ Hoja 'Ventas Full Manager' actualizada.
2026-06-09 08:02:15,435  INFO  Actualizando Presupuestos → 'Notas de Venta' (775 filas)...
2026-06-09 08:02:16,361  INFO    Limpiando hoja 'Notas de Venta'...
2026-06-09 08:02:16,751  INFO    Escribiendo 775 filas en 'Notas de Venta'...
2026-06-09 08:02:17,285  INFO    ✅ Hoja 'Notas de Venta' actualizada.
2026-06-09 08:02:17,923  INFO  Actualizando Presupuestos → 'Cotizaciones' (3,454 filas)...
2026-06-09 08:02:18,801  INFO    Limpiando hoja 'Cotizaciones'...
2026-06-09 08:02:19,291  INFO    Escribiendo 3,454 filas en 'Cotizaciones'...
2026-06-09 08:02:20,679  INFO    ✅ Hoja 'Cotizaciones' actualizada.
2026-06-09 08:02:20,741  INFO  Actualizando Presupuestos → 'Calendario' (96 filas)...
2026-06-09 08:02:21,312  INFO    Limpiando hoja 'Calendario'...
2026-06-09 08:02:21,565  INFO    Escribiendo 96 filas en 'Calendario'...
2026-06-09 08:02:21,856  INFO    ✅ Hoja 'Calendario' actualizada.
2026-06-09 08:02:21,857  INFO  
2026-06-09 08:02:21,857  INFO  ✅ Todo actualizado:
2026-06-09 08:02:21,858  INFO     📁 Drive: Reportes_Completos_Actualizado.xlsx
2026-06-09 08:02:21,858  INFO     📊 Base Produccion: ['Orden de Produccion', 'Por Facturar', 'Control Inventario', 'Notas de Venta', 'Vales de Salida', 'Stock', 'Ventas_Full', 'WIP', 'Stock Vendido', 'Consumos Acero']
2026-06-09 08:02:21,859  INFO     📊 Presupuestos: Ventas Full Manager
2026-06-09 08:02:21,862  INFO  
2026-06-09 08:02:21,862  INFO  ╔═════════════════════════════════════════════════════╗
2026-06-09 08:02:21,889  INFO  ║  ✅ PIPELINE COMPLETADO en 396s                      ║
2026-06-09 08:02:21,890  INFO  ║  📊 Excel en Drive: VentasFull_Actualizado.xlsx      ║
2026-06-09 08:02:21,890  INFO  ╚═════════════════════════════════════════════════════╝
2026-06-09 10:12:20,297  INFO  ╔═════════════════════════════════════════════════════╗
2026-06-09 10:12:20,301  INFO  ║   PIPELINE VENTAS FULL — Inicio: 2026-06-09 10:12   ║
2026-06-09 10:12:20,301  INFO  ╚═════════════════════════════════════════════════════╝
2026-06-09 10:12:20,301  INFO  
2026-06-09 10:12:20,301  INFO  ━━━━━━━━━━━━━━━━━━━━━━━━━━━━━━━━━━━━━━━━━━━━━━━━━━━━━━━
2026-06-09 10:12:20,301  INFO    PASO 1/3 — Descargar backup desde Manager
2026-06-09 10:12:20,301  INFO  ━━━━━━━━━━━━━━━━━━━━━━━━━━━━━━━━━━━━━━━━━━━━━━━━━━━━━━━
2026-06-09 10:12:21,915  INFO  =======================================================
2026-06-09 10:12:21,915  INFO    Iniciando descarga automática de backup Manager
2026-06-09 10:12:21,915  INFO  =======================================================
2026-06-09 10:12:21,918  INFO  ====== WebDriver manager ======
2026-06-09 10:12:25,519  INFO  Get LATEST chromedriver version for google-chrome
2026-06-09 10:12:26,310  INFO  Get LATEST chromedriver version for google-chrome
2026-06-09 10:12:26,947  INFO  Driver [C:\Users\atorr\.wdm\drivers\chromedriver\win64\149.0.7827.55\chromedriver-win32/chromedriver.exe] found in cache
2026-06-09 10:12:31,345  INFO  Abriendo login: https://prodkernel.manager.cl/index.html
2026-06-09 10:12:33,590  INFO  Inputs visibles: 3
2026-06-09 10:12:34,108  INFO  Login enviado...
2026-06-09 10:12:38,127  INFO  ✅ Login exitoso. session_id: 75e5a927...
2026-06-09 10:12:38,128  INFO  Navegando a: https://prodkernel.manager.cl/managerbackups.html?session_id=75e5a92777647f187977d86b1839e266&cd=prodkernel
2026-06-09 10:12:38,321  INFO  Recarga 1/10...
2026-06-09 10:12:42,449  INFO    filas .bak encontradas: 0
2026-06-09 10:12:42,449  INFO  Recarga 2/10...
2026-06-09 10:12:46,967  INFO    filas .bak encontradas: 0
2026-06-09 10:12:46,967  INFO  Recarga 3/10...
2026-06-09 10:12:51,197  INFO    filas .bak encontradas: 0
2026-06-09 10:12:51,197  INFO  Recarga 4/10...
2026-06-09 10:12:55,282  INFO    filas .bak encontradas: 3
2026-06-09 10:12:55,282  INFO  ✅ Tabla cargada en recarga 4.
2026-06-09 10:12:55,334  INFO    Ignorando: 2026-6-9-T779354202A.bak
2026-06-09 10:12:55,391  INFO    Ignorando: 2026-6-9-T779354202B.bak
2026-06-09 10:12:55,428  INFO  Backup seleccionado: 2026-6-9-T779354202C.bak (2026-06-09 10:09:37+00:00)
2026-06-09 10:12:55,441  INFO  HTML fila completa: <td class="bucket">mng-respaldos-poliuretano</td><td class="Key">2026-6-9-T779354202C.bak</td><td class="LastModified">2026-06-09 10:09:37+00:00</td><td class="Size">0.17 GB</td><td class="presigned_url" style="display: none;">https://mng-respaldos-poliuretano.s3.amazonaws.com/2026-6-9-T779354202C.bak?AWSAccessKeyId=AKIAZPIFFWJDVFW267ZG&amp;Signature=XlJXmUU6%2FKgKWyY37TU8a0ZhFe8%3D&amp;Expires=1781014668</td><td><i onclick="downloadbackup($(this).parent().parent())" class="fas fa-download"></i>
2026-06-09 10:12:57,825  INFO  Descargando 2026-6-9-T779354202C.bak desde S3...
2026-06-09 10:13:04,192  INFO    10 MB / 170 MB (6%)
2026-06-09 10:13:09,374  INFO    21 MB / 170 MB (12%)
2026-06-09 10:13:15,090  INFO    31 MB / 170 MB (19%)
2026-06-09 10:13:19,717  INFO    42 MB / 170 MB (25%)
2026-06-09 10:13:23,542  INFO    52 MB / 170 MB (31%)
2026-06-09 10:13:27,987  INFO    63 MB / 170 MB (37%)
2026-06-09 10:13:32,004  INFO    73 MB / 170 MB (43%)
2026-06-09 10:13:36,001  INFO    84 MB / 170 MB (49%)
2026-06-09 10:13:40,568  INFO    94 MB / 170 MB (56%)
2026-06-09 10:13:49,521  INFO    105 MB / 170 MB (62%)
2026-06-09 10:14:00,873  INFO    115 MB / 170 MB (68%)
2026-06-09 10:14:05,406  INFO    126 MB / 170 MB (74%)
2026-06-09 10:14:11,640  INFO    136 MB / 170 MB (80%)
2026-06-09 10:14:19,894  INFO    147 MB / 170 MB (86%)
2026-06-09 10:14:27,252  INFO    157 MB / 170 MB (93%)
2026-06-09 10:14:33,741  INFO    168 MB / 170 MB (99%)
2026-06-09 10:14:34,878  INFO  ✅ Descarga completa: 2026-6-9-T779354202C.bak (169.8 MB)
2026-06-09 10:14:34,888  INFO  Backup guardado en: C:\Backups\Manager\2026-6-9-T779354202C_2026-06-09_1781014474.bak
2026-06-09 10:14:34,888  INFO  ✅ Éxito — backup guardado en: C:\Backups\Manager\2026-6-9-T779354202C_2026-06-09_1781014474.bak
2026-06-09 10:14:38,992  WARNING  Retrying (Retry(total=2, connect=None, read=None, redirect=None, status=None)) after connection broken by 'NewConnectionError("HTTPConnection(host='localhost', port=49862): Failed to establish a new connection: [WinError 10061] No se puede establecer una conexión ya que el equipo de destino denegó expresamente dicha conexión")': /session/c315b345f38ef83e062c50145edf3f41
2026-06-09 10:14:43,094  WARNING  Retrying (Retry(total=1, connect=None, read=None, redirect=None, status=None)) after connection broken by 'NewConnectionError("HTTPConnection(host='localhost', port=49862): Failed to establish a new connection: [WinError 10061] No se puede establecer una conexión ya que el equipo de destino denegó expresamente dicha conexión")': /session/c315b345f38ef83e062c50145edf3f41
2026-06-09 10:14:47,175  WARNING  Retrying (Retry(total=0, connect=None, read=None, redirect=None, status=None)) after connection broken by 'NewConnectionError("HTTPConnection(host='localhost', port=49862): Failed to establish a new connection: [WinError 10061] No se puede establecer una conexión ya que el equipo de destino denegó expresamente dicha conexión")': /session/c315b345f38ef83e062c50145edf3f41
2026-06-09 10:14:51,271  INFO  
2026-06-09 10:14:51,272  INFO  ━━━━━━━━━━━━━━━━━━━━━━━━━━━━━━━━━━━━━━━━━━━━━━━━━━━━━━━
2026-06-09 10:14:51,272  INFO    PASO 2/3 — Restaurar BD y extraer Ventas Full
2026-06-09 10:14:51,272  INFO  ━━━━━━━━━━━━━━━━━━━━━━━━━━━━━━━━━━━━━━━━━━━━━━━━━━━━━━━
2026-06-09 10:14:57,207  INFO  ============================================================
2026-06-09 10:14:57,207  INFO    PASO 1 — Restaurar BD y extraer Múltiples Reportes
2026-06-09 10:14:57,208  INFO  ============================================================
2026-06-09 10:14:57,223  INFO  Usando .bak de ultimo_bak.txt: 2026-6-9-T779354202C_2026-06-09_1781014474.bak
2026-06-09 10:14:57,223  INFO  Usando backup: 2026-6-9-T779354202C_2026-06-09_1781014474.bak
2026-06-09 10:14:57,223  INFO  Restaurando 2026-6-9-T779354202C_2026-06-09_1781014474.bak como 'T779354202C'...
2026-06-09 10:14:57,224  INFO  Copiando .bak a C:\Program Files\Microsoft SQL Server\MSSQL17.SQLEXPRESS\MSSQL\DATA\2026-6-9-T779354202C_2026-06-09_1781014474.bak...
2026-06-09 10:14:58,692  INFO  Ejecutando RESTORE DATABASE...
2026-06-09 10:15:48,441  INFO  ✅ BD 'T779354202C' restaurada correctamente.
2026-06-09 10:15:48,443  INFO  Conectando a 'T779354202C' para extraer reportes...
2026-06-09 10:15:48,509  INFO  Ejecutando: Aceros...
2026-06-09 10:15:48,872  INFO    └─ 71 filas extraídas.
2026-06-09 10:15:48,873  INFO  Ejecutando: base_completo...
2026-06-09 10:15:50,620  INFO    └─ 9,101 filas extraídas.
2026-06-09 10:15:50,621  INFO  Ejecutando: calendario...
2026-06-09 10:15:50,838  INFO    └─ 96 filas extraídas.
2026-06-09 10:15:50,838  INFO  Ejecutando: Consumos_acero...
2026-06-09 10:15:50,979  INFO    └─ 169 filas extraídas.
2026-06-09 10:15:50,979  INFO  Ejecutando: Cotizaciones...
2026-06-09 10:15:51,070  INFO    └─ 3,454 filas extraídas.
2026-06-09 10:15:51,071  INFO  Ejecutando: Inventario_aceros...
2026-06-09 10:15:51,108  INFO    └─ 136 filas extraídas.
2026-06-09 10:15:51,108  INFO  Ejecutando: Notas_de_venta...
2026-06-09 10:15:51,155  INFO    └─ 775 filas extraídas.
2026-06-09 10:15:51,155  INFO  Ejecutando: Ordenes_de_Compra...
2026-06-09 10:15:51,298  INFO    └─ 287 filas extraídas.
2026-06-09 10:15:51,298  INFO  Ejecutando: Ordenes_de_produccion...
2026-06-09 10:15:51,582  INFO    └─ 3,278 filas extraídas.
2026-06-09 10:15:51,582  INFO  Ejecutando: Pendiente_a_facturar...
2026-06-09 10:15:51,604  ERROR    └─ Error ejecutando Pendiente_a_facturar: ('42000', '[42000] [Microsoft][ODBC Driver 17 for SQL Server][SQL Server]ORDER BY items must appear in the select list if SELECT DISTINCT is specified. (145) (SQLExecDirectW)')
2026-06-09 10:15:51,604  INFO  Ejecutando: Productos_Stock...
2026-06-09 10:15:51,639  INFO    └─ 125 filas extraídas.
2026-06-09 10:15:51,639  INFO  Ejecutando: Stock_vendido...
2026-06-09 10:15:51,710  INFO    └─ 157 filas extraídas.
2026-06-09 10:15:51,711  INFO  Ejecutando: Vales_de_Salida...
2026-06-09 10:15:51,732  ERROR    └─ Error ejecutando Vales_de_Salida: ('42000', '[42000] [Microsoft][ODBC Driver 17 for SQL Server][SQL Server]ORDER BY items must appear in the select list if SELECT DISTINCT is specified. (145) (SQLExecDirectW)')
2026-06-09 10:15:51,733  INFO  Ejecutando: Ventas_Full...
2026-06-09 10:15:52,270  INFO    └─ 1,853 filas extraídas.
2026-06-09 10:15:52,271  INFO  Ejecutando: WIP...
2026-06-09 10:15:52,325  INFO    └─ 42 filas extraídas.
2026-06-09 10:15:52,327  INFO  Exportando a Excel multipestaña: C:\Reportes\VentasFull\Reportes_Completos_2026-06-09.xlsx
2026-06-09 10:17:16,428  WARNING    └─ Stock_vendido: columnas duplicadas renombradas
2026-06-09 10:17:48,178  INFO  ✅ Excel generado: C:\Reportes\VentasFull\Reportes_Completos_2026-06-09.xlsx (2.7 MB)
2026-06-09 10:17:48,179  INFO  ✅ Proceso Completado → C:\Reportes\VentasFull\Reportes_Completos_2026-06-09.xlsx
2026-06-09 10:17:48,193  INFO  
2026-06-09 10:17:48,193  INFO  ━━━━━━━━━━━━━━━━━━━━━━━━━━━━━━━━━━━━━━━━━━━━━━━━━━━━━━━
2026-06-09 10:17:48,193  INFO    PASO 3/3 — Subir Excel a Google Drive
2026-06-09 10:17:48,194  INFO  ━━━━━━━━━━━━━━━━━━━━━━━━━━━━━━━━━━━━━━━━━━━━━━━━━━━━━━━
2026-06-09 10:17:51,502  INFO  =======================================================
2026-06-09 10:17:51,504  INFO    PASO 2 — Subir a Drive y actualizar Google Sheets
2026-06-09 10:17:51,504  INFO  =======================================================
2026-06-09 10:17:51,509  INFO  Procesando: Reportes_Completos_2026-06-09.xlsx (2.7 MB)
2026-06-09 10:17:51,638  INFO  file_cache is only supported with oauth2client<4.0.0
2026-06-09 10:17:51,647  INFO  file_cache is only supported with oauth2client<4.0.0
2026-06-09 10:17:54,422  INFO  Creando Excel nuevo en Drive...
2026-06-09 10:17:59,733  INFO  ✅ Excel subido a Drive: Reportes_Completos_Actualizado.xlsx
2026-06-09 10:17:59,735  INFO  Leyendo Excel para actualizar Google Sheets...
2026-06-09 10:18:00,264  INFO  Pestañas encontradas en Excel: ['Aceros', 'base_completo', 'calendario', 'Consumos_acero', 'Cotizaciones', 'Inventario_aceros', 'Notas_de_venta', 'Ordenes_de_Compra', 'Ordenes_de_produccion', 'Productos_Stock', 'Stock_vendido', 'Ventas_Full', 'WIP']
2026-06-09 10:18:03,100  INFO  Actualizando Base Produccion → 'Orden de Produccion' (3,278 filas)...
2026-06-09 10:18:04,857  INFO    Limpiando hoja 'Orden de Produccion'...
2026-06-09 10:18:06,561  INFO    Escribiendo 3,278 filas en 'Orden de Produccion'...
2026-06-09 10:18:11,620  INFO    ✅ Hoja 'Orden de Produccion' actualizada.
2026-06-09 10:18:11,688  INFO  Actualizando Base Produccion → 'Por Facturar' (96 filas)...
2026-06-09 10:18:12,292  INFO    Limpiando hoja 'Por Facturar'...
2026-06-09 10:18:12,646  INFO    Escribiendo 96 filas en 'Por Facturar'...
2026-06-09 10:18:13,028  INFO    ✅ Hoja 'Por Facturar' actualizada.
2026-06-09 10:18:13,119  INFO  Actualizando Base Produccion → 'Control Inventario' (136 filas)...
2026-06-09 10:18:15,057  INFO    Limpiando hoja 'Control Inventario'...
2026-06-09 10:18:15,384  INFO    Escribiendo 136 filas en 'Control Inventario'...
2026-06-09 10:18:15,709  INFO    ✅ Hoja 'Control Inventario' actualizada.
2026-06-09 10:18:16,275  INFO  Actualizando Base Produccion → 'Notas de Venta' (775 filas)...
2026-06-09 10:18:16,781  INFO    Limpiando hoja 'Notas de Venta'...
2026-06-09 10:18:17,096  INFO    Escribiendo 775 filas en 'Notas de Venta'...
2026-06-09 10:18:17,585  INFO    ✅ Hoja 'Notas de Venta' actualizada.
2026-06-09 10:18:17,635  INFO  Actualizando Base Produccion → 'Vales de Salida' (71 filas)...
2026-06-09 10:18:18,159  INFO    Limpiando hoja 'Vales de Salida'...
2026-06-09 10:18:18,471  INFO    Escribiendo 71 filas en 'Vales de Salida'...
2026-06-09 10:18:18,767  INFO    ✅ Hoja 'Vales de Salida' actualizada.
2026-06-09 10:18:18,829  INFO  Actualizando Base Produccion → 'Stock' (125 filas)...
2026-06-09 10:18:19,370  INFO    Limpiando hoja 'Stock'...
2026-06-09 10:18:19,647  INFO    Escribiendo 125 filas en 'Stock'...
2026-06-09 10:18:19,927  INFO    ✅ Hoja 'Stock' actualizada.
2026-06-09 10:18:21,869  INFO  Actualizando Base Produccion → 'Ventas_Full' (1,853 filas)...
2026-06-09 10:18:22,395  INFO    Limpiando hoja 'Ventas_Full'...
2026-06-09 10:18:23,042  INFO    Escribiendo 1,853 filas en 'Ventas_Full'...
2026-06-09 10:18:25,270  INFO    ✅ Hoja 'Ventas_Full' actualizada.
2026-06-09 10:18:25,654  INFO  Actualizando Base Produccion → 'WIP' (42 filas)...
2026-06-09 10:18:26,411  INFO    Limpiando hoja 'WIP'...
2026-06-09 10:18:27,608  INFO    Escribiendo 42 filas en 'WIP'...
2026-06-09 10:18:27,914  INFO    ✅ Hoja 'WIP' actualizada.
2026-06-09 10:18:28,300  INFO  Actualizando Base Produccion → 'Stock Vendido' (157 filas)...
2026-06-09 10:18:28,870  INFO    Limpiando hoja 'Stock Vendido'...
2026-06-09 10:18:29,197  INFO    Escribiendo 157 filas en 'Stock Vendido'...
2026-06-09 10:18:29,554  INFO    ✅ Hoja 'Stock Vendido' actualizada.
2026-06-09 10:18:29,697  INFO  Actualizando Base Produccion → 'Consumos Acero' (169 filas)...
2026-06-09 10:18:30,348  INFO    Limpiando hoja 'Consumos Acero'...
2026-06-09 10:18:30,672  INFO    Escribiendo 169 filas en 'Consumos Acero'...
2026-06-09 10:18:30,997  INFO    ✅ Hoja 'Consumos Acero' actualizada.
2026-06-09 10:18:32,798  INFO  Actualizando Presupuestos → 'Ventas Full Manager' (1,853 filas)...
2026-06-09 10:18:33,818  INFO    Limpiando hoja 'Ventas Full Manager'...
2026-06-09 10:18:34,610  INFO    Escribiendo 1,853 filas en 'Ventas Full Manager'...
2026-06-09 10:18:37,997  INFO    ✅ Hoja 'Ventas Full Manager' actualizada.
2026-06-09 10:18:39,088  INFO  Actualizando Presupuestos → 'Notas de Venta' (775 filas)...
2026-06-09 10:18:40,035  INFO    Limpiando hoja 'Notas de Venta'...
2026-06-09 10:18:40,641  INFO    Escribiendo 775 filas en 'Notas de Venta'...
2026-06-09 10:18:41,319  INFO    ✅ Hoja 'Notas de Venta' actualizada.
2026-06-09 10:18:42,044  INFO  Actualizando Presupuestos → 'Cotizaciones' (3,454 filas)...
2026-06-09 10:18:42,787  INFO    Limpiando hoja 'Cotizaciones'...
2026-06-09 10:18:43,272  INFO    Escribiendo 3,454 filas en 'Cotizaciones'...
2026-06-09 10:18:44,583  INFO    ✅ Hoja 'Cotizaciones' actualizada.
2026-06-09 10:18:44,808  INFO  Actualizando Presupuestos → 'Calendario' (96 filas)...
2026-06-09 10:18:45,548  INFO    Limpiando hoja 'Calendario'...
2026-06-09 10:18:45,958  INFO    Escribiendo 96 filas en 'Calendario'...
2026-06-09 10:18:46,475  INFO    ✅ Hoja 'Calendario' actualizada.
2026-06-09 10:18:46,476  INFO  
2026-06-09 10:18:46,476  INFO  ✅ Todo actualizado:
2026-06-09 10:18:46,476  INFO     📁 Drive: Reportes_Completos_Actualizado.xlsx
2026-06-09 10:18:46,478  INFO     📊 Base Produccion: ['Orden de Produccion', 'Por Facturar', 'Control Inventario', 'Notas de Venta', 'Vales de Salida', 'Stock', 'Ventas_Full', 'WIP', 'Stock Vendido', 'Consumos Acero']
2026-06-09 10:18:46,478  INFO     📊 Presupuestos: Ventas Full Manager
2026-06-09 10:18:46,483  INFO  
2026-06-09 10:18:46,483  INFO  ╔═════════════════════════════════════════════════════╗
2026-06-09 10:18:46,486  INFO  ║  ✅ PIPELINE COMPLETADO en 386s                      ║
2026-06-09 10:18:46,486  INFO  ║  📊 Excel en Drive: VentasFull_Actualizado.xlsx      ║
2026-06-09 10:18:46,486  INFO  ╚═════════════════════════════════════════════════════╝
2026-06-10 08:07:32,562  INFO  ╔═════════════════════════════════════════════════════╗
2026-06-10 08:07:32,564  INFO  ║   PIPELINE VENTAS FULL — Inicio: 2026-06-10 08:07   ║
2026-06-10 08:07:32,565  INFO  ╚═════════════════════════════════════════════════════╝
2026-06-10 08:07:32,565  INFO  
2026-06-10 08:07:32,566  INFO  ━━━━━━━━━━━━━━━━━━━━━━━━━━━━━━━━━━━━━━━━━━━━━━━━━━━━━━━
2026-06-10 08:07:32,568  INFO    PASO 1/3 — Descargar backup desde Manager
2026-06-10 08:07:32,569  INFO  ━━━━━━━━━━━━━━━━━━━━━━━━━━━━━━━━━━━━━━━━━━━━━━━━━━━━━━━
2026-06-10 08:07:34,922  INFO  =======================================================
2026-06-10 08:07:34,949  INFO    Iniciando descarga automática de backup Manager
2026-06-10 08:07:34,950  INFO  =======================================================
2026-06-10 08:07:34,964  INFO  ====== WebDriver manager ======
2026-06-10 08:07:40,533  INFO  Get LATEST chromedriver version for google-chrome
2026-06-10 08:07:41,410  INFO  Get LATEST chromedriver version for google-chrome
2026-06-10 08:07:42,093  INFO  Get LATEST chromedriver version for google-chrome
2026-06-10 08:07:43,711  INFO  WebDriver version 149.0.7827.55 selected
2026-06-10 08:07:43,735  INFO  Modern chrome version https://storage.googleapis.com/chrome-for-testing-public/149.0.7827.55/win32/chromedriver-win32.zip
2026-06-10 08:07:43,741  INFO  About to download new driver from https://storage.googleapis.com/chrome-for-testing-public/149.0.7827.55/win32/chromedriver-win32.zip
2026-06-10 08:07:44,747  INFO  Driver downloading response is 200
2026-06-10 08:07:47,022  INFO  Get LATEST chromedriver version for google-chrome
2026-06-10 08:07:47,954  INFO  Driver has been saved in cache [C:\Users\atorr\.wdm\drivers\chromedriver\win64\149.0.7827.55]
2026-06-10 08:07:51,455  INFO  Abriendo login: https://prodkernel.manager.cl/index.html
2026-06-10 08:07:53,766  INFO  Inputs visibles: 3
2026-06-10 08:07:54,565  INFO  Login enviado...
2026-06-10 08:07:58,825  INFO  ✅ Login exitoso. session_id: 5f0f84c0...
2026-06-10 08:07:58,830  INFO  Navegando a: https://prodkernel.manager.cl/managerbackups.html?session_id=5f0f84c0dca8dfc5c2c221ed3fd9932f&cd=prodkernel
2026-06-10 08:07:59,270  INFO  Recarga 1/10...
2026-06-10 08:08:03,571  INFO    filas .bak encontradas: 3
2026-06-10 08:08:03,578  INFO  ✅ Tabla cargada en recarga 1.
2026-06-10 08:08:03,809  INFO    Ignorando: 2026-6-10-T779354202A.bak
2026-06-10 08:08:03,887  INFO    Ignorando: 2026-6-10-T779354202B.bak
2026-06-10 08:08:04,406  INFO  Backup seleccionado: 2026-6-10-T779354202C.bak (2026-06-10 10:10:48+00:00)
2026-06-10 08:08:04,596  INFO  HTML fila completa: <td class="bucket">mng-respaldos-poliuretano</td><td class="Key">2026-6-10-T779354202C.bak</td><td class="LastModified">2026-06-10 10:10:48+00:00</td><td class="Size">0.17 GB</td><td class="presigned_url" style="display: none;">https://mng-respaldos-poliuretano.s3.amazonaws.com/2026-6-10-T779354202C.bak?AWSAccessKeyId=AKIAZPIFFWJDVFW267ZG&amp;Signature=0Hoo9i50VEgVDqRFnpAygDBxZ2Q%3D&amp;Expires=1781093578</td><td><i onclick="downloadbackup($(this).parent().parent())" class="fas fa-download"></i>
2026-06-10 08:08:14,434  INFO  Descargando 2026-6-10-T779354202C.bak desde S3...
2026-06-10 08:08:20,950  INFO    10 MB / 173 MB (6%)
2026-06-10 08:08:25,774  INFO    21 MB / 173 MB (12%)
2026-06-10 08:08:29,894  INFO    31 MB / 173 MB (18%)
2026-06-10 08:08:33,868  INFO    42 MB / 173 MB (24%)
2026-06-10 08:08:37,491  INFO    52 MB / 173 MB (30%)
2026-06-10 08:08:41,443  INFO    63 MB / 173 MB (36%)
2026-06-10 08:08:45,038  INFO    73 MB / 173 MB (43%)
2026-06-10 08:08:48,643  INFO    84 MB / 173 MB (49%)
2026-06-10 08:08:52,586  INFO    94 MB / 173 MB (55%)
2026-06-10 08:09:01,769  INFO    105 MB / 173 MB (61%)
2026-06-10 08:09:10,427  INFO    115 MB / 173 MB (67%)
2026-06-10 08:09:14,622  INFO    126 MB / 173 MB (73%)
2026-06-10 08:09:19,062  INFO    136 MB / 173 MB (79%)
2026-06-10 08:09:24,410  INFO    147 MB / 173 MB (85%)
2026-06-10 08:09:29,772  INFO    157 MB / 173 MB (91%)
2026-06-10 08:09:33,953  INFO    168 MB / 173 MB (97%)
2026-06-10 08:09:35,653  INFO  ✅ Descarga completa: 2026-6-10-T779354202C.bak (172.6 MB)
2026-06-10 08:09:35,662  INFO  Backup guardado en: C:\Backups\Manager\2026-6-10-T779354202C_2026-06-10.bak
2026-06-10 08:09:35,662  INFO  ✅ Éxito — backup guardado en: C:\Backups\Manager\2026-6-10-T779354202C_2026-06-10.bak
2026-06-10 08:09:39,754  WARNING  Retrying (Retry(total=2, connect=None, read=None, redirect=None, status=None)) after connection broken by 'NewConnectionError("HTTPConnection(host='localhost', port=59238): Failed to establish a new connection: [WinError 10061] No se puede establecer una conexión ya que el equipo de destino denegó expresamente dicha conexión")': /session/707fc97411a15d031291e4dbc3e9c988
2026-06-10 08:09:43,819  WARNING  Retrying (Retry(total=1, connect=None, read=None, redirect=None, status=None)) after connection broken by 'NewConnectionError("HTTPConnection(host='localhost', port=59238): Failed to establish a new connection: [WinError 10061] No se puede establecer una conexión ya que el equipo de destino denegó expresamente dicha conexión")': /session/707fc97411a15d031291e4dbc3e9c988
2026-06-10 08:09:47,863  WARNING  Retrying (Retry(total=0, connect=None, read=None, redirect=None, status=None)) after connection broken by 'NewConnectionError("HTTPConnection(host='localhost', port=59238): Failed to establish a new connection: [WinError 10061] No se puede establecer una conexión ya que el equipo de destino denegó expresamente dicha conexión")': /session/707fc97411a15d031291e4dbc3e9c988
2026-06-10 08:09:51,916  INFO  
2026-06-10 08:09:51,917  INFO  ━━━━━━━━━━━━━━━━━━━━━━━━━━━━━━━━━━━━━━━━━━━━━━━━━━━━━━━
2026-06-10 08:09:51,918  INFO    PASO 2/3 — Restaurar BD y extraer Ventas Full
2026-06-10 08:09:51,918  INFO  ━━━━━━━━━━━━━━━━━━━━━━━━━━━━━━━━━━━━━━━━━━━━━━━━━━━━━━━
2026-06-10 08:10:01,849  INFO  ============================================================
2026-06-10 08:10:01,849  INFO    PASO 1 — Restaurar BD y extraer Múltiples Reportes
2026-06-10 08:10:01,849  INFO  ============================================================
2026-06-10 08:10:01,867  INFO  Usando .bak de ultimo_bak.txt: 2026-6-10-T779354202C_2026-06-10.bak
2026-06-10 08:10:01,867  INFO  Usando backup: 2026-6-10-T779354202C_2026-06-10.bak
2026-06-10 08:10:01,867  INFO  Restaurando 2026-6-10-T779354202C_2026-06-10.bak como 'T779354202C'...
2026-06-10 08:10:01,868  INFO  Copiando .bak a C:\Program Files\Microsoft SQL Server\MSSQL17.SQLEXPRESS\MSSQL\DATA\2026-6-10-T779354202C_2026-06-10.bak...
2026-06-10 08:10:05,767  INFO  Ejecutando RESTORE DATABASE...
2026-06-10 08:10:58,160  INFO  ✅ BD 'T779354202C' restaurada correctamente.
2026-06-10 08:10:58,161  INFO  Conectando a 'T779354202C' para extraer reportes...
2026-06-10 08:10:58,239  INFO  Ejecutando: Aceros...
2026-06-10 08:10:58,650  INFO    └─ 71 filas extraídas.
2026-06-10 08:10:58,650  INFO  Ejecutando: base_completo...
2026-06-10 08:11:00,259  INFO    └─ 9,121 filas extraídas.
2026-06-10 08:11:00,260  INFO  Ejecutando: calendario...
2026-06-10 08:11:00,482  INFO    └─ 95 filas extraídas.
2026-06-10 08:11:00,482  INFO  Ejecutando: Consumos_acero...
2026-06-10 08:11:00,642  INFO    └─ 169 filas extraídas.
2026-06-10 08:11:00,643  INFO  Ejecutando: Cotizaciones...
2026-06-10 08:11:00,723  INFO    └─ 3,475 filas extraídas.
2026-06-10 08:11:00,723  INFO  Ejecutando: Inventario_aceros...
2026-06-10 08:11:00,753  INFO    └─ 119 filas extraídas.
2026-06-10 08:11:00,753  INFO  Ejecutando: Notas_de_venta...
2026-06-10 08:11:00,791  INFO    └─ 780 filas extraídas.
2026-06-10 08:11:00,791  INFO  Ejecutando: Ordenes_de_Compra...
2026-06-10 08:11:00,922  INFO    └─ 287 filas extraídas.
2026-06-10 08:11:00,923  INFO  Ejecutando: Ordenes_de_produccion...
2026-06-10 08:11:01,101  INFO    └─ 3,292 filas extraídas.
2026-06-10 08:11:01,102  INFO  Ejecutando: Pendiente_a_facturar...
2026-06-10 08:11:01,142  ERROR    └─ Error ejecutando Pendiente_a_facturar: ('42000', '[42000] [Microsoft][ODBC Driver 17 for SQL Server][SQL Server]ORDER BY items must appear in the select list if SELECT DISTINCT is specified. (145) (SQLExecDirectW)')
2026-06-10 08:11:01,143  INFO  Ejecutando: Productos_Stock...
2026-06-10 08:11:01,162  INFO    └─ 125 filas extraídas.
2026-06-10 08:11:01,162  INFO  Ejecutando: Stock_vendido...
2026-06-10 08:11:01,215  INFO    └─ 159 filas extraídas.
2026-06-10 08:11:01,216  INFO  Ejecutando: Vales_de_Salida...
2026-06-10 08:11:01,231  ERROR    └─ Error ejecutando Vales_de_Salida: ('42000', '[42000] [Microsoft][ODBC Driver 17 for SQL Server][SQL Server]ORDER BY items must appear in the select list if SELECT DISTINCT is specified. (145) (SQLExecDirectW)')
2026-06-10 08:11:01,231  INFO  Ejecutando: Ventas_Full...
2026-06-10 08:11:01,695  INFO    └─ 1,879 filas extraídas.
2026-06-10 08:11:01,696  INFO  Ejecutando: WIP...
2026-06-10 08:11:01,763  INFO    └─ 43 filas extraídas.
2026-06-10 08:11:01,766  INFO  Exportando a Excel multipestaña: C:\Reportes\VentasFull\Reportes_Completos_2026-06-10.xlsx
2026-06-10 08:11:59,360  WARNING    └─ Stock_vendido: columnas duplicadas renombradas
2026-06-10 08:12:19,591  INFO  ✅ Excel generado: C:\Reportes\VentasFull\Reportes_Completos_2026-06-10.xlsx (2.7 MB)
2026-06-10 08:12:19,593  INFO  ✅ Proceso Completado → C:\Reportes\VentasFull\Reportes_Completos_2026-06-10.xlsx
2026-06-10 08:12:19,604  INFO  
2026-06-10 08:12:19,605  INFO  ━━━━━━━━━━━━━━━━━━━━━━━━━━━━━━━━━━━━━━━━━━━━━━━━━━━━━━━
2026-06-10 08:12:19,605  INFO    PASO 3/3 — Subir Excel a Google Drive
2026-06-10 08:12:19,606  INFO  ━━━━━━━━━━━━━━━━━━━━━━━━━━━━━━━━━━━━━━━━━━━━━━━━━━━━━━━
2026-06-10 08:12:23,585  INFO  =======================================================
2026-06-10 08:12:23,585  INFO    PASO 2 — Subir a Drive y actualizar Google Sheets
2026-06-10 08:12:23,585  INFO  =======================================================
2026-06-10 08:12:23,595  INFO  Procesando: Reportes_Completos_2026-06-10.xlsx (2.7 MB)
2026-06-10 08:12:23,665  INFO  file_cache is only supported with oauth2client<4.0.0
2026-06-10 08:12:23,692  INFO  file_cache is only supported with oauth2client<4.0.0
2026-06-10 08:12:25,764  INFO  Creando Excel nuevo en Drive...
2026-06-10 08:12:31,323  INFO  ✅ Excel subido a Drive: Reportes_Completos_Actualizado.xlsx
2026-06-10 08:12:31,323  INFO  Leyendo Excel para actualizar Google Sheets...
2026-06-10 08:12:31,359  INFO  Pestañas encontradas en Excel: ['Aceros', 'base_completo', 'calendario', 'Consumos_acero', 'Cotizaciones', 'Inventario_aceros', 'Notas_de_venta', 'Ordenes_de_Compra', 'Ordenes_de_produccion', 'Productos_Stock', 'Stock_vendido', 'Ventas_Full', 'WIP']
2026-06-10 08:12:33,414  INFO  Actualizando Base Produccion → 'Orden de Produccion' (3,292 filas)...
2026-06-10 08:12:35,133  INFO    Limpiando hoja 'Orden de Produccion'...
2026-06-10 08:12:35,994  INFO    Escribiendo 3,292 filas en 'Orden de Produccion'...
2026-06-10 08:12:41,429  INFO    ✅ Hoja 'Orden de Produccion' actualizada.
2026-06-10 08:12:41,491  INFO  Actualizando Base Produccion → 'Por Facturar' (95 filas)...
2026-06-10 08:12:42,745  INFO    Limpiando hoja 'Por Facturar'...
2026-06-10 08:12:43,108  INFO    Escribiendo 95 filas en 'Por Facturar'...
2026-06-10 08:12:43,810  INFO    ✅ Hoja 'Por Facturar' actualizada.
2026-06-10 08:12:43,875  INFO  Actualizando Base Produccion → 'Control Inventario' (119 filas)...
2026-06-10 08:12:45,024  INFO    Limpiando hoja 'Control Inventario'...
2026-06-10 08:12:45,359  INFO    Escribiendo 119 filas en 'Control Inventario'...
2026-06-10 08:12:45,673  INFO    ✅ Hoja 'Control Inventario' actualizada.
2026-06-10 08:12:46,608  INFO  Actualizando Base Produccion → 'Notas de Venta' (780 filas)...
2026-06-10 08:12:47,291  INFO    Limpiando hoja 'Notas de Venta'...
2026-06-10 08:12:47,646  INFO    Escribiendo 780 filas en 'Notas de Venta'...
2026-06-10 08:12:48,454  INFO    ✅ Hoja 'Notas de Venta' actualizada.
2026-06-10 08:12:48,491  INFO  Actualizando Base Produccion → 'Vales de Salida' (71 filas)...
2026-06-10 08:12:49,181  INFO    Limpiando hoja 'Vales de Salida'...
2026-06-10 08:12:49,593  INFO    Escribiendo 71 filas en 'Vales de Salida'...
2026-06-10 08:12:50,111  INFO    ✅ Hoja 'Vales de Salida' actualizada.
2026-06-10 08:12:50,178  INFO  Actualizando Base Produccion → 'Stock' (125 filas)...
2026-06-10 08:12:51,153  INFO    Limpiando hoja 'Stock'...
2026-06-10 08:12:51,550  INFO    Escribiendo 125 filas en 'Stock'...
2026-06-10 08:12:51,877  INFO    ✅ Hoja 'Stock' actualizada.
2026-06-10 08:12:53,171  INFO  Actualizando Base Produccion → 'Ventas_Full' (1,879 filas)...
2026-06-10 08:12:53,740  INFO    Limpiando hoja 'Ventas_Full'...
2026-06-10 08:12:54,324  INFO    Escribiendo 1,879 filas en 'Ventas_Full'...
2026-06-10 08:12:56,225  INFO    ✅ Hoja 'Ventas_Full' actualizada.
2026-06-10 08:12:56,255  INFO  Actualizando Base Produccion → 'WIP' (43 filas)...
2026-06-10 08:12:57,224  INFO    Limpiando hoja 'WIP'...
2026-06-10 08:12:57,492  INFO    Escribiendo 43 filas en 'WIP'...
2026-06-10 08:12:57,950  INFO    ✅ Hoja 'WIP' actualizada.
2026-06-10 08:12:58,018  INFO  Actualizando Base Produccion → 'Stock Vendido' (159 filas)...
2026-06-10 08:12:58,949  INFO    Limpiando hoja 'Stock Vendido'...
2026-06-10 08:12:59,271  INFO    Escribiendo 159 filas en 'Stock Vendido'...
2026-06-10 08:12:59,580  INFO    ✅ Hoja 'Stock Vendido' actualizada.
2026-06-10 08:12:59,657  INFO  Actualizando Base Produccion → 'Consumos Acero' (169 filas)...
2026-06-10 08:13:00,458  INFO    Limpiando hoja 'Consumos Acero'...
2026-06-10 08:13:00,743  INFO    Escribiendo 169 filas en 'Consumos Acero'...
2026-06-10 08:13:01,084  INFO    ✅ Hoja 'Consumos Acero' actualizada.
2026-06-10 08:13:02,398  INFO  Actualizando Presupuestos → 'Ventas Full Manager' (1,879 filas)...
2026-06-10 08:13:03,307  INFO    Limpiando hoja 'Ventas Full Manager'...
2026-06-10 08:13:03,904  INFO    Escribiendo 1,879 filas en 'Ventas Full Manager'...
2026-06-10 08:13:08,262  INFO    ✅ Hoja 'Ventas Full Manager' actualizada.
2026-06-10 08:13:08,459  INFO  Actualizando Presupuestos → 'Notas de Venta' (780 filas)...
2026-06-10 08:13:09,068  INFO    Limpiando hoja 'Notas de Venta'...
2026-06-10 08:13:09,561  INFO    Escribiendo 780 filas en 'Notas de Venta'...
2026-06-10 08:13:09,959  INFO    ✅ Hoja 'Notas de Venta' actualizada.
2026-06-10 08:13:10,700  INFO  Actualizando Presupuestos → 'Cotizaciones' (3,475 filas)...
2026-06-10 08:13:11,434  INFO    Limpiando hoja 'Cotizaciones'...
2026-06-10 08:13:11,980  INFO    Escribiendo 3,475 filas en 'Cotizaciones'...
2026-06-10 08:13:13,676  INFO    ✅ Hoja 'Cotizaciones' actualizada.
2026-06-10 08:13:13,740  INFO  Actualizando Presupuestos → 'Calendario' (95 filas)...
2026-06-10 08:13:14,736  INFO    Limpiando hoja 'Calendario'...
2026-06-10 08:13:15,081  INFO    Escribiendo 95 filas en 'Calendario'...
2026-06-10 08:13:15,372  INFO    ✅ Hoja 'Calendario' actualizada.
2026-06-10 08:13:15,373  INFO  
2026-06-10 08:13:15,373  INFO  ✅ Todo actualizado:
2026-06-10 08:13:15,374  INFO     📁 Drive: Reportes_Completos_Actualizado.xlsx
2026-06-10 08:13:15,374  INFO     📊 Base Produccion: ['Orden de Produccion', 'Por Facturar', 'Control Inventario', 'Notas de Venta', 'Vales de Salida', 'Stock', 'Ventas_Full', 'WIP', 'Stock Vendido', 'Consumos Acero']
2026-06-10 08:13:15,374  INFO     📊 Presupuestos: Ventas Full Manager
2026-06-10 08:13:15,377  INFO  
2026-06-10 08:13:15,377  INFO  ╔═════════════════════════════════════════════════════╗
2026-06-10 08:13:15,398  INFO  ║  ✅ PIPELINE COMPLETADO en 342s                      ║
2026-06-10 08:13:15,399  INFO  ║  📊 Excel en Drive: VentasFull_Actualizado.xlsx      ║
2026-06-10 08:13:15,399  INFO  ╚═════════════════════════════════════════════════════╝
2026-06-10 08:31:43,461  INFO  ╔═════════════════════════════════════════════════════╗
2026-06-10 08:31:43,463  INFO  ║   PIPELINE VENTAS FULL — Inicio: 2026-06-10 08:31   ║
2026-06-10 08:31:43,463  INFO  ╚═════════════════════════════════════════════════════╝
2026-06-10 08:31:43,463  INFO  
2026-06-10 08:31:43,463  INFO  ━━━━━━━━━━━━━━━━━━━━━━━━━━━━━━━━━━━━━━━━━━━━━━━━━━━━━━━
2026-06-10 08:31:43,463  INFO    PASO 1/3 — Descargar backup desde Manager
2026-06-10 08:31:43,464  INFO  ━━━━━━━━━━━━━━━━━━━━━━━━━━━━━━━━━━━━━━━━━━━━━━━━━━━━━━━
2026-06-10 08:31:45,156  INFO  =======================================================
2026-06-10 08:31:45,156  INFO    Iniciando descarga automática de backup Manager
2026-06-10 08:31:45,156  INFO  =======================================================
2026-06-10 08:31:45,159  INFO  ====== WebDriver manager ======
2026-06-10 08:31:52,818  INFO  Get LATEST chromedriver version for google-chrome
2026-06-10 08:31:54,494  INFO  Get LATEST chromedriver version for google-chrome
2026-06-10 08:31:55,690  INFO  Driver [C:\Users\atorr\.wdm\drivers\chromedriver\win64\149.0.7827.55\chromedriver-win32/chromedriver.exe] found in cache
2026-06-10 08:32:01,602  INFO  Abriendo login: https://prodkernel.manager.cl/index.html
2026-06-10 08:32:04,758  INFO  Inputs visibles: 3
2026-06-10 08:32:05,849  INFO  Login enviado...
2026-06-10 08:32:09,895  INFO  ✅ Login exitoso. session_id: 2d20134c...
2026-06-10 08:32:09,895  INFO  Navegando a: https://prodkernel.manager.cl/managerbackups.html?session_id=2d20134ce0243c00acfe5a05946a665d&cd=prodkernel
2026-06-10 08:32:10,298  INFO  Recarga 1/10...
2026-06-10 08:32:14,742  INFO    filas .bak encontradas: 3
2026-06-10 08:32:14,742  INFO  ✅ Tabla cargada en recarga 1.
2026-06-10 08:32:14,854  INFO    Ignorando: 2026-6-10-T779354202A.bak
2026-06-10 08:32:14,895  INFO    Ignorando: 2026-6-10-T779354202B.bak
2026-06-10 08:32:14,948  INFO  Backup seleccionado: 2026-6-10-T779354202C.bak (2026-06-10 10:10:48+00:00)
2026-06-10 08:32:14,965  INFO  HTML fila completa: <td class="bucket">mng-respaldos-poliuretano</td><td class="Key">2026-6-10-T779354202C.bak</td><td class="LastModified">2026-06-10 10:10:48+00:00</td><td class="Size">0.17 GB</td><td class="presigned_url" style="display: none;">https://mng-respaldos-poliuretano.s3.amazonaws.com/2026-6-10-T779354202C.bak?AWSAccessKeyId=AKIAZPIFFWJDVFW267ZG&amp;Signature=1wgqrvdQh%2FwOuP2Lb52aR04XiKk%3D&amp;Expires=1781095029</td><td><i onclick="downloadbackup($(this).parent().parent())" class="fas fa-download"></
2026-06-10 08:32:17,646  INFO  Descargando 2026-6-10-T779354202C.bak desde S3...
2026-06-10 08:32:32,271  INFO    10 MB / 173 MB (6%)
2026-06-10 08:32:47,838  INFO    21 MB / 173 MB (12%)
2026-06-10 08:33:14,235  INFO    31 MB / 173 MB (18%)
2026-06-10 08:33:51,101  INFO    42 MB / 173 MB (24%)
2026-06-10 08:34:32,309  INFO    52 MB / 173 MB (30%)
2026-06-10 08:35:23,250  INFO    63 MB / 173 MB (36%)
2026-06-10 08:35:49,234  INFO    73 MB / 173 MB (43%)
2026-06-10 08:36:00,629  INFO    84 MB / 173 MB (49%)
2026-06-10 08:36:16,628  INFO    94 MB / 173 MB (55%)
2026-06-10 08:36:25,521  INFO    105 MB / 173 MB (61%)
2026-06-10 08:36:35,609  INFO    115 MB / 173 MB (67%)
2026-06-10 08:36:39,655  INFO    126 MB / 173 MB (73%)
2026-06-10 08:36:42,577  INFO    136 MB / 173 MB (79%)
2026-06-10 08:36:46,749  INFO    147 MB / 173 MB (85%)
2026-06-10 08:36:50,756  INFO    157 MB / 173 MB (91%)
2026-06-10 08:36:59,454  INFO    168 MB / 173 MB (97%)
2026-06-10 08:37:02,058  INFO  ✅ Descarga completa: 2026-6-10-T779354202C.bak (172.6 MB)
2026-06-10 08:37:02,101  INFO  Backup guardado en: C:\Backups\Manager\2026-6-10-T779354202C_2026-06-10_1781095022.bak
2026-06-10 08:37:02,101  INFO  ✅ Éxito — backup guardado en: C:\Backups\Manager\2026-6-10-T779354202C_2026-06-10_1781095022.bak
2026-06-10 08:37:06,319  WARNING  Retrying (Retry(total=2, connect=None, read=None, redirect=None, status=None)) after connection broken by 'NewConnectionError("HTTPConnection(host='localhost', port=63868): Failed to establish a new connection: [WinError 10061] No se puede establecer una conexión ya que el equipo de destino denegó expresamente dicha conexión")': /session/21615cc0946f2fe6dbb5ea4c1f2dd04c
2026-06-10 08:37:10,435  WARNING  Retrying (Retry(total=1, connect=None, read=None, redirect=None, status=None)) after connection broken by 'NewConnectionError("HTTPConnection(host='localhost', port=63868): Failed to establish a new connection: [WinError 10061] No se puede establecer una conexión ya que el equipo de destino denegó expresamente dicha conexión")': /session/21615cc0946f2fe6dbb5ea4c1f2dd04c
2026-06-10 08:37:14,531  WARNING  Retrying (Retry(total=0, connect=None, read=None, redirect=None, status=None)) after connection broken by 'NewConnectionError("HTTPConnection(host='localhost', port=63868): Failed to establish a new connection: [WinError 10061] No se puede establecer una conexión ya que el equipo de destino denegó expresamente dicha conexión")': /session/21615cc0946f2fe6dbb5ea4c1f2dd04c
2026-06-10 08:37:18,625  INFO  
2026-06-10 08:37:18,625  INFO  ━━━━━━━━━━━━━━━━━━━━━━━━━━━━━━━━━━━━━━━━━━━━━━━━━━━━━━━
2026-06-10 08:37:18,626  INFO    PASO 2/3 — Restaurar BD y extraer Ventas Full
2026-06-10 08:37:18,626  INFO  ━━━━━━━━━━━━━━━━━━━━━━━━━━━━━━━━━━━━━━━━━━━━━━━━━━━━━━━
2026-06-10 08:37:28,790  INFO  ============================================================
2026-06-10 08:37:28,790  INFO    PASO 1 — Restaurar BD y extraer Múltiples Reportes
2026-06-10 08:37:28,790  INFO  ============================================================
2026-06-10 08:37:28,813  INFO  Usando .bak de ultimo_bak.txt: 2026-6-10-T779354202C_2026-06-10_1781095022.bak
2026-06-10 08:37:28,813  INFO  Usando backup: 2026-6-10-T779354202C_2026-06-10_1781095022.bak
2026-06-10 08:37:28,813  INFO  Restaurando 2026-6-10-T779354202C_2026-06-10_1781095022.bak como 'T779354202C'...
2026-06-10 08:37:28,829  INFO  Copiando .bak a C:\Program Files\Microsoft SQL Server\MSSQL17.SQLEXPRESS\MSSQL\DATA\2026-6-10-T779354202C_2026-06-10_1781095022.bak...
2026-06-10 08:37:30,677  INFO  Ejecutando RESTORE DATABASE...
2026-06-10 08:38:27,826  INFO  ✅ BD 'T779354202C' restaurada correctamente.
2026-06-10 08:38:27,952  INFO  Conectando a 'T779354202C' para extraer reportes...
2026-06-10 08:38:28,471  INFO  Ejecutando: Aceros...
2026-06-10 08:38:30,354  INFO    └─ 71 filas extraídas.
2026-06-10 08:38:30,355  INFO  Ejecutando: base_completo...
2026-06-10 08:38:34,034  INFO    └─ 9,121 filas extraídas.
2026-06-10 08:38:34,034  INFO  Ejecutando: calendario...
2026-06-10 08:38:34,380  INFO    └─ 95 filas extraídas.
2026-06-10 08:38:34,380  INFO  Ejecutando: Consumos_acero...
2026-06-10 08:38:34,667  INFO    └─ 169 filas extraídas.
2026-06-10 08:38:34,667  INFO  Ejecutando: Cotizaciones...
2026-06-10 08:38:34,909  INFO    └─ 3,475 filas extraídas.
2026-06-10 08:38:34,909  INFO  Ejecutando: Inventario_aceros...
2026-06-10 08:38:34,995  INFO    └─ 119 filas extraídas.
2026-06-10 08:38:34,995  INFO  Ejecutando: Notas_de_venta...
2026-06-10 08:38:35,066  INFO    └─ 780 filas extraídas.
2026-06-10 08:38:35,066  INFO  Ejecutando: Ordenes_de_Compra...
2026-06-10 08:38:35,642  INFO    └─ 287 filas extraídas.
2026-06-10 08:38:35,643  INFO  Ejecutando: Ordenes_de_produccion...
2026-06-10 08:38:36,033  INFO    └─ 3,292 filas extraídas.
2026-06-10 08:38:36,033  INFO  Ejecutando: Pendiente_a_facturar...
2026-06-10 08:38:36,086  ERROR    └─ Error ejecutando Pendiente_a_facturar: ('42000', '[42000] [Microsoft][ODBC Driver 17 for SQL Server][SQL Server]ORDER BY items must appear in the select list if SELECT DISTINCT is specified. (145) (SQLExecDirectW)')
2026-06-10 08:38:36,086  INFO  Ejecutando: Productos_Stock...
2026-06-10 08:38:36,146  INFO    └─ 125 filas extraídas.
2026-06-10 08:38:36,147  INFO  Ejecutando: Stock_vendido...
2026-06-10 08:38:36,266  INFO    └─ 159 filas extraídas.
2026-06-10 08:38:36,266  INFO  Ejecutando: Vales_de_Salida...
2026-06-10 08:38:36,298  ERROR    └─ Error ejecutando Vales_de_Salida: ('42000', '[42000] [Microsoft][ODBC Driver 17 for SQL Server][SQL Server]ORDER BY items must appear in the select list if SELECT DISTINCT is specified. (145) (SQLExecDirectW)')
2026-06-10 08:38:36,299  INFO  Ejecutando: Ventas_Full...
2026-06-10 08:38:39,547  INFO    └─ 1,879 filas extraídas.
2026-06-10 08:38:39,548  INFO  Ejecutando: WIP...
2026-06-10 08:38:41,020  INFO    └─ 43 filas extraídas.
2026-06-10 08:38:44,632  INFO  Exportando a Excel multipestaña: C:\Reportes\VentasFull\Reportes_Completos_2026-06-10.xlsx
2026-06-10 08:40:33,967  WARNING    └─ Stock_vendido: columnas duplicadas renombradas
2026-06-10 08:41:00,648  INFO  ✅ Excel generado: C:\Reportes\VentasFull\Reportes_Completos_2026-06-10.xlsx (2.7 MB)
2026-06-10 08:41:00,650  INFO  ✅ Proceso Completado → C:\Reportes\VentasFull\Reportes_Completos_2026-06-10.xlsx
2026-06-10 08:41:00,667  INFO  
2026-06-10 08:41:00,668  INFO  ━━━━━━━━━━━━━━━━━━━━━━━━━━━━━━━━━━━━━━━━━━━━━━━━━━━━━━━
2026-06-10 08:41:00,668  INFO    PASO 3/3 — Subir Excel a Google Drive
2026-06-10 08:41:00,668  INFO  ━━━━━━━━━━━━━━━━━━━━━━━━━━━━━━━━━━━━━━━━━━━━━━━━━━━━━━━
2026-06-10 08:41:05,495  INFO  =======================================================
2026-06-10 08:41:05,495  INFO    PASO 2 — Subir a Drive y actualizar Google Sheets
2026-06-10 08:41:05,495  INFO  =======================================================
2026-06-10 08:41:05,508  INFO  Procesando: Reportes_Completos_2026-06-10.xlsx (2.7 MB)
2026-06-10 08:41:05,606  INFO  file_cache is only supported with oauth2client<4.0.0
2026-06-10 08:41:05,636  INFO  file_cache is only supported with oauth2client<4.0.0
2026-06-10 08:41:07,272  INFO  Creando Excel nuevo en Drive...
2026-06-10 08:41:10,108  INFO  ✅ Excel subido a Drive: Reportes_Completos_Actualizado.xlsx
2026-06-10 08:41:10,108  INFO  Leyendo Excel para actualizar Google Sheets...
2026-06-10 08:41:10,145  INFO  Pestañas encontradas en Excel: ['Aceros', 'base_completo', 'calendario', 'Consumos_acero', 'Cotizaciones', 'Inventario_aceros', 'Notas_de_venta', 'Ordenes_de_Compra', 'Ordenes_de_produccion', 'Productos_Stock', 'Stock_vendido', 'Ventas_Full', 'WIP']
2026-06-10 08:41:11,657  INFO  Actualizando Base Produccion → 'Orden de Produccion' (3,292 filas)...
2026-06-10 08:41:13,232  INFO    Limpiando hoja 'Orden de Produccion'...
2026-06-10 08:41:14,622  INFO    Escribiendo 3,292 filas en 'Orden de Produccion'...
2026-06-10 08:41:17,799  INFO    ✅ Hoja 'Orden de Produccion' actualizada.
2026-06-10 08:41:17,897  INFO  Actualizando Base Produccion → 'Por Facturar' (95 filas)...
2026-06-10 08:41:18,814  INFO    Limpiando hoja 'Por Facturar'...
2026-06-10 08:41:19,247  INFO    Escribiendo 95 filas en 'Por Facturar'...
2026-06-10 08:41:19,564  INFO    ✅ Hoja 'Por Facturar' actualizada.
2026-06-10 08:41:19,620  INFO  Actualizando Base Produccion → 'Control Inventario' (119 filas)...
2026-06-10 08:41:20,182  INFO    Limpiando hoja 'Control Inventario'...
2026-06-10 08:41:20,501  INFO    Escribiendo 119 filas en 'Control Inventario'...
2026-06-10 08:41:20,832  INFO    ✅ Hoja 'Control Inventario' actualizada.
2026-06-10 08:41:21,586  INFO  Actualizando Base Produccion → 'Notas de Venta' (780 filas)...
2026-06-10 08:41:22,239  INFO    Limpiando hoja 'Notas de Venta'...
2026-06-10 08:41:22,579  INFO    Escribiendo 780 filas en 'Notas de Venta'...
2026-06-10 08:41:23,020  INFO    ✅ Hoja 'Notas de Venta' actualizada.
2026-06-10 08:41:23,069  INFO  Actualizando Base Produccion → 'Vales de Salida' (71 filas)...
2026-06-10 08:41:23,611  INFO    Limpiando hoja 'Vales de Salida'...
2026-06-10 08:41:23,906  INFO    Escribiendo 71 filas en 'Vales de Salida'...
2026-06-10 08:41:24,384  INFO    ✅ Hoja 'Vales de Salida' actualizada.
2026-06-10 08:41:24,428  INFO  Actualizando Base Produccion → 'Stock' (125 filas)...
2026-06-10 08:41:24,935  INFO    Limpiando hoja 'Stock'...
2026-06-10 08:41:25,222  INFO    Escribiendo 125 filas en 'Stock'...
2026-06-10 08:41:25,842  INFO    ✅ Hoja 'Stock' actualizada.
2026-06-10 08:41:27,177  INFO  Actualizando Base Produccion → 'Ventas_Full' (1,879 filas)...
2026-06-10 08:41:27,880  INFO    Limpiando hoja 'Ventas_Full'...
2026-06-10 08:41:28,500  INFO    Escribiendo 1,879 filas en 'Ventas_Full'...
2026-06-10 08:41:30,801  INFO    ✅ Hoja 'Ventas_Full' actualizada.
2026-06-10 08:41:30,838  INFO  Actualizando Base Produccion → 'WIP' (43 filas)...
2026-06-10 08:41:31,389  INFO    Limpiando hoja 'WIP'...
2026-06-10 08:41:31,680  INFO    Escribiendo 43 filas en 'WIP'...
2026-06-10 08:41:31,960  INFO    ✅ Hoja 'WIP' actualizada.
2026-06-10 08:41:32,017  INFO  Actualizando Base Produccion → 'Stock Vendido' (159 filas)...
2026-06-10 08:41:32,692  INFO    Limpiando hoja 'Stock Vendido'...
2026-06-10 08:41:32,988  INFO    Escribiendo 159 filas en 'Stock Vendido'...
2026-06-10 08:41:33,352  INFO    ✅ Hoja 'Stock Vendido' actualizada.
2026-06-10 08:41:33,405  INFO  Actualizando Base Produccion → 'Consumos Acero' (169 filas)...
2026-06-10 08:41:33,946  INFO    Limpiando hoja 'Consumos Acero'...
2026-06-10 08:41:34,256  INFO    Escribiendo 169 filas en 'Consumos Acero'...
2026-06-10 08:41:34,586  INFO    ✅ Hoja 'Consumos Acero' actualizada.
2026-06-10 08:41:35,808  INFO  Actualizando Presupuestos → 'Ventas Full Manager' (1,879 filas)...
2026-06-10 08:41:36,757  INFO    Limpiando hoja 'Ventas Full Manager'...
2026-06-10 08:41:37,352  INFO    Escribiendo 1,879 filas en 'Ventas Full Manager'...
2026-06-10 08:41:39,315  INFO    ✅ Hoja 'Ventas Full Manager' actualizada.
2026-06-10 08:41:39,504  INFO  Actualizando Presupuestos → 'Notas de Venta' (780 filas)...
2026-06-10 08:41:40,258  INFO    Limpiando hoja 'Notas de Venta'...
2026-06-10 08:41:40,630  INFO    Escribiendo 780 filas en 'Notas de Venta'...
2026-06-10 08:41:41,095  INFO    ✅ Hoja 'Notas de Venta' actualizada.
2026-06-10 08:41:41,802  INFO  Actualizando Presupuestos → 'Cotizaciones' (3,475 filas)...
2026-06-10 08:41:43,887  INFO    Limpiando hoja 'Cotizaciones'...
2026-06-10 08:41:44,394  INFO    Escribiendo 3,475 filas en 'Cotizaciones'...
2026-06-10 08:41:45,435  INFO    ✅ Hoja 'Cotizaciones' actualizada.
2026-06-10 08:41:45,490  INFO  Actualizando Presupuestos → 'Calendario' (95 filas)...
2026-06-10 08:41:46,169  INFO    Limpiando hoja 'Calendario'...
2026-06-10 08:41:46,641  INFO    Escribiendo 95 filas en 'Calendario'...
2026-06-10 08:41:46,960  INFO    ✅ Hoja 'Calendario' actualizada.
2026-06-10 08:41:46,961  INFO  
2026-06-10 08:41:46,961  INFO  ✅ Todo actualizado:
2026-06-10 08:41:46,961  INFO     📁 Drive: Reportes_Completos_Actualizado.xlsx
2026-06-10 08:41:46,961  INFO     📊 Base Produccion: ['Orden de Produccion', 'Por Facturar', 'Control Inventario', 'Notas de Venta', 'Vales de Salida', 'Stock', 'Ventas_Full', 'WIP', 'Stock Vendido', 'Consumos Acero']
2026-06-10 08:41:46,961  INFO     📊 Presupuestos: Ventas Full Manager
2026-06-10 08:41:46,964  INFO  
2026-06-10 08:41:46,964  INFO  ╔═════════════════════════════════════════════════════╗
2026-06-10 08:41:46,966  INFO  ║  ✅ PIPELINE COMPLETADO en 603s                      ║
2026-06-10 08:41:46,966  INFO  ║  📊 Excel en Drive: VentasFull_Actualizado.xlsx      ║
2026-06-10 08:41:46,966  INFO  ╚═════════════════════════════════════════════════════╝
2026-06-11 07:54:14,904  INFO  ╔═════════════════════════════════════════════════════╗
2026-06-11 07:54:14,905  INFO  ║   PIPELINE VENTAS FULL — Inicio: 2026-06-11 07:54   ║
2026-06-11 07:54:14,905  INFO  ╚═════════════════════════════════════════════════════╝
2026-06-11 07:54:14,906  INFO  
2026-06-11 07:54:14,907  INFO  ━━━━━━━━━━━━━━━━━━━━━━━━━━━━━━━━━━━━━━━━━━━━━━━━━━━━━━━
2026-06-11 07:54:14,907  INFO    PASO 1/3 — Descargar backup desde Manager
2026-06-11 07:54:14,907  INFO  ━━━━━━━━━━━━━━━━━━━━━━━━━━━━━━━━━━━━━━━━━━━━━━━━━━━━━━━
2026-06-11 07:54:17,231  INFO  =======================================================
2026-06-11 07:54:17,232  INFO    Iniciando descarga automática de backup Manager
2026-06-11 07:54:17,237  INFO  =======================================================
2026-06-11 07:54:17,243  INFO  ====== WebDriver manager ======
2026-06-11 07:54:21,282  INFO  Get LATEST chromedriver version for google-chrome
2026-06-11 07:54:23,581  INFO  Get LATEST chromedriver version for google-chrome
2026-06-11 07:54:25,050  INFO  Get LATEST chromedriver version for google-chrome
2026-06-11 07:54:28,319  INFO  WebDriver version 149.0.7827.55 selected
2026-06-11 07:54:28,398  INFO  Modern chrome version https://storage.googleapis.com/chrome-for-testing-public/149.0.7827.55/win32/chromedriver-win32.zip
2026-06-11 07:54:28,405  INFO  About to download new driver from https://storage.googleapis.com/chrome-for-testing-public/149.0.7827.55/win32/chromedriver-win32.zip
2026-06-11 07:54:29,334  INFO  Driver downloading response is 200
2026-06-11 07:54:30,496  INFO  Get LATEST chromedriver version for google-chrome
2026-06-11 07:54:32,497  INFO  Driver has been saved in cache [C:\Users\atorr\.wdm\drivers\chromedriver\win64\149.0.7827.55]
2026-06-11 07:54:37,093  INFO  Abriendo login: https://prodkernel.manager.cl/index.html
2026-06-11 07:54:40,148  INFO  Inputs visibles: 3
2026-06-11 07:54:42,961  INFO  Login enviado...
2026-06-11 07:54:47,043  INFO  ✅ Login exitoso. session_id: 3cd60113...
2026-06-11 07:54:47,044  INFO  Navegando a: https://prodkernel.manager.cl/managerbackups.html?session_id=3cd601138a97a2a9fed834d4dc87cdb4&cd=prodkernel
2026-06-11 07:54:47,266  INFO  Recarga 1/10...
2026-06-11 07:54:51,531  INFO    filas .bak encontradas: 3
2026-06-11 07:54:51,533  INFO  ✅ Tabla cargada en recarga 1.
2026-06-11 07:54:51,764  INFO    Ignorando: 2026-6-11-T779354202A.bak
2026-06-11 07:54:51,878  INFO    Ignorando: 2026-6-11-T779354202B.bak
2026-06-11 07:54:52,025  INFO  Backup seleccionado: 2026-6-11-T779354202C.bak (2026-06-11 10:13:24+00:00)
2026-06-11 07:54:52,058  INFO  HTML fila completa: <td class="bucket">mng-respaldos-poliuretano</td><td class="Key">2026-6-11-T779354202C.bak</td><td class="LastModified">2026-06-11 10:13:24+00:00</td><td class="Size">0.18 GB</td><td class="presigned_url" style="display: none;">https://mng-respaldos-poliuretano.s3.amazonaws.com/2026-6-11-T779354202C.bak?AWSAccessKeyId=AKIAZPIFFWJDVFW267ZG&amp;Signature=Hv2bDQ5eW6WTVTLNaWrFNMsow7U%3D&amp;Expires=1781179187</td><td><i onclick="downloadbackup($(this).parent().parent())" class="fas fa-download"></i>
2026-06-11 07:55:54,573  INFO  Descargando 2026-6-11-T779354202C.bak desde S3...
2026-06-11 07:56:02,611  INFO    10 MB / 176 MB (6%)
2026-06-11 07:56:07,238  INFO    21 MB / 176 MB (12%)
2026-06-11 07:56:10,846  INFO    31 MB / 176 MB (18%)
2026-06-11 07:56:13,529  INFO    42 MB / 176 MB (24%)
2026-06-11 07:56:15,967  INFO    52 MB / 176 MB (30%)
2026-06-11 07:56:18,213  INFO    63 MB / 176 MB (36%)
2026-06-11 07:56:20,883  INFO    73 MB / 176 MB (42%)
2026-06-11 07:56:23,598  INFO    84 MB / 176 MB (48%)
2026-06-11 07:56:28,787  INFO    94 MB / 176 MB (54%)
2026-06-11 07:56:33,502  INFO    105 MB / 176 MB (60%)
2026-06-11 07:56:37,768  INFO    115 MB / 176 MB (65%)
2026-06-11 07:56:41,915  INFO    126 MB / 176 MB (71%)
2026-06-11 07:56:46,626  INFO    136 MB / 176 MB (77%)
2026-06-11 07:56:51,033  INFO    147 MB / 176 MB (83%)
2026-06-11 07:56:54,530  INFO    157 MB / 176 MB (89%)
2026-06-11 07:56:57,804  INFO    168 MB / 176 MB (95%)
2026-06-11 07:57:00,726  INFO  ✅ Descarga completa: 2026-6-11-T779354202C.bak (176.1 MB)
2026-06-11 07:57:00,736  INFO  Backup guardado en: C:\Backups\Manager\2026-6-11-T779354202C_2026-06-11.bak
2026-06-11 07:57:00,752  INFO  ✅ Éxito — backup guardado en: C:\Backups\Manager\2026-6-11-T779354202C_2026-06-11.bak
2026-06-11 07:57:04,829  WARNING  Retrying (Retry(total=2, connect=None, read=None, redirect=None, status=None)) after connection broken by 'NewConnectionError("HTTPConnection(host='localhost', port=55974): Failed to establish a new connection: [WinError 10061] No se puede establecer una conexión ya que el equipo de destino denegó expresamente dicha conexión")': /session/90156ff57a8c9c81a1037ba9232e0b48
2026-06-11 07:57:08,888  WARNING  Retrying (Retry(total=1, connect=None, read=None, redirect=None, status=None)) after connection broken by 'NewConnectionError("HTTPConnection(host='localhost', port=55974): Failed to establish a new connection: [WinError 10061] No se puede establecer una conexión ya que el equipo de destino denegó expresamente dicha conexión")': /session/90156ff57a8c9c81a1037ba9232e0b48
2026-06-11 07:57:12,947  WARNING  Retrying (Retry(total=0, connect=None, read=None, redirect=None, status=None)) after connection broken by 'NewConnectionError("HTTPConnection(host='localhost', port=55974): Failed to establish a new connection: [WinError 10061] No se puede establecer una conexión ya que el equipo de destino denegó expresamente dicha conexión")': /session/90156ff57a8c9c81a1037ba9232e0b48
2026-06-11 07:57:17,003  INFO  
2026-06-11 07:57:17,004  INFO  ━━━━━━━━━━━━━━━━━━━━━━━━━━━━━━━━━━━━━━━━━━━━━━━━━━━━━━━
2026-06-11 07:57:17,004  INFO    PASO 2/3 — Restaurar BD y extraer Ventas Full
2026-06-11 07:57:17,005  INFO  ━━━━━━━━━━━━━━━━━━━━━━━━━━━━━━━━━━━━━━━━━━━━━━━━━━━━━━━
2026-06-11 07:57:29,398  INFO  ============================================================
2026-06-11 07:57:29,399  INFO    PASO 1 — Restaurar BD y extraer Múltiples Reportes
2026-06-11 07:57:29,399  INFO  ============================================================
2026-06-11 07:57:29,416  INFO  Usando .bak de ultimo_bak.txt: 2026-6-11-T779354202C_2026-06-11.bak
2026-06-11 07:57:29,417  INFO  Usando backup: 2026-6-11-T779354202C_2026-06-11.bak
2026-06-11 07:57:29,417  INFO  Restaurando 2026-6-11-T779354202C_2026-06-11.bak como 'T779354202C'...
2026-06-11 07:57:29,419  INFO  Copiando .bak a C:\Program Files\Microsoft SQL Server\MSSQL17.SQLEXPRESS\MSSQL\DATA\2026-6-11-T779354202C_2026-06-11.bak...
2026-06-11 07:57:31,654  INFO  Ejecutando RESTORE DATABASE...
2026-06-11 07:58:28,253  INFO  ✅ BD 'T779354202C' restaurada correctamente.
2026-06-11 07:58:28,254  INFO  Conectando a 'T779354202C' para extraer reportes...
2026-06-11 07:58:28,350  INFO  Ejecutando: Aceros...
2026-06-11 07:58:29,198  INFO    └─ 71 filas extraídas.
2026-06-11 07:58:29,198  INFO  Ejecutando: base_completo...
2026-06-11 07:58:31,621  INFO    └─ 9,156 filas extraídas.
2026-06-11 07:58:31,622  INFO  Ejecutando: calendario...
2026-06-11 07:58:32,030  INFO    └─ 95 filas extraídas.
2026-06-11 07:58:32,030  INFO  Ejecutando: Consumos_acero...
2026-06-11 07:58:32,413  INFO    └─ 172 filas extraídas.
2026-06-11 07:58:32,413  INFO  Ejecutando: Cotizaciones...
2026-06-11 07:58:32,558  INFO    └─ 3,500 filas extraídas.
2026-06-11 07:58:32,559  INFO  Ejecutando: Inventario_aceros...
2026-06-11 07:58:32,603  INFO    └─ 121 filas extraídas.
2026-06-11 07:58:32,603  INFO  Ejecutando: Notas_de_venta...
2026-06-11 07:58:32,638  INFO    └─ 787 filas extraídas.
2026-06-11 07:58:32,638  INFO  Ejecutando: Ordenes_de_Compra...
2026-06-11 07:58:32,916  INFO    └─ 287 filas extraídas.
2026-06-11 07:58:32,916  INFO  Ejecutando: Ordenes_de_produccion...
2026-06-11 07:58:33,200  INFO    └─ 3,300 filas extraídas.
2026-06-11 07:58:33,201  INFO  Ejecutando: Pendiente_a_facturar...
2026-06-11 07:58:33,267  ERROR    └─ Error ejecutando Pendiente_a_facturar: ('42000', '[42000] [Microsoft][ODBC Driver 17 for SQL Server][SQL Server]ORDER BY items must appear in the select list if SELECT DISTINCT is specified. (145) (SQLExecDirectW)')
2026-06-11 07:58:33,268  INFO  Ejecutando: Productos_Stock...
2026-06-11 07:58:33,305  INFO    └─ 125 filas extraídas.
2026-06-11 07:58:33,306  INFO  Ejecutando: Stock_vendido...
2026-06-11 07:58:33,388  INFO    └─ 160 filas extraídas.
2026-06-11 07:58:33,388  INFO  Ejecutando: Vales_de_Salida...
2026-06-11 07:58:33,410  ERROR    └─ Error ejecutando Vales_de_Salida: ('42000', '[42000] [Microsoft][ODBC Driver 17 for SQL Server][SQL Server]ORDER BY items must appear in the select list if SELECT DISTINCT is specified. (145) (SQLExecDirectW)')
2026-06-11 07:58:33,410  INFO  Ejecutando: Ventas_Full...
2026-06-11 07:58:34,398  INFO    └─ 1,897 filas extraídas.
2026-06-11 07:58:34,398  INFO  Ejecutando: WIP...
2026-06-11 07:58:34,661  INFO    └─ 42 filas extraídas.
2026-06-11 07:58:34,715  INFO  Exportando a Excel multipestaña: C:\Reportes\VentasFull\Reportes_Completos_2026-06-11.xlsx
2026-06-11 07:59:38,693  WARNING    └─ Stock_vendido: columnas duplicadas renombradas
2026-06-11 07:59:57,191  INFO  ✅ Excel generado: C:\Reportes\VentasFull\Reportes_Completos_2026-06-11.xlsx (2.8 MB)
2026-06-11 07:59:57,193  INFO  ✅ Proceso Completado → C:\Reportes\VentasFull\Reportes_Completos_2026-06-11.xlsx
2026-06-11 07:59:57,205  INFO  
2026-06-11 07:59:57,205  INFO  ━━━━━━━━━━━━━━━━━━━━━━━━━━━━━━━━━━━━━━━━━━━━━━━━━━━━━━━
2026-06-11 07:59:57,206  INFO    PASO 3/3 — Subir Excel a Google Drive
2026-06-11 07:59:57,206  INFO  ━━━━━━━━━━━━━━━━━━━━━━━━━━━━━━━━━━━━━━━━━━━━━━━━━━━━━━━
2026-06-11 08:00:05,822  INFO  =======================================================
2026-06-11 08:00:05,824  INFO    PASO 2 — Subir a Drive y actualizar Google Sheets
2026-06-11 08:00:05,824  INFO  =======================================================
2026-06-11 08:00:05,842  INFO  Procesando: Reportes_Completos_2026-06-11.xlsx (2.8 MB)
2026-06-11 08:00:05,984  INFO  file_cache is only supported with oauth2client<4.0.0
2026-06-11 08:00:06,021  INFO  file_cache is only supported with oauth2client<4.0.0
2026-06-11 08:00:07,483  INFO  Creando Excel nuevo en Drive...
2026-06-11 08:00:10,966  INFO  ✅ Excel subido a Drive: Reportes_Completos_Actualizado.xlsx
2026-06-11 08:00:10,966  INFO  Leyendo Excel para actualizar Google Sheets...
2026-06-11 08:00:10,999  INFO  Pestañas encontradas en Excel: ['Aceros', 'base_completo', 'calendario', 'Consumos_acero', 'Cotizaciones', 'Inventario_aceros', 'Notas_de_venta', 'Ordenes_de_Compra', 'Ordenes_de_produccion', 'Productos_Stock', 'Stock_vendido', 'Ventas_Full', 'WIP']
2026-06-11 08:00:12,731  INFO  Actualizando Base Produccion → 'Orden de Produccion' (3,300 filas)...
2026-06-11 08:00:14,314  INFO    Limpiando hoja 'Orden de Produccion'...
2026-06-11 08:00:15,213  INFO    Escribiendo 3,300 filas en 'Orden de Produccion'...
2026-06-11 08:00:17,565  INFO    ✅ Hoja 'Orden de Produccion' actualizada.
2026-06-11 08:00:17,624  INFO  Actualizando Base Produccion → 'Por Facturar' (95 filas)...
2026-06-11 08:00:18,298  INFO    Limpiando hoja 'Por Facturar'...
2026-06-11 08:00:18,654  INFO    Escribiendo 95 filas en 'Por Facturar'...
2026-06-11 08:00:19,007  INFO    ✅ Hoja 'Por Facturar' actualizada.
2026-06-11 08:00:19,061  INFO  Actualizando Base Produccion → 'Control Inventario' (121 filas)...
2026-06-11 08:00:19,749  INFO    Limpiando hoja 'Control Inventario'...
2026-06-11 08:00:20,061  INFO    Escribiendo 121 filas en 'Control Inventario'...
2026-06-11 08:00:20,401  INFO    ✅ Hoja 'Control Inventario' actualizada.
2026-06-11 08:00:21,086  INFO  Actualizando Base Produccion → 'Notas de Venta' (787 filas)...
2026-06-11 08:00:21,771  INFO    Limpiando hoja 'Notas de Venta'...
2026-06-11 08:00:22,125  INFO    Escribiendo 787 filas en 'Notas de Venta'...
2026-06-11 08:00:22,564  INFO    ✅ Hoja 'Notas de Venta' actualizada.
2026-06-11 08:00:22,598  INFO  Actualizando Base Produccion → 'Vales de Salida' (71 filas)...
2026-06-11 08:00:23,262  INFO    Limpiando hoja 'Vales de Salida'...
2026-06-11 08:00:23,637  INFO    Escribiendo 71 filas en 'Vales de Salida'...
2026-06-11 08:00:23,904  INFO    ✅ Hoja 'Vales de Salida' actualizada.
2026-06-11 08:00:23,939  INFO  Actualizando Base Produccion → 'Stock' (125 filas)...
2026-06-11 08:00:24,461  INFO    Limpiando hoja 'Stock'...
2026-06-11 08:00:24,821  INFO    Escribiendo 125 filas en 'Stock'...
2026-06-11 08:00:25,077  INFO    ✅ Hoja 'Stock' actualizada.
2026-06-11 08:00:26,003  INFO  Actualizando Base Produccion → 'Ventas_Full' (1,897 filas)...
2026-06-11 08:00:26,507  INFO    Limpiando hoja 'Ventas_Full'...
2026-06-11 08:00:26,967  INFO    Escribiendo 1,897 filas en 'Ventas_Full'...
2026-06-11 08:00:28,749  INFO    ✅ Hoja 'Ventas_Full' actualizada.
2026-06-11 08:00:28,791  INFO  Actualizando Base Produccion → 'WIP' (42 filas)...
2026-06-11 08:00:29,324  INFO    Limpiando hoja 'WIP'...
2026-06-11 08:00:29,615  INFO    Escribiendo 42 filas en 'WIP'...
2026-06-11 08:00:29,885  INFO    ✅ Hoja 'WIP' actualizada.
2026-06-11 08:00:29,939  INFO  Actualizando Base Produccion → 'Stock Vendido' (160 filas)...
2026-06-11 08:00:30,518  INFO    Limpiando hoja 'Stock Vendido'...
2026-06-11 08:00:30,800  INFO    Escribiendo 160 filas en 'Stock Vendido'...
2026-06-11 08:00:31,146  INFO    ✅ Hoja 'Stock Vendido' actualizada.
2026-06-11 08:00:31,200  INFO  Actualizando Base Produccion → 'Consumos Acero' (172 filas)...
2026-06-11 08:00:31,863  INFO    Limpiando hoja 'Consumos Acero'...
2026-06-11 08:00:32,140  INFO    Escribiendo 172 filas en 'Consumos Acero'...
2026-06-11 08:00:32,457  INFO    ✅ Hoja 'Consumos Acero' actualizada.
2026-06-11 08:00:33,370  INFO  Actualizando Presupuestos → 'Ventas Full Manager' (1,897 filas)...
2026-06-11 08:00:34,451  INFO    Limpiando hoja 'Ventas Full Manager'...
2026-06-11 08:00:35,109  INFO    Escribiendo 1,897 filas en 'Ventas Full Manager'...
2026-06-11 08:00:38,227  INFO    ✅ Hoja 'Ventas Full Manager' actualizada.
2026-06-11 08:00:38,443  INFO  Actualizando Presupuestos → 'Notas de Venta' (787 filas)...
2026-06-11 08:00:39,379  INFO    Limpiando hoja 'Notas de Venta'...
2026-06-11 08:00:39,985  INFO    Escribiendo 787 filas en 'Notas de Venta'...
2026-06-11 08:00:40,615  INFO    ✅ Hoja 'Notas de Venta' actualizada.
2026-06-11 08:00:41,282  INFO  Actualizando Presupuestos → 'Cotizaciones' (3,500 filas)...
2026-06-11 08:00:43,811  INFO    Limpiando hoja 'Cotizaciones'...
2026-06-11 08:00:44,444  INFO    Escribiendo 3,500 filas en 'Cotizaciones'...
2026-06-11 08:00:46,086  INFO    ✅ Hoja 'Cotizaciones' actualizada.
2026-06-11 08:00:46,135  INFO  Actualizando Presupuestos → 'Calendario' (95 filas)...
2026-06-11 08:00:46,927  INFO    Limpiando hoja 'Calendario'...
2026-06-11 08:00:47,340  INFO    Escribiendo 95 filas en 'Calendario'...
2026-06-11 08:00:47,735  INFO    ✅ Hoja 'Calendario' actualizada.
2026-06-11 08:00:47,736  INFO  
2026-06-11 08:00:47,736  INFO  ✅ Todo actualizado:
2026-06-11 08:00:47,737  INFO     📁 Drive: Reportes_Completos_Actualizado.xlsx
2026-06-11 08:00:47,737  INFO     📊 Base Produccion: ['Orden de Produccion', 'Por Facturar', 'Control Inventario', 'Notas de Venta', 'Vales de Salida', 'Stock', 'Ventas_Full', 'WIP', 'Stock Vendido', 'Consumos Acero']
2026-06-11 08:00:47,737  INFO     📊 Presupuestos: Ventas Full Manager
2026-06-11 08:00:47,740  INFO  
2026-06-11 08:00:47,741  INFO  ╔═════════════════════════════════════════════════════╗
2026-06-11 08:00:47,800  INFO  ║  ✅ PIPELINE COMPLETADO en 392s                      ║
2026-06-11 08:00:47,800  INFO  ║  📊 Excel en Drive: VentasFull_Actualizado.xlsx      ║
2026-06-11 08:00:47,800  INFO  ╚═════════════════════════════════════════════════════╝
2026-06-12 07:46:02,322  INFO  ╔═════════════════════════════════════════════════════╗
2026-06-12 07:46:02,325  INFO  ║   PIPELINE VENTAS FULL — Inicio: 2026-06-12 07:46   ║
2026-06-12 07:46:02,325  INFO  ╚═════════════════════════════════════════════════════╝
2026-06-12 07:46:02,325  INFO  
2026-06-12 07:46:02,326  INFO  ━━━━━━━━━━━━━━━━━━━━━━━━━━━━━━━━━━━━━━━━━━━━━━━━━━━━━━━
2026-06-12 07:46:02,326  INFO    PASO 1/3 — Descargar backup desde Manager
2026-06-12 07:46:02,326  INFO  ━━━━━━━━━━━━━━━━━━━━━━━━━━━━━━━━━━━━━━━━━━━━━━━━━━━━━━━
2026-06-12 07:46:04,062  INFO  =======================================================
2026-06-12 07:46:04,063  INFO    Iniciando descarga automática de backup Manager
2026-06-12 07:46:04,066  INFO  =======================================================
2026-06-12 07:46:04,070  INFO  ====== WebDriver manager ======
2026-06-12 07:46:09,290  INFO  Get LATEST chromedriver version for google-chrome
2026-06-12 07:46:10,122  INFO  Get LATEST chromedriver version for google-chrome
2026-06-12 07:46:10,545  INFO  There is no [win64] chromedriver "149.0.7827.115" for browser google-chrome "149.0.7827" in cache
2026-06-12 07:46:10,546  INFO  Get LATEST chromedriver version for google-chrome
2026-06-12 07:46:11,559  INFO  WebDriver version 149.0.7827.115 selected
2026-06-12 07:46:11,569  INFO  Modern chrome version https://storage.googleapis.com/chrome-for-testing-public/149.0.7827.115/win32/chromedriver-win32.zip
2026-06-12 07:46:11,570  INFO  About to download new driver from https://storage.googleapis.com/chrome-for-testing-public/149.0.7827.115/win32/chromedriver-win32.zip
2026-06-12 07:46:12,002  INFO  Driver downloading response is 200
2026-06-12 07:46:12,928  INFO  Get LATEST chromedriver version for google-chrome
2026-06-12 07:46:13,611  INFO  Driver has been saved in cache [C:\Users\atorr\.wdm\drivers\chromedriver\win64\149.0.7827.115]
2026-06-12 07:46:16,697  INFO  Abriendo login: https://prodkernel.manager.cl/index.html
2026-06-12 07:46:19,241  INFO  Inputs visibles: 3
2026-06-12 07:46:20,253  INFO  Login enviado...
2026-06-12 07:46:24,276  INFO  ✅ Login exitoso. session_id: cebb080f...
2026-06-12 07:46:24,277  INFO  Navegando a: https://prodkernel.manager.cl/managerbackups.html?session_id=cebb080fdf19f25306b0c064afc6e807&cd=prodkernel
2026-06-12 07:46:24,442  INFO  Recarga 1/10...
2026-06-12 07:46:30,676  INFO    filas .bak encontradas: 0
2026-06-12 07:46:30,677  INFO  Recarga 2/10...
2026-06-12 07:46:35,305  INFO    filas .bak encontradas: 3
2026-06-12 07:46:35,305  INFO  ✅ Tabla cargada en recarga 2.
2026-06-12 07:46:35,400  INFO    Ignorando: 2026-6-12-T779354202A.bak
2026-06-12 07:46:35,464  INFO    Ignorando: 2026-6-12-T779354202B.bak
2026-06-12 07:46:35,528  INFO  Backup seleccionado: 2026-6-12-T779354202C.bak (2026-06-12 10:10:48+00:00)
2026-06-12 07:46:35,539  INFO  HTML fila completa: <td class="bucket">mng-respaldos-poliuretano</td><td class="Key">2026-6-12-T779354202C.bak</td><td class="LastModified">2026-06-12 10:10:48+00:00</td><td class="Size">0.18 GB</td><td class="presigned_url" style="display: none;">https://mng-respaldos-poliuretano.s3.amazonaws.com/2026-6-12-T779354202C.bak?AWSAccessKeyId=AKIAZPIFFWJDVFW267ZG&amp;Signature=G3leQeX1Hb0jSgzQzLCPnI%2B8pIs%3D&amp;Expires=1781265089</td><td><i onclick="downloadbackup($(this).parent().parent())" class="fas fa-download"></
2026-06-12 07:46:37,867  INFO  Descargando 2026-6-12-T779354202C.bak desde S3...
2026-06-12 07:46:42,972  INFO    10 MB / 179 MB (6%)
2026-06-12 07:46:46,247  INFO    21 MB / 179 MB (12%)
2026-06-12 07:46:49,410  INFO    31 MB / 179 MB (18%)
2026-06-12 07:46:52,552  INFO    42 MB / 179 MB (23%)
2026-06-12 07:46:55,402  INFO    52 MB / 179 MB (29%)
2026-06-12 07:46:58,083  INFO    63 MB / 179 MB (35%)
2026-06-12 07:47:01,272  INFO    73 MB / 179 MB (41%)
2026-06-12 07:47:07,369  INFO    84 MB / 179 MB (47%)
2026-06-12 07:47:27,670  INFO    94 MB / 179 MB (53%)
2026-06-12 07:47:46,682  INFO    105 MB / 179 MB (58%)
2026-06-12 07:47:57,099  INFO    115 MB / 179 MB (64%)
2026-06-12 07:48:11,287  INFO    126 MB / 179 MB (70%)
2026-06-12 07:48:27,456  INFO    136 MB / 179 MB (76%)
2026-06-12 07:48:41,462  INFO    147 MB / 179 MB (82%)
2026-06-12 07:48:51,110  INFO    157 MB / 179 MB (88%)
2026-06-12 07:49:05,052  INFO    168 MB / 179 MB (94%)
2026-06-12 07:49:09,859  INFO    178 MB / 179 MB (99%)
2026-06-12 07:49:10,153  INFO  ✅ Descarga completa: 2026-6-12-T779354202C.bak (179.4 MB)
2026-06-12 07:49:10,161  INFO  Backup guardado en: C:\Backups\Manager\2026-6-12-T779354202C_2026-06-12.bak
2026-06-12 07:49:10,161  INFO  ✅ Éxito — backup guardado en: C:\Backups\Manager\2026-6-12-T779354202C_2026-06-12.bak
2026-06-12 07:49:14,284  WARNING  Retrying (Retry(total=2, connect=None, read=None, redirect=None, status=None)) after connection broken by 'NewConnectionError("HTTPConnection(host='localhost', port=50634): Failed to establish a new connection: [WinError 10061] No se puede establecer una conexión ya que el equipo de destino denegó expresamente dicha conexión")': /session/ea41eb39e89af37f8de07f1d20387be6
2026-06-12 07:49:18,337  WARNING  Retrying (Retry(total=1, connect=None, read=None, redirect=None, status=None)) after connection broken by 'NewConnectionError("HTTPConnection(host='localhost', port=50634): Failed to establish a new connection: [WinError 10061] No se puede establecer una conexión ya que el equipo de destino denegó expresamente dicha conexión")': /session/ea41eb39e89af37f8de07f1d20387be6
2026-06-12 07:49:22,393  WARNING  Retrying (Retry(total=0, connect=None, read=None, redirect=None, status=None)) after connection broken by 'NewConnectionError("HTTPConnection(host='localhost', port=50634): Failed to establish a new connection: [WinError 10061] No se puede establecer una conexión ya que el equipo de destino denegó expresamente dicha conexión")': /session/ea41eb39e89af37f8de07f1d20387be6
2026-06-12 07:49:26,456  INFO  
2026-06-12 07:49:26,456  INFO  ━━━━━━━━━━━━━━━━━━━━━━━━━━━━━━━━━━━━━━━━━━━━━━━━━━━━━━━
2026-06-12 07:49:26,457  INFO    PASO 2/3 — Restaurar BD y extraer Ventas Full
2026-06-12 07:49:26,457  INFO  ━━━━━━━━━━━━━━━━━━━━━━━━━━━━━━━━━━━━━━━━━━━━━━━━━━━━━━━
2026-06-12 07:49:31,636  INFO  ============================================================
2026-06-12 07:49:31,636  INFO    PASO 1 — Restaurar BD y extraer Múltiples Reportes
2026-06-12 07:49:31,636  INFO  ============================================================
2026-06-12 07:49:31,650  INFO  Usando .bak de ultimo_bak.txt: 2026-6-12-T779354202C_2026-06-12.bak
2026-06-12 07:49:31,651  INFO  Usando backup: 2026-6-12-T779354202C_2026-06-12.bak
2026-06-12 07:49:31,653  INFO  Restaurando 2026-6-12-T779354202C_2026-06-12.bak como 'T779354202C'...
2026-06-12 07:49:31,655  INFO  Copiando .bak a C:\Program Files\Microsoft SQL Server\MSSQL17.SQLEXPRESS\MSSQL\DATA\2026-6-12-T779354202C_2026-06-12.bak...
2026-06-12 07:49:34,406  INFO  Ejecutando RESTORE DATABASE...
2026-06-12 07:50:23,284  INFO  ✅ BD 'T779354202C' restaurada correctamente.
2026-06-12 07:50:23,284  INFO  Conectando a 'T779354202C' para extraer reportes...
2026-06-12 07:50:23,354  INFO  Ejecutando: Aceros...
2026-06-12 07:50:23,675  INFO    └─ 71 filas extraídas.
2026-06-12 07:50:23,675  INFO  Ejecutando: base_completo...
2026-06-12 07:50:25,199  INFO    └─ 9,184 filas extraídas.
2026-06-12 07:50:25,199  INFO  Ejecutando: calendario...
2026-06-12 07:50:25,413  INFO    └─ 94 filas extraídas.
2026-06-12 07:50:25,413  INFO  Ejecutando: Consumos_acero...
2026-06-12 07:50:25,539  INFO    └─ 185 filas extraídas.
2026-06-12 07:50:25,539  INFO  Ejecutando: Cotizaciones...
2026-06-12 07:50:25,616  INFO    └─ 3,518 filas extraídas.
2026-06-12 07:50:25,617  INFO  Ejecutando: Inventario_aceros...
2026-06-12 07:50:25,649  INFO    └─ 122 filas extraídas.
2026-06-12 07:50:25,649  INFO  Ejecutando: Notas_de_venta...
2026-06-12 07:50:25,689  INFO    └─ 791 filas extraídas.
2026-06-12 07:50:25,689  INFO  Ejecutando: Ordenes_de_Compra...
2026-06-12 07:50:25,871  INFO    └─ 287 filas extraídas.
2026-06-12 07:50:25,872  INFO  Ejecutando: Ordenes_de_produccion...
2026-06-12 07:50:26,053  INFO    └─ 3,320 filas extraídas.
2026-06-12 07:50:26,053  INFO  Ejecutando: Pendiente_a_facturar...
2026-06-12 07:50:26,090  ERROR    └─ Error ejecutando Pendiente_a_facturar: ('42000', '[42000] [Microsoft][ODBC Driver 17 for SQL Server][SQL Server]ORDER BY items must appear in the select list if SELECT DISTINCT is specified. (145) (SQLExecDirectW)')
2026-06-12 07:50:26,091  INFO  Ejecutando: Productos_Stock...
2026-06-12 07:50:26,163  INFO    └─ 125 filas extraídas.
2026-06-12 07:50:26,163  INFO  Ejecutando: Stock_vendido...
2026-06-12 07:50:26,227  INFO    └─ 160 filas extraídas.
2026-06-12 07:50:26,227  INFO  Ejecutando: Vales_de_Salida...
2026-06-12 07:50:26,243  ERROR    └─ Error ejecutando Vales_de_Salida: ('42000', '[42000] [Microsoft][ODBC Driver 17 for SQL Server][SQL Server]ORDER BY items must appear in the select list if SELECT DISTINCT is specified. (145) (SQLExecDirectW)')
2026-06-12 07:50:26,244  INFO  Ejecutando: Ventas_Full...
2026-06-12 07:50:26,692  INFO    └─ 1,916 filas extraídas.
2026-06-12 07:50:26,693  INFO  Ejecutando: WIP...
2026-06-12 07:50:26,765  INFO    └─ 43 filas extraídas.
2026-06-12 07:50:26,768  INFO  Exportando a Excel multipestaña: C:\Reportes\VentasFull\Reportes_Completos_2026-06-12.xlsx
2026-06-12 07:51:22,187  WARNING    └─ Stock_vendido: columnas duplicadas renombradas
2026-06-12 07:51:39,545  INFO  ✅ Excel generado: C:\Reportes\VentasFull\Reportes_Completos_2026-06-12.xlsx (2.8 MB)
2026-06-12 07:51:39,547  INFO  ✅ Proceso Completado → C:\Reportes\VentasFull\Reportes_Completos_2026-06-12.xlsx
2026-06-12 07:51:39,562  INFO  
2026-06-12 07:51:39,562  INFO  ━━━━━━━━━━━━━━━━━━━━━━━━━━━━━━━━━━━━━━━━━━━━━━━━━━━━━━━
2026-06-12 07:51:39,562  INFO    PASO 3/3 — Subir Excel a Google Drive
2026-06-12 07:51:39,562  INFO  ━━━━━━━━━━━━━━━━━━━━━━━━━━━━━━━━━━━━━━━━━━━━━━━━━━━━━━━
2026-06-12 07:51:43,039  INFO  =======================================================
2026-06-12 07:51:43,039  INFO    PASO 2 — Subir a Drive y actualizar Google Sheets
2026-06-12 07:51:43,039  INFO  =======================================================
2026-06-12 07:51:43,050  INFO  Procesando: Reportes_Completos_2026-06-12.xlsx (2.8 MB)
2026-06-12 07:51:43,120  INFO  file_cache is only supported with oauth2client<4.0.0
2026-06-12 07:51:43,142  INFO  file_cache is only supported with oauth2client<4.0.0
2026-06-12 07:51:44,341  INFO  Creando Excel nuevo en Drive...
2026-06-12 07:51:46,912  INFO  ✅ Excel subido a Drive: Reportes_Completos_Actualizado.xlsx
2026-06-12 07:51:46,912  INFO  Leyendo Excel para actualizar Google Sheets...
2026-06-12 07:51:46,936  INFO  Pestañas encontradas en Excel: ['Aceros', 'base_completo', 'calendario', 'Consumos_acero', 'Cotizaciones', 'Inventario_aceros', 'Notas_de_venta', 'Ordenes_de_Compra', 'Ordenes_de_produccion', 'Productos_Stock', 'Stock_vendido', 'Ventas_Full', 'WIP']
2026-06-12 07:51:48,125  INFO  Actualizando Base Produccion → 'Orden de Produccion' (3,320 filas)...
2026-06-12 07:51:50,402  INFO    Limpiando hoja 'Orden de Produccion'...
2026-06-12 07:51:51,124  INFO    Escribiendo 3,320 filas en 'Orden de Produccion'...
2026-06-12 07:51:53,328  INFO    ✅ Hoja 'Orden de Produccion' actualizada.
2026-06-12 07:51:53,434  INFO  Actualizando Base Produccion → 'Por Facturar' (94 filas)...
2026-06-12 07:51:54,003  INFO    Limpiando hoja 'Por Facturar'...
2026-06-12 07:51:54,279  INFO    Escribiendo 94 filas en 'Por Facturar'...
2026-06-12 07:51:54,574  INFO    ✅ Hoja 'Por Facturar' actualizada.
2026-06-12 07:51:54,627  INFO  Actualizando Base Produccion → 'Control Inventario' (122 filas)...
2026-06-12 07:51:55,112  INFO    Limpiando hoja 'Control Inventario'...
2026-06-12 07:51:55,390  INFO    Escribiendo 122 filas en 'Control Inventario'...
2026-06-12 07:51:55,687  INFO    ✅ Hoja 'Control Inventario' actualizada.
2026-06-12 07:51:56,626  INFO  Actualizando Base Produccion → 'Notas de Venta' (791 filas)...
2026-06-12 07:51:57,155  INFO    Limpiando hoja 'Notas de Venta'...
2026-06-12 07:51:57,442  INFO    Escribiendo 791 filas en 'Notas de Venta'...
2026-06-12 07:51:57,878  INFO    ✅ Hoja 'Notas de Venta' actualizada.
2026-06-12 07:51:57,921  INFO  Actualizando Base Produccion → 'Vales de Salida' (71 filas)...
2026-06-12 07:51:58,395  INFO    Limpiando hoja 'Vales de Salida'...
2026-06-12 07:51:58,668  INFO    Escribiendo 71 filas en 'Vales de Salida'...
2026-06-12 07:51:59,045  INFO    ✅ Hoja 'Vales de Salida' actualizada.
2026-06-12 07:51:59,087  INFO  Actualizando Base Produccion → 'Stock' (125 filas)...
2026-06-12 07:51:59,579  INFO    Limpiando hoja 'Stock'...
2026-06-12 07:51:59,864  INFO    Escribiendo 125 filas en 'Stock'...
2026-06-12 07:52:00,175  INFO    ✅ Hoja 'Stock' actualizada.
2026-06-12 07:52:01,096  INFO  Actualizando Base Produccion → 'Ventas_Full' (1,916 filas)...
2026-06-12 07:52:01,646  INFO    Limpiando hoja 'Ventas_Full'...
2026-06-12 07:52:02,077  INFO    Escribiendo 1,916 filas en 'Ventas_Full'...
2026-06-12 07:52:03,857  INFO    ✅ Hoja 'Ventas_Full' actualizada.
2026-06-12 07:52:03,898  INFO  Actualizando Base Produccion → 'WIP' (43 filas)...
2026-06-12 07:52:04,438  INFO    Limpiando hoja 'WIP'...
2026-06-12 07:52:04,688  INFO    Escribiendo 43 filas en 'WIP'...
2026-06-12 07:52:04,964  INFO    ✅ Hoja 'WIP' actualizada.
2026-06-12 07:52:05,002  INFO  Actualizando Base Produccion → 'Stock Vendido' (160 filas)...
2026-06-12 07:52:05,595  INFO    Limpiando hoja 'Stock Vendido'...
2026-06-12 07:52:05,882  INFO    Escribiendo 160 filas en 'Stock Vendido'...
2026-06-12 07:52:06,193  INFO    ✅ Hoja 'Stock Vendido' actualizada.
2026-06-12 07:52:06,251  INFO  Actualizando Base Produccion → 'Consumos Acero' (185 filas)...
2026-06-12 07:52:06,736  INFO    Limpiando hoja 'Consumos Acero'...
2026-06-12 07:52:07,035  INFO    Escribiendo 185 filas en 'Consumos Acero'...
2026-06-12 07:52:07,328  INFO    ✅ Hoja 'Consumos Acero' actualizada.
2026-06-12 07:52:08,134  INFO  Actualizando Presupuestos → 'Ventas Full Manager' (1,916 filas)...
2026-06-12 07:52:10,160  INFO    Limpiando hoja 'Ventas Full Manager'...
2026-06-12 07:52:10,649  INFO    Escribiendo 1,916 filas en 'Ventas Full Manager'...
2026-06-12 07:52:13,939  INFO    ✅ Hoja 'Ventas Full Manager' actualizada.
2026-06-12 07:52:14,166  INFO  Actualizando Presupuestos → 'Notas de Venta' (791 filas)...
2026-06-12 07:52:14,681  INFO    Limpiando hoja 'Notas de Venta'...
2026-06-12 07:52:14,957  INFO    Escribiendo 791 filas en 'Notas de Venta'...
2026-06-12 07:52:15,310  INFO    ✅ Hoja 'Notas de Venta' actualizada.
2026-06-12 07:52:16,061  INFO  Actualizando Presupuestos → 'Cotizaciones' (3,518 filas)...
2026-06-12 07:52:16,574  INFO    Limpiando hoja 'Cotizaciones'...
2026-06-12 07:52:16,957  INFO    Escribiendo 3,518 filas en 'Cotizaciones'...
2026-06-12 07:52:17,602  INFO    ✅ Hoja 'Cotizaciones' actualizada.
2026-06-12 07:52:17,655  INFO  Actualizando Presupuestos → 'Calendario' (94 filas)...
2026-06-12 07:52:18,164  INFO    Limpiando hoja 'Calendario'...
2026-06-12 07:52:18,419  INFO    Escribiendo 94 filas en 'Calendario'...
2026-06-12 07:52:18,670  INFO    ✅ Hoja 'Calendario' actualizada.
2026-06-12 07:52:18,671  INFO  
2026-06-12 07:52:18,671  INFO  ✅ Todo actualizado:
2026-06-12 07:52:18,671  INFO     📁 Drive: Reportes_Completos_Actualizado.xlsx
2026-06-12 07:52:18,672  INFO     📊 Base Produccion: ['Orden de Produccion', 'Por Facturar', 'Control Inventario', 'Notas de Venta', 'Vales de Salida', 'Stock', 'Ventas_Full', 'WIP', 'Stock Vendido', 'Consumos Acero']
2026-06-12 07:52:18,672  INFO     📊 Presupuestos: Ventas Full Manager
2026-06-12 07:52:18,675  INFO  
2026-06-12 07:52:18,675  INFO  ╔═════════════════════════════════════════════════════╗
2026-06-12 07:52:18,696  INFO  ║  ✅ PIPELINE COMPLETADO en 376s                      ║
2026-06-12 07:52:18,697  INFO  ║  📊 Excel en Drive: VentasFull_Actualizado.xlsx      ║
2026-06-12 07:52:18,697  INFO  ╚═════════════════════════════════════════════════════╝
2026-06-12 08:35:15,545  INFO  ╔═════════════════════════════════════════════════════╗
2026-06-12 08:35:15,546  INFO  ║   PIPELINE VENTAS FULL — Inicio: 2026-06-12 08:35   ║
2026-06-12 08:35:15,546  INFO  ╚═════════════════════════════════════════════════════╝
2026-06-12 08:35:15,546  INFO  
2026-06-12 08:35:15,546  INFO  ━━━━━━━━━━━━━━━━━━━━━━━━━━━━━━━━━━━━━━━━━━━━━━━━━━━━━━━
2026-06-12 08:35:15,546  INFO    PASO 1/3 — Descargar backup desde Manager
2026-06-12 08:35:15,546  INFO  ━━━━━━━━━━━━━━━━━━━━━━━━━━━━━━━━━━━━━━━━━━━━━━━━━━━━━━━
2026-06-12 08:35:16,570  INFO  =======================================================
2026-06-12 08:35:16,570  INFO    Iniciando descarga automática de backup Manager
2026-06-12 08:35:16,570  INFO  =======================================================
2026-06-12 08:35:16,571  INFO  ====== WebDriver manager ======
2026-06-12 08:35:19,685  INFO  Get LATEST chromedriver version for google-chrome
2026-06-12 08:35:20,147  INFO  Get LATEST chromedriver version for google-chrome
2026-06-12 08:35:20,484  INFO  Driver [C:\Users\atorr\.wdm\drivers\chromedriver\win64\149.0.7827.115\chromedriver-win32/chromedriver.exe] found in cache
2026-06-12 08:35:24,022  INFO  Abriendo login: https://prodkernel.manager.cl/index.html
2026-06-12 08:35:26,018  INFO  Inputs visibles: 3
2026-06-12 08:35:26,326  INFO  Login enviado...
2026-06-12 08:35:30,339  INFO  ✅ Login exitoso. session_id: a9c01e17...
2026-06-12 08:35:30,340  INFO  Navegando a: https://prodkernel.manager.cl/managerbackups.html?session_id=a9c01e17fe83c210da4ea03f0ec3c9b2&cd=prodkernel
2026-06-12 08:35:30,445  INFO  Recarga 1/10...
2026-06-12 08:35:34,529  INFO    filas .bak encontradas: 0
2026-06-12 08:35:34,529  INFO  Recarga 2/10...
2026-06-12 08:35:38,599  INFO    filas .bak encontradas: 3
2026-06-12 08:35:38,600  INFO  ✅ Tabla cargada en recarga 2.
2026-06-12 08:35:38,635  INFO    Ignorando: 2026-6-12-T779354202A.bak
2026-06-12 08:35:38,659  INFO    Ignorando: 2026-6-12-T779354202B.bak
2026-06-12 08:35:38,683  INFO  Backup seleccionado: 2026-6-12-T779354202C.bak (2026-06-12 10:10:48+00:00)
2026-06-12 08:35:38,690  INFO  HTML fila completa: <td class="bucket">mng-respaldos-poliuretano</td><td class="Key">2026-6-12-T779354202C.bak</td><td class="LastModified">2026-06-12 10:10:48+00:00</td><td class="Size">0.18 GB</td><td class="presigned_url" style="display: none;">https://mng-respaldos-poliuretano.s3.amazonaws.com/2026-6-12-T779354202C.bak?AWSAccessKeyId=AKIAZPIFFWJDVFW267ZG&amp;Signature=zQx6pnaHqI4C5SiZNqItpC8Ab14%3D&amp;Expires=1781268032</td><td><i onclick="downloadbackup($(this).parent().parent())" class="fas fa-download"></i>
2026-06-12 08:35:40,918  INFO  Descargando 2026-6-12-T779354202C.bak desde S3...
2026-06-12 08:35:50,524  INFO    10 MB / 179 MB (6%)
2026-06-12 08:35:55,152  INFO    21 MB / 179 MB (12%)
2026-06-12 08:35:57,683  INFO    31 MB / 179 MB (18%)
2026-06-12 08:36:01,184  INFO    42 MB / 179 MB (23%)
2026-06-12 08:36:05,480  INFO    52 MB / 179 MB (29%)
2026-06-12 08:36:09,716  INFO    63 MB / 179 MB (35%)
2026-06-12 08:36:13,649  INFO    73 MB / 179 MB (41%)
2026-06-12 08:36:19,177  INFO    84 MB / 179 MB (47%)
2026-06-12 08:36:28,250  INFO    94 MB / 179 MB (53%)
2026-06-12 08:36:31,065  INFO    105 MB / 179 MB (58%)
2026-06-12 08:36:33,176  INFO    115 MB / 179 MB (64%)
2026-06-12 08:36:35,774  INFO    126 MB / 179 MB (70%)
2026-06-12 08:36:38,731  INFO    136 MB / 179 MB (76%)
2026-06-12 08:36:43,744  INFO    147 MB / 179 MB (82%)
2026-06-12 08:36:48,967  INFO    157 MB / 179 MB (88%)
2026-06-12 08:36:53,806  INFO    168 MB / 179 MB (94%)
2026-06-12 08:36:57,756  INFO    178 MB / 179 MB (99%)
2026-06-12 08:36:58,089  INFO  ✅ Descarga completa: 2026-6-12-T779354202C.bak (179.4 MB)
2026-06-12 08:36:58,095  INFO  Backup guardado en: C:\Backups\Manager\2026-6-12-T779354202C_2026-06-12_1781267818.bak
2026-06-12 08:36:58,095  INFO  ✅ Éxito — backup guardado en: C:\Backups\Manager\2026-6-12-T779354202C_2026-06-12_1781267818.bak
2026-06-12 08:37:02,195  WARNING  Retrying (Retry(total=2, connect=None, read=None, redirect=None, status=None)) after connection broken by 'NewConnectionError("HTTPConnection(host='localhost', port=59798): Failed to establish a new connection: [WinError 10061] No se puede establecer una conexión ya que el equipo de destino denegó expresamente dicha conexión")': /session/9796aa63d416dc17db5888da346da355
2026-06-12 08:37:06,298  WARNING  Retrying (Retry(total=1, connect=None, read=None, redirect=None, status=None)) after connection broken by 'NewConnectionError("HTTPConnection(host='localhost', port=59798): Failed to establish a new connection: [WinError 10061] No se puede establecer una conexión ya que el equipo de destino denegó expresamente dicha conexión")': /session/9796aa63d416dc17db5888da346da355
2026-06-12 08:37:10,378  WARNING  Retrying (Retry(total=0, connect=None, read=None, redirect=None, status=None)) after connection broken by 'NewConnectionError("HTTPConnection(host='localhost', port=59798): Failed to establish a new connection: [WinError 10061] No se puede establecer una conexión ya que el equipo de destino denegó expresamente dicha conexión")': /session/9796aa63d416dc17db5888da346da355
2026-06-12 08:37:14,474  INFO  
2026-06-12 08:37:14,474  INFO  ━━━━━━━━━━━━━━━━━━━━━━━━━━━━━━━━━━━━━━━━━━━━━━━━━━━━━━━
2026-06-12 08:37:14,474  INFO    PASO 2/3 — Restaurar BD y extraer Ventas Full
2026-06-12 08:37:14,474  INFO  ━━━━━━━━━━━━━━━━━━━━━━━━━━━━━━━━━━━━━━━━━━━━━━━━━━━━━━━
2026-06-12 08:37:20,290  INFO  ============================================================
2026-06-12 08:37:20,290  INFO    PASO 1 — Restaurar BD y extraer Múltiples Reportes
2026-06-12 08:37:20,290  INFO  ============================================================
2026-06-12 08:37:20,303  INFO  Usando .bak de ultimo_bak.txt: 2026-6-12-T779354202C_2026-06-12_1781267818.bak
2026-06-12 08:37:20,303  INFO  Usando backup: 2026-6-12-T779354202C_2026-06-12_1781267818.bak
2026-06-12 08:37:20,303  INFO  Restaurando 2026-6-12-T779354202C_2026-06-12_1781267818.bak como 'T779354202C'...
2026-06-12 08:37:20,304  INFO  Copiando .bak a C:\Program Files\Microsoft SQL Server\MSSQL17.SQLEXPRESS\MSSQL\DATA\2026-6-12-T779354202C_2026-06-12_1781267818.bak...
2026-06-12 08:37:21,061  INFO  Ejecutando RESTORE DATABASE...
2026-06-12 08:38:05,517  INFO  ✅ BD 'T779354202C' restaurada correctamente.
2026-06-12 08:38:05,518  INFO  Conectando a 'T779354202C' para extraer reportes...
2026-06-12 08:38:05,570  INFO  Ejecutando: Aceros...
2026-06-12 08:38:05,869  INFO    └─ 71 filas extraídas.
2026-06-12 08:38:05,870  INFO  Ejecutando: base_completo...
2026-06-12 08:38:07,686  INFO    └─ 9,184 filas extraídas.
2026-06-12 08:38:07,686  INFO  Ejecutando: calendario...
2026-06-12 08:38:07,909  INFO    └─ 94 filas extraídas.
2026-06-12 08:38:07,910  INFO  Ejecutando: Consumos_acero...
2026-06-12 08:38:08,066  INFO    └─ 185 filas extraídas.
2026-06-12 08:38:08,066  INFO  Ejecutando: Cotizaciones...
2026-06-12 08:38:08,169  INFO    └─ 3,518 filas extraídas.
2026-06-12 08:38:08,169  INFO  Ejecutando: Inventario_aceros...
2026-06-12 08:38:08,209  INFO    └─ 122 filas extraídas.
2026-06-12 08:38:08,209  INFO  Ejecutando: Notas_de_venta...
2026-06-12 08:38:08,255  INFO    └─ 791 filas extraídas.
2026-06-12 08:38:08,256  INFO  Ejecutando: Ordenes_de_Compra...
2026-06-12 08:38:08,411  INFO    └─ 287 filas extraídas.
2026-06-12 08:38:08,411  INFO  Ejecutando: Ordenes_de_produccion...
2026-06-12 08:38:08,666  INFO    └─ 3,320 filas extraídas.
2026-06-12 08:38:08,666  INFO  Ejecutando: Pendiente_a_facturar...
2026-06-12 08:38:08,686  ERROR    └─ Error ejecutando Pendiente_a_facturar: ('42000', '[42000] [Microsoft][ODBC Driver 17 for SQL Server][SQL Server]ORDER BY items must appear in the select list if SELECT DISTINCT is specified. (145) (SQLExecDirectW)')
2026-06-12 08:38:08,686  INFO  Ejecutando: Productos_Stock...
2026-06-12 08:38:08,720  INFO    └─ 125 filas extraídas.
2026-06-12 08:38:08,720  INFO  Ejecutando: Stock_vendido...
2026-06-12 08:38:08,786  INFO    └─ 160 filas extraídas.
2026-06-12 08:38:08,786  INFO  Ejecutando: Vales_de_Salida...
2026-06-12 08:38:08,809  ERROR    └─ Error ejecutando Vales_de_Salida: ('42000', '[42000] [Microsoft][ODBC Driver 17 for SQL Server][SQL Server]ORDER BY items must appear in the select list if SELECT DISTINCT is specified. (145) (SQLExecDirectW)')
2026-06-12 08:38:08,810  INFO  Ejecutando: Ventas_Full...
2026-06-12 08:38:09,362  INFO    └─ 1,916 filas extraídas.
2026-06-12 08:38:09,363  INFO  Ejecutando: WIP...
2026-06-12 08:38:09,421  INFO    └─ 43 filas extraídas.
2026-06-12 08:38:09,424  INFO  Exportando a Excel multipestaña: C:\Reportes\VentasFull\Reportes_Completos_2026-06-12.xlsx
2026-06-12 08:39:31,809  WARNING    └─ Stock_vendido: columnas duplicadas renombradas
2026-06-12 08:39:58,001  INFO  ✅ Excel generado: C:\Reportes\VentasFull\Reportes_Completos_2026-06-12.xlsx (2.8 MB)
2026-06-12 08:39:58,003  INFO  ✅ Proceso Completado → C:\Reportes\VentasFull\Reportes_Completos_2026-06-12.xlsx
2026-06-12 08:39:58,018  INFO  
2026-06-12 08:39:58,018  INFO  ━━━━━━━━━━━━━━━━━━━━━━━━━━━━━━━━━━━━━━━━━━━━━━━━━━━━━━━
2026-06-12 08:39:58,018  INFO    PASO 3/3 — Subir Excel a Google Drive
2026-06-12 08:39:58,018  INFO  ━━━━━━━━━━━━━━━━━━━━━━━━━━━━━━━━━━━━━━━━━━━━━━━━━━━━━━━
2026-06-12 08:40:02,736  INFO  =======================================================
2026-06-12 08:40:02,736  INFO    PASO 2 — Subir a Drive y actualizar Google Sheets
2026-06-12 08:40:02,736  INFO  =======================================================
2026-06-12 08:40:02,749  INFO  Procesando: Reportes_Completos_2026-06-12.xlsx (2.8 MB)
2026-06-12 08:40:02,847  INFO  file_cache is only supported with oauth2client<4.0.0
2026-06-12 08:40:02,876  INFO  file_cache is only supported with oauth2client<4.0.0
2026-06-12 08:40:04,388  INFO  Creando Excel nuevo en Drive...
2026-06-12 08:40:07,746  INFO  ✅ Excel subido a Drive: Reportes_Completos_Actualizado.xlsx
2026-06-12 08:40:07,746  INFO  Leyendo Excel para actualizar Google Sheets...
2026-06-12 08:40:07,777  INFO  Pestañas encontradas en Excel: ['Aceros', 'base_completo', 'calendario', 'Consumos_acero', 'Cotizaciones', 'Inventario_aceros', 'Notas_de_venta', 'Ordenes_de_Compra', 'Ordenes_de_produccion', 'Productos_Stock', 'Stock_vendido', 'Ventas_Full', 'WIP']
2026-06-12 08:40:09,339  INFO  Actualizando Base Produccion → 'Orden de Produccion' (3,320 filas)...
2026-06-12 08:40:10,720  INFO    Limpiando hoja 'Orden de Produccion'...
2026-06-12 08:40:11,690  INFO    Escribiendo 3,320 filas en 'Orden de Produccion'...
2026-06-12 08:40:14,306  INFO    ✅ Hoja 'Orden de Produccion' actualizada.
2026-06-12 08:40:14,432  INFO  Actualizando Base Produccion → 'Por Facturar' (94 filas)...
2026-06-12 08:40:15,085  INFO    Limpiando hoja 'Por Facturar'...
2026-06-12 08:40:15,401  INFO    Escribiendo 94 filas en 'Por Facturar'...
2026-06-12 08:40:15,690  INFO    ✅ Hoja 'Por Facturar' actualizada.
2026-06-12 08:40:15,760  INFO  Actualizando Base Produccion → 'Control Inventario' (122 filas)...
2026-06-12 08:40:16,345  INFO    Limpiando hoja 'Control Inventario'...
2026-06-12 08:40:16,675  INFO    Escribiendo 122 filas en 'Control Inventario'...
2026-06-12 08:40:17,026  INFO    ✅ Hoja 'Control Inventario' actualizada.
2026-06-12 08:40:17,864  INFO  Actualizando Base Produccion → 'Notas de Venta' (791 filas)...
2026-06-12 08:40:18,446  INFO    Limpiando hoja 'Notas de Venta'...
2026-06-12 08:40:18,820  INFO    Escribiendo 791 filas en 'Notas de Venta'...
2026-06-12 08:40:19,271  INFO    ✅ Hoja 'Notas de Venta' actualizada.
2026-06-12 08:40:19,303  INFO  Actualizando Base Produccion → 'Vales de Salida' (71 filas)...
2026-06-12 08:40:19,872  INFO    Limpiando hoja 'Vales de Salida'...
2026-06-12 08:40:20,196  INFO    Escribiendo 71 filas en 'Vales de Salida'...
2026-06-12 08:40:20,510  INFO    ✅ Hoja 'Vales de Salida' actualizada.
2026-06-12 08:40:20,558  INFO  Actualizando Base Produccion → 'Stock' (125 filas)...
2026-06-12 08:40:21,084  INFO    Limpiando hoja 'Stock'...
2026-06-12 08:40:21,386  INFO    Escribiendo 125 filas en 'Stock'...
2026-06-12 08:40:21,663  INFO    ✅ Hoja 'Stock' actualizada.
2026-06-12 08:40:22,974  INFO  Actualizando Base Produccion → 'Ventas_Full' (1,916 filas)...
2026-06-12 08:40:23,471  INFO    Limpiando hoja 'Ventas_Full'...
2026-06-12 08:40:24,080  INFO    Escribiendo 1,916 filas en 'Ventas_Full'...
2026-06-12 08:40:26,195  INFO    ✅ Hoja 'Ventas_Full' actualizada.
2026-06-12 08:40:26,358  INFO  Actualizando Base Produccion → 'WIP' (43 filas)...
2026-06-12 08:40:26,961  INFO    Limpiando hoja 'WIP'...
2026-06-12 08:40:27,288  INFO    Escribiendo 43 filas en 'WIP'...
2026-06-12 08:40:27,579  INFO    ✅ Hoja 'WIP' actualizada.
2026-06-12 08:40:27,653  INFO  Actualizando Base Produccion → 'Stock Vendido' (160 filas)...
2026-06-12 08:40:28,176  INFO    Limpiando hoja 'Stock Vendido'...
2026-06-12 08:40:28,495  INFO    Escribiendo 160 filas en 'Stock Vendido'...
2026-06-12 08:40:28,832  INFO    ✅ Hoja 'Stock Vendido' actualizada.
2026-06-12 08:40:28,916  INFO  Actualizando Base Produccion → 'Consumos Acero' (185 filas)...
2026-06-12 08:40:29,434  INFO    Limpiando hoja 'Consumos Acero'...
2026-06-12 08:40:29,737  INFO    Escribiendo 185 filas en 'Consumos Acero'...
2026-06-12 08:40:30,050  INFO    ✅ Hoja 'Consumos Acero' actualizada.
2026-06-12 08:40:31,491  INFO  Actualizando Presupuestos → 'Ventas Full Manager' (1,916 filas)...
2026-06-12 08:40:32,427  INFO    Limpiando hoja 'Ventas Full Manager'...
2026-06-12 08:40:33,775  INFO    Escribiendo 1,916 filas en 'Ventas Full Manager'...
2026-06-12 08:40:35,670  INFO    ✅ Hoja 'Ventas Full Manager' actualizada.
2026-06-12 08:40:35,858  INFO  Actualizando Presupuestos → 'Notas de Venta' (791 filas)...
2026-06-12 08:40:36,521  INFO    Limpiando hoja 'Notas de Venta'...
2026-06-12 08:40:36,836  INFO    Escribiendo 791 filas en 'Notas de Venta'...
2026-06-12 08:40:37,213  INFO    ✅ Hoja 'Notas de Venta' actualizada.
2026-06-12 08:40:38,162  INFO  Actualizando Presupuestos → 'Cotizaciones' (3,518 filas)...
2026-06-12 08:40:38,772  INFO    Limpiando hoja 'Cotizaciones'...
2026-06-12 08:40:39,308  INFO    Escribiendo 3,518 filas en 'Cotizaciones'...
2026-06-12 08:40:40,101  INFO    ✅ Hoja 'Cotizaciones' actualizada.
2026-06-12 08:40:40,177  INFO  Actualizando Presupuestos → 'Calendario' (94 filas)...
2026-06-12 08:40:40,788  INFO    Limpiando hoja 'Calendario'...
2026-06-12 08:40:41,068  INFO    Escribiendo 94 filas en 'Calendario'...
2026-06-12 08:40:41,384  INFO    ✅ Hoja 'Calendario' actualizada.
2026-06-12 08:40:41,385  INFO  
2026-06-12 08:40:41,385  INFO  ✅ Todo actualizado:
2026-06-12 08:40:41,385  INFO     📁 Drive: Reportes_Completos_Actualizado.xlsx
2026-06-12 08:40:41,388  INFO     📊 Base Produccion: ['Orden de Produccion', 'Por Facturar', 'Control Inventario', 'Notas de Venta', 'Vales de Salida', 'Stock', 'Ventas_Full', 'WIP', 'Stock Vendido', 'Consumos Acero']
2026-06-12 08:40:41,388  INFO     📊 Presupuestos: Ventas Full Manager
2026-06-12 08:40:41,391  INFO  
2026-06-12 08:40:41,392  INFO  ╔═════════════════════════════════════════════════════╗
2026-06-12 08:40:41,392  INFO  ║  ✅ PIPELINE COMPLETADO en 325s                      ║
2026-06-12 08:40:41,392  INFO  ║  📊 Excel en Drive: VentasFull_Actualizado.xlsx      ║
2026-06-12 08:40:41,393  INFO  ╚═════════════════════════════════════════════════════╝
2026-06-15 07:49:44,877  INFO  ╔═════════════════════════════════════════════════════╗
2026-06-15 07:49:45,055  INFO  ║   PIPELINE VENTAS FULL — Inicio: 2026-06-15 07:49   ║
2026-06-15 07:49:45,074  INFO  ╚═════════════════════════════════════════════════════╝
2026-06-15 07:49:45,075  INFO  
2026-06-15 07:49:45,148  INFO  ━━━━━━━━━━━━━━━━━━━━━━━━━━━━━━━━━━━━━━━━━━━━━━━━━━━━━━━
2026-06-15 07:49:45,257  INFO    PASO 1/3 — Descargar backup desde Manager
2026-06-15 07:49:45,341  INFO  ━━━━━━━━━━━━━━━━━━━━━━━━━━━━━━━━━━━━━━━━━━━━━━━━━━━━━━━
2026-06-15 07:49:47,964  INFO  =======================================================
2026-06-15 07:49:47,974  INFO    Iniciando descarga automática de backup Manager
2026-06-15 07:49:47,985  INFO  =======================================================
2026-06-15 07:49:48,001  INFO  ====== WebDriver manager ======
2026-06-15 07:49:58,025  INFO  Get LATEST chromedriver version for google-chrome
2026-06-15 07:49:58,999  INFO  Get LATEST chromedriver version for google-chrome
2026-06-15 07:49:59,646  INFO  Get LATEST chromedriver version for google-chrome
2026-06-15 07:50:01,168  INFO  WebDriver version 149.0.7827.115 selected
2026-06-15 07:50:01,195  INFO  Modern chrome version https://storage.googleapis.com/chrome-for-testing-public/149.0.7827.115/win32/chromedriver-win32.zip
2026-06-15 07:50:01,197  INFO  About to download new driver from https://storage.googleapis.com/chrome-for-testing-public/149.0.7827.115/win32/chromedriver-win32.zip
2026-06-15 07:50:01,780  INFO  Driver downloading response is 200
2026-06-15 07:50:06,333  INFO  Get LATEST chromedriver version for google-chrome
2026-06-15 07:50:07,162  INFO  Driver has been saved in cache [C:\Users\atorr\.wdm\drivers\chromedriver\win64\149.0.7827.115]
2026-06-15 07:50:11,265  INFO  Abriendo login: https://prodkernel.manager.cl/index.html
2026-06-15 07:50:13,745  INFO  Inputs visibles: 3
2026-06-15 07:50:14,170  INFO  Login enviado...
2026-06-15 07:50:18,203  INFO  ✅ Login exitoso. session_id: 04e6fe32...
2026-06-15 07:50:18,213  INFO  Navegando a: https://prodkernel.manager.cl/managerbackups.html?session_id=04e6fe32e0b47852c56fb2a6888add8a&cd=prodkernel
2026-06-15 07:50:18,465  INFO  Recarga 1/10...
2026-06-15 07:50:22,592  INFO    filas .bak encontradas: 3
2026-06-15 07:50:22,593  INFO  ✅ Tabla cargada en recarga 1.
2026-06-15 07:50:22,685  INFO    Ignorando: 2026-6-15-T779354202A.bak
2026-06-15 07:50:22,788  INFO    Ignorando: 2026-6-15-T779354202B.bak
2026-06-15 07:50:22,862  INFO  Backup seleccionado: 2026-6-15-T779354202C.bak (2026-06-15 10:12:58+00:00)
2026-06-15 07:50:22,877  INFO  HTML fila completa: <td class="bucket">mng-respaldos-poliuretano</td><td class="Key">2026-6-15-T779354202C.bak</td><td class="LastModified">2026-06-15 10:12:58+00:00</td><td class="Size">0.18 GB</td><td class="presigned_url" style="display: none;">https://mng-respaldos-poliuretano.s3.amazonaws.com/2026-6-15-T779354202C.bak?AWSAccessKeyId=AKIAZPIFFWJDVFW267ZG&amp;Signature=HWEq2CKxiQ%2BsbIriTXTqCx1sZWA%3D&amp;Expires=1781524514</td><td><i onclick="downloadbackup($(this).parent().parent())" class="fas fa-download"></
2026-06-15 07:50:25,324  INFO  Descargando 2026-6-15-T779354202C.bak desde S3...
2026-06-15 07:50:31,955  INFO    10 MB / 179 MB (6%)
2026-06-15 07:50:37,349  INFO    21 MB / 179 MB (12%)
2026-06-15 07:50:42,863  INFO    31 MB / 179 MB (18%)
2026-06-15 07:50:47,548  INFO    42 MB / 179 MB (23%)
2026-06-15 07:50:52,366  INFO    52 MB / 179 MB (29%)
2026-06-15 07:51:00,243  INFO    63 MB / 179 MB (35%)
2026-06-15 07:51:06,137  INFO    73 MB / 179 MB (41%)
2026-06-15 07:51:12,102  INFO    84 MB / 179 MB (47%)
2026-06-15 07:51:17,616  INFO    94 MB / 179 MB (53%)
2026-06-15 07:51:26,253  INFO    105 MB / 179 MB (58%)
2026-06-15 07:51:30,423  INFO    115 MB / 179 MB (64%)
2026-06-15 07:51:32,491  INFO    126 MB / 179 MB (70%)
2026-06-15 07:51:34,254  INFO    136 MB / 179 MB (76%)
2026-06-15 07:51:35,929  INFO    147 MB / 179 MB (82%)
2026-06-15 07:51:37,834  INFO    157 MB / 179 MB (88%)
2026-06-15 07:51:40,077  INFO    168 MB / 179 MB (94%)
2026-06-15 07:51:43,385  INFO    178 MB / 179 MB (99%)
2026-06-15 07:51:43,811  INFO  ✅ Descarga completa: 2026-6-15-T779354202C.bak (179.4 MB)
2026-06-15 07:51:43,818  INFO  Backup guardado en: C:\Backups\Manager\2026-6-15-T779354202C_2026-06-15.bak
2026-06-15 07:51:43,819  INFO  ✅ Éxito — backup guardado en: C:\Backups\Manager\2026-6-15-T779354202C_2026-06-15.bak
2026-06-15 07:51:47,879  WARNING  Retrying (Retry(total=2, connect=None, read=None, redirect=None, status=None)) after connection broken by 'NewConnectionError("HTTPConnection(host='localhost', port=58059): Failed to establish a new connection: [WinError 10061] No se puede establecer una conexión ya que el equipo de destino denegó expresamente dicha conexión")': /session/c0d7bf12382ae88125511e1d44b684b1
2026-06-15 07:51:51,935  WARNING  Retrying (Retry(total=1, connect=None, read=None, redirect=None, status=None)) after connection broken by 'NewConnectionError("HTTPConnection(host='localhost', port=58059): Failed to establish a new connection: [WinError 10061] No se puede establecer una conexión ya que el equipo de destino denegó expresamente dicha conexión")': /session/c0d7bf12382ae88125511e1d44b684b1
2026-06-15 07:51:55,998  WARNING  Retrying (Retry(total=0, connect=None, read=None, redirect=None, status=None)) after connection broken by 'NewConnectionError("HTTPConnection(host='localhost', port=58059): Failed to establish a new connection: [WinError 10061] No se puede establecer una conexión ya que el equipo de destino denegó expresamente dicha conexión")': /session/c0d7bf12382ae88125511e1d44b684b1
2026-06-15 07:52:00,049  INFO  
2026-06-15 07:52:00,049  INFO  ━━━━━━━━━━━━━━━━━━━━━━━━━━━━━━━━━━━━━━━━━━━━━━━━━━━━━━━
2026-06-15 07:52:00,050  INFO    PASO 2/3 — Restaurar BD y extraer Ventas Full
2026-06-15 07:52:00,050  INFO  ━━━━━━━━━━━━━━━━━━━━━━━━━━━━━━━━━━━━━━━━━━━━━━━━━━━━━━━
2026-06-15 07:52:06,974  INFO  ============================================================
2026-06-15 07:52:06,975  INFO    PASO 1 — Restaurar BD y extraer Múltiples Reportes
2026-06-15 07:52:06,975  INFO  ============================================================
2026-06-15 07:52:06,992  INFO  Usando .bak de ultimo_bak.txt: 2026-6-15-T779354202C_2026-06-15.bak
2026-06-15 07:52:06,992  INFO  Usando backup: 2026-6-15-T779354202C_2026-06-15.bak
2026-06-15 07:52:06,992  INFO  Restaurando 2026-6-15-T779354202C_2026-06-15.bak como 'T779354202C'...
2026-06-15 07:52:06,993  INFO  Copiando .bak a C:\Program Files\Microsoft SQL Server\MSSQL17.SQLEXPRESS\MSSQL\DATA\2026-6-15-T779354202C_2026-06-15.bak...
2026-06-15 07:52:08,722  INFO  Ejecutando RESTORE DATABASE...
2026-06-15 07:52:56,654  INFO  ✅ BD 'T779354202C' restaurada correctamente.
2026-06-15 07:52:56,655  INFO  Conectando a 'T779354202C' para extraer reportes...
2026-06-15 07:52:56,844  INFO  Ejecutando: Aceros...
2026-06-15 07:52:57,877  INFO    └─ 71 filas extraídas.
2026-06-15 07:52:57,878  INFO  Ejecutando: base_completo...
2026-06-15 07:54:02,354  INFO    └─ 9,214 filas extraídas.
2026-06-15 07:54:02,355  INFO  Ejecutando: calendario...
2026-06-15 07:54:03,023  INFO    └─ 92 filas extraídas.
2026-06-15 07:54:03,023  INFO  Ejecutando: Consumos_acero...
2026-06-15 07:54:03,361  INFO    └─ 176 filas extraídas.
2026-06-15 07:54:03,361  INFO  Ejecutando: Cotizaciones...
2026-06-15 07:54:03,539  INFO    └─ 3,542 filas extraídas.
2026-06-15 07:54:03,539  INFO  Ejecutando: Inventario_aceros...
2026-06-15 07:54:03,605  INFO    └─ 119 filas extraídas.
2026-06-15 07:54:03,605  INFO  Ejecutando: Notas_de_venta...
2026-06-15 07:54:03,659  INFO    └─ 798 filas extraídas.
2026-06-15 07:54:03,660  INFO  Ejecutando: Ordenes_de_Compra...
2026-06-15 07:54:04,181  INFO    └─ 287 filas extraídas.
2026-06-15 07:54:04,181  INFO  Ejecutando: Ordenes_de_produccion...
2026-06-15 07:54:04,513  INFO    └─ 3,327 filas extraídas.
2026-06-15 07:54:04,514  INFO  Ejecutando: Pendiente_a_facturar...
2026-06-15 07:54:04,553  ERROR    └─ Error ejecutando Pendiente_a_facturar: ('42000', '[42000] [Microsoft][ODBC Driver 17 for SQL Server][SQL Server]ORDER BY items must appear in the select list if SELECT DISTINCT is specified. (145) (SQLExecDirectW)')
2026-06-15 07:54:04,553  INFO  Ejecutando: Productos_Stock...
2026-06-15 07:54:04,632  INFO    └─ 125 filas extraídas.
2026-06-15 07:54:04,632  INFO  Ejecutando: Stock_vendido...
2026-06-15 07:54:04,801  INFO    └─ 161 filas extraídas.
2026-06-15 07:54:04,802  INFO  Ejecutando: Vales_de_Salida...
2026-06-15 07:54:04,880  ERROR    └─ Error ejecutando Vales_de_Salida: ('42000', '[42000] [Microsoft][ODBC Driver 17 for SQL Server][SQL Server]ORDER BY items must appear in the select list if SELECT DISTINCT is specified. (145) (SQLExecDirectW)')
2026-06-15 07:54:04,881  INFO  Ejecutando: Ventas_Full...
2026-06-15 07:54:05,656  INFO    └─ 1,928 filas extraídas.
2026-06-15 07:54:05,656  INFO  Ejecutando: WIP...
2026-06-15 07:54:05,761  INFO    └─ 43 filas extraídas.
2026-06-15 07:54:05,799  INFO  Exportando a Excel multipestaña: C:\Reportes\VentasFull\Reportes_Completos_2026-06-15.xlsx
2026-06-15 07:55:05,533  WARNING    └─ Stock_vendido: columnas duplicadas renombradas
2026-06-15 07:55:25,216  INFO  ✅ Excel generado: C:\Reportes\VentasFull\Reportes_Completos_2026-06-15.xlsx (2.8 MB)
2026-06-15 07:55:25,217  INFO  ✅ Proceso Completado → C:\Reportes\VentasFull\Reportes_Completos_2026-06-15.xlsx
2026-06-15 07:55:25,236  INFO  
2026-06-15 07:55:25,236  INFO  ━━━━━━━━━━━━━━━━━━━━━━━━━━━━━━━━━━━━━━━━━━━━━━━━━━━━━━━
2026-06-15 07:55:25,236  INFO    PASO 3/3 — Subir Excel a Google Drive
2026-06-15 07:55:25,237  INFO  ━━━━━━━━━━━━━━━━━━━━━━━━━━━━━━━━━━━━━━━━━━━━━━━━━━━━━━━
2026-06-15 07:55:30,643  INFO  =======================================================
2026-06-15 07:55:30,644  INFO    PASO 2 — Subir a Drive y actualizar Google Sheets
2026-06-15 07:55:30,644  INFO  =======================================================
2026-06-15 07:55:30,660  INFO  Procesando: Reportes_Completos_2026-06-15.xlsx (2.8 MB)
2026-06-15 07:55:30,762  INFO  file_cache is only supported with oauth2client<4.0.0
2026-06-15 07:55:30,801  INFO  file_cache is only supported with oauth2client<4.0.0
2026-06-15 07:55:32,156  INFO  Creando Excel nuevo en Drive...
2026-06-15 07:55:35,311  INFO  ✅ Excel subido a Drive: Reportes_Completos_Actualizado.xlsx
2026-06-15 07:55:35,311  INFO  Leyendo Excel para actualizar Google Sheets...
2026-06-15 07:55:35,342  INFO  Pestañas encontradas en Excel: ['Aceros', 'base_completo', 'calendario', 'Consumos_acero', 'Cotizaciones', 'Inventario_aceros', 'Notas_de_venta', 'Ordenes_de_Compra', 'Ordenes_de_produccion', 'Productos_Stock', 'Stock_vendido', 'Ventas_Full', 'WIP']
2026-06-15 07:55:37,223  INFO  Actualizando Base Produccion → 'Orden de Produccion' (3,327 filas)...
2026-06-15 07:55:38,475  INFO    Limpiando hoja 'Orden de Produccion'...
2026-06-15 07:55:39,469  INFO    Escribiendo 3,327 filas en 'Orden de Produccion'...
2026-06-15 07:55:42,540  INFO    ✅ Hoja 'Orden de Produccion' actualizada.
2026-06-15 07:55:42,602  INFO  Actualizando Base Produccion → 'Por Facturar' (92 filas)...
2026-06-15 07:55:43,360  INFO    Limpiando hoja 'Por Facturar'...
2026-06-15 07:55:43,680  INFO    Escribiendo 92 filas en 'Por Facturar'...
2026-06-15 07:55:44,073  INFO    ✅ Hoja 'Por Facturar' actualizada.
2026-06-15 07:55:44,162  INFO  Actualizando Base Produccion → 'Control Inventario' (119 filas)...
2026-06-15 07:55:44,729  INFO    Limpiando hoja 'Control Inventario'...
2026-06-15 07:55:44,995  INFO    Escribiendo 119 filas en 'Control Inventario'...
2026-06-15 07:55:45,345  INFO    ✅ Hoja 'Control Inventario' actualizada.
2026-06-15 07:55:46,101  INFO  Actualizando Base Produccion → 'Notas de Venta' (798 filas)...
2026-06-15 07:55:46,592  INFO    Limpiando hoja 'Notas de Venta'...
2026-06-15 07:55:46,931  INFO    Escribiendo 798 filas en 'Notas de Venta'...
2026-06-15 07:55:47,569  INFO    ✅ Hoja 'Notas de Venta' actualizada.
2026-06-15 07:55:47,623  INFO  Actualizando Base Produccion → 'Vales de Salida' (71 filas)...
2026-06-15 07:55:48,165  INFO    Limpiando hoja 'Vales de Salida'...
2026-06-15 07:55:48,451  INFO    Escribiendo 71 filas en 'Vales de Salida'...
2026-06-15 07:55:48,741  INFO    ✅ Hoja 'Vales de Salida' actualizada.
2026-06-15 07:55:48,810  INFO  Actualizando Base Produccion → 'Stock' (125 filas)...
2026-06-15 07:55:49,354  INFO    Limpiando hoja 'Stock'...
2026-06-15 07:55:49,745  INFO    Escribiendo 125 filas en 'Stock'...
2026-06-15 07:55:50,036  INFO    ✅ Hoja 'Stock' actualizada.
2026-06-15 07:55:51,243  INFO  Actualizando Base Produccion → 'Ventas_Full' (1,928 filas)...
2026-06-15 07:55:51,751  INFO    Limpiando hoja 'Ventas_Full'...
2026-06-15 07:55:52,334  INFO    Escribiendo 1,928 filas en 'Ventas_Full'...
2026-06-15 07:55:55,099  INFO    ✅ Hoja 'Ventas_Full' actualizada.
2026-06-15 07:55:55,186  INFO  Actualizando Base Produccion → 'WIP' (43 filas)...
2026-06-15 07:55:55,754  INFO    Limpiando hoja 'WIP'...
2026-06-15 07:55:56,042  INFO    Escribiendo 43 filas en 'WIP'...
2026-06-15 07:55:56,299  INFO    ✅ Hoja 'WIP' actualizada.
2026-06-15 07:55:56,356  INFO  Actualizando Base Produccion → 'Stock Vendido' (161 filas)...
2026-06-15 07:55:56,858  INFO    Limpiando hoja 'Stock Vendido'...
2026-06-15 07:55:57,157  INFO    Escribiendo 161 filas en 'Stock Vendido'...
2026-06-15 07:55:57,494  INFO    ✅ Hoja 'Stock Vendido' actualizada.
2026-06-15 07:55:57,563  INFO  Actualizando Base Produccion → 'Consumos Acero' (176 filas)...
2026-06-15 07:55:58,348  INFO    Limpiando hoja 'Consumos Acero'...
2026-06-15 07:55:58,637  INFO    Escribiendo 176 filas en 'Consumos Acero'...
2026-06-15 07:55:58,939  INFO    ✅ Hoja 'Consumos Acero' actualizada.
2026-06-15 07:56:00,222  INFO  Actualizando Presupuestos → 'Ventas Full Manager' (1,928 filas)...
2026-06-15 07:56:01,094  INFO    Limpiando hoja 'Ventas Full Manager'...
2026-06-15 07:56:01,862  INFO    Escribiendo 1,928 filas en 'Ventas Full Manager'...
2026-06-15 07:56:04,156  INFO    ✅ Hoja 'Ventas Full Manager' actualizada.
2026-06-15 07:56:04,421  INFO  Actualizando Presupuestos → 'Notas de Venta' (798 filas)...
2026-06-15 07:56:05,102  INFO    Limpiando hoja 'Notas de Venta'...
2026-06-15 07:56:05,376  INFO    Escribiendo 798 filas en 'Notas de Venta'...
2026-06-15 07:56:05,725  INFO    ✅ Hoja 'Notas de Venta' actualizada.
2026-06-15 07:56:06,668  INFO  Actualizando Presupuestos → 'Cotizaciones' (3,542 filas)...
2026-06-15 07:56:07,229  INFO    Limpiando hoja 'Cotizaciones'...
2026-06-15 07:56:07,801  INFO    Escribiendo 3,542 filas en 'Cotizaciones'...
2026-06-15 07:56:08,556  INFO    ✅ Hoja 'Cotizaciones' actualizada.
2026-06-15 07:56:08,624  INFO  Actualizando Presupuestos → 'Calendario' (92 filas)...
2026-06-15 07:56:09,119  INFO    Limpiando hoja 'Calendario'...
2026-06-15 07:56:09,443  INFO    Escribiendo 92 filas en 'Calendario'...
2026-06-15 07:56:09,717  INFO    ✅ Hoja 'Calendario' actualizada.
2026-06-15 07:56:09,718  INFO  
2026-06-15 07:56:09,718  INFO  ✅ Todo actualizado:
2026-06-15 07:56:09,718  INFO     📁 Drive: Reportes_Completos_Actualizado.xlsx
2026-06-15 07:56:09,719  INFO     📊 Base Produccion: ['Orden de Produccion', 'Por Facturar', 'Control Inventario', 'Notas de Venta', 'Vales de Salida', 'Stock', 'Ventas_Full', 'WIP', 'Stock Vendido', 'Consumos Acero']
2026-06-15 07:56:09,720  INFO     📊 Presupuestos: Ventas Full Manager
2026-06-15 07:56:09,722  INFO  
2026-06-15 07:56:09,723  INFO  ╔═════════════════════════════════════════════════════╗
2026-06-15 07:56:09,744  INFO  ║  ✅ PIPELINE COMPLETADO en 384s                      ║
2026-06-15 07:56:09,745  INFO  ║  📊 Excel en Drive: VentasFull_Actualizado.xlsx      ║
2026-06-15 07:56:09,745  INFO  ╚═════════════════════════════════════════════════════╝
2026-06-15 08:44:14,411  INFO  ╔═════════════════════════════════════════════════════╗
2026-06-15 08:44:14,413  INFO  ║   PIPELINE VENTAS FULL — Inicio: 2026-06-15 08:44   ║
2026-06-15 08:44:14,413  INFO  ╚═════════════════════════════════════════════════════╝
2026-06-15 08:44:14,413  INFO  
2026-06-15 08:44:14,413  INFO  ━━━━━━━━━━━━━━━━━━━━━━━━━━━━━━━━━━━━━━━━━━━━━━━━━━━━━━━
2026-06-15 08:44:14,414  INFO    PASO 1/3 — Descargar backup desde Manager
2026-06-15 08:44:14,414  INFO  ━━━━━━━━━━━━━━━━━━━━━━━━━━━━━━━━━━━━━━━━━━━━━━━━━━━━━━━
2026-06-15 08:44:15,264  INFO  =======================================================
2026-06-15 08:44:15,264  INFO    Iniciando descarga automática de backup Manager
2026-06-15 08:44:15,264  INFO  =======================================================
2026-06-15 08:44:15,265  INFO  ====== WebDriver manager ======
2026-06-15 08:44:16,711  INFO  Get LATEST chromedriver version for google-chrome
2026-06-15 08:44:17,178  INFO  Get LATEST chromedriver version for google-chrome
2026-06-15 08:44:17,741  INFO  Driver [C:\Users\atorr\.wdm\drivers\chromedriver\win64\149.0.7827.115\chromedriver-win32/chromedriver.exe] found in cache
2026-06-15 08:44:21,809  INFO  Abriendo login: https://prodkernel.manager.cl/index.html
2026-06-15 08:44:23,894  INFO  Inputs visibles: 3
2026-06-15 08:44:24,265  INFO  Login enviado...
2026-06-15 08:44:28,284  INFO  ✅ Login exitoso. session_id: fee795db...
2026-06-15 08:44:28,285  INFO  Navegando a: https://prodkernel.manager.cl/managerbackups.html?session_id=fee795dbadb6dc5991d38d9175d967bf&cd=prodkernel
2026-06-15 08:44:28,400  INFO  Recarga 1/10...
2026-06-15 08:44:32,529  INFO    filas .bak encontradas: 3
2026-06-15 08:44:32,529  INFO  ✅ Tabla cargada en recarga 1.
2026-06-15 08:44:32,617  INFO    Ignorando: 2026-6-15-T779354202A.bak
2026-06-15 08:44:32,678  INFO    Ignorando: 2026-6-15-T779354202B.bak
2026-06-15 08:44:32,706  INFO  Backup seleccionado: 2026-6-15-T779354202C.bak (2026-06-15 10:12:58+00:00)
2026-06-15 08:44:32,715  INFO  HTML fila completa: <td class="bucket">mng-respaldos-poliuretano</td><td class="Key">2026-6-15-T779354202C.bak</td><td class="LastModified">2026-06-15 10:12:58+00:00</td><td class="Size">0.18 GB</td><td class="presigned_url" style="display: none;">https://mng-respaldos-poliuretano.s3.amazonaws.com/2026-6-15-T779354202C.bak?AWSAccessKeyId=AKIAZPIFFWJDVFW267ZG&amp;Signature=GwGDP9eBNHWFM2bJBk7F%2FADE8C4%3D&amp;Expires=1781527763</td><td><i onclick="downloadbackup($(this).parent().parent())" class="fas fa-download"></
2026-06-15 08:44:35,057  INFO  Descargando 2026-6-15-T779354202C.bak desde S3...
2026-06-15 08:44:43,122  INFO    10 MB / 179 MB (6%)
2026-06-15 08:44:49,239  INFO    21 MB / 179 MB (12%)
2026-06-15 08:45:09,928  INFO    31 MB / 179 MB (18%)
2026-06-15 08:45:17,628  INFO    42 MB / 179 MB (23%)
2026-06-15 08:45:21,651  INFO    52 MB / 179 MB (29%)
2026-06-15 08:45:25,411  INFO    63 MB / 179 MB (35%)
2026-06-15 08:45:28,693  INFO    73 MB / 179 MB (41%)
2026-06-15 08:45:31,337  INFO    84 MB / 179 MB (47%)
2026-06-15 08:45:33,892  INFO    94 MB / 179 MB (53%)
2026-06-15 08:45:36,125  INFO    105 MB / 179 MB (58%)
2026-06-15 08:45:39,050  INFO    115 MB / 179 MB (64%)
2026-06-15 08:45:44,040  INFO    126 MB / 179 MB (70%)
2026-06-15 08:45:46,753  INFO    136 MB / 179 MB (76%)
2026-06-15 08:45:50,592  INFO    147 MB / 179 MB (82%)
2026-06-15 08:45:57,040  INFO    157 MB / 179 MB (88%)
2026-06-15 08:46:03,619  INFO    168 MB / 179 MB (94%)
2026-06-15 08:46:10,362  INFO    178 MB / 179 MB (99%)
2026-06-15 08:46:12,075  INFO  ✅ Descarga completa: 2026-6-15-T779354202C.bak (179.4 MB)
2026-06-15 08:46:12,080  INFO  Backup guardado en: C:\Backups\Manager\2026-6-15-T779354202C_2026-06-15_1781527572.bak
2026-06-15 08:46:12,080  INFO  ✅ Éxito — backup guardado en: C:\Backups\Manager\2026-6-15-T779354202C_2026-06-15_1781527572.bak
2026-06-15 08:46:16,158  WARNING  Retrying (Retry(total=2, connect=None, read=None, redirect=None, status=None)) after connection broken by 'NewConnectionError("HTTPConnection(host='localhost', port=49370): Failed to establish a new connection: [WinError 10061] No se puede establecer una conexión ya que el equipo de destino denegó expresamente dicha conexión")': /session/125b1bd6316b3f3d37cfb2cf621c07e2
2026-06-15 08:46:20,236  WARNING  Retrying (Retry(total=1, connect=None, read=None, redirect=None, status=None)) after connection broken by 'NewConnectionError("HTTPConnection(host='localhost', port=49370): Failed to establish a new connection: [WinError 10061] No se puede establecer una conexión ya que el equipo de destino denegó expresamente dicha conexión")': /session/125b1bd6316b3f3d37cfb2cf621c07e2
2026-06-15 08:46:24,336  WARNING  Retrying (Retry(total=0, connect=None, read=None, redirect=None, status=None)) after connection broken by 'NewConnectionError("HTTPConnection(host='localhost', port=49370): Failed to establish a new connection: [WinError 10061] No se puede establecer una conexión ya que el equipo de destino denegó expresamente dicha conexión")': /session/125b1bd6316b3f3d37cfb2cf621c07e2
2026-06-15 08:46:28,440  INFO  
2026-06-15 08:46:28,440  INFO  ━━━━━━━━━━━━━━━━━━━━━━━━━━━━━━━━━━━━━━━━━━━━━━━━━━━━━━━
2026-06-15 08:46:28,441  INFO    PASO 2/3 — Restaurar BD y extraer Ventas Full
2026-06-15 08:46:28,441  INFO  ━━━━━━━━━━━━━━━━━━━━━━━━━━━━━━━━━━━━━━━━━━━━━━━━━━━━━━━
2026-06-15 08:46:33,642  INFO  ============================================================
2026-06-15 08:46:33,642  INFO    PASO 1 — Restaurar BD y extraer Múltiples Reportes
2026-06-15 08:46:33,642  INFO  ============================================================
2026-06-15 08:46:33,657  INFO  Usando .bak de ultimo_bak.txt: 2026-6-15-T779354202C_2026-06-15_1781527572.bak
2026-06-15 08:46:33,658  INFO  Usando backup: 2026-6-15-T779354202C_2026-06-15_1781527572.bak
2026-06-15 08:46:33,658  INFO  Restaurando 2026-6-15-T779354202C_2026-06-15_1781527572.bak como 'T779354202C'...
2026-06-15 08:46:33,658  INFO  Copiando .bak a C:\Program Files\Microsoft SQL Server\MSSQL17.SQLEXPRESS\MSSQL\DATA\2026-6-15-T779354202C_2026-06-15_1781527572.bak...
2026-06-15 08:46:34,414  INFO  Ejecutando RESTORE DATABASE...
2026-06-15 08:47:19,299  INFO  ✅ BD 'T779354202C' restaurada correctamente.
2026-06-15 08:47:19,300  INFO  Conectando a 'T779354202C' para extraer reportes...
2026-06-15 08:47:19,346  INFO  Ejecutando: Aceros...
2026-06-15 08:47:19,613  INFO    └─ 71 filas extraídas.
2026-06-15 08:47:19,614  INFO  Ejecutando: base_completo...
2026-06-15 08:47:21,372  INFO    └─ 9,214 filas extraídas.
2026-06-15 08:47:21,372  INFO  Ejecutando: calendario...
2026-06-15 08:47:21,616  INFO    └─ 92 filas extraídas.
2026-06-15 08:47:21,616  INFO  Ejecutando: Consumos_acero...
2026-06-15 08:47:21,778  INFO    └─ 176 filas extraídas.
2026-06-15 08:47:21,778  INFO  Ejecutando: Cotizaciones...
2026-06-15 08:47:21,890  INFO    └─ 3,542 filas extraídas.
2026-06-15 08:47:21,891  INFO  Ejecutando: Inventario_aceros...
2026-06-15 08:47:21,929  INFO    └─ 119 filas extraídas.
2026-06-15 08:47:21,930  INFO  Ejecutando: Notas_de_venta...
2026-06-15 08:47:21,976  INFO    └─ 798 filas extraídas.
2026-06-15 08:47:21,976  INFO  Ejecutando: Ordenes_de_Compra...
2026-06-15 08:47:22,124  INFO    └─ 287 filas extraídas.
2026-06-15 08:47:22,124  INFO  Ejecutando: Ordenes_de_produccion...
2026-06-15 08:47:22,361  INFO    └─ 3,327 filas extraídas.
2026-06-15 08:47:22,361  INFO  Ejecutando: Pendiente_a_facturar...
2026-06-15 08:47:22,380  ERROR    └─ Error ejecutando Pendiente_a_facturar: ('42000', '[42000] [Microsoft][ODBC Driver 17 for SQL Server][SQL Server]ORDER BY items must appear in the select list if SELECT DISTINCT is specified. (145) (SQLExecDirectW)')
2026-06-15 08:47:22,381  INFO  Ejecutando: Productos_Stock...
2026-06-15 08:47:22,412  INFO    └─ 125 filas extraídas.
2026-06-15 08:47:22,412  INFO  Ejecutando: Stock_vendido...
2026-06-15 08:47:22,481  INFO    └─ 161 filas extraídas.
2026-06-15 08:47:22,481  INFO  Ejecutando: Vales_de_Salida...
2026-06-15 08:47:22,503  ERROR    └─ Error ejecutando Vales_de_Salida: ('42000', '[42000] [Microsoft][ODBC Driver 17 for SQL Server][SQL Server]ORDER BY items must appear in the select list if SELECT DISTINCT is specified. (145) (SQLExecDirectW)')
2026-06-15 08:47:22,504  INFO  Ejecutando: Ventas_Full...
2026-06-15 08:47:23,064  INFO    └─ 1,928 filas extraídas.
2026-06-15 08:47:23,065  INFO  Ejecutando: WIP...
2026-06-15 08:47:23,132  INFO    └─ 43 filas extraídas.
2026-06-15 08:47:23,135  INFO  Exportando a Excel multipestaña: C:\Reportes\VentasFull\Reportes_Completos_2026-06-15.xlsx
2026-06-15 08:48:57,496  WARNING    └─ Stock_vendido: columnas duplicadas renombradas
2026-06-15 08:49:30,953  INFO  ✅ Excel generado: C:\Reportes\VentasFull\Reportes_Completos_2026-06-15.xlsx (2.8 MB)
2026-06-15 08:49:31,000  INFO  ✅ Proceso Completado → C:\Reportes\VentasFull\Reportes_Completos_2026-06-15.xlsx
2026-06-15 08:49:31,023  INFO  
2026-06-15 08:49:31,024  INFO  ━━━━━━━━━━━━━━━━━━━━━━━━━━━━━━━━━━━━━━━━━━━━━━━━━━━━━━━
2026-06-15 08:49:31,024  INFO    PASO 3/3 — Subir Excel a Google Drive
2026-06-15 08:49:31,025  INFO  ━━━━━━━━━━━━━━━━━━━━━━━━━━━━━━━━━━━━━━━━━━━━━━━━━━━━━━━
2026-06-15 08:49:36,235  INFO  =======================================================
2026-06-15 08:49:36,236  INFO    PASO 2 — Subir a Drive y actualizar Google Sheets
2026-06-15 08:49:36,236  INFO  =======================================================
2026-06-15 08:49:36,262  INFO  Procesando: Reportes_Completos_2026-06-15.xlsx (2.8 MB)
2026-06-15 08:49:36,384  INFO  file_cache is only supported with oauth2client<4.0.0
2026-06-15 08:49:36,443  INFO  file_cache is only supported with oauth2client<4.0.0
2026-06-15 08:49:38,268  INFO  Creando Excel nuevo en Drive...
2026-06-15 08:49:40,851  INFO  ✅ Excel subido a Drive: Reportes_Completos_Actualizado.xlsx
2026-06-15 08:49:40,852  INFO  Leyendo Excel para actualizar Google Sheets...
2026-06-15 08:49:40,916  INFO  Pestañas encontradas en Excel: ['Aceros', 'base_completo', 'calendario', 'Consumos_acero', 'Cotizaciones', 'Inventario_aceros', 'Notas_de_venta', 'Ordenes_de_Compra', 'Ordenes_de_produccion', 'Productos_Stock', 'Stock_vendido', 'Ventas_Full', 'WIP']
2026-06-15 08:49:42,787  INFO  Actualizando Base Produccion → 'Orden de Produccion' (3,327 filas)...
2026-06-15 08:49:44,017  INFO    Limpiando hoja 'Orden de Produccion'...
2026-06-15 08:49:45,108  INFO    Escribiendo 3,327 filas en 'Orden de Produccion'...
2026-06-15 08:49:47,627  INFO    ✅ Hoja 'Orden de Produccion' actualizada.
2026-06-15 08:49:47,817  INFO  Actualizando Base Produccion → 'Por Facturar' (92 filas)...
2026-06-15 08:49:48,439  INFO    Limpiando hoja 'Por Facturar'...
2026-06-15 08:49:48,730  INFO    Escribiendo 92 filas en 'Por Facturar'...
2026-06-15 08:49:49,042  INFO    ✅ Hoja 'Por Facturar' actualizada.
2026-06-15 08:49:49,109  INFO  Actualizando Base Produccion → 'Control Inventario' (119 filas)...
2026-06-15 08:49:49,598  INFO    Limpiando hoja 'Control Inventario'...
2026-06-15 08:49:49,854  INFO    Escribiendo 119 filas en 'Control Inventario'...
2026-06-15 08:49:50,148  INFO    ✅ Hoja 'Control Inventario' actualizada.
2026-06-15 08:49:50,957  INFO  Actualizando Base Produccion → 'Notas de Venta' (798 filas)...
2026-06-15 08:49:51,490  INFO    Limpiando hoja 'Notas de Venta'...
2026-06-15 08:49:51,854  INFO    Escribiendo 798 filas en 'Notas de Venta'...
2026-06-15 08:49:52,326  INFO    ✅ Hoja 'Notas de Venta' actualizada.
2026-06-15 08:49:52,360  INFO  Actualizando Base Produccion → 'Vales de Salida' (71 filas)...
2026-06-15 08:49:52,887  INFO    Limpiando hoja 'Vales de Salida'...
2026-06-15 08:49:53,168  INFO    Escribiendo 71 filas en 'Vales de Salida'...
2026-06-15 08:49:53,446  INFO    ✅ Hoja 'Vales de Salida' actualizada.
2026-06-15 08:49:53,486  INFO  Actualizando Base Produccion → 'Stock' (125 filas)...
2026-06-15 08:49:53,969  INFO    Limpiando hoja 'Stock'...
2026-06-15 08:49:54,264  INFO    Escribiendo 125 filas en 'Stock'...
2026-06-15 08:49:54,551  INFO    ✅ Hoja 'Stock' actualizada.
2026-06-15 08:49:55,789  INFO  Actualizando Base Produccion → 'Ventas_Full' (1,928 filas)...
2026-06-15 08:49:56,271  INFO    Limpiando hoja 'Ventas_Full'...
2026-06-15 08:49:56,808  INFO    Escribiendo 1,928 filas en 'Ventas_Full'...
2026-06-15 08:49:58,954  INFO    ✅ Hoja 'Ventas_Full' actualizada.
2026-06-15 08:49:58,991  INFO  Actualizando Base Produccion → 'WIP' (43 filas)...
2026-06-15 08:49:59,547  INFO    Limpiando hoja 'WIP'...
2026-06-15 08:49:59,812  INFO    Escribiendo 43 filas en 'WIP'...
2026-06-15 08:50:00,067  INFO    ✅ Hoja 'WIP' actualizada.
2026-06-15 08:50:00,118  INFO  Actualizando Base Produccion → 'Stock Vendido' (161 filas)...
2026-06-15 08:50:00,596  INFO    Limpiando hoja 'Stock Vendido'...
2026-06-15 08:50:00,860  INFO    Escribiendo 161 filas en 'Stock Vendido'...
2026-06-15 08:50:01,164  INFO    ✅ Hoja 'Stock Vendido' actualizada.
2026-06-15 08:50:01,215  INFO  Actualizando Base Produccion → 'Consumos Acero' (176 filas)...
2026-06-15 08:50:01,688  INFO    Limpiando hoja 'Consumos Acero'...
2026-06-15 08:50:01,983  INFO    Escribiendo 176 filas en 'Consumos Acero'...
2026-06-15 08:50:02,293  INFO    ✅ Hoja 'Consumos Acero' actualizada.
2026-06-15 08:50:03,753  INFO  Actualizando Presupuestos → 'Ventas Full Manager' (1,928 filas)...
2026-06-15 08:50:04,588  INFO    Limpiando hoja 'Ventas Full Manager'...
2026-06-15 08:50:05,232  INFO    Escribiendo 1,928 filas en 'Ventas Full Manager'...
2026-06-15 08:50:07,634  INFO    ✅ Hoja 'Ventas Full Manager' actualizada.
2026-06-15 08:50:07,802  INFO  Actualizando Presupuestos → 'Notas de Venta' (798 filas)...
2026-06-15 08:50:08,478  INFO    Limpiando hoja 'Notas de Venta'...
2026-06-15 08:50:08,861  INFO    Escribiendo 798 filas en 'Notas de Venta'...
2026-06-15 08:50:09,222  INFO    ✅ Hoja 'Notas de Venta' actualizada.
2026-06-15 08:50:09,943  INFO  Actualizando Presupuestos → 'Cotizaciones' (3,542 filas)...
2026-06-15 08:50:10,599  INFO    Limpiando hoja 'Cotizaciones'...
2026-06-15 08:50:11,100  INFO    Escribiendo 3,542 filas en 'Cotizaciones'...
2026-06-15 08:50:12,132  INFO    ✅ Hoja 'Cotizaciones' actualizada.
2026-06-15 08:50:12,202  INFO  Actualizando Presupuestos → 'Calendario' (92 filas)...
2026-06-15 08:50:12,710  INFO    Limpiando hoja 'Calendario'...
2026-06-15 08:50:12,994  INFO    Escribiendo 92 filas en 'Calendario'...
2026-06-15 08:50:13,292  INFO    ✅ Hoja 'Calendario' actualizada.
2026-06-15 08:50:13,292  INFO  
2026-06-15 08:50:13,292  INFO  ✅ Todo actualizado:
2026-06-15 08:50:13,292  INFO     📁 Drive: Reportes_Completos_Actualizado.xlsx
2026-06-15 08:50:13,293  INFO     📊 Base Produccion: ['Orden de Produccion', 'Por Facturar', 'Control Inventario', 'Notas de Venta', 'Vales de Salida', 'Stock', 'Ventas_Full', 'WIP', 'Stock Vendido', 'Consumos Acero']
2026-06-15 08:50:13,294  INFO     📊 Presupuestos: Ventas Full Manager
2026-06-15 08:50:13,298  INFO  
2026-06-15 08:50:13,298  INFO  ╔═════════════════════════════════════════════════════╗
2026-06-15 08:50:13,299  INFO  ║  ✅ PIPELINE COMPLETADO en 358s                      ║
2026-06-15 08:50:13,299  INFO  ║  📊 Excel en Drive: VentasFull_Actualizado.xlsx      ║
2026-06-15 08:50:13,299  INFO  ╚═════════════════════════════════════════════════════╝
2026-06-16 07:49:45,243  INFO  ╔═════════════════════════════════════════════════════╗
2026-06-16 07:49:45,543  INFO  ║   PIPELINE VENTAS FULL — Inicio: 2026-06-16 07:49   ║
2026-06-16 07:49:45,661  INFO  ╚═════════════════════════════════════════════════════╝
2026-06-16 07:49:45,751  INFO  
2026-06-16 07:49:45,815  INFO  ━━━━━━━━━━━━━━━━━━━━━━━━━━━━━━━━━━━━━━━━━━━━━━━━━━━━━━━
2026-06-16 07:49:45,894  INFO    PASO 1/3 — Descargar backup desde Manager
2026-06-16 07:49:45,982  INFO  ━━━━━━━━━━━━━━━━━━━━━━━━━━━━━━━━━━━━━━━━━━━━━━━━━━━━━━━
2026-06-16 07:49:48,789  INFO  =======================================================
2026-06-16 07:49:48,795  INFO    Iniciando descarga automática de backup Manager
2026-06-16 07:49:48,796  INFO  =======================================================
2026-06-16 07:49:48,802  INFO  ====== WebDriver manager ======
2026-06-16 07:49:55,350  INFO  Get LATEST chromedriver version for google-chrome
2026-06-16 07:49:56,525  INFO  Get LATEST chromedriver version for google-chrome
2026-06-16 07:49:57,617  INFO  Get LATEST chromedriver version for google-chrome
2026-06-16 07:50:00,030  INFO  WebDriver version 149.0.7827.115 selected
2026-06-16 07:50:00,104  INFO  Modern chrome version https://storage.googleapis.com/chrome-for-testing-public/149.0.7827.115/win32/chromedriver-win32.zip
2026-06-16 07:50:00,138  INFO  About to download new driver from https://storage.googleapis.com/chrome-for-testing-public/149.0.7827.115/win32/chromedriver-win32.zip
2026-06-16 07:50:01,228  INFO  Driver downloading response is 200
2026-06-16 07:50:02,514  INFO  Get LATEST chromedriver version for google-chrome
2026-06-16 07:50:03,651  INFO  Driver has been saved in cache [C:\Users\atorr\.wdm\drivers\chromedriver\win64\149.0.7827.115]
2026-06-16 07:50:07,769  INFO  Abriendo login: https://prodkernel.manager.cl/index.html
2026-06-16 07:50:11,702  INFO  Inputs visibles: 3
2026-06-16 07:50:15,488  INFO  Login enviado...
2026-06-16 07:50:19,794  INFO  ✅ Login exitoso. session_id: 216d596b...
2026-06-16 07:50:19,801  INFO  Navegando a: https://prodkernel.manager.cl/managerbackups.html?session_id=216d596b86ac2994555119e8f3a58904&cd=prodkernel
2026-06-16 07:50:20,783  INFO  Recarga 1/10...
2026-06-16 07:50:25,155  INFO    filas .bak encontradas: 3
2026-06-16 07:50:25,160  INFO  ✅ Tabla cargada en recarga 1.
2026-06-16 07:50:25,501  INFO    Ignorando: 2026-6-16-T779354202A.bak
2026-06-16 07:50:25,935  INFO    Ignorando: 2026-6-16-T779354202B.bak
2026-06-16 07:50:26,692  INFO  Backup seleccionado: 2026-6-16-T779354202C.bak (2026-06-16 10:10:53+00:00)
2026-06-16 07:50:26,748  INFO  HTML fila completa: <td class="bucket">mng-respaldos-poliuretano</td><td class="Key">2026-6-16-T779354202C.bak</td><td class="LastModified">2026-06-16 10:10:53+00:00</td><td class="Size">0.18 GB</td><td class="presigned_url" style="display: none;">https://mng-respaldos-poliuretano.s3.amazonaws.com/2026-6-16-T779354202C.bak?AWSAccessKeyId=AKIAZPIFFWJDVFW267ZG&amp;Signature=XADrnBRGVQwoYLQ%2Fk5lngJO3Yp4%3D&amp;Expires=1781610919</td><td><i onclick="downloadbackup($(this).parent().parent())" class="fas fa-download"></
2026-06-16 07:51:19,527  INFO  Descargando 2026-6-16-T779354202C.bak desde S3...
2026-06-16 07:51:28,273  INFO    10 MB / 182 MB (6%)
2026-06-16 07:51:34,424  INFO    21 MB / 182 MB (12%)
2026-06-16 07:51:43,006  INFO    31 MB / 182 MB (17%)
2026-06-16 07:51:46,926  INFO    42 MB / 182 MB (23%)
2026-06-16 07:51:50,385  INFO    52 MB / 182 MB (29%)
2026-06-16 07:51:55,269  INFO    63 MB / 182 MB (35%)
2026-06-16 07:52:03,621  INFO    73 MB / 182 MB (40%)
2026-06-16 07:52:08,607  INFO    84 MB / 182 MB (46%)
2026-06-16 07:52:13,678  INFO    94 MB / 182 MB (52%)
2026-06-16 07:52:18,229  INFO    105 MB / 182 MB (58%)
2026-06-16 07:52:22,646  INFO    115 MB / 182 MB (63%)
2026-06-16 07:52:27,451  INFO    126 MB / 182 MB (69%)
2026-06-16 07:52:32,553  INFO    136 MB / 182 MB (75%)
2026-06-16 07:52:37,072  INFO    147 MB / 182 MB (81%)
2026-06-16 07:52:40,610  INFO    157 MB / 182 MB (86%)
2026-06-16 07:52:42,887  INFO    168 MB / 182 MB (92%)
2026-06-16 07:52:44,789  INFO    178 MB / 182 MB (98%)
2026-06-16 07:52:45,519  INFO  ✅ Descarga completa: 2026-6-16-T779354202C.bak (182.3 MB)
2026-06-16 07:52:45,527  INFO  Backup guardado en: C:\Backups\Manager\2026-6-16-T779354202C_2026-06-16.bak
2026-06-16 07:52:45,528  INFO  ✅ Éxito — backup guardado en: C:\Backups\Manager\2026-6-16-T779354202C_2026-06-16.bak
2026-06-16 07:52:49,580  WARNING  Retrying (Retry(total=2, connect=None, read=None, redirect=None, status=None)) after connection broken by 'NewConnectionError("HTTPConnection(host='localhost', port=51177): Failed to establish a new connection: [WinError 10061] No se puede establecer una conexión ya que el equipo de destino denegó expresamente dicha conexión")': /session/478468ec5ba14cd24dcf55c03b611988
2026-06-16 07:52:53,654  WARNING  Retrying (Retry(total=1, connect=None, read=None, redirect=None, status=None)) after connection broken by 'NewConnectionError("HTTPConnection(host='localhost', port=51177): Failed to establish a new connection: [WinError 10061] No se puede establecer una conexión ya que el equipo de destino denegó expresamente dicha conexión")': /session/478468ec5ba14cd24dcf55c03b611988
2026-06-16 07:52:57,724  WARNING  Retrying (Retry(total=0, connect=None, read=None, redirect=None, status=None)) after connection broken by 'NewConnectionError("HTTPConnection(host='localhost', port=51177): Failed to establish a new connection: [WinError 10061] No se puede establecer una conexión ya que el equipo de destino denegó expresamente dicha conexión")': /session/478468ec5ba14cd24dcf55c03b611988
2026-06-16 07:53:01,772  INFO  
2026-06-16 07:53:01,773  INFO  ━━━━━━━━━━━━━━━━━━━━━━━━━━━━━━━━━━━━━━━━━━━━━━━━━━━━━━━
2026-06-16 07:53:01,773  INFO    PASO 2/3 — Restaurar BD y extraer Ventas Full
2026-06-16 07:53:01,774  INFO  ━━━━━━━━━━━━━━━━━━━━━━━━━━━━━━━━━━━━━━━━━━━━━━━━━━━━━━━
2026-06-16 07:53:06,338  INFO  ============================================================
2026-06-16 07:53:06,338  INFO    PASO 1 — Restaurar BD y extraer Múltiples Reportes
2026-06-16 07:53:06,338  INFO  ============================================================
2026-06-16 07:53:06,352  INFO  Usando .bak de ultimo_bak.txt: 2026-6-16-T779354202C_2026-06-16.bak
2026-06-16 07:53:06,352  INFO  Usando backup: 2026-6-16-T779354202C_2026-06-16.bak
2026-06-16 07:53:06,352  INFO  Restaurando 2026-6-16-T779354202C_2026-06-16.bak como 'T779354202C'...
2026-06-16 07:53:06,353  INFO  Copiando .bak a C:\Program Files\Microsoft SQL Server\MSSQL17.SQLEXPRESS\MSSQL\DATA\2026-6-16-T779354202C_2026-06-16.bak...
2026-06-16 07:53:07,750  INFO  Ejecutando RESTORE DATABASE...
2026-06-16 07:54:09,070  INFO  ✅ BD 'T779354202C' restaurada correctamente.
2026-06-16 07:54:09,071  INFO  Conectando a 'T779354202C' para extraer reportes...
2026-06-16 07:54:09,216  INFO  Ejecutando: Aceros...
2026-06-16 07:54:09,585  INFO    └─ 71 filas extraídas.
2026-06-16 07:54:09,585  INFO  Ejecutando: base_completo...
2026-06-16 07:54:11,507  INFO    └─ 9,236 filas extraídas.
2026-06-16 07:54:11,508  INFO  Ejecutando: calendario...
2026-06-16 07:54:11,743  INFO    └─ 93 filas extraídas.
2026-06-16 07:54:11,744  INFO  Ejecutando: Consumos_acero...
2026-06-16 07:54:11,900  INFO    └─ 177 filas extraídas.
2026-06-16 07:54:11,900  INFO  Ejecutando: Cotizaciones...
2026-06-16 07:54:11,991  INFO    └─ 3,569 filas extraídas.
2026-06-16 07:54:11,991  INFO  Ejecutando: Inventario_aceros...
2026-06-16 07:54:12,025  INFO    └─ 120 filas extraídas.
2026-06-16 07:54:12,026  INFO  Ejecutando: Notas_de_venta...
2026-06-16 07:54:12,072  INFO    └─ 802 filas extraídas.
2026-06-16 07:54:12,072  INFO  Ejecutando: Ordenes_de_Compra...
2026-06-16 07:54:12,202  INFO    └─ 287 filas extraídas.
2026-06-16 07:54:12,202  INFO  Ejecutando: Ordenes_de_produccion...
2026-06-16 07:54:12,379  INFO    └─ 3,331 filas extraídas.
2026-06-16 07:54:12,379  INFO  Ejecutando: Pendiente_a_facturar...
2026-06-16 07:54:12,406  ERROR    └─ Error ejecutando Pendiente_a_facturar: ('42000', '[42000] [Microsoft][ODBC Driver 17 for SQL Server][SQL Server]ORDER BY items must appear in the select list if SELECT DISTINCT is specified. (145) (SQLExecDirectW)')
2026-06-16 07:54:12,406  INFO  Ejecutando: Productos_Stock...
2026-06-16 07:54:12,428  INFO    └─ 125 filas extraídas.
2026-06-16 07:54:12,428  INFO  Ejecutando: Stock_vendido...
2026-06-16 07:54:12,519  INFO    └─ 161 filas extraídas.
2026-06-16 07:54:12,519  INFO  Ejecutando: Vales_de_Salida...
2026-06-16 07:54:12,545  ERROR    └─ Error ejecutando Vales_de_Salida: ('42000', '[42000] [Microsoft][ODBC Driver 17 for SQL Server][SQL Server]ORDER BY items must appear in the select list if SELECT DISTINCT is specified. (145) (SQLExecDirectW)')
2026-06-16 07:54:12,546  INFO  Ejecutando: Ventas_Full...
2026-06-16 07:54:13,103  INFO    └─ 1,950 filas extraídas.
2026-06-16 07:54:13,104  INFO  Ejecutando: WIP...
2026-06-16 07:54:13,166  INFO    └─ 41 filas extraídas.
2026-06-16 07:54:13,168  INFO  Exportando a Excel multipestaña: C:\Reportes\VentasFull\Reportes_Completos_2026-06-16.xlsx
2026-06-16 07:55:09,457  WARNING    └─ Stock_vendido: columnas duplicadas renombradas
2026-06-16 07:55:27,016  INFO  ✅ Excel generado: C:\Reportes\VentasFull\Reportes_Completos_2026-06-16.xlsx (2.8 MB)
2026-06-16 07:55:27,018  INFO  ✅ Proceso Completado → C:\Reportes\VentasFull\Reportes_Completos_2026-06-16.xlsx
2026-06-16 07:55:27,030  INFO  
2026-06-16 07:55:27,030  INFO  ━━━━━━━━━━━━━━━━━━━━━━━━━━━━━━━━━━━━━━━━━━━━━━━━━━━━━━━
2026-06-16 07:55:27,030  INFO    PASO 3/3 — Subir Excel a Google Drive
2026-06-16 07:55:27,030  INFO  ━━━━━━━━━━━━━━━━━━━━━━━━━━━━━━━━━━━━━━━━━━━━━━━━━━━━━━━
2026-06-16 07:55:31,108  INFO  =======================================================
2026-06-16 07:55:31,108  INFO    PASO 2 — Subir a Drive y actualizar Google Sheets
2026-06-16 07:55:31,108  INFO  =======================================================
2026-06-16 07:55:31,121  INFO  Procesando: Reportes_Completos_2026-06-16.xlsx (2.8 MB)
2026-06-16 07:55:31,181  INFO  file_cache is only supported with oauth2client<4.0.0
2026-06-16 07:55:31,207  INFO  file_cache is only supported with oauth2client<4.0.0
2026-06-16 07:55:32,553  INFO  Creando Excel nuevo en Drive...
2026-06-16 07:55:34,942  INFO  ✅ Excel subido a Drive: Reportes_Completos_Actualizado.xlsx
2026-06-16 07:55:34,942  INFO  Leyendo Excel para actualizar Google Sheets...
2026-06-16 07:55:34,965  INFO  Pestañas encontradas en Excel: ['Aceros', 'base_completo', 'calendario', 'Consumos_acero', 'Cotizaciones', 'Inventario_aceros', 'Notas_de_venta', 'Ordenes_de_Compra', 'Ordenes_de_produccion', 'Productos_Stock', 'Stock_vendido', 'Ventas_Full', 'WIP']
2026-06-16 07:55:36,262  INFO  Actualizando Base Produccion → 'Orden de Produccion' (3,331 filas)...
2026-06-16 07:55:37,473  INFO    Limpiando hoja 'Orden de Produccion'...
2026-06-16 07:55:38,383  INFO    Escribiendo 3,331 filas en 'Orden de Produccion'...
2026-06-16 07:55:40,848  INFO    ✅ Hoja 'Orden de Produccion' actualizada.
2026-06-16 07:55:40,897  INFO  Actualizando Base Produccion → 'Por Facturar' (93 filas)...
2026-06-16 07:55:41,476  INFO    Limpiando hoja 'Por Facturar'...
2026-06-16 07:55:41,806  INFO    Escribiendo 93 filas en 'Por Facturar'...
2026-06-16 07:55:42,170  INFO    ✅ Hoja 'Por Facturar' actualizada.
2026-06-16 07:55:42,282  INFO  Actualizando Base Produccion → 'Control Inventario' (120 filas)...
2026-06-16 07:55:42,733  INFO    Limpiando hoja 'Control Inventario'...
2026-06-16 07:55:42,989  INFO    Escribiendo 120 filas en 'Control Inventario'...
2026-06-16 07:55:43,258  INFO    ✅ Hoja 'Control Inventario' actualizada.
2026-06-16 07:55:43,950  INFO  Actualizando Base Produccion → 'Notas de Venta' (802 filas)...
2026-06-16 07:55:44,655  INFO    Limpiando hoja 'Notas de Venta'...
2026-06-16 07:55:44,994  INFO    Escribiendo 802 filas en 'Notas de Venta'...
2026-06-16 07:55:45,505  INFO    ✅ Hoja 'Notas de Venta' actualizada.
2026-06-16 07:55:45,537  INFO  Actualizando Base Produccion → 'Vales de Salida' (71 filas)...
2026-06-16 07:55:46,014  INFO    Limpiando hoja 'Vales de Salida'...
2026-06-16 07:55:46,271  INFO    Escribiendo 71 filas en 'Vales de Salida'...
2026-06-16 07:55:46,635  INFO    ✅ Hoja 'Vales de Salida' actualizada.
2026-06-16 07:55:46,682  INFO  Actualizando Base Produccion → 'Stock' (125 filas)...
2026-06-16 07:55:47,187  INFO    Limpiando hoja 'Stock'...
2026-06-16 07:55:47,556  INFO    Escribiendo 125 filas en 'Stock'...
2026-06-16 07:55:47,819  INFO    ✅ Hoja 'Stock' actualizada.
2026-06-16 07:55:48,956  INFO  Actualizando Base Produccion → 'Ventas_Full' (1,950 filas)...
2026-06-16 07:55:49,487  INFO    Limpiando hoja 'Ventas_Full'...
2026-06-16 07:55:50,007  INFO    Escribiendo 1,950 filas en 'Ventas_Full'...
2026-06-16 07:55:51,961  INFO    ✅ Hoja 'Ventas_Full' actualizada.
2026-06-16 07:55:51,995  INFO  Actualizando Base Produccion → 'WIP' (41 filas)...
2026-06-16 07:55:52,494  INFO    Limpiando hoja 'WIP'...
2026-06-16 07:55:52,727  INFO    Escribiendo 41 filas en 'WIP'...
2026-06-16 07:55:53,073  INFO    ✅ Hoja 'WIP' actualizada.
2026-06-16 07:55:53,128  INFO  Actualizando Base Produccion → 'Stock Vendido' (161 filas)...
2026-06-16 07:55:53,728  INFO    Limpiando hoja 'Stock Vendido'...
2026-06-16 07:55:54,016  INFO    Escribiendo 161 filas en 'Stock Vendido'...
2026-06-16 07:55:54,299  INFO    ✅ Hoja 'Stock Vendido' actualizada.
2026-06-16 07:55:54,352  INFO  Actualizando Base Produccion → 'Consumos Acero' (177 filas)...
2026-06-16 07:55:54,939  INFO    Limpiando hoja 'Consumos Acero'...
2026-06-16 07:55:55,210  INFO    Escribiendo 177 filas en 'Consumos Acero'...
2026-06-16 07:55:55,510  INFO    ✅ Hoja 'Consumos Acero' actualizada.
2026-06-16 07:55:56,656  INFO  Actualizando Presupuestos → 'Ventas Full Manager' (1,950 filas)...
2026-06-16 07:55:57,329  INFO    Limpiando hoja 'Ventas Full Manager'...
2026-06-16 07:55:57,846  INFO    Escribiendo 1,950 filas en 'Ventas Full Manager'...
2026-06-16 07:56:00,672  INFO    ✅ Hoja 'Ventas Full Manager' actualizada.
2026-06-16 07:56:00,857  INFO  Actualizando Presupuestos → 'Notas de Venta' (802 filas)...
2026-06-16 07:56:01,337  INFO    Limpiando hoja 'Notas de Venta'...
2026-06-16 07:56:01,600  INFO    Escribiendo 802 filas en 'Notas de Venta'...
2026-06-16 07:56:01,929  INFO    ✅ Hoja 'Notas de Venta' actualizada.
2026-06-16 07:56:02,496  INFO  Actualizando Presupuestos → 'Cotizaciones' (3,569 filas)...
2026-06-16 07:56:02,970  INFO    Limpiando hoja 'Cotizaciones'...
2026-06-16 07:56:03,393  INFO    Escribiendo 3,569 filas en 'Cotizaciones'...
2026-06-16 07:56:04,473  INFO    ✅ Hoja 'Cotizaciones' actualizada.
2026-06-16 07:56:04,524  INFO  Actualizando Presupuestos → 'Calendario' (93 filas)...
2026-06-16 07:56:05,018  INFO    Limpiando hoja 'Calendario'...
2026-06-16 07:56:05,269  INFO    Escribiendo 93 filas en 'Calendario'...
2026-06-16 07:56:05,547  INFO    ✅ Hoja 'Calendario' actualizada.
2026-06-16 07:56:05,548  INFO  
2026-06-16 07:56:05,548  INFO  ✅ Todo actualizado:
2026-06-16 07:56:05,549  INFO     📁 Drive: Reportes_Completos_Actualizado.xlsx
2026-06-16 07:56:05,550  INFO     📊 Base Produccion: ['Orden de Produccion', 'Por Facturar', 'Control Inventario', 'Notas de Venta', 'Vales de Salida', 'Stock', 'Ventas_Full', 'WIP', 'Stock Vendido', 'Consumos Acero']
2026-06-16 07:56:05,550  INFO     📊 Presupuestos: Ventas Full Manager
2026-06-16 07:56:05,553  INFO  
2026-06-16 07:56:05,554  INFO  ╔═════════════════════════════════════════════════════╗
2026-06-16 07:56:05,575  INFO  ║  ✅ PIPELINE COMPLETADO en 380s                      ║
2026-06-16 07:56:05,576  INFO  ║  📊 Excel en Drive: VentasFull_Actualizado.xlsx      ║
2026-06-16 07:56:05,576  INFO  ╚═════════════════════════════════════════════════════╝
2026-06-16 09:32:41,312  INFO  ╔═════════════════════════════════════════════════════╗
2026-06-16 09:32:41,314  INFO  ║   PIPELINE VENTAS FULL — Inicio: 2026-06-16 09:32   ║
2026-06-16 09:32:41,315  INFO  ╚═════════════════════════════════════════════════════╝
2026-06-16 09:32:41,315  INFO  
2026-06-16 09:32:41,315  INFO  ━━━━━━━━━━━━━━━━━━━━━━━━━━━━━━━━━━━━━━━━━━━━━━━━━━━━━━━
2026-06-16 09:32:41,315  INFO    PASO 1/3 — Descargar backup desde Manager
2026-06-16 09:32:41,315  INFO  ━━━━━━━━━━━━━━━━━━━━━━━━━━━━━━━━━━━━━━━━━━━━━━━━━━━━━━━
2026-06-16 09:32:42,540  INFO  =======================================================
2026-06-16 09:32:42,541  INFO    Iniciando descarga automática de backup Manager
2026-06-16 09:32:42,541  INFO  =======================================================
2026-06-16 09:32:42,543  INFO  ====== WebDriver manager ======
2026-06-16 09:32:44,119  INFO  Get LATEST chromedriver version for google-chrome
2026-06-16 09:32:44,947  INFO  Get LATEST chromedriver version for google-chrome
2026-06-16 09:32:45,561  INFO  Driver [C:\Users\atorr\.wdm\drivers\chromedriver\win64\149.0.7827.115\chromedriver-win32/chromedriver.exe] found in cache
2026-06-16 09:32:49,925  INFO  Abriendo login: https://prodkernel.manager.cl/index.html
2026-06-16 09:32:52,048  INFO  Inputs visibles: 3
2026-06-16 09:32:52,592  INFO  Login enviado...
2026-06-16 09:32:56,743  INFO  ✅ Login exitoso. session_id: 2ef06d47...
2026-06-16 09:32:56,743  INFO  Navegando a: https://prodkernel.manager.cl/managerbackups.html?session_id=2ef06d471bf6e9be70686184ea86f349&cd=prodkernel
2026-06-16 09:32:56,927  INFO  Recarga 1/10...
2026-06-16 09:33:01,117  INFO    filas .bak encontradas: 3
2026-06-16 09:33:01,117  INFO  ✅ Tabla cargada en recarga 1.
2026-06-16 09:33:01,209  INFO    Ignorando: 2026-6-16-T779354202A.bak
2026-06-16 09:33:01,269  INFO    Ignorando: 2026-6-16-T779354202B.bak
2026-06-16 09:33:01,345  INFO  Backup seleccionado: 2026-6-16-T779354202C.bak (2026-06-16 10:10:53+00:00)
2026-06-16 09:33:01,357  INFO  HTML fila completa: <td class="bucket">mng-respaldos-poliuretano</td><td class="Key">2026-6-16-T779354202C.bak</td><td class="LastModified">2026-06-16 10:10:53+00:00</td><td class="Size">0.18 GB</td><td class="presigned_url" style="display: none;">https://mng-respaldos-poliuretano.s3.amazonaws.com/2026-6-16-T779354202C.bak?AWSAccessKeyId=AKIAZPIFFWJDVFW267ZG&amp;Signature=ZTFD2xE%2FAg7DJTSEje5MUwgKE%2F4%3D&amp;Expires=1781617075</td><td><i onclick="downloadbackup($(this).parent().parent())" class="fas fa-download">
2026-06-16 09:33:03,680  INFO  Descargando 2026-6-16-T779354202C.bak desde S3...
2026-06-16 09:33:08,037  INFO    10 MB / 182 MB (6%)
2026-06-16 09:33:10,874  INFO    21 MB / 182 MB (12%)
2026-06-16 09:33:14,073  INFO    31 MB / 182 MB (17%)
2026-06-16 09:33:17,627  INFO    42 MB / 182 MB (23%)
2026-06-16 09:33:21,045  INFO    52 MB / 182 MB (29%)
2026-06-16 09:33:24,280  INFO    63 MB / 182 MB (35%)
2026-06-16 09:33:27,339  INFO    73 MB / 182 MB (40%)
2026-06-16 09:33:30,188  INFO    84 MB / 182 MB (46%)
2026-06-16 09:33:33,413  INFO    94 MB / 182 MB (52%)
2026-06-16 09:33:36,462  INFO    105 MB / 182 MB (58%)
2026-06-16 09:33:39,678  INFO    115 MB / 182 MB (63%)
2026-06-16 09:33:43,142  INFO    126 MB / 182 MB (69%)
2026-06-16 09:33:46,838  INFO    136 MB / 182 MB (75%)
2026-06-16 09:33:50,436  INFO    147 MB / 182 MB (81%)
2026-06-16 09:33:54,493  INFO    157 MB / 182 MB (86%)
2026-06-16 09:33:58,261  INFO    168 MB / 182 MB (92%)
2026-06-16 09:34:01,726  INFO    178 MB / 182 MB (98%)
2026-06-16 09:34:02,999  INFO  ✅ Descarga completa: 2026-6-16-T779354202C.bak (182.3 MB)
2026-06-16 09:34:03,004  INFO  Backup guardado en: C:\Backups\Manager\2026-6-16-T779354202C_2026-06-16_1781616843.bak
2026-06-16 09:34:03,004  INFO  ✅ Éxito — backup guardado en: C:\Backups\Manager\2026-6-16-T779354202C_2026-06-16_1781616843.bak
2026-06-16 09:34:07,085  WARNING  Retrying (Retry(total=2, connect=None, read=None, redirect=None, status=None)) after connection broken by 'NewConnectionError("HTTPConnection(host='localhost', port=56481): Failed to establish a new connection: [WinError 10061] No se puede establecer una conexión ya que el equipo de destino denegó expresamente dicha conexión")': /session/8ba860dea60b9538eff07e3095f260bd
2026-06-16 09:34:11,197  WARNING  Retrying (Retry(total=1, connect=None, read=None, redirect=None, status=None)) after connection broken by 'NewConnectionError("HTTPConnection(host='localhost', port=56481): Failed to establish a new connection: [WinError 10061] No se puede establecer una conexión ya que el equipo de destino denegó expresamente dicha conexión")': /session/8ba860dea60b9538eff07e3095f260bd
2026-06-16 09:34:15,288  WARNING  Retrying (Retry(total=0, connect=None, read=None, redirect=None, status=None)) after connection broken by 'NewConnectionError("HTTPConnection(host='localhost', port=56481): Failed to establish a new connection: [WinError 10061] No se puede establecer una conexión ya que el equipo de destino denegó expresamente dicha conexión")': /session/8ba860dea60b9538eff07e3095f260bd
2026-06-16 09:34:19,370  INFO  
2026-06-16 09:34:19,371  INFO  ━━━━━━━━━━━━━━━━━━━━━━━━━━━━━━━━━━━━━━━━━━━━━━━━━━━━━━━
2026-06-16 09:34:19,371  INFO    PASO 2/3 — Restaurar BD y extraer Ventas Full
2026-06-16 09:34:19,371  INFO  ━━━━━━━━━━━━━━━━━━━━━━━━━━━━━━━━━━━━━━━━━━━━━━━━━━━━━━━
2026-06-16 09:34:24,844  INFO  ============================================================
2026-06-16 09:34:24,845  INFO    PASO 1 — Restaurar BD y extraer Múltiples Reportes
2026-06-16 09:34:24,845  INFO  ============================================================
2026-06-16 09:34:24,860  INFO  Usando .bak de ultimo_bak.txt: 2026-6-16-T779354202C_2026-06-16_1781616843.bak
2026-06-16 09:34:24,860  INFO  Usando backup: 2026-6-16-T779354202C_2026-06-16_1781616843.bak
2026-06-16 09:34:24,860  INFO  Restaurando 2026-6-16-T779354202C_2026-06-16_1781616843.bak como 'T779354202C'...
2026-06-16 09:34:24,861  INFO  Copiando .bak a C:\Program Files\Microsoft SQL Server\MSSQL17.SQLEXPRESS\MSSQL\DATA\2026-6-16-T779354202C_2026-06-16_1781616843.bak...
2026-06-16 09:34:25,868  INFO  Ejecutando RESTORE DATABASE...
2026-06-16 09:35:11,097  INFO  ✅ BD 'T779354202C' restaurada correctamente.
2026-06-16 09:35:11,098  INFO  Conectando a 'T779354202C' para extraer reportes...
2026-06-16 09:35:11,154  INFO  Ejecutando: Aceros...
2026-06-16 09:35:11,497  INFO    └─ 71 filas extraídas.
2026-06-16 09:35:11,498  INFO  Ejecutando: base_completo...
2026-06-16 09:35:13,398  INFO    └─ 9,236 filas extraídas.
2026-06-16 09:35:13,398  INFO  Ejecutando: calendario...
2026-06-16 09:35:13,633  INFO    └─ 93 filas extraídas.
2026-06-16 09:35:13,633  INFO  Ejecutando: Consumos_acero...
2026-06-16 09:35:13,779  INFO    └─ 177 filas extraídas.
2026-06-16 09:35:13,780  INFO  Ejecutando: Cotizaciones...
2026-06-16 09:35:13,882  INFO    └─ 3,569 filas extraídas.
2026-06-16 09:35:13,882  INFO  Ejecutando: Inventario_aceros...
2026-06-16 09:35:13,919  INFO    └─ 120 filas extraídas.
2026-06-16 09:35:13,919  INFO  Ejecutando: Notas_de_venta...
2026-06-16 09:35:13,969  INFO    └─ 802 filas extraídas.
2026-06-16 09:35:13,969  INFO  Ejecutando: Ordenes_de_Compra...
2026-06-16 09:35:14,115  INFO    └─ 287 filas extraídas.
2026-06-16 09:35:14,115  INFO  Ejecutando: Ordenes_de_produccion...
2026-06-16 09:35:14,376  INFO    └─ 3,331 filas extraídas.
2026-06-16 09:35:14,376  INFO  Ejecutando: Pendiente_a_facturar...
2026-06-16 09:35:14,398  ERROR    └─ Error ejecutando Pendiente_a_facturar: ('42000', '[42000] [Microsoft][ODBC Driver 17 for SQL Server][SQL Server]ORDER BY items must appear in the select list if SELECT DISTINCT is specified. (145) (SQLExecDirectW)')
2026-06-16 09:35:14,399  INFO  Ejecutando: Productos_Stock...
2026-06-16 09:35:14,433  INFO    └─ 125 filas extraídas.
2026-06-16 09:35:14,433  INFO  Ejecutando: Stock_vendido...
2026-06-16 09:35:14,505  INFO    └─ 161 filas extraídas.
2026-06-16 09:35:14,506  INFO  Ejecutando: Vales_de_Salida...
2026-06-16 09:35:14,525  ERROR    └─ Error ejecutando Vales_de_Salida: ('42000', '[42000] [Microsoft][ODBC Driver 17 for SQL Server][SQL Server]ORDER BY items must appear in the select list if SELECT DISTINCT is specified. (145) (SQLExecDirectW)')
2026-06-16 09:35:14,525  INFO  Ejecutando: Ventas_Full...
2026-06-16 09:35:15,168  INFO    └─ 1,950 filas extraídas.
2026-06-16 09:35:15,169  INFO  Ejecutando: WIP...
2026-06-16 09:35:15,231  INFO    └─ 41 filas extraídas.
2026-06-16 09:35:15,233  INFO  Exportando a Excel multipestaña: C:\Reportes\VentasFull\Reportes_Completos_2026-06-16.xlsx
2026-06-16 09:36:44,077  WARNING    └─ Stock_vendido: columnas duplicadas renombradas
2026-06-16 09:37:11,958  INFO  ✅ Excel generado: C:\Reportes\VentasFull\Reportes_Completos_2026-06-16.xlsx (2.8 MB)
2026-06-16 09:37:11,959  INFO  ✅ Proceso Completado → C:\Reportes\VentasFull\Reportes_Completos_2026-06-16.xlsx
2026-06-16 09:37:11,974  INFO  
2026-06-16 09:37:11,974  INFO  ━━━━━━━━━━━━━━━━━━━━━━━━━━━━━━━━━━━━━━━━━━━━━━━━━━━━━━━
2026-06-16 09:37:11,974  INFO    PASO 3/3 — Subir Excel a Google Drive
2026-06-16 09:37:11,974  INFO  ━━━━━━━━━━━━━━━━━━━━━━━━━━━━━━━━━━━━━━━━━━━━━━━━━━━━━━━
2026-06-16 09:37:17,221  INFO  =======================================================
2026-06-16 09:37:17,221  INFO    PASO 2 — Subir a Drive y actualizar Google Sheets
2026-06-16 09:37:17,221  INFO  =======================================================
2026-06-16 09:37:17,237  INFO  Procesando: Reportes_Completos_2026-06-16.xlsx (2.8 MB)
2026-06-16 09:37:17,334  INFO  file_cache is only supported with oauth2client<4.0.0
2026-06-16 09:37:17,366  INFO  file_cache is only supported with oauth2client<4.0.0
2026-06-16 09:37:18,929  INFO  Creando Excel nuevo en Drive...
2026-06-16 09:37:21,679  INFO  ✅ Excel subido a Drive: Reportes_Completos_Actualizado.xlsx
2026-06-16 09:37:21,679  INFO  Leyendo Excel para actualizar Google Sheets...
2026-06-16 09:37:21,708  INFO  Pestañas encontradas en Excel: ['Aceros', 'base_completo', 'calendario', 'Consumos_acero', 'Cotizaciones', 'Inventario_aceros', 'Notas_de_venta', 'Ordenes_de_Compra', 'Ordenes_de_produccion', 'Productos_Stock', 'Stock_vendido', 'Ventas_Full', 'WIP']
2026-06-16 09:37:23,357  INFO  Actualizando Base Produccion → 'Orden de Produccion' (3,331 filas)...
2026-06-16 09:37:24,879  INFO    Limpiando hoja 'Orden de Produccion'...
2026-06-16 09:37:25,839  INFO    Escribiendo 3,331 filas en 'Orden de Produccion'...
2026-06-16 09:37:31,672  INFO    ✅ Hoja 'Orden de Produccion' actualizada.
2026-06-16 09:37:31,765  INFO  Actualizando Base Produccion → 'Por Facturar' (93 filas)...
2026-06-16 09:37:32,490  INFO    Limpiando hoja 'Por Facturar'...
2026-06-16 09:37:32,863  INFO    Escribiendo 93 filas en 'Por Facturar'...
2026-06-16 09:37:33,278  INFO    ✅ Hoja 'Por Facturar' actualizada.
2026-06-16 09:37:33,337  INFO  Actualizando Base Produccion → 'Control Inventario' (120 filas)...
2026-06-16 09:37:33,971  INFO    Limpiando hoja 'Control Inventario'...
2026-06-16 09:37:34,323  INFO    Escribiendo 120 filas en 'Control Inventario'...
2026-06-16 09:37:34,690  INFO    ✅ Hoja 'Control Inventario' actualizada.
2026-06-16 09:37:35,475  INFO  Actualizando Base Produccion → 'Notas de Venta' (802 filas)...
2026-06-16 09:37:36,117  INFO    Limpiando hoja 'Notas de Venta'...
2026-06-16 09:37:36,467  INFO    Escribiendo 802 filas en 'Notas de Venta'...
2026-06-16 09:37:36,916  INFO    ✅ Hoja 'Notas de Venta' actualizada.
2026-06-16 09:37:36,949  INFO  Actualizando Base Produccion → 'Vales de Salida' (71 filas)...
2026-06-16 09:37:37,527  INFO    Limpiando hoja 'Vales de Salida'...
2026-06-16 09:37:37,809  INFO    Escribiendo 71 filas en 'Vales de Salida'...
2026-06-16 09:37:38,078  INFO    ✅ Hoja 'Vales de Salida' actualizada.
2026-06-16 09:37:38,130  INFO  Actualizando Base Produccion → 'Stock' (125 filas)...
2026-06-16 09:37:38,637  INFO    Limpiando hoja 'Stock'...
2026-06-16 09:37:38,925  INFO    Escribiendo 125 filas en 'Stock'...
2026-06-16 09:37:39,353  INFO    ✅ Hoja 'Stock' actualizada.
2026-06-16 09:37:40,675  INFO  Actualizando Base Produccion → 'Ventas_Full' (1,950 filas)...
2026-06-16 09:37:41,175  INFO    Limpiando hoja 'Ventas_Full'...
2026-06-16 09:37:41,735  INFO    Escribiendo 1,950 filas en 'Ventas_Full'...
2026-06-16 09:37:43,672  INFO    ✅ Hoja 'Ventas_Full' actualizada.
2026-06-16 09:37:43,706  INFO  Actualizando Base Produccion → 'WIP' (41 filas)...
2026-06-16 09:37:44,262  INFO    Limpiando hoja 'WIP'...
2026-06-16 09:37:44,573  INFO    Escribiendo 41 filas en 'WIP'...
2026-06-16 09:37:44,826  INFO    ✅ Hoja 'WIP' actualizada.
2026-06-16 09:37:44,884  INFO  Actualizando Base Produccion → 'Stock Vendido' (161 filas)...
2026-06-16 09:37:45,344  INFO    Limpiando hoja 'Stock Vendido'...
2026-06-16 09:37:45,636  INFO    Escribiendo 161 filas en 'Stock Vendido'...
2026-06-16 09:37:45,939  INFO    ✅ Hoja 'Stock Vendido' actualizada.
2026-06-16 09:37:45,995  INFO  Actualizando Base Produccion → 'Consumos Acero' (177 filas)...
2026-06-16 09:37:46,518  INFO    Limpiando hoja 'Consumos Acero'...
2026-06-16 09:37:46,795  INFO    Escribiendo 177 filas en 'Consumos Acero'...
2026-06-16 09:37:47,079  INFO    ✅ Hoja 'Consumos Acero' actualizada.
2026-06-16 09:37:48,372  INFO  Actualizando Presupuestos → 'Ventas Full Manager' (1,950 filas)...
2026-06-16 09:37:49,218  INFO    Limpiando hoja 'Ventas Full Manager'...
2026-06-16 09:37:49,817  INFO    Escribiendo 1,950 filas en 'Ventas Full Manager'...
2026-06-16 09:37:51,700  INFO    ✅ Hoja 'Ventas Full Manager' actualizada.
2026-06-16 09:37:51,923  INFO  Actualizando Presupuestos → 'Notas de Venta' (802 filas)...
2026-06-16 09:37:52,490  INFO    Limpiando hoja 'Notas de Venta'...
2026-06-16 09:37:52,802  INFO    Escribiendo 802 filas en 'Notas de Venta'...
2026-06-16 09:37:53,226  INFO    ✅ Hoja 'Notas de Venta' actualizada.
2026-06-16 09:37:54,027  INFO  Actualizando Presupuestos → 'Cotizaciones' (3,569 filas)...
2026-06-16 09:37:54,519  INFO    Limpiando hoja 'Cotizaciones'...
2026-06-16 09:37:55,387  INFO    Escribiendo 3,569 filas en 'Cotizaciones'...
2026-06-16 09:37:56,496  INFO    ✅ Hoja 'Cotizaciones' actualizada.
2026-06-16 09:37:56,567  INFO  Actualizando Presupuestos → 'Calendario' (93 filas)...
2026-06-16 09:37:57,208  INFO    Limpiando hoja 'Calendario'...
2026-06-16 09:37:57,434  INFO    Escribiendo 93 filas en 'Calendario'...
2026-06-16 09:37:57,693  INFO    ✅ Hoja 'Calendario' actualizada.
2026-06-16 09:37:57,694  INFO  
2026-06-16 09:37:57,694  INFO  ✅ Todo actualizado:
2026-06-16 09:37:57,694  INFO     📁 Drive: Reportes_Completos_Actualizado.xlsx
2026-06-16 09:37:57,697  INFO     📊 Base Produccion: ['Orden de Produccion', 'Por Facturar', 'Control Inventario', 'Notas de Venta', 'Vales de Salida', 'Stock', 'Ventas_Full', 'WIP', 'Stock Vendido', 'Consumos Acero']
2026-06-16 09:37:57,697  INFO     📊 Presupuestos: Ventas Full Manager
2026-06-16 09:37:57,699  INFO  
2026-06-16 09:37:57,699  INFO  ╔═════════════════════════════════════════════════════╗
2026-06-16 09:37:57,700  INFO  ║  ✅ PIPELINE COMPLETADO en 316s                      ║
2026-06-16 09:37:57,700  INFO  ║  📊 Excel en Drive: VentasFull_Actualizado.xlsx      ║
2026-06-16 09:37:57,700  INFO  ╚═════════════════════════════════════════════════════╝
2026-06-17 07:52:01,528  INFO  ╔═════════════════════════════════════════════════════╗
2026-06-17 07:52:01,818  INFO  ║   PIPELINE VENTAS FULL — Inicio: 2026-06-17 07:52   ║
2026-06-17 07:52:01,900  INFO  ╚═════════════════════════════════════════════════════╝
2026-06-17 07:52:02,057  INFO  
2026-06-17 07:52:02,161  INFO  ━━━━━━━━━━━━━━━━━━━━━━━━━━━━━━━━━━━━━━━━━━━━━━━━━━━━━━━
2026-06-17 07:52:02,241  INFO    PASO 1/3 — Descargar backup desde Manager
2026-06-17 07:52:02,313  INFO  ━━━━━━━━━━━━━━━━━━━━━━━━━━━━━━━━━━━━━━━━━━━━━━━━━━━━━━━
2026-06-17 07:52:07,422  INFO  =======================================================
2026-06-17 07:52:07,430  INFO    Iniciando descarga automática de backup Manager
2026-06-17 07:52:07,444  INFO  =======================================================
2026-06-17 07:52:07,449  INFO  ====== WebDriver manager ======
2026-06-17 07:52:15,662  INFO  Get LATEST chromedriver version for google-chrome
2026-06-17 07:52:16,548  INFO  Get LATEST chromedriver version for google-chrome
2026-06-17 07:52:17,230  INFO  There is no [win64] chromedriver "149.0.7827.155" for browser google-chrome "149.0.7827" in cache
2026-06-17 07:52:17,231  INFO  Get LATEST chromedriver version for google-chrome
2026-06-17 07:52:18,943  INFO  WebDriver version 149.0.7827.155 selected
2026-06-17 07:52:18,963  INFO  Modern chrome version https://storage.googleapis.com/chrome-for-testing-public/149.0.7827.155/win32/chromedriver-win32.zip
2026-06-17 07:52:18,978  INFO  About to download new driver from https://storage.googleapis.com/chrome-for-testing-public/149.0.7827.155/win32/chromedriver-win32.zip
2026-06-17 07:52:19,855  INFO  Driver downloading response is 200
2026-06-17 07:52:21,026  INFO  Get LATEST chromedriver version for google-chrome
2026-06-17 07:52:22,278  INFO  Driver has been saved in cache [C:\Users\atorr\.wdm\drivers\chromedriver\win64\149.0.7827.155]
2026-06-17 07:52:31,714  INFO  Abriendo login: https://prodkernel.manager.cl/index.html
2026-06-17 07:52:35,819  INFO  Inputs visibles: 3
2026-06-17 07:52:37,252  INFO  Login enviado...
2026-06-17 07:52:41,521  INFO  ✅ Login exitoso. session_id: 7cdad83d...
2026-06-17 07:52:41,537  INFO  Navegando a: https://prodkernel.manager.cl/managerbackups.html?session_id=7cdad83df593438685787b672be6c18f&cd=prodkernel
2026-06-17 07:52:41,892  INFO  Recarga 1/10...
2026-06-17 07:52:46,462  INFO    filas .bak encontradas: 3
2026-06-17 07:52:46,471  INFO  ✅ Tabla cargada en recarga 1.
2026-06-17 07:52:47,083  INFO    Ignorando: 2026-6-17-T779354202A.bak
2026-06-17 07:52:47,860  INFO    Ignorando: 2026-6-17-T779354202B.bak
2026-06-17 07:52:48,240  INFO  Backup seleccionado: 2026-6-17-T779354202C.bak (2026-06-17 10:08:08+00:00)
2026-06-17 07:52:48,492  INFO  HTML fila completa: <td class="bucket">mng-respaldos-poliuretano</td><td class="Key">2026-6-17-T779354202C.bak</td><td class="LastModified">2026-06-17 10:08:08+00:00</td><td class="Size">0.18 GB</td><td class="presigned_url" style="display: none;">https://mng-respaldos-poliuretano.s3.amazonaws.com/2026-6-17-T779354202C.bak?AWSAccessKeyId=AKIAZPIFFWJDVFW267ZG&amp;Signature=dHsgLqXVm4niae4RT0VxGAPi04M%3D&amp;Expires=1781697461</td><td><i onclick="downloadbackup($(this).parent().parent())" class="fas fa-download"></i>
2026-06-17 07:53:05,125  INFO  Descargando 2026-6-17-T779354202C.bak desde S3...
2026-06-17 07:53:19,738  INFO    10 MB / 183 MB (6%)
2026-06-17 07:53:23,280  INFO    21 MB / 183 MB (11%)
2026-06-17 07:53:26,390  INFO    31 MB / 183 MB (17%)
2026-06-17 07:53:29,577  INFO    42 MB / 183 MB (23%)
2026-06-17 07:53:33,159  INFO    52 MB / 183 MB (29%)
2026-06-17 07:53:36,243  INFO    63 MB / 183 MB (34%)
2026-06-17 07:53:39,291  INFO    73 MB / 183 MB (40%)
2026-06-17 07:53:41,990  INFO    84 MB / 183 MB (46%)
2026-06-17 07:53:44,110  INFO    94 MB / 183 MB (52%)
2026-06-17 07:53:46,934  INFO    105 MB / 183 MB (57%)
2026-06-17 07:53:49,825  INFO    115 MB / 183 MB (63%)
2026-06-17 07:53:52,687  INFO    126 MB / 183 MB (69%)
2026-06-17 07:53:55,693  INFO    136 MB / 183 MB (75%)
2026-06-17 07:53:59,431  INFO    147 MB / 183 MB (80%)
2026-06-17 07:54:02,966  INFO    157 MB / 183 MB (86%)
2026-06-17 07:54:06,681  INFO    168 MB / 183 MB (92%)
2026-06-17 07:54:10,084  INFO    178 MB / 183 MB (97%)
2026-06-17 07:54:11,540  INFO  ✅ Descarga completa: 2026-6-17-T779354202C.bak (183.0 MB)
2026-06-17 07:54:11,547  INFO  Backup guardado en: C:\Backups\Manager\2026-6-17-T779354202C_2026-06-17.bak
2026-06-17 07:54:11,547  INFO  ✅ Éxito — backup guardado en: C:\Backups\Manager\2026-6-17-T779354202C_2026-06-17.bak
2026-06-17 07:54:15,623  WARNING  Retrying (Retry(total=2, connect=None, read=None, redirect=None, status=None)) after connection broken by 'NewConnectionError("HTTPConnection(host='localhost', port=60814): Failed to establish a new connection: [WinError 10061] No se puede establecer una conexión ya que el equipo de destino denegó expresamente dicha conexión")': /session/7bae0c474604abcb137df6d67f6fb5ac
2026-06-17 07:54:19,707  WARNING  Retrying (Retry(total=1, connect=None, read=None, redirect=None, status=None)) after connection broken by 'NewConnectionError("HTTPConnection(host='localhost', port=60814): Failed to establish a new connection: [WinError 10061] No se puede establecer una conexión ya que el equipo de destino denegó expresamente dicha conexión")': /session/7bae0c474604abcb137df6d67f6fb5ac
2026-06-17 07:54:23,770  WARNING  Retrying (Retry(total=0, connect=None, read=None, redirect=None, status=None)) after connection broken by 'NewConnectionError("HTTPConnection(host='localhost', port=60814): Failed to establish a new connection: [WinError 10061] No se puede establecer una conexión ya que el equipo de destino denegó expresamente dicha conexión")': /session/7bae0c474604abcb137df6d67f6fb5ac
2026-06-17 07:54:27,849  INFO  
2026-06-17 07:54:27,849  INFO  ━━━━━━━━━━━━━━━━━━━━━━━━━━━━━━━━━━━━━━━━━━━━━━━━━━━━━━━
2026-06-17 07:54:27,850  INFO    PASO 2/3 — Restaurar BD y extraer Ventas Full
2026-06-17 07:54:27,851  INFO  ━━━━━━━━━━━━━━━━━━━━━━━━━━━━━━━━━━━━━━━━━━━━━━━━━━━━━━━
2026-06-17 07:54:32,857  INFO  ============================================================
2026-06-17 07:54:32,857  INFO    PASO 1 — Restaurar BD y extraer Múltiples Reportes
2026-06-17 07:54:32,857  INFO  ============================================================
2026-06-17 07:54:32,868  INFO  Usando .bak de ultimo_bak.txt: 2026-6-17-T779354202C_2026-06-17.bak
2026-06-17 07:54:32,869  INFO  Usando backup: 2026-6-17-T779354202C_2026-06-17.bak
2026-06-17 07:54:32,869  INFO  Restaurando 2026-6-17-T779354202C_2026-06-17.bak como 'T779354202C'...
2026-06-17 07:54:32,870  INFO  Copiando .bak a C:\Program Files\Microsoft SQL Server\MSSQL17.SQLEXPRESS\MSSQL\DATA\2026-6-17-T779354202C_2026-06-17.bak...
2026-06-17 07:54:33,999  INFO  Ejecutando RESTORE DATABASE...
2026-06-17 07:55:18,917  INFO  ✅ BD 'T779354202C' restaurada correctamente.
2026-06-17 07:55:18,918  INFO  Conectando a 'T779354202C' para extraer reportes...
2026-06-17 07:55:18,962  INFO  Ejecutando: Aceros...
2026-06-17 07:55:19,243  INFO    └─ 71 filas extraídas.
2026-06-17 07:55:19,244  INFO  Ejecutando: base_completo...
2026-06-17 07:55:20,661  INFO    └─ 9,268 filas extraídas.
2026-06-17 07:55:20,662  INFO  Ejecutando: calendario...
2026-06-17 07:55:20,871  INFO    └─ 95 filas extraídas.
2026-06-17 07:55:20,871  INFO  Ejecutando: Consumos_acero...
2026-06-17 07:55:20,991  INFO    └─ 175 filas extraídas.
2026-06-17 07:55:20,991  INFO  Ejecutando: Cotizaciones...
2026-06-17 07:55:21,068  INFO    └─ 3,604 filas extraídas.
2026-06-17 07:55:21,069  INFO  Ejecutando: Inventario_aceros...
2026-06-17 07:55:21,099  INFO    └─ 120 filas extraídas.
2026-06-17 07:55:21,100  INFO  Ejecutando: Notas_de_venta...
2026-06-17 07:55:21,137  INFO    └─ 810 filas extraídas.
2026-06-17 07:55:21,137  INFO  Ejecutando: Ordenes_de_Compra...
2026-06-17 07:55:21,266  INFO    └─ 287 filas extraídas.
2026-06-17 07:55:21,267  INFO  Ejecutando: Ordenes_de_produccion...
2026-06-17 07:55:21,430  INFO    └─ 3,342 filas extraídas.
2026-06-17 07:55:21,431  INFO  Ejecutando: Pendiente_a_facturar...
2026-06-17 07:55:21,453  ERROR    └─ Error ejecutando Pendiente_a_facturar: ('42000', '[42000] [Microsoft][ODBC Driver 17 for SQL Server][SQL Server]ORDER BY items must appear in the select list if SELECT DISTINCT is specified. (145) (SQLExecDirectW)')
2026-06-17 07:55:21,453  INFO  Ejecutando: Productos_Stock...
2026-06-17 07:55:21,480  INFO    └─ 125 filas extraídas.
2026-06-17 07:55:21,481  INFO  Ejecutando: Stock_vendido...
2026-06-17 07:55:21,540  INFO    └─ 161 filas extraídas.
2026-06-17 07:55:21,540  INFO  Ejecutando: Vales_de_Salida...
2026-06-17 07:55:21,555  ERROR    └─ Error ejecutando Vales_de_Salida: ('42000', '[42000] [Microsoft][ODBC Driver 17 for SQL Server][SQL Server]ORDER BY items must appear in the select list if SELECT DISTINCT is specified. (145) (SQLExecDirectW)')
2026-06-17 07:55:21,556  INFO  Ejecutando: Ventas_Full...
2026-06-17 07:55:21,981  INFO    └─ 1,975 filas extraídas.
2026-06-17 07:55:21,981  INFO  Ejecutando: WIP...
2026-06-17 07:55:22,056  INFO    └─ 41 filas extraídas.
2026-06-17 07:55:22,058  INFO  Exportando a Excel multipestaña: C:\Reportes\VentasFull\Reportes_Completos_2026-06-17.xlsx
2026-06-17 07:56:20,193  WARNING    └─ Stock_vendido: columnas duplicadas renombradas
2026-06-17 07:56:37,902  INFO  ✅ Excel generado: C:\Reportes\VentasFull\Reportes_Completos_2026-06-17.xlsx (2.8 MB)
2026-06-17 07:56:37,926  INFO  ✅ Proceso Completado → C:\Reportes\VentasFull\Reportes_Completos_2026-06-17.xlsx
2026-06-17 07:56:37,940  INFO  
2026-06-17 07:56:37,941  INFO  ━━━━━━━━━━━━━━━━━━━━━━━━━━━━━━━━━━━━━━━━━━━━━━━━━━━━━━━
2026-06-17 07:56:37,942  INFO    PASO 3/3 — Subir Excel a Google Drive
2026-06-17 07:56:37,942  INFO  ━━━━━━━━━━━━━━━━━━━━━━━━━━━━━━━━━━━━━━━━━━━━━━━━━━━━━━━
2026-06-17 07:56:41,958  INFO  =======================================================
2026-06-17 07:56:41,958  INFO    PASO 2 — Subir a Drive y actualizar Google Sheets
2026-06-17 07:56:41,958  INFO  =======================================================
2026-06-17 07:56:41,969  INFO  Procesando: Reportes_Completos_2026-06-17.xlsx (2.8 MB)
2026-06-17 07:56:42,045  INFO  file_cache is only supported with oauth2client<4.0.0
2026-06-17 07:56:42,073  INFO  file_cache is only supported with oauth2client<4.0.0
2026-06-17 07:56:43,366  INFO  Creando Excel nuevo en Drive...
2026-06-17 07:56:46,119  INFO  ✅ Excel subido a Drive: Reportes_Completos_Actualizado.xlsx
2026-06-17 07:56:46,120  INFO  Leyendo Excel para actualizar Google Sheets...
2026-06-17 07:56:46,146  INFO  Pestañas encontradas en Excel: ['Aceros', 'base_completo', 'calendario', 'Consumos_acero', 'Cotizaciones', 'Inventario_aceros', 'Notas_de_venta', 'Ordenes_de_Compra', 'Ordenes_de_produccion', 'Productos_Stock', 'Stock_vendido', 'Ventas_Full', 'WIP']
2026-06-17 07:56:47,491  INFO  Actualizando Base Produccion → 'Orden de Produccion' (3,342 filas)...
2026-06-17 07:56:49,201  INFO    Limpiando hoja 'Orden de Produccion'...
2026-06-17 07:56:50,104  INFO    Escribiendo 3,342 filas en 'Orden de Produccion'...
2026-06-17 07:56:51,846  INFO    ✅ Hoja 'Orden de Produccion' actualizada.
2026-06-17 07:56:51,900  INFO  Actualizando Base Produccion → 'Por Facturar' (95 filas)...
2026-06-17 07:56:52,283  INFO    Limpiando hoja 'Por Facturar'...
2026-06-17 07:56:52,512  INFO    Escribiendo 95 filas en 'Por Facturar'...
2026-06-17 07:56:52,736  INFO    ✅ Hoja 'Por Facturar' actualizada.
2026-06-17 07:56:52,794  INFO  Actualizando Base Produccion → 'Control Inventario' (120 filas)...
2026-06-17 07:56:53,201  INFO    Limpiando hoja 'Control Inventario'...
2026-06-17 07:56:53,431  INFO    Escribiendo 120 filas en 'Control Inventario'...
2026-06-17 07:56:53,665  INFO    ✅ Hoja 'Control Inventario' actualizada.
2026-06-17 07:56:54,382  INFO  Actualizando Base Produccion → 'Notas de Venta' (810 filas)...
2026-06-17 07:56:54,764  INFO    Limpiando hoja 'Notas de Venta'...
2026-06-17 07:56:55,156  INFO    Escribiendo 810 filas en 'Notas de Venta'...
2026-06-17 07:56:55,518  INFO    ✅ Hoja 'Notas de Venta' actualizada.
2026-06-17 07:56:55,548  INFO  Actualizando Base Produccion → 'Vales de Salida' (71 filas)...
2026-06-17 07:56:56,487  INFO    Limpiando hoja 'Vales de Salida'...
2026-06-17 07:56:56,780  INFO    Escribiendo 71 filas en 'Vales de Salida'...
2026-06-17 07:56:57,019  INFO    ✅ Hoja 'Vales de Salida' actualizada.
2026-06-17 07:56:57,064  INFO  Actualizando Base Produccion → 'Stock' (125 filas)...
2026-06-17 07:56:57,457  INFO    Limpiando hoja 'Stock'...
2026-06-17 07:56:57,816  INFO    Escribiendo 125 filas en 'Stock'...
2026-06-17 07:56:58,046  INFO    ✅ Hoja 'Stock' actualizada.
2026-06-17 07:56:59,209  INFO  Actualizando Base Produccion → 'Ventas_Full' (1,975 filas)...
2026-06-17 07:56:59,620  INFO    Limpiando hoja 'Ventas_Full'...
2026-06-17 07:57:00,105  INFO    Escribiendo 1,975 filas en 'Ventas_Full'...
2026-06-17 07:57:01,737  INFO    ✅ Hoja 'Ventas_Full' actualizada.
2026-06-17 07:57:01,774  INFO  Actualizando Base Produccion → 'WIP' (41 filas)...
2026-06-17 07:57:02,306  INFO    Limpiando hoja 'WIP'...
2026-06-17 07:57:02,921  INFO    Escribiendo 41 filas en 'WIP'...
2026-06-17 07:57:03,138  INFO    ✅ Hoja 'WIP' actualizada.
2026-06-17 07:57:03,193  INFO  Actualizando Base Produccion → 'Stock Vendido' (161 filas)...
2026-06-17 07:57:03,618  INFO    Limpiando hoja 'Stock Vendido'...
2026-06-17 07:57:03,843  INFO    Escribiendo 161 filas en 'Stock Vendido'...
2026-06-17 07:57:04,091  INFO    ✅ Hoja 'Stock Vendido' actualizada.
2026-06-17 07:57:04,144  INFO  Actualizando Base Produccion → 'Consumos Acero' (175 filas)...
2026-06-17 07:57:04,513  INFO    Limpiando hoja 'Consumos Acero'...
2026-06-17 07:57:04,727  INFO    Escribiendo 175 filas en 'Consumos Acero'...
2026-06-17 07:57:04,961  INFO    ✅ Hoja 'Consumos Acero' actualizada.
2026-06-17 07:57:06,088  INFO  Actualizando Presupuestos → 'Ventas Full Manager' (1,975 filas)...
2026-06-17 07:57:08,841  INFO    Limpiando hoja 'Ventas Full Manager'...
2026-06-17 07:57:09,496  INFO    Escribiendo 1,975 filas en 'Ventas Full Manager'...
2026-06-17 07:57:12,248  INFO    ✅ Hoja 'Ventas Full Manager' actualizada.
2026-06-17 07:57:12,412  INFO  Actualizando Presupuestos → 'Notas de Venta' (810 filas)...
2026-06-17 07:57:13,144  INFO    Limpiando hoja 'Notas de Venta'...
2026-06-17 07:57:13,545  INFO    Escribiendo 810 filas en 'Notas de Venta'...
2026-06-17 07:57:14,011  INFO    ✅ Hoja 'Notas de Venta' actualizada.
2026-06-17 07:57:14,628  INFO  Actualizando Presupuestos → 'Cotizaciones' (3,604 filas)...
2026-06-17 07:57:15,226  INFO    Limpiando hoja 'Cotizaciones'...
2026-06-17 07:57:15,780  INFO    Escribiendo 3,604 filas en 'Cotizaciones'...
2026-06-17 07:57:16,852  INFO    ✅ Hoja 'Cotizaciones' actualizada.
2026-06-17 07:57:16,910  INFO  Actualizando Presupuestos → 'Calendario' (95 filas)...
2026-06-17 07:57:17,619  INFO    Limpiando hoja 'Calendario'...
2026-06-17 07:57:17,990  INFO    Escribiendo 95 filas en 'Calendario'...
2026-06-17 07:57:18,346  INFO    ✅ Hoja 'Calendario' actualizada.
2026-06-17 07:57:18,346  INFO  
2026-06-17 07:57:18,347  INFO  ✅ Todo actualizado:
2026-06-17 07:57:18,347  INFO     📁 Drive: Reportes_Completos_Actualizado.xlsx
2026-06-17 07:57:18,347  INFO     📊 Base Produccion: ['Orden de Produccion', 'Por Facturar', 'Control Inventario', 'Notas de Venta', 'Vales de Salida', 'Stock', 'Ventas_Full', 'WIP', 'Stock Vendido', 'Consumos Acero']
2026-06-17 07:57:18,347  INFO     📊 Presupuestos: Ventas Full Manager
2026-06-17 07:57:18,350  INFO  
2026-06-17 07:57:18,351  INFO  ╔═════════════════════════════════════════════════════╗
2026-06-17 07:57:18,373  INFO  ║  ✅ PIPELINE COMPLETADO en 316s                      ║
2026-06-17 07:57:18,380  INFO  ║  📊 Excel en Drive: VentasFull_Actualizado.xlsx      ║
2026-06-17 07:57:18,381  INFO  ╚═════════════════════════════════════════════════════╝
2026-06-17 08:04:09,802  INFO  ╔═════════════════════════════════════════════════════╗
2026-06-17 08:04:09,804  INFO  ║   PIPELINE VENTAS FULL — Inicio: 2026-06-17 08:04   ║
2026-06-17 08:04:09,804  INFO  ╚═════════════════════════════════════════════════════╝
2026-06-17 08:04:09,804  INFO  
2026-06-17 08:04:09,804  INFO  ━━━━━━━━━━━━━━━━━━━━━━━━━━━━━━━━━━━━━━━━━━━━━━━━━━━━━━━
2026-06-17 08:04:09,804  INFO    PASO 1/3 — Descargar backup desde Manager
2026-06-17 08:04:09,804  INFO  ━━━━━━━━━━━━━━━━━━━━━━━━━━━━━━━━━━━━━━━━━━━━━━━━━━━━━━━
2026-06-17 08:04:10,574  INFO  =======================================================
2026-06-17 08:04:10,574  INFO    Iniciando descarga automática de backup Manager
2026-06-17 08:04:10,574  INFO  =======================================================
2026-06-17 08:04:10,575  INFO  ====== WebDriver manager ======
2026-06-17 08:04:12,094  INFO  Get LATEST chromedriver version for google-chrome
2026-06-17 08:04:12,564  INFO  Get LATEST chromedriver version for google-chrome
2026-06-17 08:04:12,917  INFO  Driver [C:\Users\atorr\.wdm\drivers\chromedriver\win64\149.0.7827.155\chromedriver-win32/chromedriver.exe] found in cache
2026-06-17 08:04:15,931  INFO  Abriendo login: https://prodkernel.manager.cl/index.html
2026-06-17 08:04:17,929  INFO  Inputs visibles: 3
2026-06-17 08:04:18,284  INFO  Login enviado...
2026-06-17 08:04:22,301  INFO  ✅ Login exitoso. session_id: 5268bf0d...
2026-06-17 08:04:22,301  INFO  Navegando a: https://prodkernel.manager.cl/managerbackups.html?session_id=5268bf0d1fb852328564f12c9acdcdd0&cd=prodkernel
2026-06-17 08:04:22,396  INFO  Recarga 1/10...
2026-06-17 08:04:26,481  INFO    filas .bak encontradas: 3
2026-06-17 08:04:26,481  INFO  ✅ Tabla cargada en recarga 1.
2026-06-17 08:04:26,522  INFO    Ignorando: 2026-6-17-T779354202A.bak
2026-06-17 08:04:26,575  INFO    Ignorando: 2026-6-17-T779354202B.bak
2026-06-17 08:04:26,602  INFO  Backup seleccionado: 2026-6-17-T779354202C.bak (2026-06-17 10:08:08+00:00)
2026-06-17 08:04:26,610  INFO  HTML fila completa: <td class="bucket">mng-respaldos-poliuretano</td><td class="Key">2026-6-17-T779354202C.bak</td><td class="LastModified">2026-06-17 10:08:08+00:00</td><td class="Size">0.18 GB</td><td class="presigned_url" style="display: none;">https://mng-respaldos-poliuretano.s3.amazonaws.com/2026-6-17-T779354202C.bak?AWSAccessKeyId=AKIAZPIFFWJDVFW267ZG&amp;Signature=rcaEH50qdsjxHSRZW9%2B6WWddQTE%3D&amp;Expires=1781698161</td><td><i onclick="downloadbackup($(this).parent().parent())" class="fas fa-download"></
2026-06-17 08:04:28,824  INFO  Descargando 2026-6-17-T779354202C.bak desde S3...
2026-06-17 08:04:35,526  INFO    10 MB / 183 MB (6%)
2026-06-17 08:04:41,389  INFO    21 MB / 183 MB (11%)
2026-06-17 08:04:47,267  INFO    31 MB / 183 MB (17%)
2026-06-17 08:05:02,651  INFO    42 MB / 183 MB (23%)
2026-06-17 08:05:22,605  INFO    52 MB / 183 MB (29%)
2026-06-17 08:05:28,817  INFO    63 MB / 183 MB (34%)
2026-06-17 08:05:35,325  INFO    73 MB / 183 MB (40%)
2026-06-17 08:05:40,554  INFO    84 MB / 183 MB (46%)
2026-06-17 08:05:43,981  INFO    94 MB / 183 MB (52%)
2026-06-17 08:05:48,511  INFO    105 MB / 183 MB (57%)
2026-06-17 08:05:57,238  INFO    115 MB / 183 MB (63%)
2026-06-17 08:06:03,244  INFO    126 MB / 183 MB (69%)
2026-06-17 08:06:06,571  INFO    136 MB / 183 MB (75%)
2026-06-17 08:06:09,808  INFO    147 MB / 183 MB (80%)
2026-06-17 08:06:14,096  INFO    157 MB / 183 MB (86%)
2026-06-17 08:06:18,136  INFO    168 MB / 183 MB (92%)
2026-06-17 08:06:22,439  INFO    178 MB / 183 MB (97%)
2026-06-17 08:06:24,626  INFO  ✅ Descarga completa: 2026-6-17-T779354202C.bak (183.0 MB)
2026-06-17 08:06:24,665  INFO  Backup guardado en: C:\Backups\Manager\2026-6-17-T779354202C_2026-06-17_1781697984.bak
2026-06-17 08:06:24,665  INFO  ✅ Éxito — backup guardado en: C:\Backups\Manager\2026-6-17-T779354202C_2026-06-17_1781697984.bak
2026-06-17 08:06:28,809  WARNING  Retrying (Retry(total=2, connect=None, read=None, redirect=None, status=None)) after connection broken by 'NewConnectionError("HTTPConnection(host='localhost', port=56949): Failed to establish a new connection: [WinError 10061] No se puede establecer una conexión ya que el equipo de destino denegó expresamente dicha conexión")': /session/7e7f4bc8e097759324d2234785b73d49
2026-06-17 08:06:32,907  WARNING  Retrying (Retry(total=1, connect=None, read=None, redirect=None, status=None)) after connection broken by 'NewConnectionError("HTTPConnection(host='localhost', port=56949): Failed to establish a new connection: [WinError 10061] No se puede establecer una conexión ya que el equipo de destino denegó expresamente dicha conexión")': /session/7e7f4bc8e097759324d2234785b73d49
2026-06-17 08:06:37,002  WARNING  Retrying (Retry(total=0, connect=None, read=None, redirect=None, status=None)) after connection broken by 'NewConnectionError("HTTPConnection(host='localhost', port=56949): Failed to establish a new connection: [WinError 10061] No se puede establecer una conexión ya que el equipo de destino denegó expresamente dicha conexión")': /session/7e7f4bc8e097759324d2234785b73d49
2026-06-17 08:06:41,105  INFO  
2026-06-17 08:06:41,105  INFO  ━━━━━━━━━━━━━━━━━━━━━━━━━━━━━━━━━━━━━━━━━━━━━━━━━━━━━━━
2026-06-17 08:06:41,105  INFO    PASO 2/3 — Restaurar BD y extraer Ventas Full
2026-06-17 08:06:41,105  INFO  ━━━━━━━━━━━━━━━━━━━━━━━━━━━━━━━━━━━━━━━━━━━━━━━━━━━━━━━
2026-06-17 08:06:45,723  INFO  ============================================================
2026-06-17 08:06:45,723  INFO    PASO 1 — Restaurar BD y extraer Múltiples Reportes
2026-06-17 08:06:45,723  INFO  ============================================================
2026-06-17 08:06:45,737  INFO  Usando .bak de ultimo_bak.txt: 2026-6-17-T779354202C_2026-06-17_1781697984.bak
2026-06-17 08:06:45,737  INFO  Usando backup: 2026-6-17-T779354202C_2026-06-17_1781697984.bak
2026-06-17 08:06:45,737  INFO  Restaurando 2026-6-17-T779354202C_2026-06-17_1781697984.bak como 'T779354202C'...
2026-06-17 08:06:45,737  INFO  Copiando .bak a C:\Program Files\Microsoft SQL Server\MSSQL17.SQLEXPRESS\MSSQL\DATA\2026-6-17-T779354202C_2026-06-17_1781697984.bak...
2026-06-17 08:06:46,438  INFO  Ejecutando RESTORE DATABASE...
2026-06-17 08:07:31,219  INFO  ✅ BD 'T779354202C' restaurada correctamente.
2026-06-17 08:07:31,220  INFO  Conectando a 'T779354202C' para extraer reportes...
2026-06-17 08:07:31,259  INFO  Ejecutando: Aceros...
2026-06-17 08:07:31,532  INFO    └─ 71 filas extraídas.
2026-06-17 08:07:31,532  INFO  Ejecutando: base_completo...
2026-06-17 08:07:33,276  INFO    └─ 9,268 filas extraídas.
2026-06-17 08:07:33,276  INFO  Ejecutando: calendario...
2026-06-17 08:07:33,589  INFO    └─ 95 filas extraídas.
2026-06-17 08:07:33,589  INFO  Ejecutando: Consumos_acero...
2026-06-17 08:07:33,717  INFO    └─ 175 filas extraídas.
2026-06-17 08:07:33,718  INFO  Ejecutando: Cotizaciones...
2026-06-17 08:07:33,816  INFO    └─ 3,604 filas extraídas.
2026-06-17 08:07:33,816  INFO  Ejecutando: Inventario_aceros...
2026-06-17 08:07:33,849  INFO    └─ 120 filas extraídas.
2026-06-17 08:07:33,849  INFO  Ejecutando: Notas_de_venta...
2026-06-17 08:07:33,894  INFO    └─ 810 filas extraídas.
2026-06-17 08:07:33,894  INFO  Ejecutando: Ordenes_de_Compra...
2026-06-17 08:07:34,032  INFO    └─ 287 filas extraídas.
2026-06-17 08:07:34,032  INFO  Ejecutando: Ordenes_de_produccion...
2026-06-17 08:07:34,273  INFO    └─ 3,342 filas extraídas.
2026-06-17 08:07:34,274  INFO  Ejecutando: Pendiente_a_facturar...
2026-06-17 08:07:34,292  ERROR    └─ Error ejecutando Pendiente_a_facturar: ('42000', '[42000] [Microsoft][ODBC Driver 17 for SQL Server][SQL Server]ORDER BY items must appear in the select list if SELECT DISTINCT is specified. (145) (SQLExecDirectW)')
2026-06-17 08:07:34,292  INFO  Ejecutando: Productos_Stock...
2026-06-17 08:07:34,320  INFO    └─ 125 filas extraídas.
2026-06-17 08:07:34,321  INFO  Ejecutando: Stock_vendido...
2026-06-17 08:07:34,384  INFO    └─ 161 filas extraídas.
2026-06-17 08:07:34,384  INFO  Ejecutando: Vales_de_Salida...
2026-06-17 08:07:34,402  ERROR    └─ Error ejecutando Vales_de_Salida: ('42000', '[42000] [Microsoft][ODBC Driver 17 for SQL Server][SQL Server]ORDER BY items must appear in the select list if SELECT DISTINCT is specified. (145) (SQLExecDirectW)')
2026-06-17 08:07:34,402  INFO  Ejecutando: Ventas_Full...
2026-06-17 08:07:34,984  INFO    └─ 1,975 filas extraídas.
2026-06-17 08:07:34,985  INFO  Ejecutando: WIP...
2026-06-17 08:07:35,061  INFO    └─ 41 filas extraídas.
2026-06-17 08:07:35,062  INFO  Exportando a Excel multipestaña: C:\Reportes\VentasFull\Reportes_Completos_2026-06-17.xlsx
2026-06-17 08:08:54,785  WARNING    └─ Stock_vendido: columnas duplicadas renombradas
2026-06-17 08:09:19,885  INFO  ✅ Excel generado: C:\Reportes\VentasFull\Reportes_Completos_2026-06-17.xlsx (2.8 MB)
2026-06-17 08:09:19,886  INFO  ✅ Proceso Completado → C:\Reportes\VentasFull\Reportes_Completos_2026-06-17.xlsx
2026-06-17 08:09:19,900  INFO  
2026-06-17 08:09:19,901  INFO  ━━━━━━━━━━━━━━━━━━━━━━━━━━━━━━━━━━━━━━━━━━━━━━━━━━━━━━━
2026-06-17 08:09:19,901  INFO    PASO 3/3 — Subir Excel a Google Drive
2026-06-17 08:09:19,901  INFO  ━━━━━━━━━━━━━━━━━━━━━━━━━━━━━━━━━━━━━━━━━━━━━━━━━━━━━━━
2026-06-17 08:09:23,577  INFO  =======================================================
2026-06-17 08:09:23,578  INFO    PASO 2 — Subir a Drive y actualizar Google Sheets
2026-06-17 08:09:23,578  INFO  =======================================================
2026-06-17 08:09:23,590  INFO  Procesando: Reportes_Completos_2026-06-17.xlsx (2.8 MB)
2026-06-17 08:09:23,679  INFO  file_cache is only supported with oauth2client<4.0.0
2026-06-17 08:09:23,707  INFO  file_cache is only supported with oauth2client<4.0.0
2026-06-17 08:09:25,137  INFO  Creando Excel nuevo en Drive...
2026-06-17 08:09:28,885  INFO  ✅ Excel subido a Drive: Reportes_Completos_Actualizado.xlsx
2026-06-17 08:09:28,885  INFO  Leyendo Excel para actualizar Google Sheets...
2026-06-17 08:09:28,914  INFO  Pestañas encontradas en Excel: ['Aceros', 'base_completo', 'calendario', 'Consumos_acero', 'Cotizaciones', 'Inventario_aceros', 'Notas_de_venta', 'Ordenes_de_Compra', 'Ordenes_de_produccion', 'Productos_Stock', 'Stock_vendido', 'Ventas_Full', 'WIP']
2026-06-17 08:09:30,309  INFO  Actualizando Base Produccion → 'Orden de Produccion' (3,342 filas)...
2026-06-17 08:09:31,376  INFO    Limpiando hoja 'Orden de Produccion'...
2026-06-17 08:09:32,221  INFO    Escribiendo 3,342 filas en 'Orden de Produccion'...
2026-06-17 08:09:34,496  INFO    ✅ Hoja 'Orden de Produccion' actualizada.
2026-06-17 08:09:34,548  INFO  Actualizando Base Produccion → 'Por Facturar' (95 filas)...
2026-06-17 08:09:34,979  INFO    Limpiando hoja 'Por Facturar'...
2026-06-17 08:09:35,204  INFO    Escribiendo 95 filas en 'Por Facturar'...
2026-06-17 08:09:35,427  INFO    ✅ Hoja 'Por Facturar' actualizada.
2026-06-17 08:09:35,517  INFO  Actualizando Base Produccion → 'Control Inventario' (120 filas)...
2026-06-17 08:09:36,645  INFO    Limpiando hoja 'Control Inventario'...
2026-06-17 08:09:36,879  INFO    Escribiendo 120 filas en 'Control Inventario'...
2026-06-17 08:09:37,129  INFO    ✅ Hoja 'Control Inventario' actualizada.
2026-06-17 08:09:37,991  INFO  Actualizando Base Produccion → 'Notas de Venta' (810 filas)...
2026-06-17 08:09:38,445  INFO    Limpiando hoja 'Notas de Venta'...
2026-06-17 08:09:38,699  INFO    Escribiendo 810 filas en 'Notas de Venta'...
2026-06-17 08:09:39,050  INFO    ✅ Hoja 'Notas de Venta' actualizada.
2026-06-17 08:09:39,084  INFO  Actualizando Base Produccion → 'Vales de Salida' (71 filas)...
2026-06-17 08:09:39,508  INFO    Limpiando hoja 'Vales de Salida'...
2026-06-17 08:09:39,733  INFO    Escribiendo 71 filas en 'Vales de Salida'...
2026-06-17 08:09:39,953  INFO    ✅ Hoja 'Vales de Salida' actualizada.
2026-06-17 08:09:40,027  INFO  Actualizando Base Produccion → 'Stock' (125 filas)...
2026-06-17 08:09:40,464  INFO    Limpiando hoja 'Stock'...
2026-06-17 08:09:40,700  INFO    Escribiendo 125 filas en 'Stock'...
2026-06-17 08:09:40,927  INFO    ✅ Hoja 'Stock' actualizada.
2026-06-17 08:09:45,653  INFO  Actualizando Base Produccion → 'Ventas_Full' (1,975 filas)...
2026-06-17 08:09:46,043  INFO    Limpiando hoja 'Ventas_Full'...
2026-06-17 08:09:46,662  INFO    Escribiendo 1,975 filas en 'Ventas_Full'...
2026-06-17 08:09:48,129  INFO    ✅ Hoja 'Ventas_Full' actualizada.
2026-06-17 08:09:48,191  INFO  Actualizando Base Produccion → 'WIP' (41 filas)...
2026-06-17 08:09:48,609  INFO    Limpiando hoja 'WIP'...
2026-06-17 08:09:48,843  INFO    Escribiendo 41 filas en 'WIP'...
2026-06-17 08:09:49,073  INFO    ✅ Hoja 'WIP' actualizada.
2026-06-17 08:09:49,244  INFO  Actualizando Base Produccion → 'Stock Vendido' (161 filas)...
2026-06-17 08:09:49,624  INFO    Limpiando hoja 'Stock Vendido'...
2026-06-17 08:09:49,877  INFO    Escribiendo 161 filas en 'Stock Vendido'...
2026-06-17 08:09:50,128  INFO    ✅ Hoja 'Stock Vendido' actualizada.
2026-06-17 08:09:50,269  INFO  Actualizando Base Produccion → 'Consumos Acero' (175 filas)...
2026-06-17 08:09:50,651  INFO    Limpiando hoja 'Consumos Acero'...
2026-06-17 08:09:50,953  INFO    Escribiendo 175 filas en 'Consumos Acero'...
2026-06-17 08:09:51,201  INFO    ✅ Hoja 'Consumos Acero' actualizada.
2026-06-17 08:09:53,305  INFO  Actualizando Presupuestos → 'Ventas Full Manager' (1,975 filas)...
2026-06-17 08:09:54,191  INFO    Limpiando hoja 'Ventas Full Manager'...
2026-06-17 08:09:55,078  INFO    Escribiendo 1,975 filas en 'Ventas Full Manager'...
2026-06-17 08:09:58,017  INFO    ✅ Hoja 'Ventas Full Manager' actualizada.
2026-06-17 08:09:58,295  INFO  Actualizando Presupuestos → 'Notas de Venta' (810 filas)...
2026-06-17 08:09:59,030  INFO    Limpiando hoja 'Notas de Venta'...
2026-06-17 08:09:59,567  INFO    Escribiendo 810 filas en 'Notas de Venta'...
2026-06-17 08:10:00,051  INFO    ✅ Hoja 'Notas de Venta' actualizada.
2026-06-17 08:10:01,192  INFO  Actualizando Presupuestos → 'Cotizaciones' (3,604 filas)...
2026-06-17 08:10:01,986  INFO    Limpiando hoja 'Cotizaciones'...
2026-06-17 08:10:02,740  INFO    Escribiendo 3,604 filas en 'Cotizaciones'...
2026-06-17 08:10:03,820  INFO    ✅ Hoja 'Cotizaciones' actualizada.
2026-06-17 08:10:03,945  INFO  Actualizando Presupuestos → 'Calendario' (95 filas)...
2026-06-17 08:10:04,739  INFO    Limpiando hoja 'Calendario'...
2026-06-17 08:10:05,194  INFO    Escribiendo 95 filas en 'Calendario'...
2026-06-17 08:10:05,873  INFO    ✅ Hoja 'Calendario' actualizada.
2026-06-17 08:10:05,873  INFO  
2026-06-17 08:10:05,874  INFO  ✅ Todo actualizado:
2026-06-17 08:10:05,874  INFO     📁 Drive: Reportes_Completos_Actualizado.xlsx
2026-06-17 08:10:05,875  INFO     📊 Base Produccion: ['Orden de Produccion', 'Por Facturar', 'Control Inventario', 'Notas de Venta', 'Vales de Salida', 'Stock', 'Ventas_Full', 'WIP', 'Stock Vendido', 'Consumos Acero']
2026-06-17 08:10:05,875  INFO     📊 Presupuestos: Ventas Full Manager
2026-06-17 08:10:05,879  INFO  
2026-06-17 08:10:05,879  INFO  ╔═════════════════════════════════════════════════════╗
2026-06-17 08:10:05,879  INFO  ║  ✅ PIPELINE COMPLETADO en 356s                      ║
2026-06-17 08:10:05,880  INFO  ║  📊 Excel en Drive: VentasFull_Actualizado.xlsx      ║
2026-06-17 08:10:05,880  INFO  ╚═════════════════════════════════════════════════════╝
2026-06-17 11:09:10,563  INFO  ╔═════════════════════════════════════════════════════╗
2026-06-17 11:09:10,566  INFO  ║   PIPELINE VENTAS FULL — Inicio: 2026-06-17 11:09   ║
2026-06-17 11:09:10,566  INFO  ╚═════════════════════════════════════════════════════╝
2026-06-17 11:09:10,566  INFO  
2026-06-17 11:09:10,566  INFO  ━━━━━━━━━━━━━━━━━━━━━━━━━━━━━━━━━━━━━━━━━━━━━━━━━━━━━━━
2026-06-17 11:09:10,566  INFO    PASO 1/3 — Descargar backup desde Manager
2026-06-17 11:09:10,566  INFO  ━━━━━━━━━━━━━━━━━━━━━━━━━━━━━━━━━━━━━━━━━━━━━━━━━━━━━━━
2026-06-17 11:09:12,015  INFO  =======================================================
2026-06-17 11:09:12,015  INFO    Iniciando descarga automática de backup Manager
2026-06-17 11:09:12,016  INFO  =======================================================
2026-06-17 11:09:12,018  INFO  ====== WebDriver manager ======
2026-06-17 11:09:13,788  INFO  Get LATEST chromedriver version for google-chrome
2026-06-17 11:09:14,410  INFO  Get LATEST chromedriver version for google-chrome
2026-06-17 11:09:14,939  INFO  Driver [C:\Users\atorr\.wdm\drivers\chromedriver\win64\149.0.7827.155\chromedriver-win32/chromedriver.exe] found in cache
2026-06-17 11:09:18,516  INFO  Abriendo login: https://prodkernel.manager.cl/index.html
2026-06-17 11:09:20,649  INFO  Inputs visibles: 3
2026-06-17 11:09:21,070  INFO  Login enviado...
2026-06-17 11:09:25,085  INFO  ✅ Login exitoso. session_id: b0c5bd40...
2026-06-17 11:09:25,085  INFO  Navegando a: https://prodkernel.manager.cl/managerbackups.html?session_id=b0c5bd40456e8016a5195436b7a02847&cd=prodkernel
2026-06-17 11:09:25,186  INFO  Recarga 1/10...
2026-06-17 11:09:29,277  INFO    filas .bak encontradas: 0
2026-06-17 11:09:29,277  INFO  Recarga 2/10...
2026-06-17 11:09:33,367  INFO    filas .bak encontradas: 3
2026-06-17 11:09:33,368  INFO  ✅ Tabla cargada en recarga 2.
2026-06-17 11:09:33,428  INFO    Ignorando: 2026-6-17-T779354202A.bak
2026-06-17 11:09:33,485  INFO    Ignorando: 2026-6-17-T779354202B.bak
2026-06-17 11:09:33,538  INFO  Backup seleccionado: 2026-6-17-T779354202C.bak (2026-06-17 10:08:08+00:00)
2026-06-17 11:09:33,548  INFO  HTML fila completa: <td class="bucket">mng-respaldos-poliuretano</td><td class="Key">2026-6-17-T779354202C.bak</td><td class="LastModified">2026-06-17 10:08:08+00:00</td><td class="Size">0.18 GB</td><td class="presigned_url" style="display: none;">https://mng-respaldos-poliuretano.s3.amazonaws.com/2026-6-17-T779354202C.bak?AWSAccessKeyId=AKIAZPIFFWJDVFW267ZG&amp;Signature=7j04AMQ71ryxz3WgGkr7YE4E%2B00%3D&amp;Expires=1781709268</td><td><i onclick="downloadbackup($(this).parent().parent())" class="fas fa-download"></
2026-06-17 11:09:35,869  INFO  Descargando 2026-6-17-T779354202C.bak desde S3...
2026-06-17 11:09:43,650  INFO    10 MB / 183 MB (6%)
2026-06-17 11:09:48,631  INFO    21 MB / 183 MB (11%)
2026-06-17 11:09:51,485  INFO    31 MB / 183 MB (17%)
2026-06-17 11:09:54,985  INFO    42 MB / 183 MB (23%)
2026-06-17 11:09:58,919  INFO    52 MB / 183 MB (29%)
2026-06-17 11:10:03,146  INFO    63 MB / 183 MB (34%)
2026-06-17 11:10:07,426  INFO    73 MB / 183 MB (40%)
2026-06-17 11:10:11,291  INFO    84 MB / 183 MB (46%)
2026-06-17 11:10:14,782  INFO    94 MB / 183 MB (52%)
2026-06-17 11:10:18,283  INFO    105 MB / 183 MB (57%)
2026-06-17 11:10:22,242  INFO    115 MB / 183 MB (63%)
2026-06-17 11:10:25,888  INFO    126 MB / 183 MB (69%)
2026-06-17 11:10:29,394  INFO    136 MB / 183 MB (75%)
2026-06-17 11:10:32,726  INFO    147 MB / 183 MB (80%)
2026-06-17 11:10:37,247  INFO    157 MB / 183 MB (86%)
2026-06-17 11:10:42,199  INFO    168 MB / 183 MB (92%)
2026-06-17 11:10:47,407  INFO    178 MB / 183 MB (97%)
2026-06-18 07:47:20,205  INFO  ╔═════════════════════════════════════════════════════╗
2026-06-18 07:47:20,221  INFO  ║   PIPELINE VENTAS FULL — Inicio: 2026-06-18 07:47   ║
2026-06-18 07:47:20,224  INFO  ╚═════════════════════════════════════════════════════╝
2026-06-18 07:47:20,229  INFO  
2026-06-18 07:47:20,235  INFO  ━━━━━━━━━━━━━━━━━━━━━━━━━━━━━━━━━━━━━━━━━━━━━━━━━━━━━━━
2026-06-18 07:47:20,235  INFO    PASO 1/3 — Descargar backup desde Manager
2026-06-18 07:47:20,236  INFO  ━━━━━━━━━━━━━━━━━━━━━━━━━━━━━━━━━━━━━━━━━━━━━━━━━━━━━━━
2026-06-18 07:47:22,867  INFO  =======================================================
2026-06-18 07:47:22,871  INFO    Iniciando descarga automática de backup Manager
2026-06-18 07:47:22,873  INFO  =======================================================
2026-06-18 07:47:22,882  INFO  ====== WebDriver manager ======
2026-06-18 07:47:27,939  INFO  Get LATEST chromedriver version for google-chrome
2026-06-18 07:47:28,946  INFO  Get LATEST chromedriver version for google-chrome
2026-06-18 07:47:29,841  INFO  Get LATEST chromedriver version for google-chrome
2026-06-18 07:47:31,235  INFO  WebDriver version 149.0.7827.155 selected
2026-06-18 07:47:31,268  INFO  Modern chrome version https://storage.googleapis.com/chrome-for-testing-public/149.0.7827.155/win32/chromedriver-win32.zip
2026-06-18 07:47:31,268  INFO  About to download new driver from https://storage.googleapis.com/chrome-for-testing-public/149.0.7827.155/win32/chromedriver-win32.zip
2026-06-18 07:47:31,824  INFO  Driver downloading response is 200
2026-06-18 07:47:33,429  INFO  Get LATEST chromedriver version for google-chrome
2026-06-18 07:47:34,751  INFO  Driver has been saved in cache [C:\Users\atorr\.wdm\drivers\chromedriver\win64\149.0.7827.155]
2026-06-18 07:47:39,723  INFO  Abriendo login: https://prodkernel.manager.cl/index.html
2026-06-18 07:47:43,111  INFO  Inputs visibles: 3
2026-06-18 07:47:46,447  INFO  Login enviado...
2026-06-18 07:47:50,499  INFO  ✅ Login exitoso. session_id: 8da80693...
2026-06-18 07:47:50,501  INFO  Navegando a: https://prodkernel.manager.cl/managerbackups.html?session_id=8da80693d8dcdcaa5df4f16f731d3e07&cd=prodkernel
2026-06-18 07:47:50,740  INFO  Recarga 1/10...
2026-06-18 07:47:55,456  INFO    filas .bak encontradas: 3
2026-06-18 07:47:55,457  INFO  ✅ Tabla cargada en recarga 1.
2026-06-18 07:47:55,611  INFO    Ignorando: 2026-6-18-T779354202A.bak
2026-06-18 07:47:55,950  INFO    Ignorando: 2026-6-18-T779354202B.bak
2026-06-18 07:47:56,124  INFO  Backup seleccionado: 2026-6-18-T779354202C.bak (2026-06-18 10:18:11+00:00)
2026-06-18 07:47:56,379  INFO  HTML fila completa: <td class="bucket">mng-respaldos-poliuretano</td><td class="Key">2026-6-18-T779354202C.bak</td><td class="LastModified">2026-06-18 10:18:11+00:00</td><td class="Size">0.18 GB</td><td class="presigned_url" style="display: none;">https://mng-respaldos-poliuretano.s3.amazonaws.com/2026-6-18-T779354202C.bak?AWSAccessKeyId=AKIAZPIFFWJDVFW267ZG&amp;Signature=wZeJJd88Dn0GC18i3xlOB374pFQ%3D&amp;Expires=1781783569</td><td><i onclick="downloadbackup($(this).parent().parent())" class="fas fa-download"></i>
2026-06-18 07:48:00,070  INFO  Descargando 2026-6-18-T779354202C.bak desde S3...
2026-06-18 07:48:06,957  INFO    10 MB / 183 MB (6%)
2026-06-18 07:48:11,637  INFO    21 MB / 183 MB (11%)
2026-06-18 07:48:14,869  INFO    31 MB / 183 MB (17%)
2026-06-18 07:48:16,920  INFO    42 MB / 183 MB (23%)
2026-06-18 07:48:18,479  INFO    52 MB / 183 MB (29%)
2026-06-18 07:48:20,354  INFO    63 MB / 183 MB (34%)
2026-06-18 07:48:22,403  INFO    73 MB / 183 MB (40%)
2026-06-18 07:48:24,468  INFO    84 MB / 183 MB (46%)
2026-06-18 07:48:27,693  INFO    94 MB / 183 MB (51%)
2026-06-18 07:48:30,694  INFO    105 MB / 183 MB (57%)
2026-06-18 07:48:33,632  INFO    115 MB / 183 MB (63%)
2026-06-18 07:48:36,277  INFO    126 MB / 183 MB (69%)
2026-06-18 07:48:38,368  INFO    136 MB / 183 MB (74%)
2026-06-18 07:48:40,171  INFO    147 MB / 183 MB (80%)
2026-06-18 07:48:41,839  INFO    157 MB / 183 MB (86%)
2026-06-18 07:48:46,308  INFO    168 MB / 183 MB (92%)
2026-06-18 07:48:53,353  INFO    178 MB / 183 MB (97%)
2026-06-18 07:48:56,750  INFO  ✅ Descarga completa: 2026-6-18-T779354202C.bak (183.3 MB)
2026-06-18 07:48:56,755  INFO  Backup guardado en: C:\Backups\Manager\2026-6-18-T779354202C_2026-06-18.bak
2026-06-18 07:48:56,755  INFO  ✅ Éxito — backup guardado en: C:\Backups\Manager\2026-6-18-T779354202C_2026-06-18.bak
2026-06-18 07:49:00,838  WARNING  Retrying (Retry(total=2, connect=None, read=None, redirect=None, status=None)) after connection broken by 'NewConnectionError("HTTPConnection(host='localhost', port=64284): Failed to establish a new connection: [WinError 10061] No se puede establecer una conexión ya que el equipo de destino denegó expresamente dicha conexión")': /session/66dc46c4b29857525321bf727b12f7dc
2026-06-18 07:49:04,890  WARNING  Retrying (Retry(total=1, connect=None, read=None, redirect=None, status=None)) after connection broken by 'NewConnectionError("HTTPConnection(host='localhost', port=64284): Failed to establish a new connection: [WinError 10061] No se puede establecer una conexión ya que el equipo de destino denegó expresamente dicha conexión")': /session/66dc46c4b29857525321bf727b12f7dc
2026-06-18 07:49:08,939  WARNING  Retrying (Retry(total=0, connect=None, read=None, redirect=None, status=None)) after connection broken by 'NewConnectionError("HTTPConnection(host='localhost', port=64284): Failed to establish a new connection: [WinError 10061] No se puede establecer una conexión ya que el equipo de destino denegó expresamente dicha conexión")': /session/66dc46c4b29857525321bf727b12f7dc
2026-06-18 07:49:13,015  INFO  
2026-06-18 07:49:13,015  INFO  ━━━━━━━━━━━━━━━━━━━━━━━━━━━━━━━━━━━━━━━━━━━━━━━━━━━━━━━
2026-06-18 07:49:13,016  INFO    PASO 2/3 — Restaurar BD y extraer Ventas Full
2026-06-18 07:49:13,016  INFO  ━━━━━━━━━━━━━━━━━━━━━━━━━━━━━━━━━━━━━━━━━━━━━━━━━━━━━━━
2026-06-18 07:49:17,279  INFO  ============================================================
2026-06-18 07:49:17,279  INFO    PASO 1 — Restaurar BD y extraer Múltiples Reportes
2026-06-18 07:49:17,279  INFO  ============================================================
2026-06-18 07:49:17,293  INFO  Usando .bak de ultimo_bak.txt: 2026-6-18-T779354202C_2026-06-18.bak
2026-06-18 07:49:17,293  INFO  Usando backup: 2026-6-18-T779354202C_2026-06-18.bak
2026-06-18 07:49:17,293  INFO  Restaurando 2026-6-18-T779354202C_2026-06-18.bak como 'T779354202C'...
2026-06-18 07:49:17,293  INFO  Copiando .bak a C:\Program Files\Microsoft SQL Server\MSSQL17.SQLEXPRESS\MSSQL\DATA\2026-6-18-T779354202C_2026-06-18.bak...
2026-06-18 07:49:18,927  INFO  Ejecutando RESTORE DATABASE...
2026-06-18 07:50:10,389  INFO  ✅ BD 'T779354202C' restaurada correctamente.
2026-06-18 07:50:10,390  INFO  Conectando a 'T779354202C' para extraer reportes...
2026-06-18 07:50:10,453  INFO  Ejecutando: Aceros...
2026-06-18 07:50:10,783  INFO    └─ 72 filas extraídas.
2026-06-18 07:50:10,783  INFO  Ejecutando: base_completo...
2026-06-18 07:50:12,360  INFO    └─ 9,288 filas extraídas.
2026-06-18 07:50:12,361  INFO  Ejecutando: calendario...
2026-06-18 07:50:12,579  INFO    └─ 91 filas extraídas.
2026-06-18 07:50:12,579  INFO  Ejecutando: Consumos_acero...
2026-06-18 07:50:12,703  INFO    └─ 173 filas extraídas.
2026-06-18 07:50:12,704  INFO  Ejecutando: Cotizaciones...
2026-06-18 07:50:12,789  INFO    └─ 3,624 filas extraídas.
2026-06-18 07:50:12,790  INFO  Ejecutando: Inventario_aceros...
2026-06-18 07:50:12,823  INFO    └─ 197 filas extraídas.
2026-06-18 07:50:12,823  INFO  Ejecutando: Notas_de_venta...
2026-06-18 07:50:12,853  INFO    └─ 813 filas extraídas.
2026-06-18 07:50:12,853  INFO  Ejecutando: Ordenes_de_Compra...
2026-06-18 07:50:12,978  INFO    └─ 287 filas extraídas.
2026-06-18 07:50:12,978  INFO  Ejecutando: Ordenes_de_produccion...
2026-06-18 07:50:13,158  INFO    └─ 3,349 filas extraídas.
2026-06-18 07:50:13,159  INFO  Ejecutando: Pendiente_a_facturar...
2026-06-18 07:50:13,187  ERROR    └─ Error ejecutando Pendiente_a_facturar: ('42000', '[42000] [Microsoft][ODBC Driver 17 for SQL Server][SQL Server]ORDER BY items must appear in the select list if SELECT DISTINCT is specified. (145) (SQLExecDirectW)')
2026-06-18 07:50:13,188  INFO  Ejecutando: Productos_Stock...
2026-06-18 07:50:13,213  INFO    └─ 126 filas extraídas.
2026-06-18 07:50:13,214  INFO  Ejecutando: Stock_vendido...
2026-06-18 07:50:13,277  INFO    └─ 164 filas extraídas.
2026-06-18 07:50:13,277  INFO  Ejecutando: Vales_de_Salida...
2026-06-18 07:50:13,292  ERROR    └─ Error ejecutando Vales_de_Salida: ('42000', '[42000] [Microsoft][ODBC Driver 17 for SQL Server][SQL Server]ORDER BY items must appear in the select list if SELECT DISTINCT is specified. (145) (SQLExecDirectW)')
2026-06-18 07:50:13,293  INFO  Ejecutando: Ventas_Full...
2026-06-18 07:50:13,741  INFO    └─ 1,995 filas extraídas.
2026-06-18 07:50:13,742  INFO  Ejecutando: WIP...
2026-06-18 07:50:13,813  INFO    └─ 40 filas extraídas.
2026-06-18 07:50:13,815  INFO  Exportando a Excel multipestaña: C:\Reportes\VentasFull\Reportes_Completos_2026-06-18.xlsx
2026-06-18 07:51:10,115  WARNING    └─ Stock_vendido: columnas duplicadas renombradas
2026-06-18 07:51:29,458  INFO  ✅ Excel generado: C:\Reportes\VentasFull\Reportes_Completos_2026-06-18.xlsx (2.8 MB)
2026-06-18 07:51:29,459  INFO  ✅ Proceso Completado → C:\Reportes\VentasFull\Reportes_Completos_2026-06-18.xlsx
2026-06-18 07:51:29,472  INFO  
2026-06-18 07:51:29,472  INFO  ━━━━━━━━━━━━━━━━━━━━━━━━━━━━━━━━━━━━━━━━━━━━━━━━━━━━━━━
2026-06-18 07:51:29,473  INFO    PASO 3/3 — Subir Excel a Google Drive
2026-06-18 07:51:29,473  INFO  ━━━━━━━━━━━━━━━━━━━━━━━━━━━━━━━━━━━━━━━━━━━━━━━━━━━━━━━
2026-06-18 07:51:33,329  INFO  =======================================================
2026-06-18 07:51:33,330  INFO    PASO 2 — Subir a Drive y actualizar Google Sheets
2026-06-18 07:51:33,330  INFO  =======================================================
2026-06-18 07:51:33,341  INFO  Procesando: Reportes_Completos_2026-06-18.xlsx (2.8 MB)
2026-06-18 07:51:33,410  INFO  file_cache is only supported with oauth2client<4.0.0
2026-06-18 07:51:33,434  INFO  file_cache is only supported with oauth2client<4.0.0
2026-06-18 07:51:34,618  INFO  Creando Excel nuevo en Drive...
2026-06-18 07:51:38,584  INFO  ✅ Excel subido a Drive: Reportes_Completos_Actualizado.xlsx
2026-06-18 07:51:38,587  INFO  Leyendo Excel para actualizar Google Sheets...
2026-06-18 07:51:38,824  INFO  Pestañas encontradas en Excel: ['Aceros', 'base_completo', 'calendario', 'Consumos_acero', 'Cotizaciones', 'Inventario_aceros', 'Notas_de_venta', 'Ordenes_de_Compra', 'Ordenes_de_produccion', 'Productos_Stock', 'Stock_vendido', 'Ventas_Full', 'WIP']
2026-06-18 07:51:41,828  INFO  Actualizando Base Produccion → 'Orden de Produccion' (3,349 filas)...
2026-06-18 07:51:44,168  INFO    Limpiando hoja 'Orden de Produccion'...
2026-06-18 07:51:45,328  INFO    Escribiendo 3,349 filas en 'Orden de Produccion'...
2026-06-18 07:51:48,026  INFO    ✅ Hoja 'Orden de Produccion' actualizada.
2026-06-18 07:51:48,094  INFO  Actualizando Base Produccion → 'Por Facturar' (91 filas)...
2026-06-18 07:51:48,640  INFO    Limpiando hoja 'Por Facturar'...
2026-06-18 07:51:48,921  INFO    Escribiendo 91 filas en 'Por Facturar'...
2026-06-18 07:51:49,205  INFO    ✅ Hoja 'Por Facturar' actualizada.
2026-06-18 07:51:50,382  INFO  Actualizando Base Produccion → 'Control Inventario' (197 filas)...
2026-06-18 07:51:50,854  INFO    Limpiando hoja 'Control Inventario'...
2026-06-18 07:51:51,138  INFO    Escribiendo 197 filas en 'Control Inventario'...
2026-06-18 07:51:51,476  INFO    ✅ Hoja 'Control Inventario' actualizada.
2026-06-18 07:51:51,805  INFO  Actualizando Base Produccion → 'Notas de Venta' (813 filas)...
2026-06-18 07:51:52,275  INFO    Limpiando hoja 'Notas de Venta'...
2026-06-18 07:51:52,623  INFO    Escribiendo 813 filas en 'Notas de Venta'...
2026-06-18 07:51:53,041  INFO    ✅ Hoja 'Notas de Venta' actualizada.
2026-06-18 07:51:53,091  INFO  Actualizando Base Produccion → 'Vales de Salida' (72 filas)...
2026-06-18 07:51:53,682  INFO    Limpiando hoja 'Vales de Salida'...
2026-06-18 07:51:53,952  INFO    Escribiendo 72 filas en 'Vales de Salida'...
2026-06-18 07:51:54,205  INFO    ✅ Hoja 'Vales de Salida' actualizada.
2026-06-18 07:51:54,272  INFO  Actualizando Base Produccion → 'Stock' (126 filas)...
2026-06-18 07:51:54,747  INFO    Limpiando hoja 'Stock'...
2026-06-18 07:51:54,996  INFO    Escribiendo 126 filas en 'Stock'...
2026-06-18 07:51:55,256  INFO    ✅ Hoja 'Stock' actualizada.
2026-06-18 07:51:57,583  INFO  Actualizando Base Produccion → 'Ventas_Full' (1,995 filas)...
2026-06-18 07:51:58,051  INFO    Limpiando hoja 'Ventas_Full'...
2026-06-18 07:51:59,031  INFO    Escribiendo 1,995 filas en 'Ventas_Full'...
2026-06-18 07:52:01,307  INFO    ✅ Hoja 'Ventas_Full' actualizada.
2026-06-18 07:52:01,370  INFO  Actualizando Base Produccion → 'WIP' (40 filas)...
2026-06-18 07:52:01,911  INFO    Limpiando hoja 'WIP'...
2026-06-18 07:52:02,185  INFO    Escribiendo 40 filas en 'WIP'...
2026-06-18 07:52:02,420  INFO    ✅ Hoja 'WIP' actualizada.
2026-06-18 07:52:02,531  INFO  Actualizando Base Produccion → 'Stock Vendido' (164 filas)...
2026-06-18 07:52:03,011  INFO    Limpiando hoja 'Stock Vendido'...
2026-06-18 07:52:03,286  INFO    Escribiendo 164 filas en 'Stock Vendido'...
2026-06-18 07:52:03,604  INFO    ✅ Hoja 'Stock Vendido' actualizada.
2026-06-18 07:52:03,701  INFO  Actualizando Base Produccion → 'Consumos Acero' (173 filas)...
2026-06-18 07:52:04,192  INFO    Limpiando hoja 'Consumos Acero'...
2026-06-18 07:52:04,525  INFO    Escribiendo 173 filas en 'Consumos Acero'...
2026-06-18 07:52:04,989  INFO    ✅ Hoja 'Consumos Acero' actualizada.
2026-06-18 07:52:06,963  INFO  Actualizando Presupuestos → 'Ventas Full Manager' (1,995 filas)...
2026-06-18 07:52:07,769  INFO    Limpiando hoja 'Ventas Full Manager'...
2026-06-18 07:52:08,599  INFO    Escribiendo 1,995 filas en 'Ventas Full Manager'...
2026-06-18 07:52:11,415  INFO    ✅ Hoja 'Ventas Full Manager' actualizada.
2026-06-18 07:52:11,643  INFO  Actualizando Presupuestos → 'Notas de Venta' (813 filas)...
2026-06-18 07:52:12,309  INFO    Limpiando hoja 'Notas de Venta'...
2026-06-18 07:52:12,627  INFO    Escribiendo 813 filas en 'Notas de Venta'...
2026-06-18 07:52:13,020  INFO    ✅ Hoja 'Notas de Venta' actualizada.
2026-06-18 07:52:13,893  INFO  Actualizando Presupuestos → 'Cotizaciones' (3,624 filas)...
2026-06-18 07:52:14,423  INFO    Limpiando hoja 'Cotizaciones'...
2026-06-18 07:52:14,952  INFO    Escribiendo 3,624 filas en 'Cotizaciones'...
2026-06-18 07:52:16,040  INFO    ✅ Hoja 'Cotizaciones' actualizada.
2026-06-18 07:52:16,105  INFO  Actualizando Presupuestos → 'Calendario' (91 filas)...
2026-06-18 07:52:16,671  INFO    Limpiando hoja 'Calendario'...
2026-06-18 07:52:16,899  INFO    Escribiendo 91 filas en 'Calendario'...
2026-06-18 07:52:17,200  INFO    ✅ Hoja 'Calendario' actualizada.
2026-06-18 07:52:17,200  INFO  
2026-06-18 07:52:17,201  INFO  ✅ Todo actualizado:
2026-06-18 07:52:17,202  INFO     📁 Drive: Reportes_Completos_Actualizado.xlsx
2026-06-18 07:52:17,202  INFO     📊 Base Produccion: ['Orden de Produccion', 'Por Facturar', 'Control Inventario', 'Notas de Venta', 'Vales de Salida', 'Stock', 'Ventas_Full', 'WIP', 'Stock Vendido', 'Consumos Acero']
2026-06-18 07:52:17,202  INFO     📊 Presupuestos: Ventas Full Manager
2026-06-18 07:52:17,205  INFO  
2026-06-18 07:52:17,206  INFO  ╔═════════════════════════════════════════════════════╗
2026-06-18 07:52:17,207  INFO  ║  ✅ PIPELINE COMPLETADO en 297s                      ║
2026-06-18 07:52:17,207  INFO  ║  📊 Excel en Drive: VentasFull_Actualizado.xlsx      ║
2026-06-18 07:52:17,208  INFO  ╚═════════════════════════════════════════════════════╝
2026-06-18 09:18:45,643  INFO  ╔═════════════════════════════════════════════════════╗
2026-06-18 09:18:45,645  INFO  ║   PIPELINE VENTAS FULL — Inicio: 2026-06-18 09:18   ║
2026-06-18 09:18:45,646  INFO  ╚═════════════════════════════════════════════════════╝
2026-06-18 09:18:45,646  INFO  
2026-06-18 09:18:45,646  INFO  ━━━━━━━━━━━━━━━━━━━━━━━━━━━━━━━━━━━━━━━━━━━━━━━━━━━━━━━
2026-06-18 09:18:45,646  INFO    PASO 1/3 — Descargar backup desde Manager
2026-06-18 09:18:45,646  INFO  ━━━━━━━━━━━━━━━━━━━━━━━━━━━━━━━━━━━━━━━━━━━━━━━━━━━━━━━
2026-06-18 09:18:46,663  INFO  =======================================================
2026-06-18 09:18:46,663  INFO    Iniciando descarga automática de backup Manager
2026-06-18 09:18:46,663  INFO  =======================================================
2026-06-18 09:18:46,665  INFO  ====== WebDriver manager ======
2026-06-18 09:18:50,141  INFO  Get LATEST chromedriver version for google-chrome
2026-06-18 09:18:51,087  INFO  Get LATEST chromedriver version for google-chrome
2026-06-18 09:18:51,800  INFO  Driver [C:\Users\atorr\.wdm\drivers\chromedriver\win64\149.0.7827.155\chromedriver-win32/chromedriver.exe] found in cache
2026-06-18 09:18:57,086  INFO  Abriendo login: https://prodkernel.manager.cl/index.html
2026-06-18 09:18:59,349  INFO  Inputs visibles: 3
2026-06-18 09:19:00,190  INFO  Login enviado...
2026-06-18 09:19:04,217  INFO  ✅ Login exitoso. session_id: 878e99b1...
2026-06-18 09:19:04,217  INFO  Navegando a: https://prodkernel.manager.cl/managerbackups.html?session_id=878e99b168312b2f7e399a29ff4b8d47&cd=prodkernel
2026-06-18 09:19:04,359  INFO  Recarga 1/10...
2026-06-18 09:19:08,504  INFO    filas .bak encontradas: 3
2026-06-18 09:19:08,504  INFO  ✅ Tabla cargada en recarga 1.
2026-06-18 09:19:08,558  INFO    Ignorando: 2026-6-18-T779354202A.bak
2026-06-18 09:19:08,598  INFO    Ignorando: 2026-6-18-T779354202B.bak
2026-06-18 09:19:08,632  INFO  Backup seleccionado: 2026-6-18-T779354202C.bak (2026-06-18 10:18:11+00:00)
2026-06-18 09:19:08,643  INFO  HTML fila completa: <td class="bucket">mng-respaldos-poliuretano</td><td class="Key">2026-6-18-T779354202C.bak</td><td class="LastModified">2026-06-18 10:18:11+00:00</td><td class="Size">0.18 GB</td><td class="presigned_url" style="display: none;">https://mng-respaldos-poliuretano.s3.amazonaws.com/2026-6-18-T779354202C.bak?AWSAccessKeyId=AKIAZPIFFWJDVFW267ZG&amp;Signature=lv9kk4%2BJUirnFGER9y9yiUUaeac%3D&amp;Expires=1781789042</td><td><i onclick="downloadbackup($(this).parent().parent())" class="fas fa-download"></
2026-06-18 09:19:11,096  INFO  Descargando 2026-6-18-T779354202C.bak desde S3...
2026-06-18 09:19:17,529  INFO    10 MB / 183 MB (6%)
2026-06-18 09:19:23,457  INFO    21 MB / 183 MB (11%)
2026-06-18 09:19:29,669  INFO    31 MB / 183 MB (17%)
2026-06-18 09:19:33,165  INFO    42 MB / 183 MB (23%)
2026-06-18 09:19:37,196  INFO    52 MB / 183 MB (29%)
2026-06-18 09:19:41,000  INFO    63 MB / 183 MB (34%)
2026-06-18 09:19:44,339  INFO    73 MB / 183 MB (40%)
2026-06-18 09:19:47,566  INFO    84 MB / 183 MB (46%)
2026-06-18 09:19:50,837  INFO    94 MB / 183 MB (51%)
2026-06-18 09:19:54,011  INFO    105 MB / 183 MB (57%)
2026-06-18 09:20:03,909  INFO    115 MB / 183 MB (63%)
2026-06-18 09:20:12,311  INFO    126 MB / 183 MB (69%)
2026-06-18 09:20:20,234  INFO    136 MB / 183 MB (74%)
2026-06-18 09:20:26,143  INFO    147 MB / 183 MB (80%)
2026-06-18 09:20:31,152  INFO    157 MB / 183 MB (86%)
2026-06-18 09:20:35,903  INFO    168 MB / 183 MB (92%)
2026-06-18 09:20:40,800  INFO    178 MB / 183 MB (97%)
2026-06-18 09:20:44,388  INFO  ✅ Descarga completa: 2026-6-18-T779354202C.bak (183.3 MB)
2026-06-18 09:20:44,395  INFO  Backup guardado en: C:\Backups\Manager\2026-6-18-T779354202C_2026-06-18_1781788844.bak
2026-06-18 09:20:44,396  INFO  ✅ Éxito — backup guardado en: C:\Backups\Manager\2026-6-18-T779354202C_2026-06-18_1781788844.bak
2026-06-18 09:20:48,507  WARNING  Retrying (Retry(total=2, connect=None, read=None, redirect=None, status=None)) after connection broken by 'NewConnectionError("HTTPConnection(host='localhost', port=50828): Failed to establish a new connection: [WinError 10061] No se puede establecer una conexión ya que el equipo de destino denegó expresamente dicha conexión")': /session/409f754e7164de42ea0918d268e3ddac
2026-06-18 09:20:52,603  WARNING  Retrying (Retry(total=1, connect=None, read=None, redirect=None, status=None)) after connection broken by 'NewConnectionError("HTTPConnection(host='localhost', port=50828): Failed to establish a new connection: [WinError 10061] No se puede establecer una conexión ya que el equipo de destino denegó expresamente dicha conexión")': /session/409f754e7164de42ea0918d268e3ddac
2026-06-18 09:20:56,682  WARNING  Retrying (Retry(total=0, connect=None, read=None, redirect=None, status=None)) after connection broken by 'NewConnectionError("HTTPConnection(host='localhost', port=50828): Failed to establish a new connection: [WinError 10061] No se puede establecer una conexión ya que el equipo de destino denegó expresamente dicha conexión")': /session/409f754e7164de42ea0918d268e3ddac
2026-06-18 09:21:00,784  INFO  
2026-06-18 09:21:00,784  INFO  ━━━━━━━━━━━━━━━━━━━━━━━━━━━━━━━━━━━━━━━━━━━━━━━━━━━━━━━
2026-06-18 09:21:00,784  INFO    PASO 2/3 — Restaurar BD y extraer Ventas Full
2026-06-18 09:21:00,784  INFO  ━━━━━━━━━━━━━━━━━━━━━━━━━━━━━━━━━━━━━━━━━━━━━━━━━━━━━━━
2026-06-18 09:21:08,173  INFO  ============================================================
2026-06-18 09:21:08,173  INFO    PASO 1 — Restaurar BD y extraer Múltiples Reportes
2026-06-18 09:21:08,174  INFO  ============================================================
2026-06-18 09:21:08,188  INFO  Usando .bak de ultimo_bak.txt: 2026-6-18-T779354202C_2026-06-18_1781788844.bak
2026-06-18 09:21:08,188  INFO  Usando backup: 2026-6-18-T779354202C_2026-06-18_1781788844.bak
2026-06-18 09:21:08,188  INFO  Restaurando 2026-6-18-T779354202C_2026-06-18_1781788844.bak como 'T779354202C'...
2026-06-18 09:21:08,188  INFO  Copiando .bak a C:\Program Files\Microsoft SQL Server\MSSQL17.SQLEXPRESS\MSSQL\DATA\2026-6-18-T779354202C_2026-06-18_1781788844.bak...
2026-06-18 09:21:09,396  INFO  Ejecutando RESTORE DATABASE...
2026-06-18 09:21:54,771  INFO  ✅ BD 'T779354202C' restaurada correctamente.
2026-06-18 09:21:54,772  INFO  Conectando a 'T779354202C' para extraer reportes...
2026-06-18 09:21:54,825  INFO  Ejecutando: Aceros...
2026-06-18 09:21:55,130  INFO    └─ 72 filas extraídas.
2026-06-18 09:21:55,130  INFO  Ejecutando: base_completo...
2026-06-18 09:21:56,836  INFO    └─ 9,288 filas extraídas.
2026-06-18 09:21:56,837  INFO  Ejecutando: calendario...
2026-06-18 09:21:57,057  INFO    └─ 91 filas extraídas.
2026-06-18 09:21:57,057  INFO  Ejecutando: Consumos_acero...
2026-06-18 09:21:57,185  INFO    └─ 173 filas extraídas.
2026-06-18 09:21:57,186  INFO  Ejecutando: Cotizaciones...
2026-06-18 09:21:57,284  INFO    └─ 3,624 filas extraídas.
2026-06-18 09:21:57,285  INFO  Ejecutando: Inventario_aceros...
2026-06-18 09:21:57,322  INFO    └─ 197 filas extraídas.
2026-06-18 09:21:57,323  INFO  Ejecutando: Notas_de_venta...
2026-06-18 09:21:57,369  INFO    └─ 813 filas extraídas.
2026-06-18 09:21:57,369  INFO  Ejecutando: Ordenes_de_Compra...
2026-06-18 09:21:57,514  INFO    └─ 287 filas extraídas.
2026-06-18 09:21:57,515  INFO  Ejecutando: Ordenes_de_produccion...
2026-06-18 09:21:57,756  INFO    └─ 3,349 filas extraídas.
2026-06-18 09:21:57,756  INFO  Ejecutando: Pendiente_a_facturar...
2026-06-18 09:21:57,775  ERROR    └─ Error ejecutando Pendiente_a_facturar: ('42000', '[42000] [Microsoft][ODBC Driver 17 for SQL Server][SQL Server]ORDER BY items must appear in the select list if SELECT DISTINCT is specified. (145) (SQLExecDirectW)')
2026-06-18 09:21:57,776  INFO  Ejecutando: Productos_Stock...
2026-06-18 09:21:57,804  INFO    └─ 126 filas extraídas.
2026-06-18 09:21:57,804  INFO  Ejecutando: Stock_vendido...
2026-06-18 09:21:57,880  INFO    └─ 164 filas extraídas.
2026-06-18 09:21:57,881  INFO  Ejecutando: Vales_de_Salida...
2026-06-18 09:21:57,902  ERROR    └─ Error ejecutando Vales_de_Salida: ('42000', '[42000] [Microsoft][ODBC Driver 17 for SQL Server][SQL Server]ORDER BY items must appear in the select list if SELECT DISTINCT is specified. (145) (SQLExecDirectW)')
2026-06-18 09:21:57,903  INFO  Ejecutando: Ventas_Full...
2026-06-18 09:21:58,584  INFO    └─ 1,995 filas extraídas.
2026-06-18 09:21:58,584  INFO  Ejecutando: WIP...
2026-06-18 09:21:58,659  INFO    └─ 40 filas extraídas.
2026-06-18 09:21:58,662  INFO  Exportando a Excel multipestaña: C:\Reportes\VentasFull\Reportes_Completos_2026-06-18.xlsx
2026-06-18 09:23:25,079  WARNING    └─ Stock_vendido: columnas duplicadas renombradas
2026-06-18 09:23:54,982  INFO  ✅ Excel generado: C:\Reportes\VentasFull\Reportes_Completos_2026-06-18.xlsx (2.8 MB)
2026-06-18 09:23:54,983  INFO  ✅ Proceso Completado → C:\Reportes\VentasFull\Reportes_Completos_2026-06-18.xlsx
2026-06-18 09:23:55,001  INFO  
2026-06-18 09:23:55,001  INFO  ━━━━━━━━━━━━━━━━━━━━━━━━━━━━━━━━━━━━━━━━━━━━━━━━━━━━━━━
2026-06-18 09:23:55,001  INFO    PASO 3/3 — Subir Excel a Google Drive
2026-06-18 09:23:55,001  INFO  ━━━━━━━━━━━━━━━━━━━━━━━━━━━━━━━━━━━━━━━━━━━━━━━━━━━━━━━
2026-06-18 09:23:59,872  INFO  =======================================================
2026-06-18 09:23:59,872  INFO    PASO 2 — Subir a Drive y actualizar Google Sheets
2026-06-18 09:23:59,872  INFO  =======================================================
2026-06-18 09:23:59,887  INFO  Procesando: Reportes_Completos_2026-06-18.xlsx (2.8 MB)
2026-06-18 09:23:59,979  INFO  file_cache is only supported with oauth2client<4.0.0
2026-06-18 09:24:00,009  INFO  file_cache is only supported with oauth2client<4.0.0
2026-06-18 09:24:01,568  INFO  Creando Excel nuevo en Drive...
2026-06-18 09:24:04,774  INFO  ✅ Excel subido a Drive: Reportes_Completos_Actualizado.xlsx
2026-06-18 09:24:04,775  INFO  Leyendo Excel para actualizar Google Sheets...
2026-06-18 09:24:04,820  INFO  Pestañas encontradas en Excel: ['Aceros', 'base_completo', 'calendario', 'Consumos_acero', 'Cotizaciones', 'Inventario_aceros', 'Notas_de_venta', 'Ordenes_de_Compra', 'Ordenes_de_produccion', 'Productos_Stock', 'Stock_vendido', 'Ventas_Full', 'WIP']
2026-06-18 09:24:06,779  INFO  Actualizando Base Produccion → 'Orden de Produccion' (3,349 filas)...
2026-06-18 09:24:08,180  INFO    Limpiando hoja 'Orden de Produccion'...
2026-06-18 09:24:09,448  INFO    Escribiendo 3,349 filas en 'Orden de Produccion'...
2026-06-18 09:24:12,437  INFO    ✅ Hoja 'Orden de Produccion' actualizada.
2026-06-18 09:24:12,521  INFO  Actualizando Base Produccion → 'Por Facturar' (91 filas)...
2026-06-18 09:24:13,285  INFO    Limpiando hoja 'Por Facturar'...
2026-06-18 09:24:13,558  INFO    Escribiendo 91 filas en 'Por Facturar'...
2026-06-18 09:24:13,872  INFO    ✅ Hoja 'Por Facturar' actualizada.
2026-06-18 09:24:14,010  INFO  Actualizando Base Produccion → 'Control Inventario' (197 filas)...
2026-06-18 09:24:14,513  INFO    Limpiando hoja 'Control Inventario'...
2026-06-18 09:24:14,814  INFO    Escribiendo 197 filas en 'Control Inventario'...
2026-06-18 09:24:15,163  INFO    ✅ Hoja 'Control Inventario' actualizada.
2026-06-18 09:24:16,455  INFO  Actualizando Base Produccion → 'Notas de Venta' (813 filas)...
2026-06-18 09:24:16,969  INFO    Limpiando hoja 'Notas de Venta'...
2026-06-18 09:24:17,317  INFO    Escribiendo 813 filas en 'Notas de Venta'...
2026-06-18 09:24:17,820  INFO    ✅ Hoja 'Notas de Venta' actualizada.
2026-06-18 09:24:17,866  INFO  Actualizando Base Produccion → 'Vales de Salida' (72 filas)...
2026-06-18 09:24:18,349  INFO    Limpiando hoja 'Vales de Salida'...
2026-06-18 09:24:18,614  INFO    Escribiendo 72 filas en 'Vales de Salida'...
2026-06-18 09:24:18,878  INFO    ✅ Hoja 'Vales de Salida' actualizada.
2026-06-18 09:24:18,925  INFO  Actualizando Base Produccion → 'Stock' (126 filas)...
2026-06-18 09:24:19,696  INFO    Limpiando hoja 'Stock'...
2026-06-18 09:24:20,127  INFO    Escribiendo 126 filas en 'Stock'...
2026-06-18 09:24:20,979  INFO    ✅ Hoja 'Stock' actualizada.
2026-06-18 09:24:22,601  INFO  Actualizando Base Produccion → 'Ventas_Full' (1,995 filas)...
2026-06-18 09:24:23,208  INFO    Limpiando hoja 'Ventas_Full'...
2026-06-18 09:24:23,856  INFO    Escribiendo 1,995 filas en 'Ventas_Full'...
2026-06-18 09:24:26,313  INFO    ✅ Hoja 'Ventas_Full' actualizada.
2026-06-18 09:24:26,368  INFO  Actualizando Base Produccion → 'WIP' (40 filas)...
2026-06-18 09:24:26,902  INFO    Limpiando hoja 'WIP'...
2026-06-18 09:24:27,145  INFO    Escribiendo 40 filas en 'WIP'...
2026-06-18 09:24:27,421  INFO    ✅ Hoja 'WIP' actualizada.
2026-06-18 09:24:27,505  INFO  Actualizando Base Produccion → 'Stock Vendido' (164 filas)...
2026-06-18 09:24:27,993  INFO    Limpiando hoja 'Stock Vendido'...
2026-06-18 09:24:28,255  INFO    Escribiendo 164 filas en 'Stock Vendido'...
2026-06-18 09:24:28,557  INFO    ✅ Hoja 'Stock Vendido' actualizada.
2026-06-18 09:24:28,627  INFO  Actualizando Base Produccion → 'Consumos Acero' (173 filas)...
2026-06-18 09:24:29,171  INFO    Limpiando hoja 'Consumos Acero'...
2026-06-18 09:24:29,437  INFO    Escribiendo 173 filas en 'Consumos Acero'...
2026-06-18 09:24:29,819  INFO    ✅ Hoja 'Consumos Acero' actualizada.
2026-06-18 09:24:31,352  INFO  Actualizando Presupuestos → 'Ventas Full Manager' (1,995 filas)...
2026-06-18 09:24:32,017  INFO    Limpiando hoja 'Ventas Full Manager'...
2026-06-18 09:24:32,656  INFO    Escribiendo 1,995 filas en 'Ventas Full Manager'...
2026-06-18 09:24:34,061  INFO    ✅ Hoja 'Ventas Full Manager' actualizada.
2026-06-18 09:24:34,271  INFO  Actualizando Presupuestos → 'Notas de Venta' (813 filas)...
2026-06-18 09:24:34,812  INFO    Limpiando hoja 'Notas de Venta'...
2026-06-18 09:24:35,167  INFO    Escribiendo 813 filas en 'Notas de Venta'...
2026-06-18 09:24:35,545  INFO    ✅ Hoja 'Notas de Venta' actualizada.
2026-06-18 09:24:36,346  INFO  Actualizando Presupuestos → 'Cotizaciones' (3,624 filas)...
2026-06-18 09:24:36,864  INFO    Limpiando hoja 'Cotizaciones'...
2026-06-18 09:24:37,271  INFO    Escribiendo 3,624 filas en 'Cotizaciones'...
2026-06-18 09:24:38,324  INFO    ✅ Hoja 'Cotizaciones' actualizada.
2026-06-18 09:24:38,376  INFO  Actualizando Presupuestos → 'Calendario' (91 filas)...
2026-06-18 09:24:38,896  INFO    Limpiando hoja 'Calendario'...
2026-06-18 09:24:39,129  INFO    Escribiendo 91 filas en 'Calendario'...
2026-06-18 09:24:39,366  INFO    ✅ Hoja 'Calendario' actualizada.
2026-06-18 09:24:39,366  INFO  
2026-06-18 09:24:39,366  INFO  ✅ Todo actualizado:
2026-06-18 09:24:39,367  INFO     📁 Drive: Reportes_Completos_Actualizado.xlsx
2026-06-18 09:24:39,369  INFO     📊 Base Produccion: ['Orden de Produccion', 'Por Facturar', 'Control Inventario', 'Notas de Venta', 'Vales de Salida', 'Stock', 'Ventas_Full', 'WIP', 'Stock Vendido', 'Consumos Acero']
2026-06-18 09:24:39,369  INFO     📊 Presupuestos: Ventas Full Manager
2026-06-18 09:24:39,372  INFO  
2026-06-18 09:24:39,372  INFO  ╔═════════════════════════════════════════════════════╗
2026-06-18 09:24:39,373  INFO  ║  ✅ PIPELINE COMPLETADO en 353s                      ║
2026-06-18 09:24:39,373  INFO  ║  📊 Excel en Drive: VentasFull_Actualizado.xlsx      ║
2026-06-18 09:24:39,373  INFO  ╚═════════════════════════════════════════════════════╝
2026-06-18 15:50:35,618  INFO  ╔═════════════════════════════════════════════════════╗
2026-06-18 15:50:35,620  INFO  ║   PIPELINE VENTAS FULL — Inicio: 2026-06-18 15:50   ║
2026-06-18 15:50:35,620  INFO  ╚═════════════════════════════════════════════════════╝
2026-06-18 15:50:35,621  INFO  
2026-06-18 15:50:35,623  INFO  ━━━━━━━━━━━━━━━━━━━━━━━━━━━━━━━━━━━━━━━━━━━━━━━━━━━━━━━
2026-06-18 15:50:35,633  INFO    PASO 1/3 — Descargar backup desde Manager
2026-06-18 15:50:35,634  INFO  ━━━━━━━━━━━━━━━━━━━━━━━━━━━━━━━━━━━━━━━━━━━━━━━━━━━━━━━
2026-06-18 15:50:36,690  INFO  =======================================================
2026-06-18 15:50:36,691  INFO    Iniciando descarga automática de backup Manager
2026-06-18 15:50:36,691  INFO  =======================================================
2026-06-18 15:50:36,693  INFO  ====== WebDriver manager ======
2026-06-18 15:50:38,324  INFO  Get LATEST chromedriver version for google-chrome
2026-06-18 15:50:38,925  INFO  Get LATEST chromedriver version for google-chrome
2026-06-18 15:50:39,430  INFO  Driver [C:\Users\atorr\.wdm\drivers\chromedriver\win64\149.0.7827.155\chromedriver-win32/chromedriver.exe] found in cache
2026-06-18 15:50:42,442  INFO  Abriendo login: https://prodkernel.manager.cl/index.html
2026-06-18 15:50:44,433  INFO  Inputs visibles: 3
2026-06-18 15:50:44,994  INFO  Login enviado...
2026-06-18 15:50:49,016  INFO  ✅ Login exitoso. session_id: af39e033...
2026-06-18 15:50:49,017  INFO  Navegando a: https://prodkernel.manager.cl/managerbackups.html?session_id=af39e033cfcc3eaed7baf45b14568266&cd=prodkernel
2026-06-18 15:50:49,192  INFO  Recarga 1/10...
2026-06-18 15:50:53,348  INFO    filas .bak encontradas: 3
2026-06-18 15:50:53,348  INFO  ✅ Tabla cargada en recarga 1.
2026-06-18 15:50:53,443  INFO    Ignorando: 2026-6-18-T779354202A.bak
2026-06-18 15:50:53,559  INFO    Ignorando: 2026-6-18-T779354202B.bak
2026-06-18 15:50:53,618  INFO  Backup seleccionado: 2026-6-18-T779354202C.bak (2026-06-18 10:18:11+00:00)
2026-06-18 15:50:53,630  INFO  HTML fila completa: <td class="bucket">mng-respaldos-poliuretano</td><td class="Key">2026-6-18-T779354202C.bak</td><td class="LastModified">2026-06-18 10:18:11+00:00</td><td class="Size">0.18 GB</td><td class="presigned_url" style="display: none;">https://mng-respaldos-poliuretano.s3.amazonaws.com/2026-6-18-T779354202C.bak?AWSAccessKeyId=AKIAZPIFFWJDVFW267ZG&amp;Signature=JnhbKHwTPqoa9tiO7%2BHRZ8wZ6Tw%3D&amp;Expires=1781812548</td><td><i onclick="downloadbackup($(this).parent().parent())" class="fas fa-download"></
2026-06-18 15:50:56,010  INFO  Descargando 2026-6-18-T779354202C.bak desde S3...
2026-06-18 15:51:03,513  INFO    10 MB / 183 MB (6%)
2026-06-18 15:51:08,460  INFO    21 MB / 183 MB (11%)
2026-06-18 15:51:12,335  INFO    31 MB / 183 MB (17%)
2026-06-18 15:51:15,714  INFO    42 MB / 183 MB (23%)
2026-06-18 15:51:18,989  INFO    52 MB / 183 MB (29%)
2026-06-18 15:51:22,119  INFO    63 MB / 183 MB (34%)
2026-06-18 15:51:25,934  INFO    73 MB / 183 MB (40%)
2026-06-18 15:51:29,679  INFO    84 MB / 183 MB (46%)
2026-06-18 15:51:33,727  INFO    94 MB / 183 MB (51%)
2026-06-18 15:51:37,918  INFO    105 MB / 183 MB (57%)
2026-06-18 15:51:42,246  INFO    115 MB / 183 MB (63%)
2026-06-18 15:51:46,905  INFO    126 MB / 183 MB (69%)
2026-06-18 15:51:51,731  INFO    136 MB / 183 MB (74%)
2026-06-18 15:51:55,375  INFO    147 MB / 183 MB (80%)
2026-06-18 15:51:58,128  INFO    157 MB / 183 MB (86%)
2026-06-18 15:52:01,069  INFO    168 MB / 183 MB (92%)
2026-06-18 15:52:04,358  INFO    178 MB / 183 MB (97%)
2026-06-18 15:52:06,323  INFO  ✅ Descarga completa: 2026-6-18-T779354202C.bak (183.3 MB)
2026-06-18 15:52:06,329  INFO  Backup guardado en: C:\Backups\Manager\2026-6-18-T779354202C_2026-06-18_1781812326.bak
2026-06-18 15:52:06,329  INFO  ✅ Éxito — backup guardado en: C:\Backups\Manager\2026-6-18-T779354202C_2026-06-18_1781812326.bak
2026-06-18 15:52:10,459  WARNING  Retrying (Retry(total=2, connect=None, read=None, redirect=None, status=None)) after connection broken by 'NewConnectionError("HTTPConnection(host='localhost', port=54244): Failed to establish a new connection: [WinError 10061] No se puede establecer una conexión ya que el equipo de destino denegó expresamente dicha conexión")': /session/ef62e185b290ee8407763933ed424eb8
2026-06-18 15:52:14,550  WARNING  Retrying (Retry(total=1, connect=None, read=None, redirect=None, status=None)) after connection broken by 'NewConnectionError("HTTPConnection(host='localhost', port=54244): Failed to establish a new connection: [WinError 10061] No se puede establecer una conexión ya que el equipo de destino denegó expresamente dicha conexión")': /session/ef62e185b290ee8407763933ed424eb8
2026-06-18 15:52:18,643  WARNING  Retrying (Retry(total=0, connect=None, read=None, redirect=None, status=None)) after connection broken by 'NewConnectionError("HTTPConnection(host='localhost', port=54244): Failed to establish a new connection: [WinError 10061] No se puede establecer una conexión ya que el equipo de destino denegó expresamente dicha conexión")': /session/ef62e185b290ee8407763933ed424eb8
2026-06-18 15:52:22,736  INFO  
2026-06-18 15:52:22,736  INFO  ━━━━━━━━━━━━━━━━━━━━━━━━━━━━━━━━━━━━━━━━━━━━━━━━━━━━━━━
2026-06-18 15:52:22,736  INFO    PASO 2/3 — Restaurar BD y extraer Ventas Full
2026-06-18 15:52:22,736  INFO  ━━━━━━━━━━━━━━━━━━━━━━━━━━━━━━━━━━━━━━━━━━━━━━━━━━━━━━━
2026-06-18 15:52:28,956  INFO  ============================================================
2026-06-18 15:52:28,957  INFO    PASO 1 — Restaurar BD y extraer Múltiples Reportes
2026-06-18 15:52:28,957  INFO  ============================================================
2026-06-18 15:52:28,980  INFO  Usando .bak de ultimo_bak.txt: 2026-6-18-T779354202C_2026-06-18_1781812326.bak
2026-06-18 15:52:28,980  INFO  Usando backup: 2026-6-18-T779354202C_2026-06-18_1781812326.bak
2026-06-18 15:52:28,980  INFO  Restaurando 2026-6-18-T779354202C_2026-06-18_1781812326.bak como 'T779354202C'...
2026-06-18 15:52:28,983  INFO  Copiando .bak a C:\Program Files\Microsoft SQL Server\MSSQL17.SQLEXPRESS\MSSQL\DATA\2026-6-18-T779354202C_2026-06-18_1781812326.bak...
2026-06-18 15:52:33,530  INFO  Ejecutando RESTORE DATABASE...
2026-06-18 15:53:22,159  INFO  ✅ BD 'T779354202C' restaurada correctamente.
2026-06-18 15:53:22,161  INFO  Conectando a 'T779354202C' para extraer reportes...
2026-06-18 15:53:22,217  INFO  Ejecutando: Aceros...
2026-06-18 15:53:22,540  INFO    └─ 72 filas extraídas.
2026-06-18 15:53:22,540  INFO  Ejecutando: base_completo...
2026-06-18 15:53:24,285  INFO    └─ 9,288 filas extraídas.
2026-06-18 15:53:24,285  INFO  Ejecutando: calendario...
2026-06-18 15:53:24,533  INFO    └─ 91 filas extraídas.
2026-06-18 15:53:24,533  INFO  Ejecutando: Consumos_acero...
2026-06-18 15:53:24,673  INFO    └─ 173 filas extraídas.
2026-06-18 15:53:24,673  INFO  Ejecutando: Cotizaciones...
2026-06-18 15:53:24,759  INFO    └─ 3,624 filas extraídas.
2026-06-18 15:53:24,760  INFO  Ejecutando: Inventario_aceros...
2026-06-18 15:53:24,789  INFO    └─ 197 filas extraídas.
2026-06-18 15:53:24,789  INFO  Ejecutando: Notas_de_venta...
2026-06-18 15:53:24,848  INFO    └─ 813 filas extraídas.
2026-06-18 15:53:24,848  INFO  Ejecutando: Ordenes_de_Compra...
2026-06-18 15:53:25,018  INFO    └─ 287 filas extraídas.
2026-06-18 15:53:25,018  INFO  Ejecutando: Ordenes_de_produccion...
2026-06-18 15:53:25,251  INFO    └─ 3,349 filas extraídas.
2026-06-18 15:53:25,251  INFO  Ejecutando: Pendiente_a_facturar...
2026-06-18 15:53:25,260  ERROR    └─ Error ejecutando Pendiente_a_facturar: ('42000', '[42000] [Microsoft][ODBC Driver 17 for SQL Server][SQL Server]ORDER BY items must appear in the select list if SELECT DISTINCT is specified. (145) (SQLExecDirectW)')
2026-06-18 15:53:25,260  INFO  Ejecutando: Productos_Stock...
2026-06-18 15:53:25,293  INFO    └─ 126 filas extraídas.
2026-06-18 15:53:25,293  INFO  Ejecutando: Stock_vendido...
2026-06-18 15:53:25,360  INFO    └─ 164 filas extraídas.
2026-06-18 15:53:25,361  INFO  Ejecutando: Vales_de_Salida...
2026-06-18 15:53:25,372  ERROR    └─ Error ejecutando Vales_de_Salida: ('42000', '[42000] [Microsoft][ODBC Driver 17 for SQL Server][SQL Server]ORDER BY items must appear in the select list if SELECT DISTINCT is specified. (145) (SQLExecDirectW)')
2026-06-18 15:53:25,373  INFO  Ejecutando: Ventas_Full...
2026-06-18 15:53:25,932  INFO    └─ 1,995 filas extraídas.
2026-06-18 15:53:25,936  INFO  Ejecutando: WIP...
2026-06-18 15:53:26,009  INFO    └─ 40 filas extraídas.
2026-06-18 15:53:26,012  INFO  Exportando a Excel multipestaña: C:\Reportes\VentasFull\Reportes_Completos_2026-06-18.xlsx
2026-06-18 15:54:24,769  WARNING    └─ Stock_vendido: columnas duplicadas renombradas
2026-06-18 15:54:44,882  INFO  ✅ Excel generado: C:\Reportes\VentasFull\Reportes_Completos_2026-06-18.xlsx (2.8 MB)
2026-06-18 15:54:44,883  INFO  ✅ Proceso Completado → C:\Reportes\VentasFull\Reportes_Completos_2026-06-18.xlsx
2026-06-18 15:54:44,896  INFO  
2026-06-18 15:54:44,896  INFO  ━━━━━━━━━━━━━━━━━━━━━━━━━━━━━━━━━━━━━━━━━━━━━━━━━━━━━━━
2026-06-18 15:54:44,897  INFO    PASO 3/3 — Subir Excel a Google Drive
2026-06-18 15:54:44,897  INFO  ━━━━━━━━━━━━━━━━━━━━━━━━━━━━━━━━━━━━━━━━━━━━━━━━━━━━━━━
2026-06-18 15:54:48,260  INFO  =======================================================
2026-06-18 15:54:48,261  INFO    PASO 2 — Subir a Drive y actualizar Google Sheets
2026-06-18 15:54:48,261  INFO  =======================================================
2026-06-18 15:54:48,272  INFO  Procesando: Reportes_Completos_2026-06-18.xlsx (2.8 MB)
2026-06-18 15:54:48,333  INFO  file_cache is only supported with oauth2client<4.0.0
2026-06-18 15:54:48,362  INFO  file_cache is only supported with oauth2client<4.0.0
2026-06-18 15:54:49,555  INFO  Creando Excel nuevo en Drive...
2026-06-18 15:54:54,971  INFO  ✅ Excel subido a Drive: Reportes_Completos_Actualizado.xlsx
2026-06-18 15:54:54,972  INFO  Leyendo Excel para actualizar Google Sheets...
2026-06-18 15:54:55,022  INFO  Pestañas encontradas en Excel: ['Aceros', 'base_completo', 'calendario', 'Consumos_acero', 'Cotizaciones', 'Inventario_aceros', 'Notas_de_venta', 'Ordenes_de_Compra', 'Ordenes_de_produccion', 'Productos_Stock', 'Stock_vendido', 'Ventas_Full', 'WIP']
2026-06-18 15:54:56,567  INFO  Actualizando Base Produccion → 'Orden de Produccion' (3,349 filas)...
2026-06-18 15:54:57,761  INFO    Limpiando hoja 'Orden de Produccion'...
2026-06-18 15:54:58,701  INFO    Escribiendo 3,349 filas en 'Orden de Produccion'...
2026-06-18 15:55:01,480  INFO    ✅ Hoja 'Orden de Produccion' actualizada.
2026-06-18 15:55:01,536  INFO  Actualizando Base Produccion → 'Por Facturar' (91 filas)...
2026-06-18 15:55:02,084  INFO    Limpiando hoja 'Por Facturar'...
2026-06-18 15:55:02,344  INFO    Escribiendo 91 filas en 'Por Facturar'...
2026-06-18 15:55:02,606  INFO    ✅ Hoja 'Por Facturar' actualizada.
2026-06-18 15:55:02,686  INFO  Actualizando Base Produccion → 'Control Inventario' (197 filas)...
2026-06-18 15:55:03,178  INFO    Limpiando hoja 'Control Inventario'...
2026-06-18 15:55:03,417  INFO    Escribiendo 197 filas en 'Control Inventario'...
2026-06-18 15:55:03,741  INFO    ✅ Hoja 'Control Inventario' actualizada.
2026-06-18 15:55:04,625  INFO  Actualizando Base Produccion → 'Notas de Venta' (813 filas)...
2026-06-18 15:55:05,168  INFO    Limpiando hoja 'Notas de Venta'...
2026-06-18 15:55:05,451  INFO    Escribiendo 813 filas en 'Notas de Venta'...
2026-06-18 15:55:06,108  INFO    ✅ Hoja 'Notas de Venta' actualizada.
2026-06-18 15:55:06,144  INFO  Actualizando Base Produccion → 'Vales de Salida' (72 filas)...
2026-06-18 15:55:06,631  INFO    Limpiando hoja 'Vales de Salida'...
2026-06-18 15:55:06,869  INFO    Escribiendo 72 filas en 'Vales de Salida'...
2026-06-18 15:55:07,131  INFO    ✅ Hoja 'Vales de Salida' actualizada.
2026-06-18 15:55:07,178  INFO  Actualizando Base Produccion → 'Stock' (126 filas)...
2026-06-18 15:55:07,659  INFO    Limpiando hoja 'Stock'...
2026-06-18 15:55:07,893  INFO    Escribiendo 126 filas en 'Stock'...
2026-06-18 15:55:08,163  INFO    ✅ Hoja 'Stock' actualizada.
2026-06-18 15:55:09,452  INFO  Actualizando Base Produccion → 'Ventas_Full' (1,995 filas)...
2026-06-18 15:55:09,931  INFO    Limpiando hoja 'Ventas_Full'...
2026-06-18 15:55:10,539  INFO    Escribiendo 1,995 filas en 'Ventas_Full'...
2026-06-18 15:55:12,224  INFO    ✅ Hoja 'Ventas_Full' actualizada.
2026-06-18 15:55:12,261  INFO  Actualizando Base Produccion → 'WIP' (40 filas)...
2026-06-18 15:55:12,772  INFO    Limpiando hoja 'WIP'...
2026-06-18 15:55:13,179  INFO    Escribiendo 40 filas en 'WIP'...
2026-06-18 15:55:13,523  INFO    ✅ Hoja 'WIP' actualizada.
2026-06-18 15:55:13,585  INFO  Actualizando Base Produccion → 'Stock Vendido' (164 filas)...
2026-06-18 15:55:14,104  INFO    Limpiando hoja 'Stock Vendido'...
2026-06-18 15:55:14,356  INFO    Escribiendo 164 filas en 'Stock Vendido'...
2026-06-18 15:55:14,601  INFO    ✅ Hoja 'Stock Vendido' actualizada.
2026-06-18 15:55:14,660  INFO  Actualizando Base Produccion → 'Consumos Acero' (173 filas)...
2026-06-18 15:55:15,141  INFO    Limpiando hoja 'Consumos Acero'...
2026-06-18 15:55:15,419  INFO    Escribiendo 173 filas en 'Consumos Acero'...
2026-06-18 15:55:15,694  INFO    ✅ Hoja 'Consumos Acero' actualizada.
2026-06-18 15:55:17,018  INFO  Actualizando Presupuestos → 'Ventas Full Manager' (1,995 filas)...
2026-06-18 15:55:17,775  INFO    Limpiando hoja 'Ventas Full Manager'...
2026-06-18 15:55:18,394  INFO    Escribiendo 1,995 filas en 'Ventas Full Manager'...
2026-06-18 15:55:21,168  INFO    ✅ Hoja 'Ventas Full Manager' actualizada.
2026-06-18 15:55:21,418  INFO  Actualizando Presupuestos → 'Notas de Venta' (813 filas)...
2026-06-18 15:55:22,300  INFO    Limpiando hoja 'Notas de Venta'...
2026-06-18 15:55:22,583  INFO    Escribiendo 813 filas en 'Notas de Venta'...
2026-06-18 15:55:23,173  INFO    ✅ Hoja 'Notas de Venta' actualizada.
2026-06-18 15:55:23,912  INFO  Actualizando Presupuestos → 'Cotizaciones' (3,624 filas)...
2026-06-18 15:55:24,438  INFO    Limpiando hoja 'Cotizaciones'...
2026-06-18 15:55:24,912  INFO    Escribiendo 3,624 filas en 'Cotizaciones'...
2026-06-18 15:55:26,169  INFO    ✅ Hoja 'Cotizaciones' actualizada.
2026-06-18 15:55:26,236  INFO  Actualizando Presupuestos → 'Calendario' (91 filas)...
2026-06-18 15:55:26,782  INFO    Limpiando hoja 'Calendario'...
2026-06-18 15:55:27,022  INFO    Escribiendo 91 filas en 'Calendario'...
2026-06-18 15:55:27,318  INFO    ✅ Hoja 'Calendario' actualizada.
2026-06-18 15:55:27,318  INFO  
2026-06-18 15:55:27,319  INFO  ✅ Todo actualizado:
2026-06-18 15:55:27,319  INFO     📁 Drive: Reportes_Completos_Actualizado.xlsx
2026-06-18 15:55:27,319  INFO     📊 Base Produccion: ['Orden de Produccion', 'Por Facturar', 'Control Inventario', 'Notas de Venta', 'Vales de Salida', 'Stock', 'Ventas_Full', 'WIP', 'Stock Vendido', 'Consumos Acero']
2026-06-18 15:55:27,319  INFO     📊 Presupuestos: Ventas Full Manager
2026-06-18 15:55:27,323  INFO  
2026-06-18 15:55:27,323  INFO  ╔═════════════════════════════════════════════════════╗
2026-06-18 15:55:27,327  INFO  ║  ✅ PIPELINE COMPLETADO en 291s                      ║
2026-06-18 15:55:27,328  INFO  ║  📊 Excel en Drive: VentasFull_Actualizado.xlsx      ║
2026-06-18 15:55:27,328  INFO  ╚═════════════════════════════════════════════════════╝
2026-06-19 07:19:00,459  INFO  ╔═════════════════════════════════════════════════════╗
2026-06-19 07:19:00,462  INFO  ║   PIPELINE VENTAS FULL — Inicio: 2026-06-19 07:19   ║
2026-06-19 07:19:00,462  INFO  ╚═════════════════════════════════════════════════════╝
2026-06-19 07:19:00,463  INFO  
2026-06-19 07:19:00,463  INFO  ━━━━━━━━━━━━━━━━━━━━━━━━━━━━━━━━━━━━━━━━━━━━━━━━━━━━━━━
2026-06-19 07:19:00,464  INFO    PASO 1/3 — Descargar backup desde Manager
2026-06-19 07:19:00,464  INFO  ━━━━━━━━━━━━━━━━━━━━━━━━━━━━━━━━━━━━━━━━━━━━━━━━━━━━━━━
2026-06-19 07:19:01,653  INFO  =======================================================
2026-06-19 07:19:01,654  INFO    Iniciando descarga automática de backup Manager
2026-06-19 07:19:01,654  INFO  =======================================================
2026-06-19 07:19:01,661  INFO  ====== WebDriver manager ======
2026-06-19 07:19:04,309  INFO  Get LATEST chromedriver version for google-chrome
2026-06-19 07:19:05,183  INFO  Get LATEST chromedriver version for google-chrome
2026-06-19 07:19:05,916  INFO  Get LATEST chromedriver version for google-chrome
2026-06-19 07:19:07,006  INFO  WebDriver version 149.0.7827.155 selected
2026-06-19 07:19:07,019  INFO  Modern chrome version https://storage.googleapis.com/chrome-for-testing-public/149.0.7827.155/win32/chromedriver-win32.zip
2026-06-19 07:19:07,019  INFO  About to download new driver from https://storage.googleapis.com/chrome-for-testing-public/149.0.7827.155/win32/chromedriver-win32.zip
2026-06-19 07:19:07,473  INFO  Driver downloading response is 200
2026-06-19 07:19:07,797  INFO  Get LATEST chromedriver version for google-chrome
2026-06-19 07:19:08,553  INFO  Driver has been saved in cache [C:\Users\atorr\.wdm\drivers\chromedriver\win64\149.0.7827.155]
2026-06-19 07:19:11,888  INFO  Abriendo login: https://prodkernel.manager.cl/index.html
2026-06-19 07:19:14,949  INFO  Inputs visibles: 3
2026-06-19 07:19:15,421  INFO  Login enviado...
2026-06-19 07:19:19,435  INFO  ✅ Login exitoso. session_id: 3c0a8065...
2026-06-19 07:19:19,437  INFO  Navegando a: https://prodkernel.manager.cl/managerbackups.html?session_id=3c0a80650953823600fbd40c2fa1d727&cd=prodkernel
2026-06-19 07:19:19,572  INFO  Recarga 1/10...
2026-06-19 07:19:23,684  INFO    filas .bak encontradas: 3
2026-06-19 07:19:23,685  INFO  ✅ Tabla cargada en recarga 1.
2026-06-19 07:19:23,779  INFO    Ignorando: 2026-6-19-T779354202A.bak
2026-06-19 07:19:23,818  INFO    Ignorando: 2026-6-19-T779354202B.bak
2026-06-19 07:19:23,862  INFO  Backup seleccionado: 2026-6-19-T779354202C.bak (2026-06-19 10:20:15+00:00)
2026-06-19 07:19:23,879  INFO  HTML fila completa: <td class="bucket">mng-respaldos-poliuretano</td><td class="Key">2026-6-19-T779354202C.bak</td><td class="LastModified">2026-06-19 10:20:15+00:00</td><td class="Size">0.18 GB</td><td class="presigned_url" style="display: none;">https://mng-respaldos-poliuretano.s3.amazonaws.com/2026-6-19-T779354202C.bak?AWSAccessKeyId=AKIAZPIFFWJDVFW267ZG&amp;Signature=q0Jeoo0pO8ivbGP3UEEksj%2FMJYA%3D&amp;Expires=1781868259</td><td><i onclick="downloadbackup($(this).parent().parent())" class="fas fa-download"></
2026-06-19 07:19:26,755  INFO  Descargando 2026-6-19-T779354202C.bak desde S3...
2026-06-19 07:19:33,208  INFO    10 MB / 184 MB (6%)
2026-06-19 07:19:34,696  INFO    21 MB / 184 MB (11%)
2026-06-19 07:19:35,414  INFO    31 MB / 184 MB (17%)
2026-06-19 07:19:36,061  INFO    42 MB / 184 MB (23%)
2026-06-19 07:19:36,940  INFO    52 MB / 184 MB (29%)
2026-06-19 07:19:37,997  INFO    63 MB / 184 MB (34%)
2026-06-19 07:19:39,197  INFO    73 MB / 184 MB (40%)
2026-06-19 07:19:40,325  INFO    84 MB / 184 MB (46%)
2026-06-19 07:19:41,259  INFO    94 MB / 184 MB (51%)
2026-06-19 07:19:42,108  INFO    105 MB / 184 MB (57%)
2026-06-19 07:19:42,982  INFO    115 MB / 184 MB (63%)
2026-06-19 07:19:43,820  INFO    126 MB / 184 MB (68%)
2026-06-19 07:19:44,710  INFO    136 MB / 184 MB (74%)
2026-06-19 07:19:45,552  INFO    147 MB / 184 MB (80%)
2026-06-19 07:19:46,406  INFO    157 MB / 184 MB (86%)
2026-06-19 07:19:47,247  INFO    168 MB / 184 MB (91%)
2026-06-19 07:19:48,080  INFO    178 MB / 184 MB (97%)
2026-06-19 07:19:48,533  INFO  ✅ Descarga completa: 2026-6-19-T779354202C.bak (183.8 MB)
2026-06-19 07:19:48,539  INFO  Backup guardado en: C:\Backups\Manager\2026-6-19-T779354202C_2026-06-19.bak
2026-06-19 07:19:48,540  INFO  ✅ Éxito — backup guardado en: C:\Backups\Manager\2026-6-19-T779354202C_2026-06-19.bak
2026-06-19 07:19:52,627  WARNING  Retrying (Retry(total=2, connect=None, read=None, redirect=None, status=None)) after connection broken by 'NewConnectionError("HTTPConnection(host='localhost', port=52753): Failed to establish a new connection: [WinError 10061] No se puede establecer una conexión ya que el equipo de destino denegó expresamente dicha conexión")': /session/15aa354cd9a7089340373c11f78e2f66
2026-06-19 07:19:56,782  WARNING  Retrying (Retry(total=1, connect=None, read=None, redirect=None, status=None)) after connection broken by 'NewConnectionError("HTTPConnection(host='localhost', port=52753): Failed to establish a new connection: [WinError 10061] No se puede establecer una conexión ya que el equipo de destino denegó expresamente dicha conexión")': /session/15aa354cd9a7089340373c11f78e2f66
2026-06-19 07:20:00,862  WARNING  Retrying (Retry(total=0, connect=None, read=None, redirect=None, status=None)) after connection broken by 'NewConnectionError("HTTPConnection(host='localhost', port=52753): Failed to establish a new connection: [WinError 10061] No se puede establecer una conexión ya que el equipo de destino denegó expresamente dicha conexión")': /session/15aa354cd9a7089340373c11f78e2f66
2026-06-19 07:20:04,931  INFO  
2026-06-19 07:20:04,938  INFO  ━━━━━━━━━━━━━━━━━━━━━━━━━━━━━━━━━━━━━━━━━━━━━━━━━━━━━━━
2026-06-19 07:20:04,941  INFO    PASO 2/3 — Restaurar BD y extraer Ventas Full
2026-06-19 07:20:04,946  INFO  ━━━━━━━━━━━━━━━━━━━━━━━━━━━━━━━━━━━━━━━━━━━━━━━━━━━━━━━
2026-06-19 07:20:08,016  INFO  ============================================================
2026-06-19 07:20:08,018  INFO    PASO 1 — Restaurar BD y extraer Múltiples Reportes
2026-06-19 07:20:08,020  INFO  ============================================================
2026-06-19 07:20:08,040  INFO  Usando .bak de ultimo_bak.txt: 2026-6-19-T779354202C_2026-06-19.bak
2026-06-19 07:20:08,047  INFO  Usando backup: 2026-6-19-T779354202C_2026-06-19.bak
2026-06-19 07:20:08,050  INFO  Restaurando 2026-6-19-T779354202C_2026-06-19.bak como 'T779354202C'...
2026-06-19 07:20:08,058  INFO  Copiando .bak a C:\Program Files\Microsoft SQL Server\MSSQL17.SQLEXPRESS\MSSQL\DATA\2026-6-19-T779354202C_2026-06-19.bak...
2026-06-19 07:20:09,383  INFO  Ejecutando RESTORE DATABASE...
2026-06-19 07:20:54,424  INFO  ✅ BD 'T779354202C' restaurada correctamente.
2026-06-19 07:20:54,424  INFO  Conectando a 'T779354202C' para extraer reportes...
2026-06-19 07:20:54,497  INFO  Ejecutando: Aceros...
2026-06-19 07:20:54,815  INFO    └─ 72 filas extraídas.
2026-06-19 07:20:54,815  INFO  Ejecutando: base_completo...
2026-06-19 07:20:56,680  INFO    └─ 9,373 filas extraídas.
2026-06-19 07:20:56,680  INFO  Ejecutando: calendario...
2026-06-19 07:20:56,888  INFO    └─ 91 filas extraídas.
2026-06-19 07:20:56,889  INFO  Ejecutando: Consumos_acero...
2026-06-19 07:20:57,011  INFO    └─ 171 filas extraídas.
2026-06-19 07:20:57,011  INFO  Ejecutando: Cotizaciones...
2026-06-19 07:20:57,091  INFO    └─ 3,641 filas extraídas.
2026-06-19 07:20:57,092  INFO  Ejecutando: Inventario_aceros...
2026-06-19 07:20:57,115  INFO    └─ 199 filas extraídas.
2026-06-19 07:20:57,116  INFO  Ejecutando: Notas_de_venta...
2026-06-19 07:20:57,152  INFO    └─ 823 filas extraídas.
2026-06-19 07:20:57,152  INFO  Ejecutando: Ordenes_de_Compra...
2026-06-19 07:20:57,275  INFO    └─ 287 filas extraídas.
2026-06-19 07:20:57,275  INFO  Ejecutando: Ordenes_de_produccion...
2026-06-19 07:20:57,459  INFO    └─ 3,350 filas extraídas.
2026-06-19 07:20:57,460  INFO  Ejecutando: Pendiente_a_facturar...
2026-06-19 07:20:57,465  ERROR    └─ Error ejecutando Pendiente_a_facturar: ('42000', '[42000] [Microsoft][ODBC Driver 17 for SQL Server][SQL Server]ORDER BY items must appear in the select list if SELECT DISTINCT is specified. (145) (SQLExecDirectW)')
2026-06-19 07:20:57,466  INFO  Ejecutando: Productos_Stock...
2026-06-19 07:20:57,486  INFO    └─ 126 filas extraídas.
2026-06-19 07:20:57,486  INFO  Ejecutando: Stock_vendido...
2026-06-19 07:20:57,538  INFO    └─ 166 filas extraídas.
2026-06-19 07:20:57,539  INFO  Ejecutando: Vales_de_Salida...
2026-06-19 07:20:57,544  ERROR    └─ Error ejecutando Vales_de_Salida: ('42000', '[42000] [Microsoft][ODBC Driver 17 for SQL Server][SQL Server]ORDER BY items must appear in the select list if SELECT DISTINCT is specified. (145) (SQLExecDirectW)')
2026-06-19 07:20:57,545  INFO  Ejecutando: Ventas_Full...
2026-06-19 07:20:58,043  INFO    └─ 2,018 filas extraídas.
2026-06-19 07:20:58,044  INFO  Ejecutando: WIP...
2026-06-19 07:20:58,090  INFO    └─ 40 filas extraídas.
2026-06-19 07:20:58,092  INFO  Exportando a Excel multipestaña: C:\Reportes\VentasFull\Reportes_Completos_2026-06-19.xlsx
2026-06-19 07:21:57,583  WARNING    └─ Stock_vendido: columnas duplicadas renombradas
2026-06-19 07:22:16,534  INFO  ✅ Excel generado: C:\Reportes\VentasFull\Reportes_Completos_2026-06-19.xlsx (2.8 MB)
2026-06-19 07:22:16,536  INFO  ✅ Proceso Completado → C:\Reportes\VentasFull\Reportes_Completos_2026-06-19.xlsx
2026-06-19 07:22:16,548  INFO  
2026-06-19 07:22:16,548  INFO  ━━━━━━━━━━━━━━━━━━━━━━━━━━━━━━━━━━━━━━━━━━━━━━━━━━━━━━━
2026-06-19 07:22:16,548  INFO    PASO 3/3 — Subir Excel a Google Drive
2026-06-19 07:22:16,548  INFO  ━━━━━━━━━━━━━━━━━━━━━━━━━━━━━━━━━━━━━━━━━━━━━━━━━━━━━━━
2026-06-19 07:22:18,482  INFO  =======================================================
2026-06-19 07:22:18,483  INFO    PASO 2 — Subir a Drive y actualizar Google Sheets
2026-06-19 07:22:18,483  INFO  =======================================================
2026-06-19 07:22:18,496  INFO  Procesando: Reportes_Completos_2026-06-19.xlsx (2.8 MB)
2026-06-19 07:22:18,591  INFO  file_cache is only supported with oauth2client<4.0.0
2026-06-19 07:22:18,599  INFO  file_cache is only supported with oauth2client<4.0.0
2026-06-19 07:22:20,139  INFO  Creando Excel nuevo en Drive...
2026-06-19 07:22:22,441  INFO  ✅ Excel subido a Drive: Reportes_Completos_Actualizado.xlsx
2026-06-19 07:22:22,441  INFO  Leyendo Excel para actualizar Google Sheets...
2026-06-19 07:22:22,486  INFO  Pestañas encontradas en Excel: ['Aceros', 'base_completo', 'calendario', 'Consumos_acero', 'Cotizaciones', 'Inventario_aceros', 'Notas_de_venta', 'Ordenes_de_Compra', 'Ordenes_de_produccion', 'Productos_Stock', 'Stock_vendido', 'Ventas_Full', 'WIP']
2026-06-19 07:22:23,791  INFO  Actualizando Base Produccion → 'Orden de Produccion' (3,350 filas)...
2026-06-19 07:22:25,200  INFO    Limpiando hoja 'Orden de Produccion'...
2026-06-19 07:22:26,218  INFO    Escribiendo 3,350 filas en 'Orden de Produccion'...
2026-06-19 07:22:28,239  INFO    ✅ Hoja 'Orden de Produccion' actualizada.
2026-06-19 07:22:28,313  INFO  Actualizando Base Produccion → 'Por Facturar' (91 filas)...
2026-06-19 07:22:28,954  INFO    Limpiando hoja 'Por Facturar'...
2026-06-19 07:22:29,317  INFO    Escribiendo 91 filas en 'Por Facturar'...
2026-06-19 07:22:29,672  INFO    ✅ Hoja 'Por Facturar' actualizada.
2026-06-19 07:22:30,283  INFO  Actualizando Base Produccion → 'Control Inventario' (199 filas)...
2026-06-19 07:22:31,018  INFO    Limpiando hoja 'Control Inventario'...
2026-06-19 07:22:31,254  INFO    Escribiendo 199 filas en 'Control Inventario'...
2026-06-19 07:22:31,713  INFO    ✅ Hoja 'Control Inventario' actualizada.
2026-06-19 07:22:31,919  INFO  Actualizando Base Produccion → 'Notas de Venta' (823 filas)...
2026-06-19 07:22:32,479  INFO    Limpiando hoja 'Notas de Venta'...
2026-06-19 07:22:32,786  INFO    Escribiendo 823 filas en 'Notas de Venta'...
2026-06-19 07:22:33,250  INFO    ✅ Hoja 'Notas de Venta' actualizada.
2026-06-19 07:22:33,290  INFO  Actualizando Base Produccion → 'Vales de Salida' (72 filas)...
2026-06-19 07:22:33,804  INFO    Limpiando hoja 'Vales de Salida'...
2026-06-19 07:22:34,173  INFO    Escribiendo 72 filas en 'Vales de Salida'...
2026-06-19 07:22:34,441  INFO    ✅ Hoja 'Vales de Salida' actualizada.
2026-06-19 07:22:34,490  INFO  Actualizando Base Produccion → 'Stock' (126 filas)...
2026-06-19 07:22:34,958  INFO    Limpiando hoja 'Stock'...
2026-06-19 07:22:35,315  INFO    Escribiendo 126 filas en 'Stock'...
2026-06-19 07:22:35,559  INFO    ✅ Hoja 'Stock' actualizada.
2026-06-19 07:22:36,687  INFO  Actualizando Base Produccion → 'Ventas_Full' (2,018 filas)...
2026-06-19 07:22:37,296  INFO    Limpiando hoja 'Ventas_Full'...
2026-06-19 07:22:37,779  INFO    Escribiendo 2,018 filas en 'Ventas_Full'...
2026-06-19 07:22:39,210  INFO    ✅ Hoja 'Ventas_Full' actualizada.
2026-06-19 07:22:39,239  INFO  Actualizando Base Produccion → 'WIP' (40 filas)...
2026-06-19 07:22:40,078  INFO    Limpiando hoja 'WIP'...
2026-06-19 07:22:40,313  INFO    Escribiendo 40 filas en 'WIP'...
2026-06-19 07:22:40,563  INFO    ✅ Hoja 'WIP' actualizada.
2026-06-19 07:22:40,616  INFO  Actualizando Base Produccion → 'Stock Vendido' (166 filas)...
2026-06-19 07:22:41,111  INFO    Limpiando hoja 'Stock Vendido'...
2026-06-19 07:22:41,382  INFO    Escribiendo 166 filas en 'Stock Vendido'...
2026-06-19 07:22:41,644  INFO    ✅ Hoja 'Stock Vendido' actualizada.
2026-06-19 07:22:41,698  INFO  Actualizando Base Produccion → 'Consumos Acero' (171 filas)...
2026-06-19 07:22:42,165  INFO    Limpiando hoja 'Consumos Acero'...
2026-06-19 07:22:42,418  INFO    Escribiendo 171 filas en 'Consumos Acero'...
2026-06-19 07:22:43,183  INFO    ✅ Hoja 'Consumos Acero' actualizada.
2026-06-19 07:22:44,371  INFO  Actualizando Presupuestos → 'Ventas Full Manager' (2,018 filas)...
2026-06-19 07:22:45,281  INFO    Limpiando hoja 'Ventas Full Manager'...
2026-06-19 07:22:46,002  INFO    Escribiendo 2,018 filas en 'Ventas Full Manager'...
2026-06-19 07:22:49,330  INFO    ✅ Hoja 'Ventas Full Manager' actualizada.
2026-06-19 07:22:49,649  INFO  Actualizando Presupuestos → 'Notas de Venta' (823 filas)...
2026-06-19 07:22:50,510  INFO    Limpiando hoja 'Notas de Venta'...
2026-06-19 07:22:51,021  INFO    Escribiendo 823 filas en 'Notas de Venta'...
2026-06-19 07:22:51,510  INFO    ✅ Hoja 'Notas de Venta' actualizada.
2026-06-19 07:22:52,040  INFO  Actualizando Presupuestos → 'Cotizaciones' (3,641 filas)...
2026-06-19 07:22:52,814  INFO    Limpiando hoja 'Cotizaciones'...
2026-06-19 07:22:53,293  INFO    Escribiendo 3,641 filas en 'Cotizaciones'...
2026-06-19 07:22:54,195  INFO    ✅ Hoja 'Cotizaciones' actualizada.
2026-06-19 07:22:54,267  INFO  Actualizando Presupuestos → 'Calendario' (91 filas)...
2026-06-19 07:22:54,781  INFO    Limpiando hoja 'Calendario'...
2026-06-19 07:22:55,073  INFO    Escribiendo 91 filas en 'Calendario'...
2026-06-19 07:22:55,342  INFO    ✅ Hoja 'Calendario' actualizada.
2026-06-19 07:22:55,343  INFO  
2026-06-19 07:22:55,343  INFO  ✅ Todo actualizado:
2026-06-19 07:22:55,343  INFO     📁 Drive: Reportes_Completos_Actualizado.xlsx
2026-06-19 07:22:55,344  INFO     📊 Base Produccion: ['Orden de Produccion', 'Por Facturar', 'Control Inventario', 'Notas de Venta', 'Vales de Salida', 'Stock', 'Ventas_Full', 'WIP', 'Stock Vendido', 'Consumos Acero']
2026-06-19 07:22:55,344  INFO     📊 Presupuestos: Ventas Full Manager
2026-06-19 07:22:55,346  INFO  
2026-06-19 07:22:55,346  INFO  ╔═════════════════════════════════════════════════════╗
2026-06-19 07:22:55,367  INFO  ║  ✅ PIPELINE COMPLETADO en 234s                      ║
2026-06-19 07:22:55,368  INFO  ║  📊 Excel en Drive: VentasFull_Actualizado.xlsx      ║
2026-06-19 07:22:55,368  INFO  ╚═════════════════════════════════════════════════════╝
2026-06-19 10:35:30,277  INFO  ╔═════════════════════════════════════════════════════╗
2026-06-19 10:35:30,278  INFO  ║   PIPELINE VENTAS FULL — Inicio: 2026-06-19 10:35   ║
2026-06-19 10:35:30,278  INFO  ╚═════════════════════════════════════════════════════╝
2026-06-19 10:35:30,278  INFO  
2026-06-19 10:35:30,278  INFO  ━━━━━━━━━━━━━━━━━━━━━━━━━━━━━━━━━━━━━━━━━━━━━━━━━━━━━━━
2026-06-19 10:35:30,278  INFO    PASO 1/3 — Descargar backup desde Manager
2026-06-19 10:35:30,278  INFO  ━━━━━━━━━━━━━━━━━━━━━━━━━━━━━━━━━━━━━━━━━━━━━━━━━━━━━━━
2026-06-19 10:35:31,063  INFO  =======================================================
2026-06-19 10:35:31,063  INFO    Iniciando descarga automática de backup Manager
2026-06-19 10:35:31,063  INFO  =======================================================
2026-06-19 10:35:31,064  INFO  ====== WebDriver manager ======
2026-06-19 10:35:32,692  INFO  Get LATEST chromedriver version for google-chrome
2026-06-19 10:35:33,145  INFO  Get LATEST chromedriver version for google-chrome
2026-06-19 10:35:33,971  INFO  Driver [C:\Users\atorr\.wdm\drivers\chromedriver\win64\149.0.7827.155\chromedriver-win32/chromedriver.exe] found in cache
2026-06-19 10:35:38,304  INFO  Abriendo login: https://prodkernel.manager.cl/index.html
2026-06-19 10:35:40,148  INFO  Inputs visibles: 3
2026-06-19 10:35:40,528  INFO  Login enviado...
2026-06-19 10:35:44,545  INFO  ✅ Login exitoso. session_id: 2495b8dc...
2026-06-19 10:35:44,545  INFO  Navegando a: https://prodkernel.manager.cl/managerbackups.html?session_id=2495b8dc453cc20cfa3a9c437df0f57f&cd=prodkernel
2026-06-19 10:35:44,655  INFO  Recarga 1/10...
2026-06-19 10:35:48,757  INFO    filas .bak encontradas: 0
2026-06-19 10:35:48,757  INFO  Recarga 2/10...
2026-06-19 10:35:52,854  INFO    filas .bak encontradas: 3
2026-06-19 10:35:52,855  INFO  ✅ Tabla cargada en recarga 2.
2026-06-19 10:35:52,908  INFO    Ignorando: 2026-6-19-T779354202A.bak
2026-06-19 10:35:52,948  INFO    Ignorando: 2026-6-19-T779354202B.bak
2026-06-19 10:35:52,985  INFO  Backup seleccionado: 2026-6-19-T779354202C.bak (2026-06-19 10:20:15+00:00)
2026-06-19 10:35:52,996  INFO  HTML fila completa: <td class="bucket">mng-respaldos-poliuretano</td><td class="Key">2026-6-19-T779354202C.bak</td><td class="LastModified">2026-06-19 10:20:15+00:00</td><td class="Size">0.18 GB</td><td class="presigned_url" style="display: none;">https://mng-respaldos-poliuretano.s3.amazonaws.com/2026-6-19-T779354202C.bak?AWSAccessKeyId=AKIAZPIFFWJDVFW267ZG&amp;Signature=KycxGR5lrP2DRQXdIi3%2BZXZAek0%3D&amp;Expires=1781880049</td><td><i onclick="downloadbackup($(this).parent().parent())" class="fas fa-download"></
2026-06-19 10:35:55,366  INFO  Descargando 2026-6-19-T779354202C.bak desde S3...
2026-06-19 10:36:01,260  INFO    10 MB / 184 MB (6%)
2026-06-19 10:36:05,979  INFO    21 MB / 184 MB (11%)
2026-06-19 10:36:09,878  INFO    31 MB / 184 MB (17%)
2026-06-19 10:36:13,580  INFO    42 MB / 184 MB (23%)
2026-06-19 10:36:17,130  INFO    52 MB / 184 MB (29%)
2026-06-19 10:36:20,286  INFO    63 MB / 184 MB (34%)
2026-06-19 10:36:23,301  INFO    73 MB / 184 MB (40%)
2026-06-19 10:36:26,180  INFO    84 MB / 184 MB (46%)
2026-06-19 10:36:28,667  INFO    94 MB / 184 MB (51%)
2026-06-19 10:36:30,656  INFO    105 MB / 184 MB (57%)
2026-06-19 10:36:32,476  INFO    115 MB / 184 MB (63%)
2026-06-19 10:36:35,288  INFO    126 MB / 184 MB (68%)
2026-06-19 10:36:38,313  INFO    136 MB / 184 MB (74%)
2026-06-19 10:36:41,539  INFO    147 MB / 184 MB (80%)
2026-06-19 10:36:44,433  INFO    157 MB / 184 MB (86%)
2026-06-19 10:36:47,718  INFO    168 MB / 184 MB (91%)
2026-06-19 10:36:50,598  INFO    178 MB / 184 MB (97%)
2026-06-19 10:36:52,071  INFO  ✅ Descarga completa: 2026-6-19-T779354202C.bak (183.8 MB)
2026-06-19 10:36:52,076  INFO  Backup guardado en: C:\Backups\Manager\2026-6-19-T779354202C_2026-06-19_1781879812.bak
2026-06-19 10:36:52,076  INFO  ✅ Éxito — backup guardado en: C:\Backups\Manager\2026-6-19-T779354202C_2026-06-19_1781879812.bak
2026-06-19 10:36:56,174  WARNING  Retrying (Retry(total=2, connect=None, read=None, redirect=None, status=None)) after connection broken by 'NewConnectionError("HTTPConnection(host='localhost', port=59170): Failed to establish a new connection: [WinError 10061] No se puede establecer una conexión ya que el equipo de destino denegó expresamente dicha conexión")': /session/1c6bd7b2d71c5feee50cd9a7e7cc8009
2026-06-19 10:37:00,278  WARNING  Retrying (Retry(total=1, connect=None, read=None, redirect=None, status=None)) after connection broken by 'NewConnectionError("HTTPConnection(host='localhost', port=59170): Failed to establish a new connection: [WinError 10061] No se puede establecer una conexión ya que el equipo de destino denegó expresamente dicha conexión")': /session/1c6bd7b2d71c5feee50cd9a7e7cc8009
2026-06-19 10:37:04,380  WARNING  Retrying (Retry(total=0, connect=None, read=None, redirect=None, status=None)) after connection broken by 'NewConnectionError("HTTPConnection(host='localhost', port=59170): Failed to establish a new connection: [WinError 10061] No se puede establecer una conexión ya que el equipo de destino denegó expresamente dicha conexión")': /session/1c6bd7b2d71c5feee50cd9a7e7cc8009
2026-06-19 10:37:08,476  INFO  
2026-06-19 10:37:08,476  INFO  ━━━━━━━━━━━━━━━━━━━━━━━━━━━━━━━━━━━━━━━━━━━━━━━━━━━━━━━
2026-06-19 10:37:08,477  INFO    PASO 2/3 — Restaurar BD y extraer Ventas Full
2026-06-19 10:37:08,477  INFO  ━━━━━━━━━━━━━━━━━━━━━━━━━━━━━━━━━━━━━━━━━━━━━━━━━━━━━━━
2026-06-19 10:37:10,580  INFO  ============================================================
2026-06-19 10:37:10,581  INFO    PASO 1 — Restaurar BD y extraer Múltiples Reportes
2026-06-19 10:37:10,581  INFO  ============================================================
2026-06-19 10:37:10,593  INFO  Usando .bak de ultimo_bak.txt: 2026-6-19-T779354202C_2026-06-19_1781879812.bak
2026-06-19 10:37:10,593  INFO  Usando backup: 2026-6-19-T779354202C_2026-06-19_1781879812.bak
2026-06-19 10:37:10,593  INFO  Restaurando 2026-6-19-T779354202C_2026-06-19_1781879812.bak como 'T779354202C'...
2026-06-19 10:37:10,593  INFO  Copiando .bak a C:\Program Files\Microsoft SQL Server\MSSQL17.SQLEXPRESS\MSSQL\DATA\2026-6-19-T779354202C_2026-06-19_1781879812.bak...
2026-06-19 10:37:11,393  INFO  Ejecutando RESTORE DATABASE...
2026-06-19 10:37:56,483  INFO  ✅ BD 'T779354202C' restaurada correctamente.
2026-06-19 10:37:56,563  INFO  Conectando a 'T779354202C' para extraer reportes...
2026-06-19 10:37:56,712  INFO  Ejecutando: Aceros...
2026-06-19 10:37:57,147  INFO    └─ 72 filas extraídas.
2026-06-19 10:37:57,147  INFO  Ejecutando: base_completo...
2026-06-19 10:37:59,217  INFO    └─ 9,373 filas extraídas.
2026-06-19 10:37:59,218  INFO  Ejecutando: calendario...
2026-06-19 10:37:59,520  INFO    └─ 91 filas extraídas.
2026-06-19 10:37:59,521  INFO  Ejecutando: Consumos_acero...
2026-06-19 10:37:59,664  INFO    └─ 171 filas extraídas.
2026-06-19 10:37:59,665  INFO  Ejecutando: Cotizaciones...
2026-06-19 10:37:59,774  INFO    └─ 3,641 filas extraídas.
2026-06-19 10:37:59,774  INFO  Ejecutando: Inventario_aceros...
2026-06-19 10:37:59,812  INFO    └─ 199 filas extraídas.
2026-06-19 10:37:59,812  INFO  Ejecutando: Notas_de_venta...
2026-06-19 10:37:59,863  INFO    └─ 823 filas extraídas.
2026-06-19 10:37:59,863  INFO  Ejecutando: Ordenes_de_Compra...
2026-06-19 10:38:00,031  INFO    └─ 287 filas extraídas.
2026-06-19 10:38:00,031  INFO  Ejecutando: Ordenes_de_produccion...
2026-06-19 10:38:00,283  INFO    └─ 3,350 filas extraídas.
2026-06-19 10:38:00,284  INFO  Ejecutando: Pendiente_a_facturar...
2026-06-19 10:38:00,315  ERROR    └─ Error ejecutando Pendiente_a_facturar: ('42000', '[42000] [Microsoft][ODBC Driver 17 for SQL Server][SQL Server]ORDER BY items must appear in the select list if SELECT DISTINCT is specified. (145) (SQLExecDirectW)')
2026-06-19 10:38:00,315  INFO  Ejecutando: Productos_Stock...
2026-06-19 10:38:00,348  INFO    └─ 126 filas extraídas.
2026-06-19 10:38:00,348  INFO  Ejecutando: Stock_vendido...
2026-06-19 10:38:00,404  INFO    └─ 166 filas extraídas.
2026-06-19 10:38:00,404  INFO  Ejecutando: Vales_de_Salida...
2026-06-19 10:38:00,420  ERROR    └─ Error ejecutando Vales_de_Salida: ('42000', '[42000] [Microsoft][ODBC Driver 17 for SQL Server][SQL Server]ORDER BY items must appear in the select list if SELECT DISTINCT is specified. (145) (SQLExecDirectW)')
2026-06-19 10:38:00,420  INFO  Ejecutando: Ventas_Full...
2026-06-19 10:38:01,107  INFO    └─ 2,018 filas extraídas.
2026-06-19 10:38:01,108  INFO  Ejecutando: WIP...
2026-06-19 10:38:01,195  INFO    └─ 40 filas extraídas.
2026-06-19 10:38:01,196  INFO  Exportando a Excel multipestaña: C:\Reportes\VentasFull\Reportes_Completos_2026-06-19.xlsx
2026-06-19 10:39:35,850  WARNING    └─ Stock_vendido: columnas duplicadas renombradas
2026-06-19 10:40:08,680  INFO  ✅ Excel generado: C:\Reportes\VentasFull\Reportes_Completos_2026-06-19.xlsx (2.8 MB)
2026-06-19 10:40:08,684  INFO  ✅ Proceso Completado → C:\Reportes\VentasFull\Reportes_Completos_2026-06-19.xlsx
2026-06-19 10:40:08,708  INFO  
2026-06-19 10:40:08,708  INFO  ━━━━━━━━━━━━━━━━━━━━━━━━━━━━━━━━━━━━━━━━━━━━━━━━━━━━━━━
2026-06-19 10:40:08,708  INFO    PASO 3/3 — Subir Excel a Google Drive
2026-06-19 10:40:08,708  INFO  ━━━━━━━━━━━━━━━━━━━━━━━━━━━━━━━━━━━━━━━━━━━━━━━━━━━━━━━
2026-06-19 10:40:11,590  INFO  =======================================================
2026-06-19 10:40:11,591  INFO    PASO 2 — Subir a Drive y actualizar Google Sheets
2026-06-19 10:40:11,591  INFO  =======================================================
2026-06-19 10:40:11,608  INFO  Procesando: Reportes_Completos_2026-06-19.xlsx (2.8 MB)
2026-06-19 10:40:11,725  INFO  file_cache is only supported with oauth2client<4.0.0
2026-06-19 10:40:11,733  INFO  file_cache is only supported with oauth2client<4.0.0
2026-06-19 10:40:13,501  INFO  Creando Excel nuevo en Drive...
2026-06-19 10:40:16,158  INFO  ✅ Excel subido a Drive: Reportes_Completos_Actualizado.xlsx
2026-06-19 10:40:16,158  INFO  Leyendo Excel para actualizar Google Sheets...
2026-06-19 10:40:16,248  INFO  Pestañas encontradas en Excel: ['Aceros', 'base_completo', 'calendario', 'Consumos_acero', 'Cotizaciones', 'Inventario_aceros', 'Notas_de_venta', 'Ordenes_de_Compra', 'Ordenes_de_produccion', 'Productos_Stock', 'Stock_vendido', 'Ventas_Full', 'WIP']
2026-06-19 10:40:18,018  INFO  Actualizando Base Produccion → 'Orden de Produccion' (3,350 filas)...
2026-06-19 10:40:19,474  INFO    Limpiando hoja 'Orden de Produccion'...
2026-06-19 10:40:20,581  INFO    Escribiendo 3,350 filas en 'Orden de Produccion'...
2026-06-19 10:40:22,522  INFO    ✅ Hoja 'Orden de Produccion' actualizada.
2026-06-19 10:40:22,575  INFO  Actualizando Base Produccion → 'Por Facturar' (91 filas)...
2026-06-19 10:40:25,199  INFO    Limpiando hoja 'Por Facturar'...
2026-06-19 10:40:25,580  INFO    Escribiendo 91 filas en 'Por Facturar'...
2026-06-19 10:40:25,929  INFO    ✅ Hoja 'Por Facturar' actualizada.
2026-06-19 10:40:26,016  INFO  Actualizando Base Produccion → 'Control Inventario' (199 filas)...
2026-06-19 10:40:26,681  INFO    Limpiando hoja 'Control Inventario'...
2026-06-19 10:40:27,105  INFO    Escribiendo 199 filas en 'Control Inventario'...
2026-06-19 10:40:27,444  INFO    ✅ Hoja 'Control Inventario' actualizada.
2026-06-19 10:40:28,498  INFO  Actualizando Base Produccion → 'Notas de Venta' (823 filas)...
2026-06-19 10:40:29,247  INFO    Limpiando hoja 'Notas de Venta'...
2026-06-19 10:40:29,626  INFO    Escribiendo 823 filas en 'Notas de Venta'...
2026-06-19 10:40:30,213  INFO    ✅ Hoja 'Notas de Venta' actualizada.
2026-06-19 10:40:30,259  INFO  Actualizando Base Produccion → 'Vales de Salida' (72 filas)...
2026-06-19 10:40:30,820  INFO    Limpiando hoja 'Vales de Salida'...
2026-06-19 10:40:31,122  INFO    Escribiendo 72 filas en 'Vales de Salida'...
2026-06-19 10:40:31,398  INFO    ✅ Hoja 'Vales de Salida' actualizada.
2026-06-19 10:40:31,451  INFO  Actualizando Base Produccion → 'Stock' (126 filas)...
2026-06-19 10:40:32,050  INFO    Limpiando hoja 'Stock'...
2026-06-19 10:40:32,329  INFO    Escribiendo 126 filas en 'Stock'...
2026-06-19 10:40:32,625  INFO    ✅ Hoja 'Stock' actualizada.
2026-06-19 10:40:34,060  INFO  Actualizando Base Produccion → 'Ventas_Full' (2,018 filas)...
2026-06-19 10:40:34,594  INFO    Limpiando hoja 'Ventas_Full'...
2026-06-19 10:40:35,179  INFO    Escribiendo 2,018 filas en 'Ventas_Full'...
2026-06-19 10:40:36,955  INFO    ✅ Hoja 'Ventas_Full' actualizada.
2026-06-19 10:40:36,987  INFO  Actualizando Base Produccion → 'WIP' (40 filas)...
2026-06-19 10:40:37,593  INFO    Limpiando hoja 'WIP'...
2026-06-19 10:40:37,853  INFO    Escribiendo 40 filas en 'WIP'...
2026-06-19 10:40:38,560  INFO    ✅ Hoja 'WIP' actualizada.
2026-06-19 10:40:38,621  INFO  Actualizando Base Produccion → 'Stock Vendido' (166 filas)...
2026-06-19 10:40:39,133  INFO    Limpiando hoja 'Stock Vendido'...
2026-06-19 10:40:39,372  INFO    Escribiendo 166 filas en 'Stock Vendido'...
2026-06-19 10:40:39,684  INFO    ✅ Hoja 'Stock Vendido' actualizada.
2026-06-19 10:40:39,743  INFO  Actualizando Base Produccion → 'Consumos Acero' (171 filas)...
2026-06-19 10:40:40,262  INFO    Limpiando hoja 'Consumos Acero'...
2026-06-19 10:40:40,584  INFO    Escribiendo 171 filas en 'Consumos Acero'...
2026-06-19 10:40:40,868  INFO    ✅ Hoja 'Consumos Acero' actualizada.
2026-06-19 10:40:42,349  INFO  Actualizando Presupuestos → 'Ventas Full Manager' (2,018 filas)...
2026-06-19 10:40:43,319  INFO    Limpiando hoja 'Ventas Full Manager'...
2026-06-19 10:40:44,055  INFO    Escribiendo 2,018 filas en 'Ventas Full Manager'...
2026-06-19 10:40:46,207  INFO    ✅ Hoja 'Ventas Full Manager' actualizada.
2026-06-19 10:40:46,465  INFO  Actualizando Presupuestos → 'Notas de Venta' (823 filas)...
2026-06-19 10:40:47,219  INFO    Limpiando hoja 'Notas de Venta'...
2026-06-19 10:40:47,638  INFO    Escribiendo 823 filas en 'Notas de Venta'...
2026-06-19 10:40:48,886  INFO    ✅ Hoja 'Notas de Venta' actualizada.
2026-06-19 10:40:49,921  INFO  Actualizando Presupuestos → 'Cotizaciones' (3,641 filas)...
2026-06-19 10:40:50,553  INFO    Limpiando hoja 'Cotizaciones'...
2026-06-19 10:40:51,238  INFO    Escribiendo 3,641 filas en 'Cotizaciones'...
2026-06-19 10:40:52,402  INFO    ✅ Hoja 'Cotizaciones' actualizada.
2026-06-19 10:40:52,502  INFO  Actualizando Presupuestos → 'Calendario' (91 filas)...
2026-06-19 10:40:53,243  INFO    Limpiando hoja 'Calendario'...
2026-06-19 10:40:53,514  INFO    Escribiendo 91 filas en 'Calendario'...
2026-06-19 10:40:53,826  INFO    ✅ Hoja 'Calendario' actualizada.
2026-06-19 10:40:53,826  INFO  
2026-06-19 10:40:53,826  INFO  ✅ Todo actualizado:
2026-06-19 10:40:53,826  INFO     📁 Drive: Reportes_Completos_Actualizado.xlsx
2026-06-19 10:40:53,879  INFO     📊 Base Produccion: ['Orden de Produccion', 'Por Facturar', 'Control Inventario', 'Notas de Venta', 'Vales de Salida', 'Stock', 'Ventas_Full', 'WIP', 'Stock Vendido', 'Consumos Acero']
2026-06-19 10:40:53,880  INFO     📊 Presupuestos: Ventas Full Manager
2026-06-19 10:40:53,933  INFO  
2026-06-19 10:40:53,933  INFO  ╔═════════════════════════════════════════════════════╗
2026-06-19 10:40:53,934  INFO  ║  ✅ PIPELINE COMPLETADO en 323s                      ║
2026-06-19 10:40:53,935  INFO  ║  📊 Excel en Drive: VentasFull_Actualizado.xlsx      ║
2026-06-19 10:40:53,935  INFO  ╚═════════════════════════════════════════════════════╝
2026-06-19 10:57:06,179  INFO  ╔═════════════════════════════════════════════════════╗
2026-06-19 10:57:06,181  INFO  ║   PIPELINE VENTAS FULL — Inicio: 2026-06-19 10:57   ║
2026-06-19 10:57:06,181  INFO  ╚═════════════════════════════════════════════════════╝
2026-06-19 10:57:06,181  INFO  
2026-06-19 10:57:06,182  INFO  ━━━━━━━━━━━━━━━━━━━━━━━━━━━━━━━━━━━━━━━━━━━━━━━━━━━━━━━
2026-06-19 10:57:06,182  INFO    PASO 1/3 — Descargar backup desde Manager
2026-06-19 10:57:06,182  INFO  ━━━━━━━━━━━━━━━━━━━━━━━━━━━━━━━━━━━━━━━━━━━━━━━━━━━━━━━
2026-06-19 10:57:06,949  INFO  =======================================================
2026-06-19 10:57:06,950  INFO    Iniciando descarga automática de backup Manager
2026-06-19 10:57:06,950  INFO  =======================================================
2026-06-19 10:57:06,951  INFO  ====== WebDriver manager ======
2026-06-19 10:57:08,879  INFO  Get LATEST chromedriver version for google-chrome
2026-06-19 10:57:09,317  INFO  Get LATEST chromedriver version for google-chrome
2026-06-19 10:57:09,668  INFO  Driver [C:\Users\atorr\.wdm\drivers\chromedriver\win64\149.0.7827.155\chromedriver-win32/chromedriver.exe] found in cache
2026-06-19 10:57:11,809  INFO  Abriendo login: https://prodkernel.manager.cl/index.html
2026-06-19 10:57:13,774  INFO  Inputs visibles: 3
2026-06-19 10:57:14,071  INFO  Login enviado...
2026-06-19 10:57:18,083  INFO  ✅ Login exitoso. session_id: 87304af3...
2026-06-19 10:57:18,084  INFO  Navegando a: https://prodkernel.manager.cl/managerbackups.html?session_id=87304af30b6b32ed9f92617260a089ef&cd=prodkernel
2026-06-19 10:57:18,174  INFO  Recarga 1/10...
2026-06-19 10:57:22,253  INFO    filas .bak encontradas: 3
2026-06-19 10:57:22,253  INFO  ✅ Tabla cargada en recarga 1.
2026-06-19 10:57:22,290  INFO    Ignorando: 2026-6-19-T779354202A.bak
2026-06-19 10:57:22,317  INFO    Ignorando: 2026-6-19-T779354202B.bak
2026-06-19 10:57:22,359  INFO  Backup seleccionado: 2026-6-19-T779354202C.bak (2026-06-19 10:20:15+00:00)
2026-06-19 10:57:22,367  INFO  HTML fila completa: <td class="bucket">mng-respaldos-poliuretano</td><td class="Key">2026-6-19-T779354202C.bak</td><td class="LastModified">2026-06-19 10:20:15+00:00</td><td class="Size">0.18 GB</td><td class="presigned_url" style="display: none;">https://mng-respaldos-poliuretano.s3.amazonaws.com/2026-6-19-T779354202C.bak?AWSAccessKeyId=AKIAZPIFFWJDVFW267ZG&amp;Signature=2rb8BRfxyiN7M%2FFCb7A2M85FpaI%3D&amp;Expires=1781881338</td><td><i onclick="downloadbackup($(this).parent().parent())" class="fas fa-download"></
2026-06-19 10:57:24,572  INFO  Descargando 2026-6-19-T779354202C.bak desde S3...
2026-06-19 10:57:31,073  INFO    10 MB / 184 MB (6%)
2026-06-19 10:57:36,119  INFO    21 MB / 184 MB (11%)
2026-06-19 10:57:39,962  INFO    31 MB / 184 MB (17%)
2026-06-19 10:57:42,805  INFO    42 MB / 184 MB (23%)
2026-06-19 10:57:46,217  INFO    52 MB / 184 MB (29%)
2026-06-19 10:57:49,497  INFO    63 MB / 184 MB (34%)
2026-06-19 10:57:52,649  INFO    73 MB / 184 MB (40%)
2026-06-19 10:57:55,663  INFO    84 MB / 184 MB (46%)
2026-06-19 10:57:58,804  INFO    94 MB / 184 MB (51%)
2026-06-19 10:58:02,548  INFO    105 MB / 184 MB (57%)
2026-06-19 10:58:06,292  INFO    115 MB / 184 MB (63%)
2026-06-19 10:58:09,770  INFO    126 MB / 184 MB (68%)
2026-06-19 10:58:12,506  INFO    136 MB / 184 MB (74%)
2026-06-19 10:58:15,147  INFO    147 MB / 184 MB (80%)
2026-06-19 10:58:17,979  INFO    157 MB / 184 MB (86%)
2026-06-19 10:58:21,508  INFO    168 MB / 184 MB (91%)
2026-06-19 10:58:24,791  INFO    178 MB / 184 MB (97%)
2026-06-19 10:58:27,165  INFO  ✅ Descarga completa: 2026-6-19-T779354202C.bak (183.8 MB)
2026-06-19 10:58:27,171  INFO  Backup guardado en: C:\Backups\Manager\2026-6-19-T779354202C_2026-06-19_1781881107.bak
2026-06-19 10:58:27,171  INFO  ✅ Éxito — backup guardado en: C:\Backups\Manager\2026-6-19-T779354202C_2026-06-19_1781881107.bak
2026-06-19 10:58:31,269  WARNING  Retrying (Retry(total=2, connect=None, read=None, redirect=None, status=None)) after connection broken by 'NewConnectionError("HTTPConnection(host='localhost', port=52250): Failed to establish a new connection: [WinError 10061] No se puede establecer una conexión ya que el equipo de destino denegó expresamente dicha conexión")': /session/651f5576bdcb38dfa250ba2e9084dcbb
2026-06-19 10:58:35,387  WARNING  Retrying (Retry(total=1, connect=None, read=None, redirect=None, status=None)) after connection broken by 'NewConnectionError("HTTPConnection(host='localhost', port=52250): Failed to establish a new connection: [WinError 10061] No se puede establecer una conexión ya que el equipo de destino denegó expresamente dicha conexión")': /session/651f5576bdcb38dfa250ba2e9084dcbb
2026-06-19 10:58:39,474  WARNING  Retrying (Retry(total=0, connect=None, read=None, redirect=None, status=None)) after connection broken by 'NewConnectionError("HTTPConnection(host='localhost', port=52250): Failed to establish a new connection: [WinError 10061] No se puede establecer una conexión ya que el equipo de destino denegó expresamente dicha conexión")': /session/651f5576bdcb38dfa250ba2e9084dcbb
2026-06-19 10:58:43,587  INFO  
2026-06-19 10:58:43,587  INFO  ━━━━━━━━━━━━━━━━━━━━━━━━━━━━━━━━━━━━━━━━━━━━━━━━━━━━━━━
2026-06-19 10:58:43,587  INFO    PASO 2/3 — Restaurar BD y extraer Ventas Full
2026-06-19 10:58:43,588  INFO  ━━━━━━━━━━━━━━━━━━━━━━━━━━━━━━━━━━━━━━━━━━━━━━━━━━━━━━━
2026-06-19 10:58:47,874  INFO  ============================================================
2026-06-19 10:58:47,875  INFO    PASO 1 — Restaurar BD y extraer Múltiples Reportes
2026-06-19 10:58:47,875  INFO  ============================================================
2026-06-19 10:58:47,888  INFO  Usando .bak de ultimo_bak.txt: 2026-6-19-T779354202C_2026-06-19_1781881107.bak
2026-06-19 10:58:47,888  INFO  Usando backup: 2026-6-19-T779354202C_2026-06-19_1781881107.bak
2026-06-19 10:58:47,889  INFO  Restaurando 2026-6-19-T779354202C_2026-06-19_1781881107.bak como 'T779354202C'...
2026-06-19 10:58:47,889  INFO  Copiando .bak a C:\Program Files\Microsoft SQL Server\MSSQL17.SQLEXPRESS\MSSQL\DATA\2026-6-19-T779354202C_2026-06-19_1781881107.bak...
2026-06-19 10:58:51,452  INFO  Ejecutando RESTORE DATABASE...
2026-06-19 10:59:35,630  INFO  ✅ BD 'T779354202C' restaurada correctamente.
2026-06-19 10:59:35,631  INFO  Conectando a 'T779354202C' para extraer reportes...
2026-06-19 10:59:35,677  INFO  Ejecutando: Aceros...
2026-06-19 10:59:35,949  INFO    └─ 72 filas extraídas.
2026-06-19 10:59:35,949  INFO  Ejecutando: base_completo...
2026-06-19 10:59:37,668  INFO    └─ 9,373 filas extraídas.
2026-06-19 10:59:37,668  INFO  Ejecutando: calendario...
2026-06-19 10:59:37,879  INFO    └─ 91 filas extraídas.
2026-06-19 10:59:37,880  INFO  Ejecutando: Consumos_acero...
2026-06-19 10:59:38,001  INFO    └─ 171 filas extraídas.
2026-06-19 10:59:38,001  INFO  Ejecutando: Cotizaciones...
2026-06-19 10:59:38,099  INFO    └─ 3,641 filas extraídas.
2026-06-19 10:59:38,099  INFO  Ejecutando: Guias...
2026-06-19 10:59:38,477  INFO    └─ 9,535 filas extraídas.
2026-06-19 10:59:38,478  INFO  Ejecutando: Inventario_aceros...
2026-06-19 10:59:38,512  INFO    └─ 199 filas extraídas.
2026-06-19 10:59:38,512  INFO  Ejecutando: Notas_de_venta...
2026-06-19 10:59:38,562  INFO    └─ 823 filas extraídas.
2026-06-19 10:59:38,563  INFO  Ejecutando: Ordenes_de_Compra...
2026-06-19 10:59:38,698  INFO    └─ 287 filas extraídas.
2026-06-19 10:59:38,699  INFO  Ejecutando: Ordenes_de_produccion...
2026-06-19 10:59:38,928  INFO    └─ 3,350 filas extraídas.
2026-06-19 10:59:38,928  INFO  Ejecutando: Pendiente_a_facturar...
2026-06-19 10:59:38,946  ERROR    └─ Error ejecutando Pendiente_a_facturar: ('42000', '[42000] [Microsoft][ODBC Driver 17 for SQL Server][SQL Server]ORDER BY items must appear in the select list if SELECT DISTINCT is specified. (145) (SQLExecDirectW)')
2026-06-19 10:59:38,946  INFO  Ejecutando: Productos_Stock...
2026-06-19 10:59:38,975  INFO    └─ 126 filas extraídas.
2026-06-19 10:59:38,975  INFO  Ejecutando: Stock_vendido...
2026-06-19 10:59:39,038  INFO    └─ 166 filas extraídas.
2026-06-19 10:59:39,039  INFO  Ejecutando: Vales_de_Salida...
2026-06-19 10:59:39,054  ERROR    └─ Error ejecutando Vales_de_Salida: ('42000', '[42000] [Microsoft][ODBC Driver 17 for SQL Server][SQL Server]ORDER BY items must appear in the select list if SELECT DISTINCT is specified. (145) (SQLExecDirectW)')
2026-06-19 10:59:39,055  INFO  Ejecutando: Ventas_Full...
2026-06-19 10:59:39,553  INFO    └─ 2,018 filas extraídas.
2026-06-19 10:59:39,553  INFO  Ejecutando: WIP...
2026-06-19 10:59:39,605  INFO    └─ 40 filas extraídas.
2026-06-19 10:59:39,608  INFO  Exportando a Excel multipestaña: C:\Reportes\VentasFull\Reportes_Completos_2026-06-19.xlsx
2026-06-19 11:01:22,435  WARNING    └─ Stock_vendido: columnas duplicadas renombradas
2026-06-19 11:01:52,063  INFO  ✅ Excel generado: C:\Reportes\VentasFull\Reportes_Completos_2026-06-19.xlsx (3.4 MB)
2026-06-19 11:01:52,066  INFO  ✅ Proceso Completado → C:\Reportes\VentasFull\Reportes_Completos_2026-06-19.xlsx
2026-06-19 11:01:52,081  INFO  
2026-06-19 11:01:52,082  INFO  ━━━━━━━━━━━━━━━━━━━━━━━━━━━━━━━━━━━━━━━━━━━━━━━━━━━━━━━
2026-06-19 11:01:52,082  INFO    PASO 3/3 — Subir Excel a Google Drive
2026-06-19 11:01:52,082  INFO  ━━━━━━━━━━━━━━━━━━━━━━━━━━━━━━━━━━━━━━━━━━━━━━━━━━━━━━━
2026-06-19 11:01:56,464  INFO  =======================================================
2026-06-19 11:01:56,464  INFO    PASO 2 — Subir a Drive y actualizar Google Sheets
2026-06-19 11:01:56,465  INFO  =======================================================
2026-06-19 11:01:56,478  INFO  Procesando: Reportes_Completos_2026-06-19.xlsx (3.4 MB)
2026-06-19 11:01:56,571  INFO  file_cache is only supported with oauth2client<4.0.0
2026-06-19 11:01:56,603  INFO  file_cache is only supported with oauth2client<4.0.0
2026-06-19 11:01:58,067  INFO  Creando Excel nuevo en Drive...
2026-06-19 11:02:01,473  INFO  ✅ Excel subido a Drive: Reportes_Completos_Actualizado.xlsx
2026-06-19 11:02:01,474  INFO  Leyendo Excel para actualizar Google Sheets...
2026-06-19 11:02:01,503  INFO  Pestañas encontradas en Excel: ['Aceros', 'base_completo', 'calendario', 'Consumos_acero', 'Cotizaciones', 'Guias', 'Inventario_aceros', 'Notas_de_venta', 'Ordenes_de_Compra', 'Ordenes_de_produccion', 'Productos_Stock', 'Stock_vendido', 'Ventas_Full', 'WIP']
2026-06-19 11:02:02,874  INFO  Actualizando Base Produccion → 'Orden de Produccion' (3,350 filas)...
2026-06-19 11:02:04,169  INFO    Limpiando hoja 'Orden de Produccion'...
2026-06-19 11:02:05,077  INFO    Escribiendo 3,350 filas en 'Orden de Produccion'...
2026-06-19 11:02:07,607  INFO    ✅ Hoja 'Orden de Produccion' actualizada.
2026-06-19 11:02:07,683  INFO  Actualizando Base Produccion → 'Por Facturar' (91 filas)...
2026-06-19 11:02:08,373  INFO    Limpiando hoja 'Por Facturar'...
2026-06-19 11:02:08,694  INFO    Escribiendo 91 filas en 'Por Facturar'...
2026-06-19 11:02:09,010  INFO    ✅ Hoja 'Por Facturar' actualizada.
2026-06-19 11:02:09,091  INFO  Actualizando Base Produccion → 'Control Inventario' (199 filas)...
2026-06-19 11:02:09,586  INFO    Limpiando hoja 'Control Inventario'...
2026-06-19 11:02:09,908  INFO    Escribiendo 199 filas en 'Control Inventario'...
2026-06-19 11:02:10,295  INFO    ✅ Hoja 'Control Inventario' actualizada.
2026-06-19 11:02:10,546  INFO  Actualizando Base Produccion → 'Notas de Venta' (823 filas)...
2026-06-19 11:02:11,027  INFO    Limpiando hoja 'Notas de Venta'...
2026-06-19 11:02:11,343  INFO    Escribiendo 823 filas en 'Notas de Venta'...
2026-06-19 11:02:12,485  INFO    ✅ Hoja 'Notas de Venta' actualizada.
2026-06-19 11:02:12,528  INFO  Actualizando Base Produccion → 'Vales de Salida' (72 filas)...
2026-06-19 11:02:13,042  INFO    Limpiando hoja 'Vales de Salida'...
2026-06-19 11:02:13,479  INFO    Escribiendo 72 filas en 'Vales de Salida'...
2026-06-19 11:02:13,724  INFO    ✅ Hoja 'Vales de Salida' actualizada.
2026-06-19 11:02:13,755  INFO  Actualizando Base Produccion → 'Stock' (126 filas)...
2026-06-19 11:02:14,253  INFO    Limpiando hoja 'Stock'...
2026-06-19 11:02:14,508  INFO    Escribiendo 126 filas en 'Stock'...
2026-06-19 11:02:14,794  INFO    ✅ Hoja 'Stock' actualizada.
2026-06-19 11:02:16,083  INFO  Actualizando Base Produccion → 'Ventas_Full' (2,018 filas)...
2026-06-19 11:02:16,590  INFO    Limpiando hoja 'Ventas_Full'...
2026-06-19 11:02:17,190  INFO    Escribiendo 2,018 filas en 'Ventas_Full'...
2026-06-19 11:02:18,977  INFO    ✅ Hoja 'Ventas_Full' actualizada.
2026-06-19 11:02:19,020  INFO  Actualizando Base Produccion → 'WIP' (40 filas)...
2026-06-19 11:02:19,545  INFO    Limpiando hoja 'WIP'...
2026-06-19 11:02:19,790  INFO    Escribiendo 40 filas en 'WIP'...
2026-06-19 11:02:20,043  INFO    ✅ Hoja 'WIP' actualizada.
2026-06-19 11:02:20,123  INFO  Actualizando Base Produccion → 'Stock Vendido' (166 filas)...
2026-06-19 11:02:20,621  INFO    Limpiando hoja 'Stock Vendido'...
2026-06-19 11:02:20,872  INFO    Escribiendo 166 filas en 'Stock Vendido'...
2026-06-19 11:02:21,116  INFO    ✅ Hoja 'Stock Vendido' actualizada.
2026-06-19 11:02:21,170  INFO  Actualizando Base Produccion → 'Consumos Acero' (171 filas)...
2026-06-19 11:02:21,753  INFO    Limpiando hoja 'Consumos Acero'...
2026-06-19 11:02:22,005  INFO    Escribiendo 171 filas en 'Consumos Acero'...
2026-06-19 11:02:22,332  INFO    ✅ Hoja 'Consumos Acero' actualizada.
2026-06-19 11:02:24,605  INFO  Actualizando Base Produccion → 'Guias' (9,535 filas)...
2026-06-19 11:02:25,110  INFO    Limpiando hoja 'Guias'...
2026-06-19 11:02:25,949  INFO    Escribiendo 9,535 filas en 'Guias'...
2026-06-19 11:02:28,750  INFO    ✅ Hoja 'Guias' actualizada.
2026-06-19 11:02:30,510  INFO  Actualizando Presupuestos → 'Ventas Full Manager' (2,018 filas)...
2026-06-19 11:02:31,461  INFO    Limpiando hoja 'Ventas Full Manager'...
2026-06-19 11:02:32,178  INFO    Escribiendo 2,018 filas en 'Ventas Full Manager'...
2026-06-19 11:02:35,781  INFO    ✅ Hoja 'Ventas Full Manager' actualizada.
2026-06-19 11:02:36,173  INFO  Actualizando Presupuestos → 'Notas de Venta' (823 filas)...
2026-06-19 11:02:36,948  INFO    Limpiando hoja 'Notas de Venta'...
2026-06-19 11:02:37,349  INFO    Escribiendo 823 filas en 'Notas de Venta'...
2026-06-19 11:02:37,820  INFO    ✅ Hoja 'Notas de Venta' actualizada.
2026-06-19 11:02:38,449  INFO  Actualizando Presupuestos → 'Cotizaciones' (3,641 filas)...
2026-06-19 11:02:39,152  INFO    Limpiando hoja 'Cotizaciones'...
2026-06-19 11:02:39,719  INFO    Escribiendo 3,641 filas en 'Cotizaciones'...
2026-06-19 11:02:40,756  INFO    ✅ Hoja 'Cotizaciones' actualizada.
2026-06-19 11:02:40,807  INFO  Actualizando Presupuestos → 'Calendario' (91 filas)...
2026-06-19 11:02:41,401  INFO    Limpiando hoja 'Calendario'...
2026-06-19 11:02:41,679  INFO    Escribiendo 91 filas en 'Calendario'...
2026-06-19 11:02:41,997  INFO    ✅ Hoja 'Calendario' actualizada.
2026-06-19 11:02:41,998  INFO  
2026-06-19 11:02:41,998  INFO  ✅ Todo actualizado:
2026-06-19 11:02:41,998  INFO     📁 Drive: Reportes_Completos_Actualizado.xlsx
2026-06-19 11:02:41,999  INFO     📊 Base Produccion: ['Orden de Produccion', 'Por Facturar', 'Control Inventario', 'Notas de Venta', 'Vales de Salida', 'Stock', 'Ventas_Full', 'WIP', 'Stock Vendido', 'Consumos Acero', 'Guias']
2026-06-19 11:02:41,999  INFO     📊 Presupuestos: Ventas Full Manager
2026-06-19 11:02:42,002  INFO  
2026-06-19 11:02:42,002  INFO  ╔═════════════════════════════════════════════════════╗
2026-06-19 11:02:42,002  INFO  ║  ✅ PIPELINE COMPLETADO en 335s                      ║
2026-06-19 11:02:42,003  INFO  ║  📊 Excel en Drive: VentasFull_Actualizado.xlsx      ║
2026-06-19 11:02:42,003  INFO  ╚═════════════════════════════════════════════════════╝
2026-06-22 07:45:14,008  INFO  ╔═════════════════════════════════════════════════════╗
2026-06-22 07:45:14,021  INFO  ║   PIPELINE VENTAS FULL — Inicio: 2026-06-22 07:45   ║
2026-06-22 07:45:14,027  INFO  ╚═════════════════════════════════════════════════════╝
2026-06-22 07:45:14,030  INFO  
2026-06-22 07:45:14,031  INFO  ━━━━━━━━━━━━━━━━━━━━━━━━━━━━━━━━━━━━━━━━━━━━━━━━━━━━━━━
2026-06-22 07:45:14,140  INFO    PASO 1/3 — Descargar backup desde Manager
2026-06-22 07:45:14,190  INFO  ━━━━━━━━━━━━━━━━━━━━━━━━━━━━━━━━━━━━━━━━━━━━━━━━━━━━━━━
2026-06-22 07:45:17,745  INFO  =======================================================
2026-06-22 07:45:17,749  INFO    Iniciando descarga automática de backup Manager
2026-06-22 07:45:17,760  INFO  =======================================================
2026-06-22 07:45:17,779  INFO  ====== WebDriver manager ======
2026-06-22 07:45:22,795  INFO  Get LATEST chromedriver version for google-chrome
2026-06-22 07:45:24,297  INFO  Get LATEST chromedriver version for google-chrome
2026-06-22 07:45:25,474  INFO  Get LATEST chromedriver version for google-chrome
2026-06-22 07:45:27,495  INFO  WebDriver version 149.0.7827.155 selected
2026-06-22 07:45:27,544  INFO  Modern chrome version https://storage.googleapis.com/chrome-for-testing-public/149.0.7827.155/win32/chromedriver-win32.zip
2026-06-22 07:45:27,563  INFO  About to download new driver from https://storage.googleapis.com/chrome-for-testing-public/149.0.7827.155/win32/chromedriver-win32.zip
2026-06-22 07:45:28,494  INFO  Driver downloading response is 200
2026-06-22 07:45:29,357  INFO  Get LATEST chromedriver version for google-chrome
2026-06-22 07:45:30,610  INFO  Driver has been saved in cache [C:\Users\atorr\.wdm\drivers\chromedriver\win64\149.0.7827.155]
2026-06-22 07:45:34,482  INFO  Abriendo login: https://prodkernel.manager.cl/index.html
2026-06-22 07:45:37,179  INFO  Inputs visibles: 3
2026-06-22 07:45:38,932  INFO  Login enviado...
2026-06-22 07:45:43,078  INFO  ✅ Login exitoso. session_id: 687aada7...
2026-06-22 07:45:43,078  INFO  Navegando a: https://prodkernel.manager.cl/managerbackups.html?session_id=687aada7c6aca2c5cf1d1dee45664835&cd=prodkernel
2026-06-22 07:45:44,449  INFO  Recarga 1/10...
2026-06-22 07:45:49,498  INFO    filas .bak encontradas: 3
2026-06-22 07:45:49,506  INFO  ✅ Tabla cargada en recarga 1.
2026-06-22 07:45:49,741  INFO    Ignorando: 2026-6-22-T779354202A.bak
2026-06-22 07:45:49,949  INFO    Ignorando: 2026-6-22-T779354202B.bak
2026-06-22 07:45:50,112  INFO  Backup seleccionado: 2026-6-22-T779354202C.bak (2026-06-22 10:18:59+00:00)
2026-06-22 07:45:50,160  INFO  HTML fila completa: <td class="bucket">mng-respaldos-poliuretano</td><td class="Key">2026-6-22-T779354202C.bak</td><td class="LastModified">2026-06-22 10:18:59+00:00</td><td class="Size">0.18 GB</td><td class="presigned_url" style="display: none;">https://mng-respaldos-poliuretano.s3.amazonaws.com/2026-6-22-T779354202C.bak?AWSAccessKeyId=AKIAZPIFFWJDVFW267ZG&amp;Signature=dqvJscUBLFwnC%2F4u%2FMoVBdDMn7A%3D&amp;Expires=1782129041</td><td><i onclick="downloadbackup($(this).parent().parent())" class="fas fa-download">
2026-06-22 07:45:55,499  INFO  Descargando 2026-6-22-T779354202C.bak desde S3...
2026-06-22 07:46:02,658  INFO    10 MB / 184 MB (6%)
2026-06-22 07:46:08,162  INFO    21 MB / 184 MB (11%)
2026-06-22 07:46:14,506  INFO    31 MB / 184 MB (17%)
2026-06-22 07:46:20,519  INFO    42 MB / 184 MB (23%)
2026-06-22 07:46:25,827  INFO    52 MB / 184 MB (29%)
2026-06-22 07:46:30,738  INFO    63 MB / 184 MB (34%)
2026-06-22 07:46:35,162  INFO    73 MB / 184 MB (40%)
2026-06-22 07:46:38,796  INFO    84 MB / 184 MB (46%)
2026-06-22 07:46:41,311  INFO    94 MB / 184 MB (51%)
2026-06-22 07:46:43,750  INFO    105 MB / 184 MB (57%)
2026-06-22 07:46:45,853  INFO    115 MB / 184 MB (63%)
2026-06-22 07:46:48,504  INFO    126 MB / 184 MB (68%)
2026-06-22 07:46:50,956  INFO    136 MB / 184 MB (74%)
2026-06-22 07:46:53,841  INFO    147 MB / 184 MB (80%)
2026-06-22 07:46:56,583  INFO    157 MB / 184 MB (86%)
2026-06-22 07:47:00,269  INFO    168 MB / 184 MB (91%)
2026-06-22 07:47:03,914  INFO    178 MB / 184 MB (97%)
2026-06-22 07:47:06,213  INFO  ✅ Descarga completa: 2026-6-22-T779354202C.bak (183.9 MB)
2026-06-22 07:47:06,224  INFO  Backup guardado en: C:\Backups\Manager\2026-6-22-T779354202C_2026-06-22.bak
2026-06-22 07:47:06,224  INFO  ✅ Éxito — backup guardado en: C:\Backups\Manager\2026-6-22-T779354202C_2026-06-22.bak
2026-06-22 07:47:10,272  WARNING  Retrying (Retry(total=2, connect=None, read=None, redirect=None, status=None)) after connection broken by 'NewConnectionError("HTTPConnection(host='localhost', port=55578): Failed to establish a new connection: [WinError 10061] No se puede establecer una conexión ya que el equipo de destino denegó expresamente dicha conexión")': /session/9f4d3453c1bc47940a8d3b1b67f49996
2026-06-22 07:47:14,327  WARNING  Retrying (Retry(total=1, connect=None, read=None, redirect=None, status=None)) after connection broken by 'NewConnectionError("HTTPConnection(host='localhost', port=55578): Failed to establish a new connection: [WinError 10061] No se puede establecer una conexión ya que el equipo de destino denegó expresamente dicha conexión")': /session/9f4d3453c1bc47940a8d3b1b67f49996
2026-06-22 07:47:18,407  WARNING  Retrying (Retry(total=0, connect=None, read=None, redirect=None, status=None)) after connection broken by 'NewConnectionError("HTTPConnection(host='localhost', port=55578): Failed to establish a new connection: [WinError 10061] No se puede establecer una conexión ya que el equipo de destino denegó expresamente dicha conexión")': /session/9f4d3453c1bc47940a8d3b1b67f49996
2026-06-22 07:47:22,471  INFO  
2026-06-22 07:47:22,472  INFO  ━━━━━━━━━━━━━━━━━━━━━━━━━━━━━━━━━━━━━━━━━━━━━━━━━━━━━━━
2026-06-22 07:47:22,472  INFO    PASO 2/3 — Restaurar BD y extraer Ventas Full
2026-06-22 07:47:22,472  INFO  ━━━━━━━━━━━━━━━━━━━━━━━━━━━━━━━━━━━━━━━━━━━━━━━━━━━━━━━
2026-06-22 07:47:29,221  INFO  ============================================================
2026-06-22 07:47:29,221  INFO    PASO 1 — Restaurar BD y extraer Múltiples Reportes
2026-06-22 07:47:29,221  INFO  ============================================================
2026-06-22 07:47:29,236  INFO  Usando .bak de ultimo_bak.txt: 2026-6-22-T779354202C_2026-06-22.bak
2026-06-22 07:47:29,236  INFO  Usando backup: 2026-6-22-T779354202C_2026-06-22.bak
2026-06-22 07:47:29,237  INFO  Restaurando 2026-6-22-T779354202C_2026-06-22.bak como 'T779354202C'...
2026-06-22 07:47:29,238  INFO  Copiando .bak a C:\Program Files\Microsoft SQL Server\MSSQL17.SQLEXPRESS\MSSQL\DATA\2026-6-22-T779354202C_2026-06-22.bak...
2026-06-22 07:47:32,194  INFO  Ejecutando RESTORE DATABASE...
2026-06-22 07:48:23,301  INFO  ✅ BD 'T779354202C' restaurada correctamente.
2026-06-22 07:48:23,303  INFO  Conectando a 'T779354202C' para extraer reportes...
2026-06-22 07:48:23,401  INFO  Ejecutando: Aceros...
2026-06-22 07:48:23,763  INFO    └─ 72 filas extraídas.
2026-06-22 07:48:23,764  INFO  Ejecutando: base_completo...
2026-06-22 07:48:25,947  INFO    └─ 9,382 filas extraídas.
2026-06-22 07:48:25,947  INFO  Ejecutando: calendario...
2026-06-22 07:48:26,175  INFO    └─ 85 filas extraídas.
2026-06-22 07:48:26,175  INFO  Ejecutando: Consumos_acero...
2026-06-22 07:48:26,314  INFO    └─ 169 filas extraídas.
2026-06-22 07:48:26,314  INFO  Ejecutando: Cotizaciones...
2026-06-22 07:48:26,420  INFO    └─ 3,671 filas extraídas.
2026-06-22 07:48:26,421  INFO  Ejecutando: Guias...
2026-06-22 07:48:26,871  INFO    └─ 9,611 filas extraídas.
2026-06-22 07:48:26,872  INFO  Ejecutando: Inventario_aceros...
2026-06-22 07:48:26,926  INFO    └─ 194 filas extraídas.
2026-06-22 07:48:26,928  INFO  Ejecutando: Notas_de_venta...
2026-06-22 07:48:27,006  INFO    └─ 826 filas extraídas.
2026-06-22 07:48:27,007  INFO  Ejecutando: Ordenes_de_Compra...
2026-06-22 07:48:27,198  INFO    └─ 287 filas extraídas.
2026-06-22 07:48:27,198  INFO  Ejecutando: Ordenes_de_produccion...
2026-06-22 07:48:27,536  INFO    └─ 3,369 filas extraídas.
2026-06-22 07:48:27,537  INFO  Ejecutando: Pendiente_a_facturar...
2026-06-22 07:48:27,548  ERROR    └─ Error ejecutando Pendiente_a_facturar: ('42000', '[42000] [Microsoft][ODBC Driver 17 for SQL Server][SQL Server]ORDER BY items must appear in the select list if SELECT DISTINCT is specified. (145) (SQLExecDirectW)')
2026-06-22 07:48:27,549  INFO  Ejecutando: Productos_Stock...
2026-06-22 07:48:27,580  INFO    └─ 126 filas extraídas.
2026-06-22 07:48:27,581  INFO  Ejecutando: Stock_vendido...
2026-06-22 07:48:27,666  INFO    └─ 167 filas extraídas.
2026-06-22 07:48:27,666  INFO  Ejecutando: Vales_de_Salida...
2026-06-22 07:48:27,692  ERROR    └─ Error ejecutando Vales_de_Salida: ('42000', '[42000] [Microsoft][ODBC Driver 17 for SQL Server][SQL Server]ORDER BY items must appear in the select list if SELECT DISTINCT is specified. (145) (SQLExecDirectW)')
2026-06-22 07:48:27,693  INFO  Ejecutando: Ventas_Full...
2026-06-22 07:48:28,429  INFO    └─ 2,044 filas extraídas.
2026-06-22 07:48:28,429  INFO  Ejecutando: WIP...
2026-06-22 07:48:28,485  INFO    └─ 37 filas extraídas.
2026-06-22 07:48:28,488  INFO  Exportando a Excel multipestaña: C:\Reportes\VentasFull\Reportes_Completos_2026-06-22.xlsx
2026-06-22 07:50:28,087  WARNING    └─ Stock_vendido: columnas duplicadas renombradas
2026-06-22 07:51:03,855  INFO  ✅ Excel generado: C:\Reportes\VentasFull\Reportes_Completos_2026-06-22.xlsx (3.4 MB)
2026-06-22 07:51:03,857  INFO  ✅ Proceso Completado → C:\Reportes\VentasFull\Reportes_Completos_2026-06-22.xlsx
2026-06-22 07:51:03,877  INFO  
2026-06-22 07:51:03,878  INFO  ━━━━━━━━━━━━━━━━━━━━━━━━━━━━━━━━━━━━━━━━━━━━━━━━━━━━━━━
2026-06-22 07:51:03,878  INFO    PASO 3/3 — Subir Excel a Google Drive
2026-06-22 07:51:03,879  INFO  ━━━━━━━━━━━━━━━━━━━━━━━━━━━━━━━━━━━━━━━━━━━━━━━━━━━━━━━
2026-06-22 07:51:08,392  INFO  =======================================================
2026-06-22 07:51:08,393  INFO    PASO 2 — Subir a Drive y actualizar Google Sheets
2026-06-22 07:51:08,393  INFO  =======================================================
2026-06-22 07:51:08,408  INFO  Procesando: Reportes_Completos_2026-06-22.xlsx (3.4 MB)
2026-06-22 07:51:08,518  INFO  file_cache is only supported with oauth2client<4.0.0
2026-06-22 07:51:08,540  INFO  file_cache is only supported with oauth2client<4.0.0
2026-06-22 07:51:10,277  INFO  Creando Excel nuevo en Drive...
2026-06-22 07:51:12,613  INFO  ✅ Excel subido a Drive: Reportes_Completos_Actualizado.xlsx
2026-06-22 07:51:12,614  INFO  Leyendo Excel para actualizar Google Sheets...
2026-06-22 07:51:12,648  INFO  Pestañas encontradas en Excel: ['Aceros', 'base_completo', 'calendario', 'Consumos_acero', 'Cotizaciones', 'Guias', 'Inventario_aceros', 'Notas_de_venta', 'Ordenes_de_Compra', 'Ordenes_de_produccion', 'Productos_Stock', 'Stock_vendido', 'Ventas_Full', 'WIP']
2026-06-22 07:51:14,516  INFO  Actualizando Base Produccion → 'Orden de Produccion' (3,369 filas)...
2026-06-22 07:51:15,788  INFO    Limpiando hoja 'Orden de Produccion'...
2026-06-22 07:51:16,941  INFO    Escribiendo 3,369 filas en 'Orden de Produccion'...
2026-06-22 07:51:19,171  INFO    ✅ Hoja 'Orden de Produccion' actualizada.
2026-06-22 07:51:19,248  INFO  Actualizando Base Produccion → 'Por Facturar' (85 filas)...
2026-06-22 07:51:19,808  INFO    Limpiando hoja 'Por Facturar'...
2026-06-22 07:51:20,118  INFO    Escribiendo 85 filas en 'Por Facturar'...
2026-06-22 07:51:20,370  INFO    ✅ Hoja 'Por Facturar' actualizada.
2026-06-22 07:51:20,490  INFO  Actualizando Base Produccion → 'Control Inventario' (194 filas)...
2026-06-22 07:51:21,687  INFO    Limpiando hoja 'Control Inventario'...
2026-06-22 07:51:22,748  INFO    Escribiendo 194 filas en 'Control Inventario'...
2026-06-22 07:51:23,946  INFO    ✅ Hoja 'Control Inventario' actualizada.
2026-06-22 07:51:24,280  INFO  Actualizando Base Produccion → 'Notas de Venta' (826 filas)...
2026-06-22 07:51:25,188  INFO    Limpiando hoja 'Notas de Venta'...
2026-06-22 07:51:25,520  INFO    Escribiendo 826 filas en 'Notas de Venta'...
2026-06-22 07:51:26,066  INFO    ✅ Hoja 'Notas de Venta' actualizada.
2026-06-22 07:51:26,120  INFO  Actualizando Base Produccion → 'Vales de Salida' (72 filas)...
2026-06-22 07:51:26,622  INFO    Limpiando hoja 'Vales de Salida'...
2026-06-22 07:51:26,864  INFO    Escribiendo 72 filas en 'Vales de Salida'...
2026-06-22 07:51:27,100  INFO    ✅ Hoja 'Vales de Salida' actualizada.
2026-06-22 07:51:27,155  INFO  Actualizando Base Produccion → 'Stock' (126 filas)...
2026-06-22 07:51:27,662  INFO    Limpiando hoja 'Stock'...
2026-06-22 07:51:27,929  INFO    Escribiendo 126 filas en 'Stock'...
2026-06-22 07:51:28,185  INFO    ✅ Hoja 'Stock' actualizada.
2026-06-22 07:51:30,105  INFO  Actualizando Base Produccion → 'Ventas_Full' (2,044 filas)...
2026-06-22 07:51:30,616  INFO    Limpiando hoja 'Ventas_Full'...
2026-06-22 07:51:31,298  INFO    Escribiendo 2,044 filas en 'Ventas_Full'...
2026-06-22 07:51:32,720  INFO    ✅ Hoja 'Ventas_Full' actualizada.
2026-06-22 07:51:32,773  INFO  Actualizando Base Produccion → 'WIP' (37 filas)...
2026-06-22 07:51:33,299  INFO    Limpiando hoja 'WIP'...
2026-06-22 07:51:33,534  INFO    Escribiendo 37 filas en 'WIP'...
2026-06-22 07:51:33,802  INFO    ✅ Hoja 'WIP' actualizada.
2026-06-22 07:51:33,879  INFO  Actualizando Base Produccion → 'Stock Vendido' (167 filas)...
2026-06-22 07:51:34,428  INFO    Limpiando hoja 'Stock Vendido'...
2026-06-22 07:51:34,710  INFO    Escribiendo 167 filas en 'Stock Vendido'...
2026-06-22 07:51:34,961  INFO    ✅ Hoja 'Stock Vendido' actualizada.
2026-06-22 07:51:35,034  INFO  Actualizando Base Produccion → 'Consumos Acero' (169 filas)...
2026-06-22 07:51:35,511  INFO    Limpiando hoja 'Consumos Acero'...
2026-06-22 07:51:35,755  INFO    Escribiendo 169 filas en 'Consumos Acero'...
2026-06-22 07:51:36,029  INFO    ✅ Hoja 'Consumos Acero' actualizada.
2026-06-22 07:51:39,187  INFO  Actualizando Base Produccion → 'Guias' (9,611 filas)...
2026-06-22 07:51:39,787  INFO    Limpiando hoja 'Guias'...
2026-06-22 07:51:40,837  INFO    Escribiendo 9,611 filas en 'Guias'...
2026-06-22 07:51:43,613  INFO    ✅ Hoja 'Guias' actualizada.
2026-06-22 07:51:45,647  INFO  Actualizando Presupuestos → 'Ventas Full Manager' (2,044 filas)...
2026-06-22 07:51:46,540  INFO    Limpiando hoja 'Ventas Full Manager'...
2026-06-22 07:51:47,300  INFO    Escribiendo 2,044 filas en 'Ventas Full Manager'...
2026-06-22 07:51:50,534  INFO    ✅ Hoja 'Ventas Full Manager' actualizada.
2026-06-22 07:51:51,045  INFO  Actualizando Presupuestos → 'Notas de Venta' (826 filas)...
2026-06-22 07:51:51,821  INFO    Limpiando hoja 'Notas de Venta'...
2026-06-22 07:51:52,235  INFO    Escribiendo 826 filas en 'Notas de Venta'...
2026-06-22 07:51:52,812  INFO    ✅ Hoja 'Notas de Venta' actualizada.
2026-06-22 07:51:53,640  INFO  Actualizando Presupuestos → 'Cotizaciones' (3,671 filas)...
2026-06-22 07:51:55,360  INFO    Limpiando hoja 'Cotizaciones'...
2026-06-22 07:51:55,975  INFO    Escribiendo 3,671 filas en 'Cotizaciones'...
2026-06-22 07:51:56,946  INFO    ✅ Hoja 'Cotizaciones' actualizada.
2026-06-22 07:51:57,012  INFO  Actualizando Presupuestos → 'Calendario' (85 filas)...
2026-06-22 07:51:57,570  INFO    Limpiando hoja 'Calendario'...
2026-06-22 07:51:57,858  INFO    Escribiendo 85 filas en 'Calendario'...
2026-06-22 07:51:58,139  INFO    ✅ Hoja 'Calendario' actualizada.
2026-06-22 07:51:58,139  INFO  
2026-06-22 07:51:58,140  INFO  ✅ Todo actualizado:
2026-06-22 07:51:58,140  INFO     📁 Drive: Reportes_Completos_Actualizado.xlsx
2026-06-22 07:51:58,140  INFO     📊 Base Produccion: ['Orden de Produccion', 'Por Facturar', 'Control Inventario', 'Notas de Venta', 'Vales de Salida', 'Stock', 'Ventas_Full', 'WIP', 'Stock Vendido', 'Consumos Acero', 'Guias']
2026-06-22 07:51:58,140  INFO     📊 Presupuestos: Ventas Full Manager
2026-06-22 07:51:58,143  INFO  
2026-06-22 07:51:58,143  INFO  ╔═════════════════════════════════════════════════════╗
2026-06-22 07:51:58,144  INFO  ║  ✅ PIPELINE COMPLETADO en 404s                      ║
2026-06-22 07:51:58,145  INFO  ║  📊 Excel en Drive: VentasFull_Actualizado.xlsx      ║
2026-06-22 07:51:58,145  INFO  ╚═════════════════════════════════════════════════════╝
2026-06-23 07:38:39,894  INFO  ╔═════════════════════════════════════════════════════╗
2026-06-23 07:38:39,895  INFO  ║   PIPELINE VENTAS FULL — Inicio: 2026-06-23 07:38   ║
2026-06-23 07:38:39,895  INFO  ╚═════════════════════════════════════════════════════╝
2026-06-23 07:38:39,895  INFO  
2026-06-23 07:38:39,895  INFO  ━━━━━━━━━━━━━━━━━━━━━━━━━━━━━━━━━━━━━━━━━━━━━━━━━━━━━━━
2026-06-23 07:38:39,895  INFO    PASO 1/3 — Descargar backup desde Manager
2026-06-23 07:38:39,896  INFO  ━━━━━━━━━━━━━━━━━━━━━━━━━━━━━━━━━━━━━━━━━━━━━━━━━━━━━━━
2026-06-23 07:38:41,386  INFO  =======================================================
2026-06-23 07:38:41,386  INFO    Iniciando descarga automática de backup Manager
2026-06-23 07:38:41,386  INFO  =======================================================
2026-06-23 07:38:41,389  INFO  ====== WebDriver manager ======
2026-06-23 07:38:44,220  INFO  Get LATEST chromedriver version for google-chrome
2026-06-23 07:38:44,903  INFO  Get LATEST chromedriver version for google-chrome
2026-06-23 07:38:45,269  INFO  Get LATEST chromedriver version for google-chrome
2026-06-23 07:38:46,069  INFO  WebDriver version 149.0.7827.155 selected
2026-06-23 07:38:46,080  INFO  Modern chrome version https://storage.googleapis.com/chrome-for-testing-public/149.0.7827.155/win32/chromedriver-win32.zip
2026-06-23 07:38:46,081  INFO  About to download new driver from https://storage.googleapis.com/chrome-for-testing-public/149.0.7827.155/win32/chromedriver-win32.zip
2026-06-23 07:38:46,399  INFO  Driver downloading response is 200
2026-06-23 07:38:47,293  INFO  Get LATEST chromedriver version for google-chrome
2026-06-23 07:38:47,729  INFO  Driver has been saved in cache [C:\Users\atorr\.wdm\drivers\chromedriver\win64\149.0.7827.155]
2026-06-23 07:38:50,112  INFO  Abriendo login: https://prodkernel.manager.cl/index.html
2026-06-23 07:38:52,066  INFO  Inputs visibles: 3
2026-06-23 07:38:52,388  INFO  Login enviado...
2026-06-23 07:38:56,462  INFO  ✅ Login exitoso. session_id: 1aff0e7c...
2026-06-23 07:38:56,464  INFO  Navegando a: https://prodkernel.manager.cl/managerbackups.html?session_id=1aff0e7c6ffb7c25bf644dd8b8cb5bbd&cd=prodkernel
2026-06-23 07:38:56,973  INFO  Recarga 1/10...
2026-06-23 07:39:01,249  INFO    filas .bak encontradas: 3
2026-06-23 07:39:01,249  INFO  ✅ Tabla cargada en recarga 1.
2026-06-23 07:39:01,333  INFO    Ignorando: 2026-6-23-T779354202A.bak
2026-06-23 07:39:01,376  INFO    Ignorando: 2026-6-23-T779354202B.bak
2026-06-23 07:39:01,411  INFO  Backup seleccionado: 2026-6-23-T779354202C.bak (2026-06-23 10:19:32+00:00)
2026-06-23 07:39:01,423  INFO  HTML fila completa: <td class="bucket">mng-respaldos-poliuretano</td><td class="Key">2026-6-23-T779354202C.bak</td><td class="LastModified">2026-06-23 10:19:32+00:00</td><td class="Size">0.18 GB</td><td class="presigned_url" style="display: none;">https://mng-respaldos-poliuretano.s3.amazonaws.com/2026-6-23-T779354202C.bak?AWSAccessKeyId=AKIAZPIFFWJDVFW267ZG&amp;Signature=4F8m5HZplgXL5nf91BtUl4wlVEk%3D&amp;Expires=1782215032</td><td><i onclick="downloadbackup($(this).parent().parent())" class="fas fa-download"></i>
2026-06-23 07:39:03,814  INFO  Descargando 2026-6-23-T779354202C.bak desde S3...
2026-06-23 07:39:11,177  INFO    10 MB / 185 MB (6%)
2026-06-23 07:39:16,381  INFO    21 MB / 185 MB (11%)
2026-06-23 07:39:19,355  INFO    31 MB / 185 MB (17%)
2026-06-23 07:39:21,494  INFO    42 MB / 185 MB (23%)
2026-06-23 07:39:23,535  INFO    52 MB / 185 MB (28%)
2026-06-23 07:39:25,934  INFO    63 MB / 185 MB (34%)
2026-06-23 07:39:28,446  INFO    73 MB / 185 MB (40%)
2026-06-23 07:39:33,020  INFO    84 MB / 185 MB (45%)
2026-06-23 07:39:44,190  INFO    94 MB / 185 MB (51%)
2026-06-23 07:39:48,234  INFO    105 MB / 185 MB (57%)
2026-06-23 07:39:50,401  INFO    115 MB / 185 MB (62%)
2026-06-23 07:39:52,501  INFO    126 MB / 185 MB (68%)
2026-06-23 07:39:56,535  INFO    136 MB / 185 MB (74%)
2026-06-23 07:40:05,806  INFO    147 MB / 185 MB (79%)
2026-06-23 07:40:10,953  INFO    157 MB / 185 MB (85%)
2026-06-23 07:40:16,282  INFO    168 MB / 185 MB (91%)
2026-06-23 07:40:23,901  INFO    178 MB / 185 MB (96%)
2026-06-23 07:40:28,801  INFO  ✅ Descarga completa: 2026-6-23-T779354202C.bak (184.7 MB)
2026-06-23 07:40:28,806  INFO  Backup guardado en: C:\Backups\Manager\2026-6-23-T779354202C_2026-06-23.bak
2026-06-23 07:40:28,807  INFO  ✅ Éxito — backup guardado en: C:\Backups\Manager\2026-6-23-T779354202C_2026-06-23.bak
2026-06-23 07:40:32,930  WARNING  Retrying (Retry(total=2, connect=None, read=None, redirect=None, status=None)) after connection broken by 'NewConnectionError("HTTPConnection(host='localhost', port=51348): Failed to establish a new connection: [WinError 10061] No se puede establecer una conexión ya que el equipo de destino denegó expresamente dicha conexión")': /session/3606fe516b6a45c80a52f6eb57d7f40f
2026-06-23 07:40:37,012  WARNING  Retrying (Retry(total=1, connect=None, read=None, redirect=None, status=None)) after connection broken by 'NewConnectionError("HTTPConnection(host='localhost', port=51348): Failed to establish a new connection: [WinError 10061] No se puede establecer una conexión ya que el equipo de destino denegó expresamente dicha conexión")': /session/3606fe516b6a45c80a52f6eb57d7f40f
2026-06-23 07:40:41,107  WARNING  Retrying (Retry(total=0, connect=None, read=None, redirect=None, status=None)) after connection broken by 'NewConnectionError("HTTPConnection(host='localhost', port=51348): Failed to establish a new connection: [WinError 10061] No se puede establecer una conexión ya que el equipo de destino denegó expresamente dicha conexión")': /session/3606fe516b6a45c80a52f6eb57d7f40f
2026-06-23 07:40:45,200  INFO  
2026-06-23 07:40:45,201  INFO  ━━━━━━━━━━━━━━━━━━━━━━━━━━━━━━━━━━━━━━━━━━━━━━━━━━━━━━━
2026-06-23 07:40:45,201  INFO    PASO 2/3 — Restaurar BD y extraer Ventas Full
2026-06-23 07:40:45,201  INFO  ━━━━━━━━━━━━━━━━━━━━━━━━━━━━━━━━━━━━━━━━━━━━━━━━━━━━━━━
2026-06-23 07:40:48,972  INFO  ============================================================
2026-06-23 07:40:48,972  INFO    PASO 1 — Restaurar BD y extraer Múltiples Reportes
2026-06-23 07:40:48,972  INFO  ============================================================
2026-06-23 07:40:48,984  INFO  Usando .bak de ultimo_bak.txt: 2026-6-23-T779354202C_2026-06-23.bak
2026-06-23 07:40:48,984  INFO  Usando backup: 2026-6-23-T779354202C_2026-06-23.bak
2026-06-23 07:40:48,984  INFO  Restaurando 2026-6-23-T779354202C_2026-06-23.bak como 'T779354202C'...
2026-06-23 07:40:48,985  INFO  Copiando .bak a C:\Program Files\Microsoft SQL Server\MSSQL17.SQLEXPRESS\MSSQL\DATA\2026-6-23-T779354202C_2026-06-23.bak...
2026-06-23 07:40:49,672  INFO  Ejecutando RESTORE DATABASE...
2026-06-23 07:41:34,218  INFO  ✅ BD 'T779354202C' restaurada correctamente.
2026-06-23 07:41:34,219  INFO  Conectando a 'T779354202C' para extraer reportes...
2026-06-23 07:41:34,256  INFO  Ejecutando: Aceros...
2026-06-23 07:41:34,508  INFO    └─ 72 filas extraídas.
2026-06-23 07:41:34,509  INFO  Ejecutando: base_completo...
2026-06-23 07:41:35,808  INFO    └─ 9,408 filas extraídas.
2026-06-23 07:41:35,808  INFO  Ejecutando: calendario...
2026-06-23 07:41:36,024  INFO    └─ 85 filas extraídas.
2026-06-23 07:41:36,024  INFO  Ejecutando: Consumos_acero...
2026-06-23 07:41:36,113  INFO    └─ 123 filas extraídas.
2026-06-23 07:41:36,114  INFO  Ejecutando: Consumos_pol...
2026-06-23 07:41:36,188  INFO    └─ 25 filas extraídas.
2026-06-23 07:41:36,188  INFO  Ejecutando: Cotizaciones...
2026-06-23 07:41:36,264  INFO    └─ 3,709 filas extraídas.
2026-06-23 07:41:36,264  INFO  Ejecutando: Guias...
2026-06-23 07:41:36,551  INFO    └─ 9,641 filas extraídas.
2026-06-23 07:41:36,552  INFO  Ejecutando: Inventario_aceros...
2026-06-23 07:41:36,587  INFO    └─ 195 filas extraídas.
2026-06-23 07:41:36,587  INFO  Ejecutando: Notas_de_venta...
2026-06-23 07:41:36,625  INFO    └─ 831 filas extraídas.
2026-06-23 07:41:36,626  INFO  Ejecutando: Ordenes_de_Compra...
2026-06-23 07:41:36,745  INFO    └─ 287 filas extraídas.
2026-06-23 07:41:36,745  INFO  Ejecutando: Ordenes_de_produccion...
2026-06-23 07:41:36,902  INFO    └─ 3,379 filas extraídas.
2026-06-23 07:41:36,902  INFO  Ejecutando: Pendiente_a_facturar...
2026-06-23 07:41:36,920  ERROR    └─ Error ejecutando Pendiente_a_facturar: ('42000', '[42000] [Microsoft][ODBC Driver 17 for SQL Server][SQL Server]ORDER BY items must appear in the select list if SELECT DISTINCT is specified. (145) (SQLExecDirectW)')
2026-06-23 07:41:36,920  INFO  Ejecutando: Productos_Stock...
2026-06-23 07:41:36,947  INFO    └─ 126 filas extraídas.
2026-06-23 07:41:36,947  INFO  Ejecutando: Stock_vendido...
2026-06-23 07:41:37,008  INFO    └─ 169 filas extraídas.
2026-06-23 07:41:37,008  INFO  Ejecutando: Vales_de_Salida...
2026-06-23 07:41:37,023  ERROR    └─ Error ejecutando Vales_de_Salida: ('42000', '[42000] [Microsoft][ODBC Driver 17 for SQL Server][SQL Server]ORDER BY items must appear in the select list if SELECT DISTINCT is specified. (145) (SQLExecDirectW)')
2026-06-23 07:41:37,024  INFO  Ejecutando: Ventas_Full...
2026-06-23 07:41:37,420  INFO    └─ 2,060 filas extraídas.
2026-06-23 07:41:37,420  INFO  Ejecutando: WIP...
2026-06-23 07:41:37,470  INFO    └─ 38 filas extraídas.
2026-06-23 07:41:37,472  INFO  Exportando a Excel multipestaña: C:\Reportes\VentasFull\Reportes_Completos_2026-06-23.xlsx
2026-06-23 07:42:29,922  WARNING    └─ Stock_vendido: columnas duplicadas renombradas
2026-06-23 07:42:45,362  INFO  ✅ Excel generado: C:\Reportes\VentasFull\Reportes_Completos_2026-06-23.xlsx (3.4 MB)
2026-06-23 07:42:45,363  INFO  ✅ Proceso Completado → C:\Reportes\VentasFull\Reportes_Completos_2026-06-23.xlsx
2026-06-23 07:42:45,375  INFO  
2026-06-23 07:42:45,376  INFO  ━━━━━━━━━━━━━━━━━━━━━━━━━━━━━━━━━━━━━━━━━━━━━━━━━━━━━━━
2026-06-23 07:42:45,376  INFO    PASO 3/3 — Subir Excel a Google Drive
2026-06-23 07:42:45,376  INFO  ━━━━━━━━━━━━━━━━━━━━━━━━━━━━━━━━━━━━━━━━━━━━━━━━━━━━━━━
2026-06-23 07:42:49,205  INFO  =======================================================
2026-06-23 07:42:49,205  INFO    PASO 2 — Subir a Drive y actualizar Google Sheets
2026-06-23 07:42:49,205  INFO  =======================================================
2026-06-23 07:42:49,215  INFO  Procesando: Reportes_Completos_2026-06-23.xlsx (3.4 MB)
2026-06-23 07:42:49,275  INFO  file_cache is only supported with oauth2client<4.0.0
2026-06-23 07:42:49,301  INFO  file_cache is only supported with oauth2client<4.0.0
2026-06-23 07:42:50,270  INFO  Creando Excel nuevo en Drive...
2026-06-23 07:42:52,631  INFO  ✅ Excel subido a Drive: Reportes_Completos_Actualizado.xlsx
2026-06-23 07:42:52,631  INFO  Leyendo Excel para actualizar Google Sheets...
2026-06-23 07:42:52,654  INFO  Pestañas encontradas en Excel: ['Aceros', 'base_completo', 'calendario', 'Consumos_acero', 'Consumos_pol', 'Cotizaciones', 'Guias', 'Inventario_aceros', 'Notas_de_venta', 'Ordenes_de_Compra', 'Ordenes_de_produccion', 'Productos_Stock', 'Stock_vendido', 'Ventas_Full', 'WIP']
2026-06-23 07:42:53,405  INFO  Actualizando Base Produccion → 'Orden de Produccion' (3,379 filas)...
2026-06-23 07:42:54,670  INFO    Limpiando hoja 'Orden de Produccion'...
2026-06-23 07:42:55,490  INFO    Escribiendo 3,379 filas en 'Orden de Produccion'...
2026-06-23 07:42:59,347  INFO    ✅ Hoja 'Orden de Produccion' actualizada.
2026-06-23 07:42:59,382  INFO  Actualizando Base Produccion → 'Por Facturar' (85 filas)...
2026-06-23 07:43:00,126  INFO    Limpiando hoja 'Por Facturar'...
2026-06-23 07:43:00,478  INFO    Escribiendo 85 filas en 'Por Facturar'...
2026-06-23 07:43:00,888  INFO    ✅ Hoja 'Por Facturar' actualizada.
2026-06-23 07:43:00,938  INFO  Actualizando Base Produccion → 'Control Inventario' (195 filas)...
2026-06-23 07:43:01,650  INFO    Limpiando hoja 'Control Inventario'...
2026-06-23 07:43:02,063  INFO    Escribiendo 195 filas en 'Control Inventario'...
2026-06-23 07:43:02,474  INFO    ✅ Hoja 'Control Inventario' actualizada.
2026-06-23 07:43:02,612  INFO  Actualizando Base Produccion → 'Notas de Venta' (831 filas)...
2026-06-23 07:43:03,322  INFO    Limpiando hoja 'Notas de Venta'...
2026-06-23 07:43:03,720  INFO    Escribiendo 831 filas en 'Notas de Venta'...
2026-06-23 07:43:04,404  INFO    ✅ Hoja 'Notas de Venta' actualizada.
2026-06-23 07:43:04,533  INFO  Actualizando Base Produccion → 'Vales de Salida' (72 filas)...
2026-06-23 07:43:05,245  INFO    Limpiando hoja 'Vales de Salida'...
2026-06-23 07:43:05,647  INFO    Escribiendo 72 filas en 'Vales de Salida'...
2026-06-23 07:43:06,067  INFO    ✅ Hoja 'Vales de Salida' actualizada.
2026-06-23 07:43:06,095  INFO  Actualizando Base Produccion → 'Stock' (126 filas)...
2026-06-23 07:43:06,874  INFO    Limpiando hoja 'Stock'...
2026-06-23 07:43:07,297  INFO    Escribiendo 126 filas en 'Stock'...
2026-06-23 07:43:07,649  INFO    ✅ Hoja 'Stock' actualizada.
2026-06-23 07:43:07,692  INFO  Actualizando Base Produccion → 'Consumos POL' (25 filas)...
2026-06-23 07:43:08,493  INFO    Limpiando hoja 'Consumos POL'...
2026-06-23 07:43:08,998  INFO    Escribiendo 25 filas en 'Consumos POL'...
2026-06-23 07:43:09,493  INFO    ✅ Hoja 'Consumos POL' actualizada.
2026-06-23 07:43:10,193  INFO  Actualizando Base Produccion → 'Ventas_Full' (2,060 filas)...
2026-06-23 07:43:10,908  INFO    Limpiando hoja 'Ventas_Full'...
2026-06-23 07:43:11,454  INFO    Escribiendo 2,060 filas en 'Ventas_Full'...
2026-06-23 07:43:13,625  INFO    ✅ Hoja 'Ventas_Full' actualizada.
2026-06-23 07:43:13,650  INFO  Actualizando Base Produccion → 'WIP' (38 filas)...
2026-06-23 07:43:14,373  INFO    Limpiando hoja 'WIP'...
2026-06-23 07:43:14,715  INFO    Escribiendo 38 filas en 'WIP'...
2026-06-23 07:43:15,066  INFO    ✅ Hoja 'WIP' actualizada.
2026-06-23 07:43:15,107  INFO  Actualizando Base Produccion → 'Stock Vendido' (169 filas)...
2026-06-23 07:43:15,837  INFO    Limpiando hoja 'Stock Vendido'...
2026-06-23 07:43:16,195  INFO    Escribiendo 169 filas en 'Stock Vendido'...
2026-06-23 07:43:16,572  INFO    ✅ Hoja 'Stock Vendido' actualizada.
2026-06-23 07:43:16,601  INFO  Actualizando Base Produccion → 'Consumos Acero' (123 filas)...
2026-06-23 07:43:17,296  INFO    Limpiando hoja 'Consumos Acero'...
2026-06-23 07:43:17,634  INFO    Escribiendo 123 filas en 'Consumos Acero'...
2026-06-23 07:43:18,008  INFO    ✅ Hoja 'Consumos Acero' actualizada.
2026-06-23 07:43:19,268  INFO  Actualizando Base Produccion → 'Guias' (9,641 filas)...
2026-06-23 07:43:19,961  INFO    Limpiando hoja 'Guias'...
2026-06-23 07:43:20,641  INFO    Escribiendo 9,641 filas en 'Guias'...
2026-06-23 07:43:23,540  INFO    ✅ Hoja 'Guias' actualizada.
2026-06-23 07:43:24,425  INFO  Actualizando Presupuestos → 'Ventas Full Manager' (2,060 filas)...
2026-06-23 07:43:25,484  INFO    Limpiando hoja 'Ventas Full Manager'...
2026-06-23 07:43:26,049  INFO    Escribiendo 2,060 filas en 'Ventas Full Manager'...
2026-06-23 07:43:29,551  INFO    ✅ Hoja 'Ventas Full Manager' actualizada.
2026-06-23 07:43:29,760  INFO  Actualizando Presupuestos → 'Notas de Venta' (831 filas)...
2026-06-23 07:43:30,632  INFO    Limpiando hoja 'Notas de Venta'...
2026-06-23 07:43:31,102  INFO    Escribiendo 831 filas en 'Notas de Venta'...
2026-06-23 07:43:31,863  INFO    ✅ Hoja 'Notas de Venta' actualizada.
2026-06-23 07:43:32,190  INFO  Actualizando Presupuestos → 'Cotizaciones' (3,709 filas)...
2026-06-23 07:43:32,874  INFO    Limpiando hoja 'Cotizaciones'...
2026-06-23 07:43:33,391  INFO    Escribiendo 3,709 filas en 'Cotizaciones'...
2026-06-23 07:43:34,472  INFO    ✅ Hoja 'Cotizaciones' actualizada.
2026-06-23 07:43:34,528  INFO  Actualizando Presupuestos → 'Calendario' (85 filas)...
2026-06-23 07:43:35,337  INFO    Limpiando hoja 'Calendario'...
2026-06-23 07:43:35,656  INFO    Escribiendo 85 filas en 'Calendario'...
2026-06-23 07:43:36,056  INFO    ✅ Hoja 'Calendario' actualizada.
2026-06-23 07:43:36,057  INFO  
2026-06-23 07:43:36,057  INFO  ✅ Todo actualizado:
2026-06-23 07:43:36,057  INFO     📁 Drive: Reportes_Completos_Actualizado.xlsx
2026-06-23 07:43:36,057  INFO     📊 Base Produccion: ['Orden de Produccion', 'Por Facturar', 'Control Inventario', 'Notas de Venta', 'Vales de Salida', 'Stock', 'Consumos POL', 'Ventas_Full', 'WIP', 'Stock Vendido', 'Consumos Acero', 'Guias']
2026-06-23 07:43:36,057  INFO     📊 Presupuestos: Ventas Full Manager
2026-06-23 07:43:36,060  INFO  
2026-06-23 07:43:36,060  INFO  ╔═════════════════════════════════════════════════════╗
2026-06-23 07:43:36,061  INFO  ║  ✅ PIPELINE COMPLETADO en 296s                      ║
2026-06-23 07:43:36,061  INFO  ║  📊 Excel en Drive: VentasFull_Actualizado.xlsx      ║
2026-06-23 07:43:36,062  INFO  ╚═════════════════════════════════════════════════════╝
2026-06-24 07:40:18,107  INFO  ╔═════════════════════════════════════════════════════╗
2026-06-24 07:40:18,109  INFO  ║   PIPELINE VENTAS FULL — Inicio: 2026-06-24 07:40   ║
2026-06-24 07:40:18,110  INFO  ╚═════════════════════════════════════════════════════╝
2026-06-24 07:40:18,110  INFO  
2026-06-24 07:40:18,110  INFO  ━━━━━━━━━━━━━━━━━━━━━━━━━━━━━━━━━━━━━━━━━━━━━━━━━━━━━━━
2026-06-24 07:40:18,110  INFO    PASO 1/3 — Descargar backup desde Manager
2026-06-24 07:40:18,110  INFO  ━━━━━━━━━━━━━━━━━━━━━━━━━━━━━━━━━━━━━━━━━━━━━━━━━━━━━━━
2026-06-24 07:40:19,609  INFO  =======================================================
2026-06-24 07:40:19,616  INFO    Iniciando descarga automática de backup Manager
2026-06-24 07:40:19,617  INFO  =======================================================
2026-06-24 07:40:19,620  INFO  ====== WebDriver manager ======
2026-06-24 07:40:22,454  INFO  Get LATEST chromedriver version for google-chrome
2026-06-24 07:40:23,210  INFO  Get LATEST chromedriver version for google-chrome
2026-06-24 07:40:23,658  INFO  Get LATEST chromedriver version for google-chrome
2026-06-24 07:40:24,494  INFO  WebDriver version 149.0.7827.155 selected
2026-06-24 07:40:24,505  INFO  Modern chrome version https://storage.googleapis.com/chrome-for-testing-public/149.0.7827.155/win32/chromedriver-win32.zip
2026-06-24 07:40:24,505  INFO  About to download new driver from https://storage.googleapis.com/chrome-for-testing-public/149.0.7827.155/win32/chromedriver-win32.zip
2026-06-24 07:40:24,912  INFO  Driver downloading response is 200
2026-06-24 07:40:25,751  INFO  Get LATEST chromedriver version for google-chrome
2026-06-24 07:40:26,223  INFO  Driver has been saved in cache [C:\Users\atorr\.wdm\drivers\chromedriver\win64\149.0.7827.155]
2026-06-24 07:40:31,664  ERROR  
2026-06-24 07:40:31,664  ERROR  ╔═════════════════════════════════════════════════════╗
2026-06-24 07:40:31,665  ERROR  ║  ❌ PIPELINE FALLÓ                                   ║
2026-06-24 07:40:31,666  ERROR  ║  Error: Message: session not created: Chrome instanc║
2026-06-24 07:40:31,666  ERROR  ╚═════════════════════════════════════════════════════╝
2026-06-24 07:40:31,735  ERROR  Traceback (most recent call last):
  File "c:\Scripts\BackupManager\00_pipeline_completo.py", line 46, in main
    descargar()
    ~~~~~~~~~^^
  File "c:\Scripts\BackupManager\descargar_backup_manager.py", line 221, in main
    driver = crear_driver()
  File "c:\Scripts\BackupManager\descargar_backup_manager.py", line 65, in crear_driver
    return webdriver.Chrome(service=service, options=opts)
           ~~~~~~~~~~~~~~~~^^^^^^^^^^^^^^^^^^^^^^^^^^^^^^^
  File "C:\Users\atorr\AppData\Local\Programs\Python\Python314\Lib\site-packages\selenium\webdriver\chrome\webdriver.py", line 45, in __init__
    super().__init__(
    ~~~~~~~~~~~~~~~~^
        browser_name=DesiredCapabilities.CHROME["browserName"],
        ^^^^^^^^^^^^^^^^^^^^^^^^^^^^^^^^^^^^^^^^^^^^^^^^^^^^^^^
    ...<3 lines>...
        keep_alive=keep_alive,
        ^^^^^^^^^^^^^^^^^^^^^^
    )
    ^
  File "C:\Users\atorr\AppData\Local\Programs\Python\Python314\Lib\site-packages\selenium\webdriver\chromium\webdriver.py", line 66, in __init__
    super().__init__(command_executor=executor, options=self.options)
    ~~~~~~~~~~~~~~~~^^^^^^^^^^^^^^^^^^^^^^^^^^^^^^^^^^^^^^^^^^^^^^^^^
  File "C:\Users\atorr\AppData\Local\Programs\Python\Python314\Lib\site-packages\selenium\webdriver\common\webdriver.py", line 25, in __init__
    super().__init__(*args, **kwargs)
    ~~~~~~~~~~~~~~~~^^^^^^^^^^^^^^^^^
  File "C:\Users\atorr\AppData\Local\Programs\Python\Python314\Lib\site-packages\selenium\webdriver\remote\webdriver.py", line 271, in __init__
    self.start_session(capabilities)
    ~~~~~~~~~~~~~~~~~~^^^^^^^^^^^^^^
  File "C:\Users\atorr\AppData\Local\Programs\Python\Python314\Lib\site-packages\selenium\webdriver\remote\webdriver.py", line 366, in start_session
    response = self.execute(Command.NEW_SESSION, caps)["value"]
               ~~~~~~~~~~~~^^^^^^^^^^^^^^^^^^^^^^^^^^^
  File "C:\Users\atorr\AppData\Local\Programs\Python\Python314\Lib\site-packages\selenium\webdriver\remote\webdriver.py", line 446, in execute
    self.error_handler.check_response(response)
    ~~~~~~~~~~~~~~~~~~~~~~~~~~~~~~~~~^^^^^^^^^^
  File "C:\Users\atorr\AppData\Local\Programs\Python\Python314\Lib\site-packages\selenium\webdriver\remote\errorhandler.py", line 232, in check_response
    raise exception_class(message, screen, stacktrace)
selenium.common.exceptions.SessionNotCreatedException: Message: session not created: Chrome instance exited. Examine ChromeDriver verbose log to determine the cause.; For documentation on this error, please visit: https://www.selenium.dev/documentation/webdriver/troubleshooting/errors#sessionnotcreatedexception
Stacktrace:
	chromedriver!GetHandleVerifier [0x4aa543+103f3]
	chromedriver!GetHandleVerifier [0x4aa584+10434]
	chromedriver!(No symbol) [0x2aa700]
	chromedriver!(No symbol) [0x2defe8]
	chromedriver!(No symbol) [0x2db5a0]
	chromedriver!(No symbol) [0x321dcf]
	chromedriver!(No symbol) [0x3215e7]
	chromedriver!(No symbol) [0x315e66]
	chromedriver!(No symbol) [0x2e9159]
	chromedriver!(No symbol) [0x2e9f24]
	chromedriver!GetHandleVerifier [0x734bba+29aa6a]
	chromedriver!GetHandleVerifier [0x730119+295fc9]
	chromedriver!GetHandleVerifier [0x75103e+2b6eee]
	chromedriver!GetHandleVerifier [0x4c37f6+296a6]
	chromedriver!GetHandleVerifier [0x4ca91d+307cd]
	chromedriver!GetHandleVerifier [0x4b2d18+18bc8]
	chromedriver!GetHandleVerifier [0x4b2ec5+18d75]
	chromedriver!GetHandleVerifier [0x49c05f+1f0f]
	KERNEL32!BaseThreadInitThunk [0x75a45d49+19]
	ntdll!RtlInitializeExceptionChain [0x7772e12b+6b]
	ntdll!RtlGetAppContainerNamedObjectPath [0x7772e0b1+231]


2026-06-24 07:42:05,175  INFO  ╔═════════════════════════════════════════════════════╗
2026-06-24 07:42:05,176  INFO  ║   PIPELINE VENTAS FULL — Inicio: 2026-06-24 07:42   ║
2026-06-24 07:42:05,176  INFO  ╚═════════════════════════════════════════════════════╝
2026-06-24 07:42:05,176  INFO  
2026-06-24 07:42:05,176  INFO  ━━━━━━━━━━━━━━━━━━━━━━━━━━━━━━━━━━━━━━━━━━━━━━━━━━━━━━━
2026-06-24 07:42:05,176  INFO    PASO 1/3 — Descargar backup desde Manager
2026-06-24 07:42:05,176  INFO  ━━━━━━━━━━━━━━━━━━━━━━━━━━━━━━━━━━━━━━━━━━━━━━━━━━━━━━━
2026-06-24 07:42:05,521  INFO  =======================================================
2026-06-24 07:42:05,521  INFO    Iniciando descarga automática de backup Manager
2026-06-24 07:42:05,521  INFO  =======================================================
2026-06-24 07:42:05,522  INFO  ====== WebDriver manager ======
2026-06-24 07:42:06,700  INFO  Get LATEST chromedriver version for google-chrome
2026-06-24 07:42:07,037  INFO  Get LATEST chromedriver version for google-chrome
2026-06-24 07:42:07,361  INFO  Driver [C:\Users\atorr\.wdm\drivers\chromedriver\win64\149.0.7827.155\chromedriver-win32/chromedriver.exe] found in cache
2026-06-24 07:42:08,534  INFO  Abriendo login: https://prodkernel.manager.cl/index.html
2026-06-24 07:42:10,543  INFO  Inputs visibles: 3
2026-06-24 07:42:10,823  INFO  Login enviado...
2026-06-24 07:42:14,836  INFO  ✅ Login exitoso. session_id: fa925179...
2026-06-24 07:42:14,836  INFO  Navegando a: https://prodkernel.manager.cl/managerbackups.html?session_id=fa925179ce7d5c543b6f0f1375c5c0a4&cd=prodkernel
2026-06-24 07:42:14,928  INFO  Recarga 1/10...
2026-06-24 07:42:19,013  INFO    filas .bak encontradas: 0
2026-06-24 07:42:19,014  INFO  Recarga 2/10...
2026-06-24 07:42:23,079  INFO    filas .bak encontradas: 3
2026-06-24 07:42:23,079  INFO  ✅ Tabla cargada en recarga 2.
2026-06-24 07:42:23,112  INFO    Ignorando: 2026-6-24-T779354202A.bak
2026-06-24 07:42:23,136  INFO    Ignorando: 2026-6-24-T779354202B.bak
2026-06-24 07:42:23,162  INFO  Backup seleccionado: 2026-6-24-T779354202C.bak (2026-06-24 10:18:53+00:00)
2026-06-24 07:42:23,171  INFO  HTML fila completa: <td class="bucket">mng-respaldos-poliuretano</td><td class="Key">2026-6-24-T779354202C.bak</td><td class="LastModified">2026-06-24 10:18:53+00:00</td><td class="Size">0.19 GB</td><td class="presigned_url" style="display: none;">https://mng-respaldos-poliuretano.s3.amazonaws.com/2026-6-24-T779354202C.bak?AWSAccessKeyId=AKIAZPIFFWJDVFW267ZG&amp;Signature=qQbIw3BMTocJxSpu7wh0qBS7wo4%3D&amp;Expires=1782301637</td><td><i onclick="downloadbackup($(this).parent().parent())" class="fas fa-download"></i>
2026-06-24 07:42:25,411  INFO  Descargando 2026-6-24-T779354202C.bak desde S3...
2026-06-24 07:42:37,617  INFO    10 MB / 186 MB (6%)
2026-06-24 07:42:48,266  INFO    21 MB / 186 MB (11%)
2026-06-24 07:42:53,806  INFO    31 MB / 186 MB (17%)
2026-06-24 07:42:56,102  INFO    42 MB / 186 MB (23%)
2026-06-24 07:42:58,213  INFO    52 MB / 186 MB (28%)
2026-06-24 07:43:00,056  INFO    63 MB / 186 MB (34%)
2026-06-24 07:43:01,770  INFO    73 MB / 186 MB (39%)
2026-06-24 07:43:03,454  INFO    84 MB / 186 MB (45%)
2026-06-24 07:43:05,157  INFO    94 MB / 186 MB (51%)
2026-06-24 07:43:06,834  INFO    105 MB / 186 MB (56%)
2026-06-24 07:43:08,682  INFO    115 MB / 186 MB (62%)
2026-06-24 07:43:11,543  INFO    126 MB / 186 MB (68%)
2026-06-24 07:43:15,179  INFO    136 MB / 186 MB (73%)
2026-06-24 07:43:19,824  INFO    147 MB / 186 MB (79%)
2026-06-24 07:43:24,677  INFO    157 MB / 186 MB (85%)
2026-06-24 07:43:34,457  INFO    168 MB / 186 MB (90%)
2026-06-24 07:43:40,643  INFO    178 MB / 186 MB (96%)
2026-06-24 07:43:42,566  INFO  ✅ Descarga completa: 2026-6-24-T779354202C.bak (186.1 MB)
2026-06-24 07:43:42,571  INFO  Backup guardado en: C:\Backups\Manager\2026-6-24-T779354202C_2026-06-24.bak
2026-06-24 07:43:42,571  INFO  ✅ Éxito — backup guardado en: C:\Backups\Manager\2026-6-24-T779354202C_2026-06-24.bak
2026-06-24 07:43:46,624  WARNING  Retrying (Retry(total=2, connect=None, read=None, redirect=None, status=None)) after connection broken by 'NewConnectionError("HTTPConnection(host='localhost', port=65472): Failed to establish a new connection: [WinError 10061] No se puede establecer una conexión ya que el equipo de destino denegó expresamente dicha conexión")': /session/c52e54aa1195ac4892d1fcc604a09e7f
2026-06-24 07:43:50,679  WARNING  Retrying (Retry(total=1, connect=None, read=None, redirect=None, status=None)) after connection broken by 'NewConnectionError("HTTPConnection(host='localhost', port=65472): Failed to establish a new connection: [WinError 10061] No se puede establecer una conexión ya que el equipo de destino denegó expresamente dicha conexión")': /session/c52e54aa1195ac4892d1fcc604a09e7f
2026-06-24 07:43:54,766  WARNING  Retrying (Retry(total=0, connect=None, read=None, redirect=None, status=None)) after connection broken by 'NewConnectionError("HTTPConnection(host='localhost', port=65472): Failed to establish a new connection: [WinError 10061] No se puede establecer una conexión ya que el equipo de destino denegó expresamente dicha conexión")': /session/c52e54aa1195ac4892d1fcc604a09e7f
2026-06-24 07:43:58,807  INFO  
2026-06-24 07:43:58,808  INFO  ━━━━━━━━━━━━━━━━━━━━━━━━━━━━━━━━━━━━━━━━━━━━━━━━━━━━━━━
2026-06-24 07:43:58,808  INFO    PASO 2/3 — Restaurar BD y extraer Ventas Full
2026-06-24 07:43:58,808  INFO  ━━━━━━━━━━━━━━━━━━━━━━━━━━━━━━━━━━━━━━━━━━━━━━━━━━━━━━━
2026-06-24 07:44:02,668  INFO  ============================================================
2026-06-24 07:44:02,668  INFO    PASO 1 — Restaurar BD y extraer Múltiples Reportes
2026-06-24 07:44:02,669  INFO  ============================================================
2026-06-24 07:44:02,680  INFO  Usando .bak de ultimo_bak.txt: 2026-6-24-T779354202C_2026-06-24.bak
2026-06-24 07:44:02,680  INFO  Usando backup: 2026-6-24-T779354202C_2026-06-24.bak
2026-06-24 07:44:02,681  INFO  Restaurando 2026-6-24-T779354202C_2026-06-24.bak como 'T779354202C'...
2026-06-24 07:44:02,681  INFO  Copiando .bak a C:\Program Files\Microsoft SQL Server\MSSQL17.SQLEXPRESS\MSSQL\DATA\2026-6-24-T779354202C_2026-06-24.bak...
2026-06-24 07:44:06,329  INFO  Ejecutando RESTORE DATABASE...
2026-06-24 07:44:50,883  INFO  ✅ BD 'T779354202C' restaurada correctamente.
2026-06-24 07:44:50,883  INFO  Conectando a 'T779354202C' para extraer reportes...
2026-06-24 07:44:50,923  INFO  Ejecutando: Aceros...
2026-06-24 07:44:51,158  INFO    └─ 72 filas extraídas.
2026-06-24 07:44:51,159  INFO  Ejecutando: base_completo...
2026-06-24 07:44:52,547  INFO    └─ 9,439 filas extraídas.
2026-06-24 07:44:52,547  INFO  Ejecutando: calendario...
2026-06-24 07:44:52,752  INFO    └─ 88 filas extraídas.
2026-06-24 07:44:52,753  INFO  Ejecutando: Consumos_acero...
2026-06-24 07:44:52,857  INFO    └─ 125 filas extraídas.
2026-06-24 07:44:52,858  INFO  Ejecutando: Consumos_pol...
2026-06-24 07:44:52,928  INFO    └─ 25 filas extraídas.
2026-06-24 07:44:52,928  INFO  Ejecutando: Cotizaciones...
2026-06-24 07:44:53,001  INFO    └─ 3,737 filas extraídas.
2026-06-24 07:44:53,001  INFO  Ejecutando: Guias...
2026-06-24 07:44:53,293  INFO    └─ 9,673 filas extraídas.
2026-06-24 07:44:53,293  INFO  Ejecutando: Inventario_aceros...
2026-06-24 07:44:53,322  INFO    └─ 192 filas extraídas.
2026-06-24 07:44:53,322  INFO  Ejecutando: Notas_de_venta...
2026-06-24 07:44:53,359  INFO    └─ 839 filas extraídas.
2026-06-24 07:44:53,360  INFO  Ejecutando: Ordenes_de_Compra...
2026-06-24 07:44:53,476  INFO    └─ 287 filas extraídas.
2026-06-24 07:44:53,476  INFO  Ejecutando: Ordenes_de_produccion...
2026-06-24 07:44:53,636  INFO    └─ 3,394 filas extraídas.
2026-06-24 07:44:53,636  INFO  Ejecutando: Pendiente_a_facturar...
2026-06-24 07:44:53,652  ERROR    └─ Error ejecutando Pendiente_a_facturar: ('42000', '[42000] [Microsoft][ODBC Driver 17 for SQL Server][SQL Server]ORDER BY items must appear in the select list if SELECT DISTINCT is specified. (145) (SQLExecDirectW)')
2026-06-24 07:44:53,653  INFO  Ejecutando: Productos_Stock...
2026-06-24 07:44:53,679  INFO    └─ 127 filas extraídas.
2026-06-24 07:44:53,679  INFO  Ejecutando: Stock_vendido...
2026-06-24 07:44:53,741  INFO    └─ 173 filas extraídas.
2026-06-24 07:44:53,742  INFO  Ejecutando: Vales_de_Salida...
2026-06-24 07:44:53,756  ERROR    └─ Error ejecutando Vales_de_Salida: ('42000', '[42000] [Microsoft][ODBC Driver 17 for SQL Server][SQL Server]ORDER BY items must appear in the select list if SELECT DISTINCT is specified. (145) (SQLExecDirectW)')
2026-06-24 07:44:53,757  INFO  Ejecutando: Ventas_Full...
2026-06-24 07:44:54,167  INFO    └─ 2,074 filas extraídas.
2026-06-24 07:44:54,167  INFO  Ejecutando: WIP...
2026-06-24 07:44:54,220  INFO    └─ 39 filas extraídas.
2026-06-24 07:44:54,222  INFO  Exportando a Excel multipestaña: C:\Reportes\VentasFull\Reportes_Completos_2026-06-24.xlsx
2026-06-24 07:45:46,386  WARNING    └─ Stock_vendido: columnas duplicadas renombradas
2026-06-24 07:46:01,711  INFO  ✅ Excel generado: C:\Reportes\VentasFull\Reportes_Completos_2026-06-24.xlsx (3.5 MB)
2026-06-24 07:46:01,712  INFO  ✅ Proceso Completado → C:\Reportes\VentasFull\Reportes_Completos_2026-06-24.xlsx
2026-06-24 07:46:01,725  INFO  
2026-06-24 07:46:01,725  INFO  ━━━━━━━━━━━━━━━━━━━━━━━━━━━━━━━━━━━━━━━━━━━━━━━━━━━━━━━
2026-06-24 07:46:01,725  INFO    PASO 3/3 — Subir Excel a Google Drive
2026-06-24 07:46:01,726  INFO  ━━━━━━━━━━━━━━━━━━━━━━━━━━━━━━━━━━━━━━━━━━━━━━━━━━━━━━━
2026-06-24 07:46:05,456  INFO  =======================================================
2026-06-24 07:46:05,456  INFO    PASO 2 — Subir a Drive y actualizar Google Sheets
2026-06-24 07:46:05,456  INFO  =======================================================
2026-06-24 07:46:05,470  INFO  Procesando: Reportes_Completos_2026-06-24.xlsx (3.5 MB)
2026-06-24 07:46:05,544  INFO  file_cache is only supported with oauth2client<4.0.0
2026-06-24 07:46:05,575  INFO  file_cache is only supported with oauth2client<4.0.0
2026-06-24 07:46:06,671  INFO  Creando Excel nuevo en Drive...
2026-06-24 07:46:08,791  INFO  ✅ Excel subido a Drive: Reportes_Completos_Actualizado.xlsx
2026-06-24 07:46:08,792  INFO  Leyendo Excel para actualizar Google Sheets...
2026-06-24 07:46:08,809  INFO  Pestañas encontradas en Excel: ['Aceros', 'base_completo', 'calendario', 'Consumos_acero', 'Consumos_pol', 'Cotizaciones', 'Guias', 'Inventario_aceros', 'Notas_de_venta', 'Ordenes_de_Compra', 'Ordenes_de_produccion', 'Productos_Stock', 'Stock_vendido', 'Ventas_Full', 'WIP']
2026-06-24 07:46:09,551  INFO  Actualizando Base Produccion → 'Orden de Produccion' (3,394 filas)...
2026-06-24 07:46:12,356  INFO    Limpiando hoja 'Orden de Produccion'...
2026-06-24 07:46:13,005  INFO    Escribiendo 3,394 filas en 'Orden de Produccion'...
2026-06-24 07:46:15,979  INFO    ✅ Hoja 'Orden de Produccion' actualizada.
2026-06-24 07:46:16,016  INFO  Actualizando Base Produccion → 'Por Facturar' (88 filas)...
2026-06-24 07:46:16,675  INFO    Limpiando hoja 'Por Facturar'...
2026-06-24 07:46:16,955  INFO    Escribiendo 88 filas en 'Por Facturar'...
2026-06-24 07:46:17,324  INFO    ✅ Hoja 'Por Facturar' actualizada.
2026-06-24 07:46:17,369  INFO  Actualizando Base Produccion → 'Control Inventario' (192 filas)...
2026-06-24 07:46:17,992  INFO    Limpiando hoja 'Control Inventario'...
2026-06-24 07:46:18,293  INFO    Escribiendo 192 filas en 'Control Inventario'...
2026-06-24 07:46:18,644  INFO    ✅ Hoja 'Control Inventario' actualizada.
2026-06-24 07:46:18,775  INFO  Actualizando Base Produccion → 'Notas de Venta' (839 filas)...
2026-06-24 07:46:19,421  INFO    Limpiando hoja 'Notas de Venta'...
2026-06-24 07:46:19,771  INFO    Escribiendo 839 filas en 'Notas de Venta'...
2026-06-24 07:46:20,338  INFO    ✅ Hoja 'Notas de Venta' actualizada.
2026-06-24 07:46:20,362  INFO  Actualizando Base Produccion → 'Vales de Salida' (72 filas)...
2026-06-24 07:46:21,022  INFO    Limpiando hoja 'Vales de Salida'...
2026-06-24 07:46:21,342  INFO    Escribiendo 72 filas en 'Vales de Salida'...
2026-06-24 07:46:21,683  INFO    ✅ Hoja 'Vales de Salida' actualizada.
2026-06-24 07:46:21,713  INFO  Actualizando Base Produccion → 'Stock' (127 filas)...
2026-06-24 07:46:22,318  INFO    Limpiando hoja 'Stock'...
2026-06-24 07:46:22,632  INFO    Escribiendo 127 filas en 'Stock'...
2026-06-24 07:46:22,945  INFO    ✅ Hoja 'Stock' actualizada.
2026-06-24 07:46:22,963  INFO  Actualizando Base Produccion → 'Consumos POL' (25 filas)...
2026-06-24 07:46:23,522  INFO    Limpiando hoja 'Consumos POL'...
2026-06-24 07:46:23,810  INFO    Escribiendo 25 filas en 'Consumos POL'...
2026-06-24 07:46:24,111  INFO    ✅ Hoja 'Consumos POL' actualizada.
2026-06-24 07:46:24,808  INFO  Actualizando Base Produccion → 'Ventas_Full' (2,074 filas)...
2026-06-24 07:46:25,388  INFO    Limpiando hoja 'Ventas_Full'...
2026-06-24 07:46:25,907  INFO    Escribiendo 2,074 filas en 'Ventas_Full'...
2026-06-24 07:46:28,238  INFO    ✅ Hoja 'Ventas_Full' actualizada.
2026-06-24 07:46:28,266  INFO  Actualizando Base Produccion → 'WIP' (39 filas)...
2026-06-24 07:46:28,946  INFO    Limpiando hoja 'WIP'...
2026-06-24 07:46:29,245  INFO    Escribiendo 39 filas en 'WIP'...
2026-06-24 07:46:29,554  INFO    ✅ Hoja 'WIP' actualizada.
2026-06-24 07:46:29,592  INFO  Actualizando Base Produccion → 'Stock Vendido' (173 filas)...
2026-06-24 07:46:30,417  INFO    Limpiando hoja 'Stock Vendido'...
2026-06-24 07:46:30,732  INFO    Escribiendo 173 filas en 'Stock Vendido'...
2026-06-24 07:46:31,045  INFO    ✅ Hoja 'Stock Vendido' actualizada.
2026-06-24 07:46:31,071  INFO  Actualizando Base Produccion → 'Consumos Acero' (125 filas)...
2026-06-24 07:46:31,683  INFO    Limpiando hoja 'Consumos Acero'...
2026-06-24 07:46:32,019  INFO    Escribiendo 125 filas en 'Consumos Acero'...
2026-06-24 07:46:32,331  INFO    ✅ Hoja 'Consumos Acero' actualizada.
2026-06-24 07:46:33,631  INFO  Actualizando Base Produccion → 'Guias' (9,673 filas)...
2026-06-24 07:46:34,218  INFO    Limpiando hoja 'Guias'...
2026-06-24 07:46:34,879  INFO    Escribiendo 9,673 filas en 'Guias'...
2026-06-24 07:46:38,177  INFO    ✅ Hoja 'Guias' actualizada.
2026-06-24 07:46:38,939  INFO  Actualizando Presupuestos → 'Ventas Full Manager' (2,074 filas)...
2026-06-24 07:46:41,739  INFO    Limpiando hoja 'Ventas Full Manager'...
2026-06-24 07:46:42,179  INFO    Escribiendo 2,074 filas en 'Ventas Full Manager'...
2026-06-24 07:46:45,319  INFO    ✅ Hoja 'Ventas Full Manager' actualizada.
2026-06-24 07:46:45,487  INFO  Actualizando Presupuestos → 'Notas de Venta' (839 filas)...
2026-06-24 07:46:46,415  INFO    Limpiando hoja 'Notas de Venta'...
2026-06-24 07:46:46,735  INFO    Escribiendo 839 filas en 'Notas de Venta'...
2026-06-24 07:46:47,226  INFO    ✅ Hoja 'Notas de Venta' actualizada.
2026-06-24 07:46:47,594  INFO  Actualizando Presupuestos → 'Cotizaciones' (3,737 filas)...
2026-06-24 07:46:48,242  INFO    Limpiando hoja 'Cotizaciones'...
2026-06-24 07:46:48,627  INFO    Escribiendo 3,737 filas en 'Cotizaciones'...
2026-06-24 07:46:49,542  INFO    ✅ Hoja 'Cotizaciones' actualizada.
2026-06-24 07:46:49,585  INFO  Actualizando Presupuestos → 'Calendario' (88 filas)...
2026-06-24 07:46:50,269  INFO    Limpiando hoja 'Calendario'...
2026-06-24 07:46:50,557  INFO    Escribiendo 88 filas en 'Calendario'...
2026-06-24 07:46:51,080  INFO    ✅ Hoja 'Calendario' actualizada.
2026-06-24 07:46:51,081  INFO  
2026-06-24 07:46:51,081  INFO  ✅ Todo actualizado:
2026-06-24 07:46:51,081  INFO     📁 Drive: Reportes_Completos_Actualizado.xlsx
2026-06-24 07:46:51,082  INFO     📊 Base Produccion: ['Orden de Produccion', 'Por Facturar', 'Control Inventario', 'Notas de Venta', 'Vales de Salida', 'Stock', 'Consumos POL', 'Ventas_Full', 'WIP', 'Stock Vendido', 'Consumos Acero', 'Guias']
2026-06-24 07:46:51,082  INFO     📊 Presupuestos: Ventas Full Manager
2026-06-24 07:46:51,084  INFO  
2026-06-24 07:46:51,084  INFO  ╔═════════════════════════════════════════════════════╗
2026-06-24 07:46:51,084  INFO  ║  ✅ PIPELINE COMPLETADO en 285s                      ║
2026-06-24 07:46:51,084  INFO  ║  📊 Excel en Drive: VentasFull_Actualizado.xlsx      ║
2026-06-24 07:46:51,085  INFO  ╚═════════════════════════════════════════════════════╝
2026-06-25 07:42:56,473  INFO  ╔═════════════════════════════════════════════════════╗
2026-06-25 07:42:56,474  INFO  ║   PIPELINE VENTAS FULL — Inicio: 2026-06-25 07:42   ║
2026-06-25 07:42:56,475  INFO  ╚═════════════════════════════════════════════════════╝
2026-06-25 07:42:56,475  INFO  
2026-06-25 07:42:56,475  INFO  ━━━━━━━━━━━━━━━━━━━━━━━━━━━━━━━━━━━━━━━━━━━━━━━━━━━━━━━
2026-06-25 07:42:56,475  INFO    PASO 1/3 — Descargar backup desde Manager
2026-06-25 07:42:56,475  INFO  ━━━━━━━━━━━━━━━━━━━━━━━━━━━━━━━━━━━━━━━━━━━━━━━━━━━━━━━
2026-06-25 07:42:57,598  INFO  =======================================================
2026-06-25 07:42:57,599  INFO    Iniciando descarga automática de backup Manager
2026-06-25 07:42:57,599  INFO  =======================================================
2026-06-25 07:42:57,601  INFO  ====== WebDriver manager ======
2026-06-25 07:43:00,801  INFO  Get LATEST chromedriver version for google-chrome
2026-06-25 07:43:01,515  INFO  Get LATEST chromedriver version for google-chrome
2026-06-25 07:43:02,062  INFO  Get LATEST chromedriver version for google-chrome
2026-06-25 07:43:03,602  INFO  WebDriver version 149.0.7827.155 selected
2026-06-25 07:43:03,630  INFO  Modern chrome version https://storage.googleapis.com/chrome-for-testing-public/149.0.7827.155/win32/chromedriver-win32.zip
2026-06-25 07:43:03,631  INFO  About to download new driver from https://storage.googleapis.com/chrome-for-testing-public/149.0.7827.155/win32/chromedriver-win32.zip
2026-06-25 07:43:04,250  INFO  Driver downloading response is 200
2026-06-25 07:43:05,199  INFO  Get LATEST chromedriver version for google-chrome
2026-06-25 07:43:06,340  INFO  Driver has been saved in cache [C:\Users\atorr\.wdm\drivers\chromedriver\win64\149.0.7827.155]
2026-06-25 07:43:09,777  INFO  Abriendo login: https://prodkernel.manager.cl/index.html
2026-06-25 07:43:11,806  INFO  Inputs visibles: 3
2026-06-25 07:43:12,302  INFO  Login enviado...
2026-06-25 07:43:16,330  INFO  ✅ Login exitoso. session_id: ee0539cb...
2026-06-25 07:43:16,331  INFO  Navegando a: https://prodkernel.manager.cl/managerbackups.html?session_id=ee0539cbfb3a55829980d9263e29dbca&cd=prodkernel
2026-06-25 07:43:16,474  INFO  Recarga 1/10...
2026-06-25 07:43:20,590  INFO    filas .bak encontradas: 3
2026-06-25 07:43:20,591  INFO  ✅ Tabla cargada en recarga 1.
2026-06-25 07:43:20,643  INFO    Ignorando: 2026-6-25-T779354202A.bak
2026-06-25 07:43:20,693  INFO    Ignorando: 2026-6-25-T779354202B.bak
2026-06-25 07:43:20,735  INFO  Backup seleccionado: 2026-6-25-T779354202C.bak (2026-06-25 10:18:17+00:00)
2026-06-25 07:43:20,748  INFO  HTML fila completa: <td class="bucket">mng-respaldos-poliuretano</td><td class="Key">2026-6-25-T779354202C.bak</td><td class="LastModified">2026-06-25 10:18:17+00:00</td><td class="Size">0.19 GB</td><td class="presigned_url" style="display: none;">https://mng-respaldos-poliuretano.s3.amazonaws.com/2026-6-25-T779354202C.bak?AWSAccessKeyId=AKIAZPIFFWJDVFW267ZG&amp;Signature=DWSm3sZJ%2Ft3Wv8z4mvkebt9upGM%3D&amp;Expires=1782388094</td><td><i onclick="downloadbackup($(this).parent().parent())" class="fas fa-download"></
2026-06-25 07:43:23,077  INFO  Descargando 2026-6-25-T779354202C.bak desde S3...
2026-06-25 07:43:36,194  INFO    10 MB / 186 MB (6%)
2026-06-25 07:43:42,034  INFO    21 MB / 186 MB (11%)
2026-06-25 07:43:44,213  INFO    31 MB / 186 MB (17%)
2026-06-25 07:43:45,762  INFO    42 MB / 186 MB (22%)
2026-06-25 07:43:47,606  INFO    52 MB / 186 MB (28%)
2026-06-25 07:43:51,256  INFO    63 MB / 186 MB (34%)
2026-06-25 07:43:55,658  INFO    73 MB / 186 MB (39%)
2026-06-25 07:44:00,030  INFO    84 MB / 186 MB (45%)
2026-06-25 07:44:06,072  INFO    94 MB / 186 MB (51%)
2026-06-25 07:44:12,390  INFO    105 MB / 186 MB (56%)
2026-06-25 07:44:22,968  INFO    115 MB / 186 MB (62%)
2026-06-25 07:44:36,637  INFO    126 MB / 186 MB (67%)
2026-06-25 07:44:39,183  INFO    136 MB / 186 MB (73%)
2026-06-25 07:44:41,167  INFO    147 MB / 186 MB (79%)
2026-06-25 07:44:42,949  INFO    157 MB / 186 MB (84%)
2026-06-25 07:44:44,579  INFO    168 MB / 186 MB (90%)
2026-06-25 07:44:46,534  INFO    178 MB / 186 MB (96%)
2026-06-25 07:44:48,321  INFO  ✅ Descarga completa: 2026-6-25-T779354202C.bak (186.4 MB)
2026-06-25 07:44:48,327  INFO  Backup guardado en: C:\Backups\Manager\2026-6-25-T779354202C_2026-06-25.bak
2026-06-25 07:44:48,327  INFO  ✅ Éxito — backup guardado en: C:\Backups\Manager\2026-6-25-T779354202C_2026-06-25.bak
2026-06-25 07:44:52,422  WARNING  Retrying (Retry(total=2, connect=None, read=None, redirect=None, status=None)) after connection broken by 'NewConnectionError("HTTPConnection(host='localhost', port=64194): Failed to establish a new connection: [WinError 10061] No se puede establecer una conexión ya que el equipo de destino denegó expresamente dicha conexión")': /session/8dc8be76bcbf24c4f6cc7e3531b4c051
2026-06-25 07:44:56,503  WARNING  Retrying (Retry(total=1, connect=None, read=None, redirect=None, status=None)) after connection broken by 'NewConnectionError("HTTPConnection(host='localhost', port=64194): Failed to establish a new connection: [WinError 10061] No se puede establecer una conexión ya que el equipo de destino denegó expresamente dicha conexión")': /session/8dc8be76bcbf24c4f6cc7e3531b4c051
2026-06-25 07:45:00,571  WARNING  Retrying (Retry(total=0, connect=None, read=None, redirect=None, status=None)) after connection broken by 'NewConnectionError("HTTPConnection(host='localhost', port=64194): Failed to establish a new connection: [WinError 10061] No se puede establecer una conexión ya que el equipo de destino denegó expresamente dicha conexión")': /session/8dc8be76bcbf24c4f6cc7e3531b4c051
2026-06-25 07:45:04,618  INFO  
2026-06-25 07:45:04,619  INFO  ━━━━━━━━━━━━━━━━━━━━━━━━━━━━━━━━━━━━━━━━━━━━━━━━━━━━━━━
2026-06-25 07:45:04,620  INFO    PASO 2/3 — Restaurar BD y extraer Ventas Full
2026-06-25 07:45:04,621  INFO  ━━━━━━━━━━━━━━━━━━━━━━━━━━━━━━━━━━━━━━━━━━━━━━━━━━━━━━━
2026-06-25 07:45:09,798  INFO  ============================================================
2026-06-25 07:45:09,799  INFO    PASO 1 — Restaurar BD y extraer Múltiples Reportes
2026-06-25 07:45:09,799  INFO  ============================================================
2026-06-25 07:45:09,815  INFO  Usando .bak de ultimo_bak.txt: 2026-6-25-T779354202C_2026-06-25.bak
2026-06-25 07:45:09,815  INFO  Usando backup: 2026-6-25-T779354202C_2026-06-25.bak
2026-06-25 07:45:09,816  INFO  Restaurando 2026-6-25-T779354202C_2026-06-25.bak como 'T779354202C'...
2026-06-25 07:45:09,817  INFO  Copiando .bak a C:\Program Files\Microsoft SQL Server\MSSQL17.SQLEXPRESS\MSSQL\DATA\2026-6-25-T779354202C_2026-06-25.bak...
2026-06-25 07:45:11,970  INFO  Ejecutando RESTORE DATABASE...
2026-06-25 07:46:01,335  INFO  ✅ BD 'T779354202C' restaurada correctamente.
2026-06-25 07:46:01,335  INFO  Conectando a 'T779354202C' para extraer reportes...
2026-06-25 07:46:01,421  INFO  Ejecutando: Aceros...
2026-06-25 07:46:02,815  INFO    └─ 72 filas extraídas.
2026-06-25 07:46:02,816  INFO  Ejecutando: base_completo...
2026-06-25 07:46:04,643  INFO    └─ 9,461 filas extraídas.
2026-06-25 07:46:04,644  INFO  Ejecutando: calendario...
2026-06-25 07:46:04,872  INFO    └─ 86 filas extraídas.
2026-06-25 07:46:04,872  INFO  Ejecutando: Consumos_acero...
2026-06-25 07:46:04,999  INFO    └─ 128 filas extraídas.
2026-06-25 07:46:05,000  INFO  Ejecutando: Consumos_pol...
2026-06-25 07:46:05,095  INFO    └─ 26 filas extraídas.
2026-06-25 07:46:05,095  INFO  Ejecutando: Cotizaciones...
2026-06-25 07:46:05,196  INFO    └─ 3,754 filas extraídas.
2026-06-25 07:46:05,197  INFO  Ejecutando: Guias...
2026-06-25 07:46:05,671  INFO    └─ 9,734 filas extraídas.
2026-06-25 07:46:05,672  INFO  Ejecutando: Inventario_aceros...
2026-06-25 07:46:05,718  INFO    └─ 191 filas extraídas.
2026-06-25 07:46:05,719  INFO  Ejecutando: Notas_de_venta...
2026-06-25 07:46:05,779  INFO    └─ 846 filas extraídas.
2026-06-25 07:46:05,779  INFO  Ejecutando: Ordenes_de_Compra...
2026-06-25 07:46:05,947  INFO    └─ 287 filas extraídas.
2026-06-25 07:46:05,948  INFO  Ejecutando: Ordenes_de_produccion...
2026-06-25 07:46:06,234  INFO    └─ 3,405 filas extraídas.
2026-06-25 07:46:06,234  INFO  Ejecutando: Pendiente_a_facturar...
2026-06-25 07:46:06,251  ERROR    └─ Error ejecutando Pendiente_a_facturar: ('42000', '[42000] [Microsoft][ODBC Driver 17 for SQL Server][SQL Server]ORDER BY items must appear in the select list if SELECT DISTINCT is specified. (145) (SQLExecDirectW)')
2026-06-25 07:46:06,251  INFO  Ejecutando: Productos_Stock...
2026-06-25 07:46:06,280  INFO    └─ 127 filas extraídas.
2026-06-25 07:46:06,280  INFO  Ejecutando: Stock_vendido...
2026-06-25 07:46:06,351  INFO    └─ 174 filas extraídas.
2026-06-25 07:46:06,351  INFO  Ejecutando: Vales_de_Salida...
2026-06-25 07:46:06,369  ERROR    └─ Error ejecutando Vales_de_Salida: ('42000', '[42000] [Microsoft][ODBC Driver 17 for SQL Server][SQL Server]ORDER BY items must appear in the select list if SELECT DISTINCT is specified. (145) (SQLExecDirectW)')
2026-06-25 07:46:06,369  INFO  Ejecutando: Ventas_Full...
2026-06-25 07:46:06,934  INFO    └─ 2,095 filas extraídas.
2026-06-25 07:46:06,935  INFO  Ejecutando: WIP...
2026-06-25 07:46:06,993  INFO    └─ 41 filas extraídas.
2026-06-25 07:46:06,996  INFO  Exportando a Excel multipestaña: C:\Reportes\VentasFull\Reportes_Completos_2026-06-25.xlsx
2026-06-25 07:47:47,320  WARNING    └─ Stock_vendido: columnas duplicadas renombradas
2026-06-25 07:48:17,842  INFO  ✅ Excel generado: C:\Reportes\VentasFull\Reportes_Completos_2026-06-25.xlsx (3.5 MB)
2026-06-25 07:48:17,844  INFO  ✅ Proceso Completado → C:\Reportes\VentasFull\Reportes_Completos_2026-06-25.xlsx
2026-06-25 07:48:17,864  INFO  
2026-06-25 07:48:17,864  INFO  ━━━━━━━━━━━━━━━━━━━━━━━━━━━━━━━━━━━━━━━━━━━━━━━━━━━━━━━
2026-06-25 07:48:17,865  INFO    PASO 3/3 — Subir Excel a Google Drive
2026-06-25 07:48:17,865  INFO  ━━━━━━━━━━━━━━━━━━━━━━━━━━━━━━━━━━━━━━━━━━━━━━━━━━━━━━━
2026-06-25 07:48:22,642  INFO  =======================================================
2026-06-25 07:48:22,643  INFO    PASO 2 — Subir a Drive y actualizar Google Sheets
2026-06-25 07:48:22,643  INFO  =======================================================
2026-06-25 07:48:22,656  INFO  Procesando: Reportes_Completos_2026-06-25.xlsx (3.5 MB)
2026-06-25 07:48:22,746  INFO  file_cache is only supported with oauth2client<4.0.0
2026-06-25 07:48:22,769  INFO  file_cache is only supported with oauth2client<4.0.0
2026-06-25 07:48:24,394  INFO  Creando Excel nuevo en Drive...
2026-06-25 07:48:26,981  INFO  ✅ Excel subido a Drive: Reportes_Completos_Actualizado.xlsx
2026-06-25 07:48:26,981  INFO  Leyendo Excel para actualizar Google Sheets...
2026-06-25 07:48:27,010  INFO  Pestañas encontradas en Excel: ['Aceros', 'base_completo', 'calendario', 'Consumos_acero', 'Consumos_pol', 'Cotizaciones', 'Guias', 'Inventario_aceros', 'Notas_de_venta', 'Ordenes_de_Compra', 'Ordenes_de_produccion', 'Productos_Stock', 'Stock_vendido', 'Ventas_Full', 'WIP']
2026-06-25 07:48:28,481  INFO  Actualizando Base Produccion → 'Orden de Produccion' (3,405 filas)...
2026-06-25 07:48:29,810  INFO    Limpiando hoja 'Orden de Produccion'...
2026-06-25 07:48:30,902  INFO    Escribiendo 3,405 filas en 'Orden de Produccion'...
2026-06-25 07:48:33,193  INFO    ✅ Hoja 'Orden de Produccion' actualizada.
2026-06-25 07:48:33,246  INFO  Actualizando Base Produccion → 'Por Facturar' (86 filas)...
2026-06-25 07:48:33,880  INFO    Limpiando hoja 'Por Facturar'...
2026-06-25 07:48:34,144  INFO    Escribiendo 86 filas en 'Por Facturar'...
2026-06-25 07:48:34,512  INFO    ✅ Hoja 'Por Facturar' actualizada.
2026-06-25 07:48:34,595  INFO  Actualizando Base Produccion → 'Control Inventario' (191 filas)...
2026-06-25 07:48:35,147  INFO    Limpiando hoja 'Control Inventario'...
2026-06-25 07:48:35,537  INFO    Escribiendo 191 filas en 'Control Inventario'...
2026-06-25 07:48:36,159  INFO    ✅ Hoja 'Control Inventario' actualizada.
2026-06-25 07:48:36,401  INFO  Actualizando Base Produccion → 'Notas de Venta' (846 filas)...
2026-06-25 07:48:36,908  INFO    Limpiando hoja 'Notas de Venta'...
2026-06-25 07:48:37,228  INFO    Escribiendo 846 filas en 'Notas de Venta'...
2026-06-25 07:48:37,912  INFO    ✅ Hoja 'Notas de Venta' actualizada.
2026-06-25 07:48:37,950  INFO  Actualizando Base Produccion → 'Vales de Salida' (72 filas)...
2026-06-25 07:48:38,569  INFO    Limpiando hoja 'Vales de Salida'...
2026-06-25 07:48:38,833  INFO    Escribiendo 72 filas en 'Vales de Salida'...
2026-06-25 07:48:39,101  INFO    ✅ Hoja 'Vales de Salida' actualizada.
2026-06-25 07:48:39,163  INFO  Actualizando Base Produccion → 'Stock' (127 filas)...
2026-06-25 07:48:39,681  INFO    Limpiando hoja 'Stock'...
2026-06-25 07:48:39,942  INFO    Escribiendo 127 filas en 'Stock'...
2026-06-25 07:48:40,211  INFO    ✅ Hoja 'Stock' actualizada.
2026-06-25 07:48:40,244  INFO  Actualizando Base Produccion → 'Consumos POL' (26 filas)...
2026-06-25 07:48:40,729  INFO    Limpiando hoja 'Consumos POL'...
2026-06-25 07:48:40,974  INFO    Escribiendo 26 filas en 'Consumos POL'...
2026-06-25 07:48:41,230  INFO    ✅ Hoja 'Consumos POL' actualizada.
2026-06-25 07:48:42,574  INFO  Actualizando Base Produccion → 'Ventas_Full' (2,095 filas)...
2026-06-25 07:48:43,072  INFO    Limpiando hoja 'Ventas_Full'...
2026-06-25 07:48:43,632  INFO    Escribiendo 2,095 filas en 'Ventas_Full'...
2026-06-25 07:48:45,244  INFO    ✅ Hoja 'Ventas_Full' actualizada.
2026-06-25 07:48:45,283  INFO  Actualizando Base Produccion → 'WIP' (41 filas)...
2026-06-25 07:48:45,891  INFO    Limpiando hoja 'WIP'...
2026-06-25 07:48:46,156  INFO    Escribiendo 41 filas en 'WIP'...
2026-06-25 07:48:46,423  INFO    ✅ Hoja 'WIP' actualizada.
2026-06-25 07:48:46,478  INFO  Actualizando Base Produccion → 'Stock Vendido' (174 filas)...
2026-06-25 07:48:46,959  INFO    Limpiando hoja 'Stock Vendido'...
2026-06-25 07:48:47,227  INFO    Escribiendo 174 filas en 'Stock Vendido'...
2026-06-25 07:48:47,507  INFO    ✅ Hoja 'Stock Vendido' actualizada.
2026-06-25 07:48:47,551  INFO  Actualizando Base Produccion → 'Consumos Acero' (128 filas)...
2026-06-25 07:48:48,035  INFO    Limpiando hoja 'Consumos Acero'...
2026-06-25 07:48:48,296  INFO    Escribiendo 128 filas en 'Consumos Acero'...
2026-06-25 07:48:48,563  INFO    ✅ Hoja 'Consumos Acero' actualizada.
2026-06-25 07:48:50,965  INFO  Actualizando Base Produccion → 'Guias' (9,734 filas)...
2026-06-25 07:48:51,551  INFO    Limpiando hoja 'Guias'...
2026-06-25 07:48:52,447  INFO    Escribiendo 9,734 filas en 'Guias'...
2026-06-25 07:48:56,580  INFO    ✅ Hoja 'Guias' actualizada.
2026-06-25 07:48:57,947  INFO  Actualizando Presupuestos → 'Ventas Full Manager' (2,095 filas)...
2026-06-25 07:48:59,028  INFO    Limpiando hoja 'Ventas Full Manager'...
2026-06-25 07:48:59,794  INFO    Escribiendo 2,095 filas en 'Ventas Full Manager'...
2026-06-25 07:49:03,407  INFO    ✅ Hoja 'Ventas Full Manager' actualizada.
2026-06-25 07:49:03,700  INFO  Actualizando Presupuestos → 'Notas de Venta' (846 filas)...
2026-06-25 07:49:04,310  INFO    Limpiando hoja 'Notas de Venta'...
2026-06-25 07:49:04,710  INFO    Escribiendo 846 filas en 'Notas de Venta'...
2026-06-25 07:49:05,342  INFO    ✅ Hoja 'Notas de Venta' actualizada.
2026-06-25 07:49:05,968  INFO  Actualizando Presupuestos → 'Cotizaciones' (3,754 filas)...
2026-06-25 07:49:06,651  INFO    Limpiando hoja 'Cotizaciones'...
2026-06-25 07:49:07,143  INFO    Escribiendo 3,754 filas en 'Cotizaciones'...
2026-06-25 07:49:07,916  INFO    ✅ Hoja 'Cotizaciones' actualizada.
2026-06-25 07:49:07,990  INFO  Actualizando Presupuestos → 'Calendario' (86 filas)...
2026-06-25 07:49:08,756  INFO    Limpiando hoja 'Calendario'...
2026-06-25 07:49:09,046  INFO    Escribiendo 86 filas en 'Calendario'...
2026-06-25 07:49:09,385  INFO    ✅ Hoja 'Calendario' actualizada.
2026-06-25 07:49:09,386  INFO  
2026-06-25 07:49:09,386  INFO  ✅ Todo actualizado:
2026-06-25 07:49:09,387  INFO     📁 Drive: Reportes_Completos_Actualizado.xlsx
2026-06-25 07:49:09,387  INFO     📊 Base Produccion: ['Orden de Produccion', 'Por Facturar', 'Control Inventario', 'Notas de Venta', 'Vales de Salida', 'Stock', 'Consumos POL', 'Ventas_Full', 'WIP', 'Stock Vendido', 'Consumos Acero', 'Guias']
2026-06-25 07:49:09,388  INFO     📊 Presupuestos: Ventas Full Manager
2026-06-25 07:49:09,392  INFO  
2026-06-25 07:49:09,392  INFO  ╔═════════════════════════════════════════════════════╗
2026-06-25 07:49:09,395  INFO  ║  ✅ PIPELINE COMPLETADO en 372s                      ║
2026-06-25 07:49:09,396  INFO  ║  📊 Excel en Drive: VentasFull_Actualizado.xlsx      ║
2026-06-25 07:49:09,396  INFO  ╚═════════════════════════════════════════════════════╝
2026-06-26 07:50:12,577  INFO  ╔═════════════════════════════════════════════════════╗
2026-06-26 07:50:12,593  INFO  ║   PIPELINE VENTAS FULL — Inicio: 2026-06-26 07:50   ║
2026-06-26 07:50:12,596  INFO  ╚═════════════════════════════════════════════════════╝
2026-06-26 07:50:12,596  INFO  
2026-06-26 07:50:12,597  INFO  ━━━━━━━━━━━━━━━━━━━━━━━━━━━━━━━━━━━━━━━━━━━━━━━━━━━━━━━
2026-06-26 07:50:12,597  INFO    PASO 1/3 — Descargar backup desde Manager
2026-06-26 07:50:12,600  INFO  ━━━━━━━━━━━━━━━━━━━━━━━━━━━━━━━━━━━━━━━━━━━━━━━━━━━━━━━
2026-06-26 07:50:15,146  INFO  =======================================================
2026-06-26 07:50:15,171  INFO    Iniciando descarga automática de backup Manager
2026-06-26 07:50:15,173  INFO  =======================================================
2026-06-26 07:50:15,303  INFO  ====== WebDriver manager ======
2026-06-26 07:50:20,600  INFO  Get LATEST chromedriver version for google-chrome
2026-06-26 07:50:22,870  INFO  Get LATEST chromedriver version for google-chrome
2026-06-26 07:50:23,809  INFO  Get LATEST chromedriver version for google-chrome
2026-06-26 07:50:25,973  INFO  WebDriver version 149.0.7827.155 selected
2026-06-26 07:50:26,001  INFO  Modern chrome version https://storage.googleapis.com/chrome-for-testing-public/149.0.7827.155/win32/chromedriver-win32.zip
2026-06-26 07:50:26,012  INFO  About to download new driver from https://storage.googleapis.com/chrome-for-testing-public/149.0.7827.155/win32/chromedriver-win32.zip
2026-06-26 07:50:26,724  INFO  Driver downloading response is 200
2026-06-26 07:50:27,609  INFO  Get LATEST chromedriver version for google-chrome
2026-06-26 07:50:28,578  INFO  Driver has been saved in cache [C:\Users\atorr\.wdm\drivers\chromedriver\win64\149.0.7827.155]
2026-06-26 07:50:32,026  INFO  Abriendo login: https://prodkernel.manager.cl/index.html
2026-06-26 07:50:35,007  INFO  Inputs visibles: 3
2026-06-26 07:50:36,208  INFO  Login enviado...
2026-06-26 07:50:40,245  INFO  ✅ Login exitoso. session_id: e972837e...
2026-06-26 07:50:40,247  INFO  Navegando a: https://prodkernel.manager.cl/managerbackups.html?session_id=e972837ecdfe799292c62865b06f4ef2&cd=prodkernel
2026-06-26 07:50:40,525  INFO  Recarga 1/10...
2026-06-26 07:50:45,346  INFO    filas .bak encontradas: 3
2026-06-26 07:50:45,348  INFO  ✅ Tabla cargada en recarga 1.
2026-06-26 07:50:45,485  INFO    Ignorando: 2026-6-26-T779354202A.bak
2026-06-26 07:50:45,591  INFO    Ignorando: 2026-6-26-T779354202B.bak
2026-06-26 07:50:45,699  INFO  Backup seleccionado: 2026-6-26-T779354202C.bak (2026-06-26 10:19:21+00:00)
2026-06-26 07:50:45,731  INFO  HTML fila completa: <td class="bucket">mng-respaldos-poliuretano</td><td class="Key">2026-6-26-T779354202C.bak</td><td class="LastModified">2026-06-26 10:19:21+00:00</td><td class="Size">0.19 GB</td><td class="presigned_url" style="display: none;">https://mng-respaldos-poliuretano.s3.amazonaws.com/2026-6-26-T779354202C.bak?AWSAccessKeyId=AKIAZPIFFWJDVFW267ZG&amp;Signature=EL6Uo0Nlsz9uN6uaMfW8nSMgJwY%3D&amp;Expires=1782474941</td><td><i onclick="downloadbackup($(this).parent().parent())" class="fas fa-download"></i>
2026-06-26 07:50:48,858  INFO  Descargando 2026-6-26-T779354202C.bak desde S3...
2026-06-26 07:51:03,496  INFO    10 MB / 187 MB (6%)
2026-06-26 07:51:06,272  INFO    21 MB / 187 MB (11%)
2026-06-26 07:51:09,352  INFO    31 MB / 187 MB (17%)
2026-06-26 07:51:13,070  INFO    42 MB / 187 MB (22%)
2026-06-26 07:51:16,643  INFO    52 MB / 187 MB (28%)
2026-06-26 07:51:19,657  INFO    63 MB / 187 MB (34%)
2026-06-26 07:51:21,842  INFO    73 MB / 187 MB (39%)
2026-06-26 07:51:23,424  INFO    84 MB / 187 MB (45%)
2026-06-26 07:51:24,762  INFO    94 MB / 187 MB (51%)
2026-06-26 07:51:26,220  INFO    105 MB / 187 MB (56%)
2026-06-26 07:51:27,534  INFO    115 MB / 187 MB (62%)
2026-06-26 07:51:28,758  INFO    126 MB / 187 MB (67%)
2026-06-26 07:51:29,959  INFO    136 MB / 187 MB (73%)
2026-06-26 07:51:31,124  INFO    147 MB / 187 MB (79%)
2026-06-26 07:51:32,339  INFO    157 MB / 187 MB (84%)
2026-06-26 07:51:33,855  INFO    168 MB / 187 MB (90%)
2026-06-26 07:51:35,175  INFO    178 MB / 187 MB (95%)
2026-06-26 07:51:36,187  INFO  ✅ Descarga completa: 2026-6-26-T779354202C.bak (186.7 MB)
2026-06-26 07:51:36,199  INFO  Backup guardado en: C:\Backups\Manager\2026-6-26-T779354202C_2026-06-26.bak
2026-06-26 07:51:36,202  INFO  ✅ Éxito — backup guardado en: C:\Backups\Manager\2026-6-26-T779354202C_2026-06-26.bak
2026-06-26 07:51:40,271  WARNING  Retrying (Retry(total=2, connect=None, read=None, redirect=None, status=None)) after connection broken by 'NewConnectionError("HTTPConnection(host='localhost', port=51067): Failed to establish a new connection: [WinError 10061] No se puede establecer una conexión ya que el equipo de destino denegó expresamente dicha conexión")': /session/fb07e81f0c61b91079c7f2901d0dfc78
2026-06-26 07:51:44,320  WARNING  Retrying (Retry(total=1, connect=None, read=None, redirect=None, status=None)) after connection broken by 'NewConnectionError("HTTPConnection(host='localhost', port=51067): Failed to establish a new connection: [WinError 10061] No se puede establecer una conexión ya que el equipo de destino denegó expresamente dicha conexión")': /session/fb07e81f0c61b91079c7f2901d0dfc78
2026-06-26 07:51:48,392  WARNING  Retrying (Retry(total=0, connect=None, read=None, redirect=None, status=None)) after connection broken by 'NewConnectionError("HTTPConnection(host='localhost', port=51067): Failed to establish a new connection: [WinError 10061] No se puede establecer una conexión ya que el equipo de destino denegó expresamente dicha conexión")': /session/fb07e81f0c61b91079c7f2901d0dfc78
2026-06-26 07:51:52,447  INFO  
2026-06-26 07:51:52,448  INFO  ━━━━━━━━━━━━━━━━━━━━━━━━━━━━━━━━━━━━━━━━━━━━━━━━━━━━━━━
2026-06-26 07:51:52,449  INFO    PASO 2/3 — Restaurar BD y extraer Ventas Full
2026-06-26 07:51:52,450  INFO  ━━━━━━━━━━━━━━━━━━━━━━━━━━━━━━━━━━━━━━━━━━━━━━━━━━━━━━━
2026-06-26 07:51:58,386  INFO  ============================================================
2026-06-26 07:51:58,387  INFO    PASO 1 — Restaurar BD y extraer Múltiples Reportes
2026-06-26 07:51:58,387  INFO  ============================================================
2026-06-26 07:51:58,401  INFO  Usando .bak de ultimo_bak.txt: 2026-6-26-T779354202C_2026-06-26.bak
2026-06-26 07:51:58,402  INFO  Usando backup: 2026-6-26-T779354202C_2026-06-26.bak
2026-06-26 07:51:58,402  INFO  Restaurando 2026-6-26-T779354202C_2026-06-26.bak como 'T779354202C'...
2026-06-26 07:51:58,404  INFO  Copiando .bak a C:\Program Files\Microsoft SQL Server\MSSQL17.SQLEXPRESS\MSSQL\DATA\2026-6-26-T779354202C_2026-06-26.bak...
2026-06-26 07:51:59,543  INFO  Ejecutando RESTORE DATABASE...
2026-06-26 07:52:49,708  INFO  ✅ BD 'T779354202C' restaurada correctamente.
2026-06-26 07:52:49,709  INFO  Conectando a 'T779354202C' para extraer reportes...
2026-06-26 07:52:49,763  INFO  Ejecutando: Aceros...
2026-06-26 07:52:50,105  INFO    └─ 72 filas extraídas.
2026-06-26 07:52:50,106  INFO  Ejecutando: base_completo...
2026-06-26 07:52:52,087  INFO    └─ 9,522 filas extraídas.
2026-06-26 07:52:52,088  INFO  Ejecutando: calendario...
2026-06-26 07:52:52,316  INFO    └─ 84 filas extraídas.
2026-06-26 07:52:52,316  INFO  Ejecutando: Consumos_acero...
2026-06-26 07:52:52,435  INFO    └─ 123 filas extraídas.
2026-06-26 07:52:52,435  INFO  Ejecutando: Consumos_pol...
2026-06-26 07:52:52,517  INFO    └─ 26 filas extraídas.
2026-06-26 07:52:52,518  INFO  Ejecutando: Cotizaciones...
2026-06-26 07:52:52,619  INFO    └─ 3,774 filas extraídas.
2026-06-26 07:52:52,620  INFO  Ejecutando: Guias...
2026-06-26 07:52:53,021  INFO    └─ 9,778 filas extraídas.
2026-06-26 07:52:53,021  INFO  Ejecutando: Inventario_aceros...
2026-06-26 07:52:53,087  INFO    └─ 173 filas extraídas.
2026-06-26 07:52:53,088  INFO  Ejecutando: Notas_de_venta...
2026-06-26 07:52:53,147  INFO    └─ 851 filas extraídas.
2026-06-26 07:52:53,148  INFO  Ejecutando: Ordenes_de_Compra...
2026-06-26 07:52:53,295  INFO    └─ 287 filas extraídas.
2026-06-26 07:52:53,295  INFO  Ejecutando: Ordenes_de_produccion...
2026-06-26 07:52:53,528  INFO    └─ 3,412 filas extraídas.
2026-06-26 07:52:53,529  INFO  Ejecutando: Pendiente_a_facturar...
2026-06-26 07:52:53,569  ERROR    └─ Error ejecutando Pendiente_a_facturar: ('42000', '[42000] [Microsoft][ODBC Driver 17 for SQL Server][SQL Server]ORDER BY items must appear in the select list if SELECT DISTINCT is specified. (145) (SQLExecDirectW)')
2026-06-26 07:52:53,569  INFO  Ejecutando: Productos_Stock...
2026-06-26 07:52:53,600  INFO    └─ 127 filas extraídas.
2026-06-26 07:52:53,600  INFO  Ejecutando: Stock_vendido...
2026-06-26 07:52:53,672  INFO    └─ 175 filas extraídas.
2026-06-26 07:52:53,672  INFO  Ejecutando: Vales_de_Salida...
2026-06-26 07:52:53,690  ERROR    └─ Error ejecutando Vales_de_Salida: ('42000', '[42000] [Microsoft][ODBC Driver 17 for SQL Server][SQL Server]ORDER BY items must appear in the select list if SELECT DISTINCT is specified. (145) (SQLExecDirectW)')
2026-06-26 07:52:53,691  INFO  Ejecutando: Ventas_Full...
2026-06-26 07:52:54,203  INFO    └─ 2,125 filas extraídas.
2026-06-26 07:52:54,203  INFO  Ejecutando: WIP...
2026-06-26 07:52:54,283  INFO    └─ 40 filas extraídas.
2026-06-26 07:52:54,285  INFO  Exportando a Excel multipestaña: C:\Reportes\VentasFull\Reportes_Completos_2026-06-26.xlsx
2026-06-26 07:54:41,649  WARNING    └─ Stock_vendido: columnas duplicadas renombradas
2026-06-26 07:55:13,455  INFO  ✅ Excel generado: C:\Reportes\VentasFull\Reportes_Completos_2026-06-26.xlsx (3.5 MB)
2026-06-26 07:55:13,457  INFO  ✅ Proceso Completado → C:\Reportes\VentasFull\Reportes_Completos_2026-06-26.xlsx
2026-06-26 07:55:13,474  INFO  
2026-06-26 07:55:13,474  INFO  ━━━━━━━━━━━━━━━━━━━━━━━━━━━━━━━━━━━━━━━━━━━━━━━━━━━━━━━
2026-06-26 07:55:13,475  INFO    PASO 3/3 — Subir Excel a Google Drive
2026-06-26 07:55:13,475  INFO  ━━━━━━━━━━━━━━━━━━━━━━━━━━━━━━━━━━━━━━━━━━━━━━━━━━━━━━━
2026-06-26 07:55:18,901  INFO  =======================================================
2026-06-26 07:55:18,902  INFO    PASO 2 — Subir a Drive y actualizar Google Sheets
2026-06-26 07:55:18,903  INFO  =======================================================
2026-06-26 07:55:18,915  INFO  Procesando: Reportes_Completos_2026-06-26.xlsx (3.5 MB)
2026-06-26 07:55:19,010  INFO  file_cache is only supported with oauth2client<4.0.0
2026-06-26 07:55:19,039  INFO  file_cache is only supported with oauth2client<4.0.0
2026-06-26 07:55:20,826  INFO  Creando Excel nuevo en Drive...
2026-06-26 07:55:23,487  INFO  ✅ Excel subido a Drive: Reportes_Completos_Actualizado.xlsx
2026-06-26 07:55:23,488  INFO  Leyendo Excel para actualizar Google Sheets...
2026-06-26 07:55:23,542  INFO  Pestañas encontradas en Excel: ['Aceros', 'base_completo', 'calendario', 'Consumos_acero', 'Consumos_pol', 'Cotizaciones', 'Guias', 'Inventario_aceros', 'Notas_de_venta', 'Ordenes_de_Compra', 'Ordenes_de_produccion', 'Productos_Stock', 'Stock_vendido', 'Ventas_Full', 'WIP']
2026-06-26 07:55:25,421  INFO  Actualizando Base Produccion → 'Orden de Produccion' (3,412 filas)...
2026-06-26 07:55:26,867  INFO    Limpiando hoja 'Orden de Produccion'...
2026-06-26 07:55:27,900  INFO    Escribiendo 3,412 filas en 'Orden de Produccion'...
2026-06-26 07:55:30,236  INFO    ✅ Hoja 'Orden de Produccion' actualizada.
2026-06-26 07:55:30,320  INFO  Actualizando Base Produccion → 'Por Facturar' (84 filas)...
2026-06-26 07:55:31,049  INFO    Limpiando hoja 'Por Facturar'...
2026-06-26 07:55:31,389  INFO    Escribiendo 84 filas en 'Por Facturar'...
2026-06-26 07:55:31,683  INFO    ✅ Hoja 'Por Facturar' actualizada.
2026-06-26 07:55:31,768  INFO  Actualizando Base Produccion → 'Control Inventario' (173 filas)...
2026-06-26 07:55:32,357  INFO    Limpiando hoja 'Control Inventario'...
2026-06-26 07:55:32,631  INFO    Escribiendo 173 filas en 'Control Inventario'...
2026-06-26 07:55:33,033  INFO    ✅ Hoja 'Control Inventario' actualizada.
2026-06-26 07:55:33,311  INFO  Actualizando Base Produccion → 'Notas de Venta' (851 filas)...
2026-06-26 07:55:33,830  INFO    Limpiando hoja 'Notas de Venta'...
2026-06-26 07:55:34,178  INFO    Escribiendo 851 filas en 'Notas de Venta'...
2026-06-26 07:55:34,744  INFO    ✅ Hoja 'Notas de Venta' actualizada.
2026-06-26 07:55:34,787  INFO  Actualizando Base Produccion → 'Vales de Salida' (72 filas)...
2026-06-26 07:55:35,258  INFO    Limpiando hoja 'Vales de Salida'...
2026-06-26 07:55:35,698  INFO    Escribiendo 72 filas en 'Vales de Salida'...
2026-06-26 07:55:35,954  INFO    ✅ Hoja 'Vales de Salida' actualizada.
2026-06-26 07:55:35,999  INFO  Actualizando Base Produccion → 'Stock' (127 filas)...
2026-06-26 07:55:36,480  INFO    Limpiando hoja 'Stock'...
2026-06-26 07:55:36,757  INFO    Escribiendo 127 filas en 'Stock'...
2026-06-26 07:55:37,033  INFO    ✅ Hoja 'Stock' actualizada.
2026-06-26 07:55:37,085  INFO  Actualizando Base Produccion → 'Consumos POL' (26 filas)...
2026-06-26 07:55:37,588  INFO    Limpiando hoja 'Consumos POL'...
2026-06-26 07:55:37,829  INFO    Escribiendo 26 filas en 'Consumos POL'...
2026-06-26 07:55:38,078  INFO    ✅ Hoja 'Consumos POL' actualizada.
2026-06-26 07:55:39,340  INFO  Actualizando Base Produccion → 'Ventas_Full' (2,125 filas)...
2026-06-26 07:55:40,010  INFO    Limpiando hoja 'Ventas_Full'...
2026-06-26 07:55:40,542  INFO    Escribiendo 2,125 filas en 'Ventas_Full'...
2026-06-26 07:55:42,665  INFO    ✅ Hoja 'Ventas_Full' actualizada.
2026-06-26 07:55:42,711  INFO  Actualizando Base Produccion → 'WIP' (40 filas)...
2026-06-26 07:55:43,268  INFO    Limpiando hoja 'WIP'...
2026-06-26 07:55:43,521  INFO    Escribiendo 40 filas en 'WIP'...
2026-06-26 07:55:43,787  INFO    ✅ Hoja 'WIP' actualizada.
2026-06-26 07:55:43,849  INFO  Actualizando Base Produccion → 'Stock Vendido' (175 filas)...
2026-06-26 07:55:44,522  INFO    Limpiando hoja 'Stock Vendido'...
2026-06-26 07:55:44,892  INFO    Escribiendo 175 filas en 'Stock Vendido'...
2026-06-26 07:55:45,185  INFO    ✅ Hoja 'Stock Vendido' actualizada.
2026-06-26 07:55:45,224  INFO  Actualizando Base Produccion → 'Consumos Acero' (123 filas)...
2026-06-26 07:55:45,832  INFO    Limpiando hoja 'Consumos Acero'...
2026-06-26 07:55:46,106  INFO    Escribiendo 123 filas en 'Consumos Acero'...
2026-06-26 07:55:46,385  INFO    ✅ Hoja 'Consumos Acero' actualizada.
2026-06-26 07:55:48,326  INFO  Actualizando Base Produccion → 'Guias' (9,778 filas)...
2026-06-26 07:55:48,945  INFO    Limpiando hoja 'Guias'...
2026-06-26 07:55:49,660  INFO    Escribiendo 9,778 filas en 'Guias'...
2026-06-26 07:55:52,591  INFO    ✅ Hoja 'Guias' actualizada.
2026-06-26 07:55:53,929  INFO  Actualizando Presupuestos → 'Ventas Full Manager' (2,125 filas)...
2026-06-26 07:55:54,971  INFO    Limpiando hoja 'Ventas Full Manager'...
2026-06-26 07:55:55,657  INFO    Escribiendo 2,125 filas en 'Ventas Full Manager'...
2026-06-26 07:55:59,810  INFO    ✅ Hoja 'Ventas Full Manager' actualizada.
2026-06-26 07:56:00,130  INFO  Actualizando Presupuestos → 'Notas de Venta' (851 filas)...
2026-06-26 07:56:00,980  INFO    Limpiando hoja 'Notas de Venta'...
2026-06-26 07:56:01,444  INFO    Escribiendo 851 filas en 'Notas de Venta'...
2026-06-26 07:56:02,192  INFO    ✅ Hoja 'Notas de Venta' actualizada.
2026-06-26 07:56:02,755  INFO  Actualizando Presupuestos → 'Cotizaciones' (3,774 filas)...
2026-06-26 07:56:03,514  INFO    Limpiando hoja 'Cotizaciones'...
2026-06-26 07:56:04,038  INFO    Escribiendo 3,774 filas en 'Cotizaciones'...
2026-06-26 07:56:05,333  INFO    ✅ Hoja 'Cotizaciones' actualizada.
2026-06-26 07:56:05,417  INFO  Actualizando Presupuestos → 'Calendario' (84 filas)...
2026-06-26 07:56:06,023  INFO    Limpiando hoja 'Calendario'...
2026-06-26 07:56:06,311  INFO    Escribiendo 84 filas en 'Calendario'...
2026-06-26 07:56:06,592  INFO    ✅ Hoja 'Calendario' actualizada.
2026-06-26 07:56:06,592  INFO  
2026-06-26 07:56:06,593  INFO  ✅ Todo actualizado:
2026-06-26 07:56:06,593  INFO     📁 Drive: Reportes_Completos_Actualizado.xlsx
2026-06-26 07:56:06,594  INFO     📊 Base Produccion: ['Orden de Produccion', 'Por Facturar', 'Control Inventario', 'Notas de Venta', 'Vales de Salida', 'Stock', 'Consumos POL', 'Ventas_Full', 'WIP', 'Stock Vendido', 'Consumos Acero', 'Guias']
2026-06-26 07:56:06,594  INFO     📊 Presupuestos: Ventas Full Manager
2026-06-26 07:56:06,599  INFO  
2026-06-26 07:56:06,599  INFO  ╔═════════════════════════════════════════════════════╗
2026-06-26 07:56:06,620  INFO  ║  ✅ PIPELINE COMPLETADO en 354s                      ║
2026-06-26 07:56:06,621  INFO  ║  📊 Excel en Drive: VentasFull_Actualizado.xlsx      ║
2026-06-26 07:56:06,622  INFO  ╚═════════════════════════════════════════════════════╝
2026-06-26 07:56:07,306  INFO  ╔═════════════════════════════════════════════════════╗
2026-06-26 07:56:07,307  INFO  ║   PIPELINE VENTAS FULL — Inicio: 2026-06-26 07:56   ║
2026-06-26 07:56:07,307  INFO  ╚═════════════════════════════════════════════════════╝
2026-06-26 07:56:07,307  INFO  
2026-06-26 07:56:07,307  INFO  ━━━━━━━━━━━━━━━━━━━━━━━━━━━━━━━━━━━━━━━━━━━━━━━━━━━━━━━
2026-06-26 07:56:07,307  INFO    PASO 1/3 — Descargar backup desde Manager
2026-06-26 07:56:07,307  INFO  ━━━━━━━━━━━━━━━━━━━━━━━━━━━━━━━━━━━━━━━━━━━━━━━━━━━━━━━
2026-06-26 07:56:07,817  INFO  =======================================================
2026-06-26 07:56:07,818  INFO    Iniciando descarga automática de backup Manager
2026-06-26 07:56:07,818  INFO  =======================================================
2026-06-26 07:56:07,819  INFO  ====== WebDriver manager ======
2026-06-26 07:56:09,347  INFO  Get LATEST chromedriver version for google-chrome
2026-06-26 07:56:09,805  INFO  Get LATEST chromedriver version for google-chrome
2026-06-26 07:56:10,236  INFO  Driver [C:\Users\atorr\.wdm\drivers\chromedriver\win64\149.0.7827.155\chromedriver-win32/chromedriver.exe] found in cache
2026-06-26 07:56:11,847  INFO  Abriendo login: https://prodkernel.manager.cl/index.html
2026-06-26 07:56:13,758  INFO  Inputs visibles: 3
2026-06-26 07:56:14,148  INFO  Login enviado...
2026-06-26 07:56:18,161  INFO  ✅ Login exitoso. session_id: 25355b99...
2026-06-26 07:56:18,162  INFO  Navegando a: https://prodkernel.manager.cl/managerbackups.html?session_id=25355b99701c35501c0ce978f02516cd&cd=prodkernel
2026-06-26 07:56:18,287  INFO  Recarga 1/10...
2026-06-26 07:56:22,407  INFO    filas .bak encontradas: 0
2026-06-26 07:56:22,407  INFO  Recarga 2/10...
2026-06-26 07:56:26,510  INFO    filas .bak encontradas: 3
2026-06-26 07:56:26,511  INFO  ✅ Tabla cargada en recarga 2.
2026-06-26 07:56:26,566  INFO    Ignorando: 2026-6-26-T779354202A.bak
2026-06-26 07:56:26,615  INFO    Ignorando: 2026-6-26-T779354202B.bak
2026-06-26 07:56:26,665  INFO  Backup seleccionado: 2026-6-26-T779354202C.bak (2026-06-26 10:19:21+00:00)
2026-06-26 07:56:26,677  INFO  HTML fila completa: <td class="bucket">mng-respaldos-poliuretano</td><td class="Key">2026-6-26-T779354202C.bak</td><td class="LastModified">2026-06-26 10:19:21+00:00</td><td class="Size">0.19 GB</td><td class="presigned_url" style="display: none;">https://mng-respaldos-poliuretano.s3.amazonaws.com/2026-6-26-T779354202C.bak?AWSAccessKeyId=AKIAZPIFFWJDVFW267ZG&amp;Signature=M9IjskN%2Bt9eaUk2cqtpsqnU0zmk%3D&amp;Expires=1782475283</td><td><i onclick="downloadbackup($(this).parent().parent())" class="fas fa-download"></
2026-06-26 07:56:29,008  INFO  Descargando 2026-6-26-T779354202C.bak desde S3...
2026-06-26 07:56:38,385  INFO    10 MB / 187 MB (6%)
2026-06-26 07:56:45,543  INFO    21 MB / 187 MB (11%)
2026-06-26 07:56:49,813  INFO    31 MB / 187 MB (17%)
2026-06-26 07:56:52,021  INFO    42 MB / 187 MB (22%)
2026-06-26 07:56:53,489  INFO    52 MB / 187 MB (28%)
2026-06-26 07:56:54,604  INFO    63 MB / 187 MB (34%)
2026-06-26 07:56:55,600  INFO    73 MB / 187 MB (39%)
2026-06-26 07:56:56,716  INFO    84 MB / 187 MB (45%)
2026-06-26 07:56:58,138  INFO    94 MB / 187 MB (51%)
2026-06-26 07:56:59,489  INFO    105 MB / 187 MB (56%)
2026-06-26 07:57:00,788  INFO    115 MB / 187 MB (62%)
2026-06-26 07:57:02,064  INFO    126 MB / 187 MB (67%)
2026-06-26 07:57:03,336  INFO    136 MB / 187 MB (73%)
2026-06-26 07:57:04,595  INFO    147 MB / 187 MB (79%)
2026-06-26 07:57:05,869  INFO    157 MB / 187 MB (84%)
2026-06-26 07:57:07,115  INFO    168 MB / 187 MB (90%)
2026-06-26 07:57:08,344  INFO    178 MB / 187 MB (95%)
2026-06-26 07:57:09,549  INFO  ✅ Descarga completa: 2026-6-26-T779354202C.bak (186.7 MB)
2026-06-26 07:57:09,555  INFO  Backup guardado en: C:\Backups\Manager\2026-6-26-T779354202C_2026-06-26_1782475029.bak
2026-06-26 07:57:09,555  INFO  ✅ Éxito — backup guardado en: C:\Backups\Manager\2026-6-26-T779354202C_2026-06-26_1782475029.bak
2026-06-26 07:57:13,616  WARNING  Retrying (Retry(total=2, connect=None, read=None, redirect=None, status=None)) after connection broken by 'NewConnectionError("HTTPConnection(host='localhost', port=54434): Failed to establish a new connection: [WinError 10061] No se puede establecer una conexión ya que el equipo de destino denegó expresamente dicha conexión")': /session/a5a42a735dbab7e3c58d9c6c747f6c53
2026-06-26 07:57:17,700  WARNING  Retrying (Retry(total=1, connect=None, read=None, redirect=None, status=None)) after connection broken by 'NewConnectionError("HTTPConnection(host='localhost', port=54434): Failed to establish a new connection: [WinError 10061] No se puede establecer una conexión ya que el equipo de destino denegó expresamente dicha conexión")': /session/a5a42a735dbab7e3c58d9c6c747f6c53
2026-06-26 07:57:21,761  WARNING  Retrying (Retry(total=0, connect=None, read=None, redirect=None, status=None)) after connection broken by 'NewConnectionError("HTTPConnection(host='localhost', port=54434): Failed to establish a new connection: [WinError 10061] No se puede establecer una conexión ya que el equipo de destino denegó expresamente dicha conexión")': /session/a5a42a735dbab7e3c58d9c6c747f6c53
2026-06-26 07:57:25,812  INFO  
2026-06-26 07:57:25,813  INFO  ━━━━━━━━━━━━━━━━━━━━━━━━━━━━━━━━━━━━━━━━━━━━━━━━━━━━━━━
2026-06-26 07:57:25,813  INFO    PASO 2/3 — Restaurar BD y extraer Ventas Full
2026-06-26 07:57:25,814  INFO  ━━━━━━━━━━━━━━━━━━━━━━━━━━━━━━━━━━━━━━━━━━━━━━━━━━━━━━━
2026-06-26 07:57:27,529  INFO  ============================================================
2026-06-26 07:57:27,529  INFO    PASO 1 — Restaurar BD y extraer Múltiples Reportes
2026-06-26 07:57:27,530  INFO  ============================================================
2026-06-26 07:57:27,548  INFO  Usando .bak de ultimo_bak.txt: 2026-6-26-T779354202C_2026-06-26_1782475029.bak
2026-06-26 07:57:27,548  INFO  Usando backup: 2026-6-26-T779354202C_2026-06-26_1782475029.bak
2026-06-26 07:57:27,549  INFO  Restaurando 2026-6-26-T779354202C_2026-06-26_1782475029.bak como 'T779354202C'...
2026-06-26 07:57:27,550  INFO  Copiando .bak a C:\Program Files\Microsoft SQL Server\MSSQL17.SQLEXPRESS\MSSQL\DATA\2026-6-26-T779354202C_2026-06-26_1782475029.bak...
2026-06-26 07:57:28,404  INFO  Ejecutando RESTORE DATABASE...
2026-06-26 07:58:13,090  INFO  ✅ BD 'T779354202C' restaurada correctamente.
2026-06-26 07:58:13,090  INFO  Conectando a 'T779354202C' para extraer reportes...
2026-06-26 07:58:13,134  INFO  Ejecutando: Aceros...
2026-06-26 07:58:13,416  INFO    └─ 72 filas extraídas.
2026-06-26 07:58:13,416  INFO  Ejecutando: base_completo...
2026-06-26 07:58:15,292  INFO    └─ 9,522 filas extraídas.
2026-06-26 07:58:15,292  INFO  Ejecutando: calendario...
2026-06-26 07:58:15,533  INFO    └─ 84 filas extraídas.
2026-06-26 07:58:15,533  INFO  Ejecutando: Consumos_acero...
2026-06-26 07:58:15,648  INFO    └─ 123 filas extraídas.
2026-06-26 07:58:15,648  INFO  Ejecutando: Consumos_pol...
2026-06-26 07:58:15,728  INFO    └─ 26 filas extraídas.
2026-06-26 07:58:15,729  INFO  Ejecutando: Cotizaciones...
2026-06-26 07:58:15,827  INFO    └─ 3,774 filas extraídas.
2026-06-26 07:58:15,827  INFO  Ejecutando: Guias...
2026-06-26 07:58:16,232  INFO    └─ 9,778 filas extraídas.
2026-06-26 07:58:16,233  INFO  Ejecutando: Inventario_aceros...
2026-06-26 07:58:16,280  INFO    └─ 173 filas extraídas.
2026-06-26 07:58:16,280  INFO  Ejecutando: Notas_de_venta...
2026-06-26 07:58:16,346  INFO    └─ 851 filas extraídas.
2026-06-26 07:58:16,347  INFO  Ejecutando: Ordenes_de_Compra...
2026-06-26 07:58:16,555  INFO    └─ 287 filas extraídas.
2026-06-26 07:58:16,555  INFO  Ejecutando: Ordenes_de_produccion...
2026-06-26 07:58:16,799  INFO    └─ 3,412 filas extraídas.
2026-06-26 07:58:16,800  INFO  Ejecutando: Pendiente_a_facturar...
2026-06-26 07:58:16,819  ERROR    └─ Error ejecutando Pendiente_a_facturar: ('42000', '[42000] [Microsoft][ODBC Driver 17 for SQL Server][SQL Server]ORDER BY items must appear in the select list if SELECT DISTINCT is specified. (145) (SQLExecDirectW)')
2026-06-26 07:58:16,820  INFO  Ejecutando: Productos_Stock...
2026-06-26 07:58:16,859  INFO    └─ 127 filas extraídas.
2026-06-26 07:58:16,860  INFO  Ejecutando: Stock_vendido...
2026-06-26 07:58:16,929  INFO    └─ 175 filas extraídas.
2026-06-26 07:58:16,929  INFO  Ejecutando: Vales_de_Salida...
2026-06-26 07:58:16,949  ERROR    └─ Error ejecutando Vales_de_Salida: ('42000', '[42000] [Microsoft][ODBC Driver 17 for SQL Server][SQL Server]ORDER BY items must appear in the select list if SELECT DISTINCT is specified. (145) (SQLExecDirectW)')
2026-06-26 07:58:16,949  INFO  Ejecutando: Ventas_Full...
2026-06-26 07:58:17,482  INFO    └─ 2,125 filas extraídas.
2026-06-26 07:58:17,482  INFO  Ejecutando: WIP...
2026-06-26 07:58:17,542  INFO    └─ 40 filas extraídas.
2026-06-26 07:58:17,544  INFO  Exportando a Excel multipestaña: C:\Reportes\VentasFull\Reportes_Completos_2026-06-26.xlsx
2026-06-26 07:59:54,300  WARNING    └─ Stock_vendido: columnas duplicadas renombradas
2026-06-26 08:00:23,355  INFO  ✅ Excel generado: C:\Reportes\VentasFull\Reportes_Completos_2026-06-26.xlsx (3.5 MB)
2026-06-26 08:00:23,356  INFO  ✅ Proceso Completado → C:\Reportes\VentasFull\Reportes_Completos_2026-06-26.xlsx
2026-06-26 08:00:23,380  INFO  
2026-06-26 08:00:23,385  INFO  ━━━━━━━━━━━━━━━━━━━━━━━━━━━━━━━━━━━━━━━━━━━━━━━━━━━━━━━
2026-06-26 08:00:23,385  INFO    PASO 3/3 — Subir Excel a Google Drive
2026-06-26 08:00:23,386  INFO  ━━━━━━━━━━━━━━━━━━━━━━━━━━━━━━━━━━━━━━━━━━━━━━━━━━━━━━━
2026-06-26 08:00:27,425  INFO  =======================================================
2026-06-26 08:00:27,425  INFO    PASO 2 — Subir a Drive y actualizar Google Sheets
2026-06-26 08:00:27,425  INFO  =======================================================
2026-06-26 08:00:27,440  INFO  Procesando: Reportes_Completos_2026-06-26.xlsx (3.5 MB)
2026-06-26 08:00:27,533  INFO  file_cache is only supported with oauth2client<4.0.0
2026-06-26 08:00:27,562  INFO  file_cache is only supported with oauth2client<4.0.0
2026-06-26 08:00:29,095  INFO  Creando Excel nuevo en Drive...
2026-06-26 08:00:31,658  INFO  ✅ Excel subido a Drive: Reportes_Completos_Actualizado.xlsx
2026-06-26 08:00:31,659  INFO  Leyendo Excel para actualizar Google Sheets...
2026-06-26 08:00:31,706  INFO  Pestañas encontradas en Excel: ['Aceros', 'base_completo', 'calendario', 'Consumos_acero', 'Consumos_pol', 'Cotizaciones', 'Guias', 'Inventario_aceros', 'Notas_de_venta', 'Ordenes_de_Compra', 'Ordenes_de_produccion', 'Productos_Stock', 'Stock_vendido', 'Ventas_Full', 'WIP']
2026-06-26 08:00:33,503  INFO  Actualizando Base Produccion → 'Orden de Produccion' (3,412 filas)...
2026-06-26 08:00:34,769  INFO    Limpiando hoja 'Orden de Produccion'...
2026-06-26 08:00:35,725  INFO    Escribiendo 3,412 filas en 'Orden de Produccion'...
2026-06-26 08:00:38,286  INFO    ✅ Hoja 'Orden de Produccion' actualizada.
2026-06-26 08:00:38,390  INFO  Actualizando Base Produccion → 'Por Facturar' (84 filas)...
2026-06-26 08:00:39,036  INFO    Limpiando hoja 'Por Facturar'...
2026-06-26 08:00:39,341  INFO    Escribiendo 84 filas en 'Por Facturar'...
2026-06-26 08:00:39,612  INFO    ✅ Hoja 'Por Facturar' actualizada.
2026-06-26 08:00:39,711  INFO  Actualizando Base Produccion → 'Control Inventario' (173 filas)...
2026-06-26 08:00:40,209  INFO    Limpiando hoja 'Control Inventario'...
2026-06-26 08:00:40,469  INFO    Escribiendo 173 filas en 'Control Inventario'...
2026-06-26 08:00:40,769  INFO    ✅ Hoja 'Control Inventario' actualizada.
2026-06-26 08:00:41,032  INFO  Actualizando Base Produccion → 'Notas de Venta' (851 filas)...
2026-06-26 08:00:41,509  INFO    Limpiando hoja 'Notas de Venta'...
2026-06-26 08:00:41,833  INFO    Escribiendo 851 filas en 'Notas de Venta'...
2026-06-26 08:00:42,432  INFO    ✅ Hoja 'Notas de Venta' actualizada.
2026-06-26 08:00:42,488  INFO  Actualizando Base Produccion → 'Vales de Salida' (72 filas)...
2026-06-26 08:00:43,025  INFO    Limpiando hoja 'Vales de Salida'...
2026-06-26 08:00:43,290  INFO    Escribiendo 72 filas en 'Vales de Salida'...
2026-06-26 08:00:43,554  INFO    ✅ Hoja 'Vales de Salida' actualizada.
2026-06-26 08:00:43,617  INFO  Actualizando Base Produccion → 'Stock' (127 filas)...
2026-06-26 08:00:44,107  INFO    Limpiando hoja 'Stock'...
2026-06-26 08:00:44,374  INFO    Escribiendo 127 filas en 'Stock'...
2026-06-26 08:00:44,670  INFO    ✅ Hoja 'Stock' actualizada.
2026-06-26 08:00:44,708  INFO  Actualizando Base Produccion → 'Consumos POL' (26 filas)...
2026-06-26 08:00:45,168  INFO    Limpiando hoja 'Consumos POL'...
2026-06-26 08:00:45,412  INFO    Escribiendo 26 filas en 'Consumos POL'...
2026-06-26 08:00:45,681  INFO    ✅ Hoja 'Consumos POL' actualizada.
2026-06-26 08:00:47,120  INFO  Actualizando Base Produccion → 'Ventas_Full' (2,125 filas)...
2026-06-26 08:00:47,582  INFO    Limpiando hoja 'Ventas_Full'...
2026-06-26 08:00:48,166  INFO    Escribiendo 2,125 filas en 'Ventas_Full'...
2026-06-26 08:00:50,119  INFO    ✅ Hoja 'Ventas_Full' actualizada.
2026-06-26 08:00:50,176  INFO  Actualizando Base Produccion → 'WIP' (40 filas)...
2026-06-26 08:00:51,040  INFO    Limpiando hoja 'WIP'...
2026-06-26 08:00:51,336  INFO    Escribiendo 40 filas en 'WIP'...
2026-06-26 08:00:51,591  INFO    ✅ Hoja 'WIP' actualizada.
2026-06-26 08:00:51,673  INFO  Actualizando Base Produccion → 'Stock Vendido' (175 filas)...
2026-06-26 08:00:52,122  INFO    Limpiando hoja 'Stock Vendido'...
2026-06-26 08:00:52,401  INFO    Escribiendo 175 filas en 'Stock Vendido'...
2026-06-26 08:00:52,673  INFO    ✅ Hoja 'Stock Vendido' actualizada.
2026-06-26 08:00:52,733  INFO  Actualizando Base Produccion → 'Consumos Acero' (123 filas)...
2026-06-26 08:00:53,201  INFO    Limpiando hoja 'Consumos Acero'...
2026-06-26 08:00:53,459  INFO    Escribiendo 123 filas en 'Consumos Acero'...
2026-06-26 08:00:53,715  INFO    ✅ Hoja 'Consumos Acero' actualizada.
2026-06-26 08:00:56,265  INFO  Actualizando Base Produccion → 'Guias' (9,778 filas)...
2026-06-26 08:00:56,731  INFO    Limpiando hoja 'Guias'...
2026-06-26 08:00:57,667  INFO    Escribiendo 9,778 filas en 'Guias'...
2026-06-26 08:01:00,652  INFO    ✅ Hoja 'Guias' actualizada.
2026-06-26 08:01:02,563  INFO  Actualizando Presupuestos → 'Ventas Full Manager' (2,125 filas)...
2026-06-26 08:01:03,426  INFO    Limpiando hoja 'Ventas Full Manager'...
2026-06-26 08:01:04,310  INFO    Escribiendo 2,125 filas en 'Ventas Full Manager'...
2026-06-26 08:01:06,516  INFO    ✅ Hoja 'Ventas Full Manager' actualizada.
2026-06-26 08:01:06,882  INFO  Actualizando Presupuestos → 'Notas de Venta' (851 filas)...
2026-06-26 08:01:07,623  INFO    Limpiando hoja 'Notas de Venta'...
2026-06-26 08:01:08,009  INFO    Escribiendo 851 filas en 'Notas de Venta'...
2026-06-26 08:01:08,758  INFO    ✅ Hoja 'Notas de Venta' actualizada.
2026-06-26 08:01:09,761  INFO  Actualizando Presupuestos → 'Cotizaciones' (3,774 filas)...
2026-06-26 08:01:10,371  INFO    Limpiando hoja 'Cotizaciones'...
2026-06-26 08:01:10,866  INFO    Escribiendo 3,774 filas en 'Cotizaciones'...
2026-06-26 08:01:12,129  INFO    ✅ Hoja 'Cotizaciones' actualizada.
2026-06-26 08:01:12,225  INFO  Actualizando Presupuestos → 'Calendario' (84 filas)...
2026-06-26 08:01:12,925  INFO    Limpiando hoja 'Calendario'...
2026-06-26 08:01:13,176  INFO    Escribiendo 84 filas en 'Calendario'...
2026-06-26 08:01:13,522  INFO    ✅ Hoja 'Calendario' actualizada.
2026-06-26 08:01:13,525  INFO  
2026-06-26 08:01:13,526  INFO  ✅ Todo actualizado:
2026-06-26 08:01:13,529  INFO     📁 Drive: Reportes_Completos_Actualizado.xlsx
2026-06-26 08:01:13,530  INFO     📊 Base Produccion: ['Orden de Produccion', 'Por Facturar', 'Control Inventario', 'Notas de Venta', 'Vales de Salida', 'Stock', 'Consumos POL', 'Ventas_Full', 'WIP', 'Stock Vendido', 'Consumos Acero', 'Guias']
2026-06-26 08:01:13,531  INFO     📊 Presupuestos: Ventas Full Manager
2026-06-26 08:01:13,534  INFO  
2026-06-26 08:01:13,535  INFO  ╔═════════════════════════════════════════════════════╗
2026-06-26 08:01:13,536  INFO  ║  ✅ PIPELINE COMPLETADO en 306s                      ║
2026-06-26 08:01:13,536  INFO  ║  📊 Excel en Drive: VentasFull_Actualizado.xlsx      ║
2026-06-26 08:01:13,537  INFO  ╚═════════════════════════════════════════════════════╝
2026-06-26 08:32:31,212  INFO  ╔═════════════════════════════════════════════════════╗
2026-06-26 08:32:31,212  INFO  ║   PIPELINE VENTAS FULL — Inicio: 2026-06-26 08:32   ║
2026-06-26 08:32:31,213  INFO  ╚═════════════════════════════════════════════════════╝
2026-06-26 08:32:31,213  INFO  
2026-06-26 08:32:31,213  INFO  ━━━━━━━━━━━━━━━━━━━━━━━━━━━━━━━━━━━━━━━━━━━━━━━━━━━━━━━
2026-06-26 08:32:31,214  INFO    PASO 1/3 — Descargar backup desde Manager
2026-06-26 08:32:31,214  INFO  ━━━━━━━━━━━━━━━━━━━━━━━━━━━━━━━━━━━━━━━━━━━━━━━━━━━━━━━
2026-06-26 08:32:32,036  INFO  =======================================================
2026-06-26 08:32:32,037  INFO    Iniciando descarga automática de backup Manager
2026-06-26 08:32:32,037  INFO  =======================================================
2026-06-26 08:32:32,039  INFO  ====== WebDriver manager ======
2026-06-26 08:32:34,160  INFO  Get LATEST chromedriver version for google-chrome
2026-06-26 08:32:34,643  INFO  Get LATEST chromedriver version for google-chrome
2026-06-26 08:32:35,092  INFO  Driver [C:\Users\atorr\.wdm\drivers\chromedriver\win64\149.0.7827.155\chromedriver-win32/chromedriver.exe] found in cache
2026-06-26 08:32:37,260  INFO  Abriendo login: https://prodkernel.manager.cl/index.html
2026-06-26 08:32:39,309  INFO  Inputs visibles: 3
2026-06-26 08:32:39,707  INFO  Login enviado...
2026-06-26 08:32:43,722  INFO  ✅ Login exitoso. session_id: 4bd07077...
2026-06-26 08:32:43,723  INFO  Navegando a: https://prodkernel.manager.cl/managerbackups.html?session_id=4bd07077c874b087eb679985eefe7c01&cd=prodkernel
2026-06-26 08:32:43,845  INFO  Recarga 1/10...
2026-06-26 08:32:47,948  INFO    filas .bak encontradas: 3
2026-06-26 08:32:47,949  INFO  ✅ Tabla cargada en recarga 1.
2026-06-26 08:32:48,016  INFO    Ignorando: 2026-6-26-T779354202A.bak
2026-06-26 08:32:48,059  INFO    Ignorando: 2026-6-26-T779354202B.bak
2026-06-26 08:32:48,099  INFO  Backup seleccionado: 2026-6-26-T779354202C.bak (2026-06-26 10:19:21+00:00)
2026-06-26 08:32:48,108  INFO  HTML fila completa: <td class="bucket">mng-respaldos-poliuretano</td><td class="Key">2026-6-26-T779354202C.bak</td><td class="LastModified">2026-06-26 10:19:21+00:00</td><td class="Size">0.19 GB</td><td class="presigned_url" style="display: none;">https://mng-respaldos-poliuretano.s3.amazonaws.com/2026-6-26-T779354202C.bak?AWSAccessKeyId=AKIAZPIFFWJDVFW267ZG&amp;Signature=QBRt72rauHcGRUxw8PzPhGu5pVo%3D&amp;Expires=1782477464</td><td><i onclick="downloadbackup($(this).parent().parent())" class="fas fa-download"></i>
2026-06-26 08:32:50,413  INFO  Descargando 2026-6-26-T779354202C.bak desde S3...
2026-06-26 08:32:58,146  INFO    10 MB / 187 MB (6%)
2026-06-26 08:33:04,244  INFO    21 MB / 187 MB (11%)
2026-06-26 08:33:09,087  INFO    31 MB / 187 MB (17%)
2026-06-26 08:33:12,471  INFO    42 MB / 187 MB (22%)
2026-06-26 08:33:15,368  INFO    52 MB / 187 MB (28%)
2026-06-26 08:33:18,170  INFO    63 MB / 187 MB (34%)
2026-06-26 08:33:21,639  INFO    73 MB / 187 MB (39%)
2026-06-26 08:33:25,414  INFO    84 MB / 187 MB (45%)
2026-06-26 08:33:29,242  INFO    94 MB / 187 MB (51%)
2026-06-26 08:33:35,367  INFO    105 MB / 187 MB (56%)
2026-06-26 08:33:40,082  INFO    115 MB / 187 MB (62%)
2026-06-26 08:33:42,614  INFO    126 MB / 187 MB (67%)
2026-06-26 08:33:44,256  INFO    136 MB / 187 MB (73%)
2026-06-26 08:33:45,839  INFO    147 MB / 187 MB (79%)
2026-06-26 08:33:47,325  INFO    157 MB / 187 MB (84%)
2026-06-26 08:33:48,707  INFO    168 MB / 187 MB (90%)
2026-06-26 08:33:50,007  INFO    178 MB / 187 MB (95%)
2026-06-26 08:33:51,241  INFO  ✅ Descarga completa: 2026-6-26-T779354202C.bak (186.7 MB)
2026-06-26 08:33:51,268  INFO  Backup guardado en: C:\Backups\Manager\2026-6-26-T779354202C_2026-06-26_1782477231.bak
2026-06-26 08:33:51,268  INFO  ✅ Éxito — backup guardado en: C:\Backups\Manager\2026-6-26-T779354202C_2026-06-26_1782477231.bak
2026-06-26 08:33:55,323  WARNING  Retrying (Retry(total=2, connect=None, read=None, redirect=None, status=None)) after connection broken by 'NewConnectionError("HTTPConnection(host='localhost', port=51257): Failed to establish a new connection: [WinError 10061] No se puede establecer una conexión ya que el equipo de destino denegó expresamente dicha conexión")': /session/9724dd6492f32b7bbc7243a44863a943
2026-06-26 08:33:59,395  WARNING  Retrying (Retry(total=1, connect=None, read=None, redirect=None, status=None)) after connection broken by 'NewConnectionError("HTTPConnection(host='localhost', port=51257): Failed to establish a new connection: [WinError 10061] No se puede establecer una conexión ya que el equipo de destino denegó expresamente dicha conexión")': /session/9724dd6492f32b7bbc7243a44863a943
2026-06-26 08:34:03,444  WARNING  Retrying (Retry(total=0, connect=None, read=None, redirect=None, status=None)) after connection broken by 'NewConnectionError("HTTPConnection(host='localhost', port=51257): Failed to establish a new connection: [WinError 10061] No se puede establecer una conexión ya que el equipo de destino denegó expresamente dicha conexión")': /session/9724dd6492f32b7bbc7243a44863a943
2026-06-26 08:34:07,499  INFO  
2026-06-26 08:34:07,500  INFO  ━━━━━━━━━━━━━━━━━━━━━━━━━━━━━━━━━━━━━━━━━━━━━━━━━━━━━━━
2026-06-26 08:34:07,500  INFO    PASO 2/3 — Restaurar BD y extraer Ventas Full
2026-06-26 08:34:07,500  INFO  ━━━━━━━━━━━━━━━━━━━━━━━━━━━━━━━━━━━━━━━━━━━━━━━━━━━━━━━
2026-06-26 08:34:11,849  INFO  ============================================================
2026-06-26 08:34:11,850  INFO    PASO 1 — Restaurar BD y extraer Múltiples Reportes
2026-06-26 08:34:11,850  INFO  ============================================================
2026-06-26 08:34:11,865  INFO  Usando .bak de ultimo_bak.txt: 2026-6-26-T779354202C_2026-06-26_1782477231.bak
2026-06-26 08:34:11,865  INFO  Usando backup: 2026-6-26-T779354202C_2026-06-26_1782477231.bak
2026-06-26 08:34:11,865  INFO  Restaurando 2026-6-26-T779354202C_2026-06-26_1782477231.bak como 'T779354202C'...
2026-06-26 08:34:11,866  INFO  Copiando .bak a C:\Program Files\Microsoft SQL Server\MSSQL17.SQLEXPRESS\MSSQL\DATA\2026-6-26-T779354202C_2026-06-26_1782477231.bak...
2026-06-26 08:34:15,740  INFO  Ejecutando RESTORE DATABASE...
2026-06-26 08:35:01,145  INFO  ✅ BD 'T779354202C' restaurada correctamente.
2026-06-26 08:35:01,146  INFO  Conectando a 'T779354202C' para extraer reportes...
2026-06-26 08:35:01,199  INFO  Ejecutando: Aceros...
2026-06-26 08:35:01,483  INFO    └─ 54 filas extraídas.
2026-06-26 08:35:01,484  INFO  Ejecutando: base_completo...
2026-06-26 08:35:03,158  INFO    └─ 9,522 filas extraídas.
2026-06-26 08:35:03,158  INFO  Ejecutando: calendario...
2026-06-26 08:35:03,380  INFO    └─ 84 filas extraídas.
2026-06-26 08:35:03,380  INFO  Ejecutando: Consumos_acero...
2026-06-26 08:35:03,491  INFO    └─ 123 filas extraídas.
2026-06-26 08:35:03,492  INFO  Ejecutando: Consumos_pol...
2026-06-26 08:35:03,575  INFO    └─ 26 filas extraídas.
2026-06-26 08:35:03,576  INFO  Ejecutando: Cotizaciones...
2026-06-26 08:35:03,659  INFO    └─ 3,774 filas extraídas.
2026-06-26 08:35:03,659  INFO  Ejecutando: Guias...
2026-06-26 08:35:03,972  INFO    └─ 9,778 filas extraídas.
2026-06-26 08:35:03,973  INFO  Ejecutando: Inventario_aceros...
2026-06-26 08:35:04,017  INFO    └─ 173 filas extraídas.
2026-06-26 08:35:04,018  INFO  Ejecutando: Notas_de_venta...
2026-06-26 08:35:04,065  INFO    └─ 851 filas extraídas.
2026-06-26 08:35:04,065  INFO  Ejecutando: Ordenes_de_Compra...
2026-06-26 08:35:04,186  INFO    └─ 287 filas extraídas.
2026-06-26 08:35:04,186  INFO  Ejecutando: Ordenes_de_produccion...
2026-06-26 08:35:04,364  INFO    └─ 3,412 filas extraídas.
2026-06-26 08:35:04,364  INFO  Ejecutando: Pendiente_a_facturar...
2026-06-26 08:35:04,369  ERROR    └─ Error ejecutando Pendiente_a_facturar: ('42000', '[42000] [Microsoft][ODBC Driver 17 for SQL Server][SQL Server]ORDER BY items must appear in the select list if SELECT DISTINCT is specified. (145) (SQLExecDirectW)')
2026-06-26 08:35:04,370  INFO  Ejecutando: Productos_Stock...
2026-06-26 08:35:04,410  INFO    └─ 127 filas extraídas.
2026-06-26 08:35:04,410  INFO  Ejecutando: Stock_vendido...
2026-06-26 08:35:04,469  INFO    └─ 175 filas extraídas.
2026-06-26 08:35:04,470  INFO  Ejecutando: Vales_de_Salida...
2026-06-26 08:35:04,479  ERROR    └─ Error ejecutando Vales_de_Salida: ('42000', '[42000] [Microsoft][ODBC Driver 17 for SQL Server][SQL Server]ORDER BY items must appear in the select list if SELECT DISTINCT is specified. (145) (SQLExecDirectW)')
2026-06-26 08:35:04,479  INFO  Ejecutando: Ventas_Full...
2026-06-26 08:35:04,925  INFO    └─ 2,125 filas extraídas.
2026-06-26 08:35:04,926  INFO  Ejecutando: WIP...
2026-06-26 08:35:04,966  INFO    └─ 40 filas extraídas.
2026-06-26 08:35:04,967  INFO  Exportando a Excel multipestaña: C:\Reportes\VentasFull\Reportes_Completos_2026-06-26.xlsx
2026-06-26 08:36:17,367  WARNING    └─ Stock_vendido: columnas duplicadas renombradas
2026-06-26 08:36:39,784  INFO  ✅ Excel generado: C:\Reportes\VentasFull\Reportes_Completos_2026-06-26.xlsx (3.5 MB)
2026-06-26 08:36:39,785  INFO  ✅ Proceso Completado → C:\Reportes\VentasFull\Reportes_Completos_2026-06-26.xlsx
2026-06-26 08:36:39,801  INFO  
2026-06-26 08:36:39,802  INFO  ━━━━━━━━━━━━━━━━━━━━━━━━━━━━━━━━━━━━━━━━━━━━━━━━━━━━━━━
2026-06-26 08:36:39,802  INFO    PASO 3/3 — Subir Excel a Google Drive
2026-06-26 08:36:39,802  INFO  ━━━━━━━━━━━━━━━━━━━━━━━━━━━━━━━━━━━━━━━━━━━━━━━━━━━━━━━
2026-06-26 08:36:41,543  INFO  =======================================================
2026-06-26 08:36:41,543  INFO    PASO 2 — Subir a Drive y actualizar Google Sheets
2026-06-26 08:36:41,544  INFO  =======================================================
2026-06-26 08:36:41,547  INFO  Procesando: Reportes_Completos_2026-06-26.xlsx (3.5 MB)
2026-06-26 08:36:41,607  INFO  file_cache is only supported with oauth2client<4.0.0
2026-06-26 08:36:41,611  INFO  file_cache is only supported with oauth2client<4.0.0
2026-06-26 08:36:44,393  INFO  Creando Excel nuevo en Drive...
2026-06-26 08:36:47,016  INFO  ✅ Excel subido a Drive: Reportes_Completos_Actualizado.xlsx
2026-06-26 08:36:47,016  INFO  Leyendo Excel para actualizar Google Sheets...
2026-06-26 08:36:47,059  INFO  Pestañas encontradas en Excel: ['Aceros', 'base_completo', 'calendario', 'Consumos_acero', 'Consumos_pol', 'Cotizaciones', 'Guias', 'Inventario_aceros', 'Notas_de_venta', 'Ordenes_de_Compra', 'Ordenes_de_produccion', 'Productos_Stock', 'Stock_vendido', 'Ventas_Full', 'WIP']
2026-06-26 08:36:48,358  INFO  Actualizando Base Produccion → 'Orden de Produccion' (3,412 filas)...
2026-06-26 08:36:50,248  INFO    Limpiando hoja 'Orden de Produccion'...
2026-06-26 08:36:51,359  INFO    Escribiendo 3,412 filas en 'Orden de Produccion'...
2026-06-26 08:36:54,615  INFO    ✅ Hoja 'Orden de Produccion' actualizada.
2026-06-26 08:36:54,685  INFO  Actualizando Base Produccion → 'Por Facturar' (84 filas)...
2026-06-26 08:36:55,549  INFO    Limpiando hoja 'Por Facturar'...
2026-06-26 08:36:55,986  INFO    Escribiendo 84 filas en 'Por Facturar'...
2026-06-26 08:36:56,446  INFO    ✅ Hoja 'Por Facturar' actualizada.
2026-06-26 08:36:56,520  INFO  Actualizando Base Produccion → 'Control Inventario' (173 filas)...
2026-06-26 08:36:57,352  INFO    Limpiando hoja 'Control Inventario'...
2026-06-26 08:36:57,642  INFO    Escribiendo 173 filas en 'Control Inventario'...
2026-06-26 08:36:58,188  INFO    ✅ Hoja 'Control Inventario' actualizada.
2026-06-26 08:36:58,426  INFO  Actualizando Base Produccion → 'Notas de Venta' (851 filas)...
2026-06-26 08:36:59,282  INFO    Limpiando hoja 'Notas de Venta'...
2026-06-26 08:36:59,769  INFO    Escribiendo 851 filas en 'Notas de Venta'...
2026-06-26 08:37:00,554  INFO    ✅ Hoja 'Notas de Venta' actualizada.
2026-06-26 08:37:00,599  INFO  Actualizando Base Produccion → 'Vales de Salida' (54 filas)...
2026-06-26 08:37:01,160  INFO    Limpiando hoja 'Vales de Salida'...
2026-06-26 08:37:01,463  INFO    Escribiendo 54 filas en 'Vales de Salida'...
2026-06-26 08:37:01,741  INFO    ✅ Hoja 'Vales de Salida' actualizada.
2026-06-26 08:37:01,791  INFO  Actualizando Base Produccion → 'Stock' (127 filas)...
2026-06-26 08:37:02,604  INFO    Limpiando hoja 'Stock'...
2026-06-26 08:37:02,926  INFO    Escribiendo 127 filas en 'Stock'...
2026-06-26 08:37:03,231  INFO    ✅ Hoja 'Stock' actualizada.
2026-06-26 08:37:03,261  INFO  Actualizando Base Produccion → 'Consumos POL' (26 filas)...
2026-06-26 08:37:03,964  INFO    Limpiando hoja 'Consumos POL'...
2026-06-26 08:37:04,265  INFO    Escribiendo 26 filas en 'Consumos POL'...
2026-06-26 08:37:04,693  INFO    ✅ Hoja 'Consumos POL' actualizada.
2026-06-26 08:37:06,109  INFO  Actualizando Base Produccion → 'Ventas_Full' (2,125 filas)...
2026-06-26 08:37:06,818  INFO    Limpiando hoja 'Ventas_Full'...
2026-06-26 08:37:07,931  INFO    Escribiendo 2,125 filas en 'Ventas_Full'...
2026-06-26 08:37:10,474  INFO    ✅ Hoja 'Ventas_Full' actualizada.
2026-06-26 08:37:10,534  INFO  Actualizando Base Produccion → 'WIP' (40 filas)...
2026-06-26 08:37:11,131  INFO    Limpiando hoja 'WIP'...
2026-06-26 08:37:11,418  INFO    Escribiendo 40 filas en 'WIP'...
2026-06-26 08:37:11,720  INFO    ✅ Hoja 'WIP' actualizada.
2026-06-26 08:37:11,800  INFO  Actualizando Base Produccion → 'Stock Vendido' (175 filas)...
2026-06-26 08:37:12,347  INFO    Limpiando hoja 'Stock Vendido'...
2026-06-26 08:37:12,647  INFO    Escribiendo 175 filas en 'Stock Vendido'...
2026-06-26 08:37:12,985  INFO    ✅ Hoja 'Stock Vendido' actualizada.
2026-06-26 08:37:13,047  INFO  Actualizando Base Produccion → 'Consumos Acero' (123 filas)...
2026-06-26 08:37:13,705  INFO    Limpiando hoja 'Consumos Acero'...
2026-06-26 08:37:14,149  INFO    Escribiendo 123 filas en 'Consumos Acero'...
2026-06-26 08:37:14,470  INFO    ✅ Hoja 'Consumos Acero' actualizada.
2026-06-26 08:37:16,929  INFO  Actualizando Base Produccion → 'Guias' (9,778 filas)...
2026-06-26 08:37:17,469  INFO    Limpiando hoja 'Guias'...
2026-06-26 08:37:18,625  INFO    Escribiendo 9,778 filas en 'Guias'...
2026-06-26 08:37:23,089  INFO    ✅ Hoja 'Guias' actualizada.
2026-06-26 08:37:26,471  INFO  Actualizando Presupuestos → 'Ventas Full Manager' (2,125 filas)...
2026-06-26 08:37:27,581  INFO    Limpiando hoja 'Ventas Full Manager'...
2026-06-26 08:37:28,903  INFO    Escribiendo 2,125 filas en 'Ventas Full Manager'...
2026-06-26 08:37:31,112  INFO    ✅ Hoja 'Ventas Full Manager' actualizada.
2026-06-26 08:37:31,446  INFO  Actualizando Presupuestos → 'Notas de Venta' (851 filas)...
2026-06-26 08:37:32,237  INFO    Limpiando hoja 'Notas de Venta'...
2026-06-26 08:37:32,631  INFO    Escribiendo 851 filas en 'Notas de Venta'...
2026-06-26 08:37:33,362  INFO    ✅ Hoja 'Notas de Venta' actualizada.
2026-06-26 08:37:34,130  INFO  Actualizando Presupuestos → 'Cotizaciones' (3,774 filas)...
2026-06-26 08:37:34,817  INFO    Limpiando hoja 'Cotizaciones'...
2026-06-26 08:37:35,392  INFO    Escribiendo 3,774 filas en 'Cotizaciones'...
2026-06-26 08:37:36,398  INFO    ✅ Hoja 'Cotizaciones' actualizada.
2026-06-26 08:37:36,473  INFO  Actualizando Presupuestos → 'Calendario' (84 filas)...
2026-06-26 08:37:37,285  INFO    Limpiando hoja 'Calendario'...
2026-06-26 08:37:37,614  INFO    Escribiendo 84 filas en 'Calendario'...
2026-06-26 08:37:38,009  INFO    ✅ Hoja 'Calendario' actualizada.
2026-06-26 08:37:38,010  INFO  
2026-06-26 08:37:38,010  INFO  ✅ Todo actualizado:
2026-06-26 08:37:38,011  INFO     📁 Drive: Reportes_Completos_Actualizado.xlsx
2026-06-26 08:37:38,011  INFO     📊 Base Produccion: ['Orden de Produccion', 'Por Facturar', 'Control Inventario', 'Notas de Venta', 'Vales de Salida', 'Stock', 'Consumos POL', 'Ventas_Full', 'WIP', 'Stock Vendido', 'Consumos Acero', 'Guias']
2026-06-26 08:37:38,011  INFO     📊 Presupuestos: Ventas Full Manager
2026-06-26 08:37:38,015  INFO  
2026-06-26 08:37:38,015  INFO  ╔═════════════════════════════════════════════════════╗
2026-06-26 08:37:38,016  INFO  ║  ✅ PIPELINE COMPLETADO en 306s                      ║
2026-06-26 08:37:38,016  INFO  ║  📊 Excel en Drive: VentasFull_Actualizado.xlsx      ║
2026-06-26 08:37:38,017  INFO  ╚═════════════════════════════════════════════════════╝
2026-06-26 10:04:25,537  INFO  ╔═════════════════════════════════════════════════════╗
2026-06-26 10:04:25,538  INFO  ║   PIPELINE VENTAS FULL — Inicio: 2026-06-26 10:04   ║
2026-06-26 10:04:25,538  INFO  ╚═════════════════════════════════════════════════════╝
2026-06-26 10:04:25,538  INFO  
2026-06-26 10:04:25,538  INFO  ━━━━━━━━━━━━━━━━━━━━━━━━━━━━━━━━━━━━━━━━━━━━━━━━━━━━━━━
2026-06-26 10:04:25,538  INFO    PASO 1/3 — Descargar backup desde Manager
2026-06-26 10:04:25,539  INFO  ━━━━━━━━━━━━━━━━━━━━━━━━━━━━━━━━━━━━━━━━━━━━━━━━━━━━━━━
2026-06-26 10:04:26,296  INFO  =======================================================
2026-06-26 10:04:26,296  INFO    Iniciando descarga automática de backup Manager
2026-06-26 10:04:26,296  INFO  =======================================================
2026-06-26 10:04:26,298  INFO  ====== WebDriver manager ======
2026-06-26 10:04:27,820  INFO  Get LATEST chromedriver version for google-chrome
2026-06-26 10:04:28,273  INFO  Get LATEST chromedriver version for google-chrome
2026-06-26 10:04:28,797  INFO  Driver [C:\Users\atorr\.wdm\drivers\chromedriver\win64\149.0.7827.155\chromedriver-win32/chromedriver.exe] found in cache
2026-06-26 10:04:32,435  INFO  Abriendo login: https://prodkernel.manager.cl/index.html
2026-06-26 10:04:34,459  INFO  Inputs visibles: 3
2026-06-26 10:04:34,860  INFO  Login enviado...
2026-06-26 10:04:38,879  INFO  ✅ Login exitoso. session_id: 09a20678...
2026-06-26 10:04:38,880  INFO  Navegando a: https://prodkernel.manager.cl/managerbackups.html?session_id=09a20678e1bb15d2831349186508946a&cd=prodkernel
2026-06-26 10:04:38,977  INFO  Recarga 1/10...
2026-06-26 10:04:43,076  INFO    filas .bak encontradas: 0
2026-06-26 10:04:43,076  INFO  Recarga 2/10...
2026-06-26 10:04:47,155  INFO    filas .bak encontradas: 3
2026-06-26 10:04:47,155  INFO  ✅ Tabla cargada en recarga 2.
2026-06-26 10:04:47,202  INFO    Ignorando: 2026-6-26-T779354202A.bak
2026-06-26 10:04:47,237  INFO    Ignorando: 2026-6-26-T779354202B.bak
2026-06-26 10:04:47,272  INFO  Backup seleccionado: 2026-6-26-T779354202C.bak (2026-06-26 10:19:21+00:00)
2026-06-26 10:04:47,283  INFO  HTML fila completa: <td class="bucket">mng-respaldos-poliuretano</td><td class="Key">2026-6-26-T779354202C.bak</td><td class="LastModified">2026-06-26 10:19:21+00:00</td><td class="Size">0.19 GB</td><td class="presigned_url" style="display: none;">https://mng-respaldos-poliuretano.s3.amazonaws.com/2026-6-26-T779354202C.bak?AWSAccessKeyId=AKIAZPIFFWJDVFW267ZG&amp;Signature=7EYzA9CqIRVE0mTKwdU77TWHNco%3D&amp;Expires=1782482982</td><td><i onclick="downloadbackup($(this).parent().parent())" class="fas fa-download"></i>
2026-06-26 10:04:49,647  INFO  Descargando 2026-6-26-T779354202C.bak desde S3...
2026-06-26 10:04:57,650  INFO    10 MB / 187 MB (6%)
2026-06-26 10:05:02,559  INFO    21 MB / 187 MB (11%)
2026-06-26 10:05:05,810  INFO    31 MB / 187 MB (17%)
2026-06-26 10:05:08,642  INFO    42 MB / 187 MB (22%)
2026-06-26 10:05:11,292  INFO    52 MB / 187 MB (28%)
2026-06-26 10:05:13,931  INFO    63 MB / 187 MB (34%)
2026-06-26 10:05:16,319  INFO    73 MB / 187 MB (39%)
2026-06-26 10:05:18,292  INFO    84 MB / 187 MB (45%)
2026-06-26 10:05:19,927  INFO    94 MB / 187 MB (51%)
2026-06-26 10:05:22,315  INFO    105 MB / 187 MB (56%)
2026-06-26 10:05:24,623  INFO    115 MB / 187 MB (62%)
2026-06-26 10:05:26,840  INFO    126 MB / 187 MB (67%)
2026-06-26 10:05:29,073  INFO    136 MB / 187 MB (73%)
2026-06-26 10:05:31,181  INFO    147 MB / 187 MB (79%)
2026-06-26 10:05:33,041  INFO    157 MB / 187 MB (84%)
2026-06-26 10:05:34,623  INFO    168 MB / 187 MB (90%)
2026-06-26 10:05:36,177  INFO    178 MB / 187 MB (95%)
2026-06-26 10:05:37,449  INFO  ✅ Descarga completa: 2026-6-26-T779354202C.bak (186.7 MB)
2026-06-26 10:05:37,453  INFO  Backup guardado en: C:\Backups\Manager\2026-6-26-T779354202C_2026-06-26_1782482737.bak
2026-06-26 10:05:37,453  INFO  ✅ Éxito — backup guardado en: C:\Backups\Manager\2026-6-26-T779354202C_2026-06-26_1782482737.bak
2026-06-26 10:05:41,540  WARNING  Retrying (Retry(total=2, connect=None, read=None, redirect=None, status=None)) after connection broken by 'NewConnectionError("HTTPConnection(host='localhost', port=54662): Failed to establish a new connection: [WinError 10061] No se puede establecer una conexión ya que el equipo de destino denegó expresamente dicha conexión")': /session/585eec4f46cf02d873c38eedfadfa7af
2026-06-26 10:05:45,601  WARNING  Retrying (Retry(total=1, connect=None, read=None, redirect=None, status=None)) after connection broken by 'NewConnectionError("HTTPConnection(host='localhost', port=54662): Failed to establish a new connection: [WinError 10061] No se puede establecer una conexión ya que el equipo de destino denegó expresamente dicha conexión")': /session/585eec4f46cf02d873c38eedfadfa7af
2026-06-26 10:05:49,693  WARNING  Retrying (Retry(total=0, connect=None, read=None, redirect=None, status=None)) after connection broken by 'NewConnectionError("HTTPConnection(host='localhost', port=54662): Failed to establish a new connection: [WinError 10061] No se puede establecer una conexión ya que el equipo de destino denegó expresamente dicha conexión")': /session/585eec4f46cf02d873c38eedfadfa7af
2026-06-26 10:05:53,771  INFO  
2026-06-26 10:05:53,771  INFO  ━━━━━━━━━━━━━━━━━━━━━━━━━━━━━━━━━━━━━━━━━━━━━━━━━━━━━━━
2026-06-26 10:05:53,771  INFO    PASO 2/3 — Restaurar BD y extraer Ventas Full
2026-06-26 10:05:53,771  INFO  ━━━━━━━━━━━━━━━━━━━━━━━━━━━━━━━━━━━━━━━━━━━━━━━━━━━━━━━
2026-06-26 10:05:55,762  INFO  ============================================================
2026-06-26 10:05:55,762  INFO    PASO 1 — Restaurar BD y extraer Múltiples Reportes
2026-06-26 10:05:55,763  INFO  ============================================================
2026-06-26 10:05:55,777  INFO  Usando .bak de ultimo_bak.txt: 2026-6-26-T779354202C_2026-06-26_1782482737.bak
2026-06-26 10:05:55,778  INFO  Usando backup: 2026-6-26-T779354202C_2026-06-26_1782482737.bak
2026-06-26 10:05:55,778  INFO  Restaurando 2026-6-26-T779354202C_2026-06-26_1782482737.bak como 'T779354202C'...
2026-06-26 10:05:55,778  INFO  Copiando .bak a C:\Program Files\Microsoft SQL Server\MSSQL17.SQLEXPRESS\MSSQL\DATA\2026-6-26-T779354202C_2026-06-26_1782482737.bak...
2026-06-26 10:05:56,518  INFO  Ejecutando RESTORE DATABASE...
2026-06-26 10:06:41,438  INFO  ✅ BD 'T779354202C' restaurada correctamente.
2026-06-26 10:06:41,439  INFO  Conectando a 'T779354202C' para extraer reportes...
2026-06-26 10:06:41,503  INFO  Ejecutando: Aceros...
2026-06-26 10:06:41,787  INFO    └─ 54 filas extraídas.
2026-06-26 10:06:41,787  INFO  Ejecutando: base_completo...
2026-06-26 10:06:43,614  INFO    └─ 9,522 filas extraídas.
2026-06-26 10:06:43,614  INFO  Ejecutando: calendario...
2026-06-26 10:06:43,818  INFO    └─ 84 filas extraídas.
2026-06-26 10:06:43,818  INFO  Ejecutando: Consumos_acero...
2026-06-26 10:06:43,920  INFO    └─ 123 filas extraídas.
2026-06-26 10:06:43,920  INFO  Ejecutando: Consumos_pol...
2026-06-26 10:06:43,991  INFO    └─ 26 filas extraídas.
2026-06-26 10:06:43,991  INFO  Ejecutando: Cotizaciones...
2026-06-26 10:06:44,081  INFO    └─ 3,774 filas extraídas.
2026-06-26 10:06:44,082  INFO  Ejecutando: Guias...
2026-06-26 10:06:44,522  INFO    └─ 9,778 filas extraídas.
2026-06-26 10:06:44,522  INFO  Ejecutando: Inventario_aceros...
2026-06-26 10:06:44,547  INFO    └─ 173 filas extraídas.
2026-06-26 10:06:44,548  INFO  Ejecutando: Notas_de_venta...
2026-06-26 10:06:44,591  INFO    └─ 851 filas extraídas.
2026-06-26 10:06:44,591  INFO  Ejecutando: Ordenes_de_Compra...
2026-06-26 10:06:44,724  INFO    └─ 287 filas extraídas.
2026-06-26 10:06:44,724  INFO  Ejecutando: Ordenes_de_produccion...
2026-06-26 10:06:44,943  INFO    └─ 3,412 filas extraídas.
2026-06-26 10:06:44,944  INFO  Ejecutando: Pendiente_a_facturar...
2026-06-26 10:06:44,954  ERROR    └─ Error ejecutando Pendiente_a_facturar: ('42000', '[42000] [Microsoft][ODBC Driver 17 for SQL Server][SQL Server]ORDER BY items must appear in the select list if SELECT DISTINCT is specified. (145) (SQLExecDirectW)')
2026-06-26 10:06:44,954  INFO  Ejecutando: Productos_Stock...
2026-06-26 10:06:44,973  INFO    └─ 127 filas extraídas.
2026-06-26 10:06:44,974  INFO  Ejecutando: Stock_vendido...
2026-06-26 10:06:45,031  INFO    └─ 175 filas extraídas.
2026-06-26 10:06:45,031  INFO  Ejecutando: Vales_de_Salida...
2026-06-26 10:06:45,038  ERROR    └─ Error ejecutando Vales_de_Salida: ('42000', '[42000] [Microsoft][ODBC Driver 17 for SQL Server][SQL Server]ORDER BY items must appear in the select list if SELECT DISTINCT is specified. (145) (SQLExecDirectW)')
2026-06-26 10:06:45,039  INFO  Ejecutando: Ventas_Full...
2026-06-26 10:06:45,572  INFO    └─ 2,125 filas extraídas.
2026-06-26 10:06:45,572  INFO  Ejecutando: WIP...
2026-06-26 10:06:45,614  INFO    └─ 40 filas extraídas.
2026-06-26 10:06:45,617  INFO  Exportando a Excel multipestaña: C:\Reportes\VentasFull\Reportes_Completos_2026-06-26.xlsx
2026-06-26 10:08:26,816  WARNING    └─ Stock_vendido: columnas duplicadas renombradas
2026-06-26 10:08:58,359  INFO  ✅ Excel generado: C:\Reportes\VentasFull\Reportes_Completos_2026-06-26.xlsx (3.5 MB)
2026-06-26 10:08:58,361  INFO  ✅ Proceso Completado → C:\Reportes\VentasFull\Reportes_Completos_2026-06-26.xlsx
2026-06-26 10:08:58,379  INFO  
2026-06-26 10:08:58,379  INFO  ━━━━━━━━━━━━━━━━━━━━━━━━━━━━━━━━━━━━━━━━━━━━━━━━━━━━━━━
2026-06-26 10:08:58,380  INFO    PASO 3/3 — Subir Excel a Google Drive
2026-06-26 10:08:58,380  INFO  ━━━━━━━━━━━━━━━━━━━━━━━━━━━━━━━━━━━━━━━━━━━━━━━━━━━━━━━
2026-06-26 10:09:01,123  INFO  =======================================================
2026-06-26 10:09:01,123  INFO    PASO 2 — Subir a Drive y actualizar Google Sheets
2026-06-26 10:09:01,123  INFO  =======================================================
2026-06-26 10:09:01,139  INFO  Procesando: Reportes_Completos_2026-06-26.xlsx (3.5 MB)
2026-06-26 10:09:01,283  INFO  file_cache is only supported with oauth2client<4.0.0
2026-06-26 10:09:01,291  INFO  file_cache is only supported with oauth2client<4.0.0
2026-06-26 10:09:02,882  INFO  Creando Excel nuevo en Drive...
2026-06-26 10:09:05,750  INFO  ✅ Excel subido a Drive: Reportes_Completos_Actualizado.xlsx
2026-06-26 10:09:05,751  INFO  Leyendo Excel para actualizar Google Sheets...
2026-06-26 10:09:05,787  INFO  Pestañas encontradas en Excel: ['Aceros', 'base_completo', 'calendario', 'Consumos_acero', 'Consumos_pol', 'Cotizaciones', 'Guias', 'Inventario_aceros', 'Notas_de_venta', 'Ordenes_de_Compra', 'Ordenes_de_produccion', 'Productos_Stock', 'Stock_vendido', 'Ventas_Full', 'WIP']
2026-06-26 10:09:07,373  INFO  Actualizando Base Produccion → 'Orden de Produccion' (3,412 filas)...
2026-06-26 10:09:08,697  INFO    Limpiando hoja 'Orden de Produccion'...
2026-06-26 10:09:09,620  INFO    Escribiendo 3,412 filas en 'Orden de Produccion'...
2026-06-26 10:09:12,125  INFO    ✅ Hoja 'Orden de Produccion' actualizada.
2026-06-26 10:09:12,179  INFO  Actualizando Base Produccion → 'Por Facturar' (84 filas)...
2026-06-26 10:09:12,700  INFO    Limpiando hoja 'Por Facturar'...
2026-06-26 10:09:12,975  INFO    Escribiendo 84 filas en 'Por Facturar'...
2026-06-26 10:09:13,253  INFO    ✅ Hoja 'Por Facturar' actualizada.
2026-06-26 10:09:13,335  INFO  Actualizando Base Produccion → 'Control Inventario' (173 filas)...
2026-06-26 10:09:13,831  INFO    Limpiando hoja 'Control Inventario'...
2026-06-26 10:09:14,090  INFO    Escribiendo 173 filas en 'Control Inventario'...
2026-06-26 10:09:14,396  INFO    ✅ Hoja 'Control Inventario' actualizada.
2026-06-26 10:09:14,654  INFO  Actualizando Base Produccion → 'Notas de Venta' (851 filas)...
2026-06-26 10:09:15,137  INFO    Limpiando hoja 'Notas de Venta'...
2026-06-26 10:09:15,443  INFO    Escribiendo 851 filas en 'Notas de Venta'...
2026-06-26 10:09:16,059  INFO    ✅ Hoja 'Notas de Venta' actualizada.
2026-06-26 10:09:16,110  INFO  Actualizando Base Produccion → 'Vales de Salida' (54 filas)...
2026-06-26 10:09:16,590  INFO    Limpiando hoja 'Vales de Salida'...
2026-06-26 10:09:16,860  INFO    Escribiendo 54 filas en 'Vales de Salida'...
2026-06-26 10:09:17,115  INFO    ✅ Hoja 'Vales de Salida' actualizada.
2026-06-26 10:09:17,168  INFO  Actualizando Base Produccion → 'Stock' (127 filas)...
2026-06-26 10:09:17,661  INFO    Limpiando hoja 'Stock'...
2026-06-26 10:09:17,926  INFO    Escribiendo 127 filas en 'Stock'...
2026-06-26 10:09:18,188  INFO    ✅ Hoja 'Stock' actualizada.
2026-06-26 10:09:18,219  INFO  Actualizando Base Produccion → 'Consumos POL' (26 filas)...
2026-06-26 10:09:18,682  INFO    Limpiando hoja 'Consumos POL'...
2026-06-26 10:09:18,931  INFO    Escribiendo 26 filas en 'Consumos POL'...
2026-06-26 10:09:19,182  INFO    ✅ Hoja 'Consumos POL' actualizada.
2026-06-26 10:09:20,601  INFO  Actualizando Base Produccion → 'Ventas_Full' (2,125 filas)...
2026-06-26 10:09:21,079  INFO    Limpiando hoja 'Ventas_Full'...
2026-06-26 10:09:21,655  INFO    Escribiendo 2,125 filas en 'Ventas_Full'...
2026-06-26 10:09:23,633  INFO    ✅ Hoja 'Ventas_Full' actualizada.
2026-06-26 10:09:23,676  INFO  Actualizando Base Produccion → 'WIP' (40 filas)...
2026-06-26 10:09:24,193  INFO    Limpiando hoja 'WIP'...
2026-06-26 10:09:24,442  INFO    Escribiendo 40 filas en 'WIP'...
2026-06-26 10:09:24,690  INFO    ✅ Hoja 'WIP' actualizada.
2026-06-26 10:09:24,772  INFO  Actualizando Base Produccion → 'Stock Vendido' (175 filas)...
2026-06-26 10:09:25,289  INFO    Limpiando hoja 'Stock Vendido'...
2026-06-26 10:09:25,567  INFO    Escribiendo 175 filas en 'Stock Vendido'...
2026-06-26 10:09:25,847  INFO    ✅ Hoja 'Stock Vendido' actualizada.
2026-06-26 10:09:25,892  INFO  Actualizando Base Produccion → 'Consumos Acero' (123 filas)...
2026-06-26 10:09:26,364  INFO    Limpiando hoja 'Consumos Acero'...
2026-06-26 10:09:26,612  INFO    Escribiendo 123 filas en 'Consumos Acero'...
2026-06-26 10:09:26,980  INFO    ✅ Hoja 'Consumos Acero' actualizada.
2026-06-26 10:09:29,517  INFO  Actualizando Base Produccion → 'Guias' (9,778 filas)...
2026-06-26 10:09:29,994  INFO    Limpiando hoja 'Guias'...
2026-06-26 10:09:30,841  INFO    Escribiendo 9,778 filas en 'Guias'...
2026-06-26 10:09:33,614  INFO    ✅ Hoja 'Guias' actualizada.
2026-06-26 10:09:35,021  INFO  Actualizando Presupuestos → 'Ventas Full Manager' (2,125 filas)...
2026-06-26 10:09:35,924  INFO    Limpiando hoja 'Ventas Full Manager'...
2026-06-26 10:09:36,665  INFO    Escribiendo 2,125 filas en 'Ventas Full Manager'...
2026-06-26 10:09:39,300  INFO    ✅ Hoja 'Ventas Full Manager' actualizada.
2026-06-26 10:09:39,730  INFO  Actualizando Presupuestos → 'Notas de Venta' (851 filas)...
2026-06-26 10:09:40,539  INFO    Limpiando hoja 'Notas de Venta'...
2026-06-26 10:09:40,906  INFO    Escribiendo 851 filas en 'Notas de Venta'...
2026-06-26 10:09:41,599  INFO    ✅ Hoja 'Notas de Venta' actualizada.
2026-06-26 10:09:42,352  INFO  Actualizando Presupuestos → 'Cotizaciones' (3,774 filas)...
2026-06-26 10:09:42,986  INFO    Limpiando hoja 'Cotizaciones'...
2026-06-26 10:09:43,541  INFO    Escribiendo 3,774 filas en 'Cotizaciones'...
2026-06-26 10:09:45,136  INFO    ✅ Hoja 'Cotizaciones' actualizada.
2026-06-26 10:09:45,209  INFO  Actualizando Presupuestos → 'Calendario' (84 filas)...
2026-06-26 10:09:45,857  INFO    Limpiando hoja 'Calendario'...
2026-06-26 10:09:46,159  INFO    Escribiendo 84 filas en 'Calendario'...
2026-06-26 10:09:46,540  INFO    ✅ Hoja 'Calendario' actualizada.
2026-06-26 10:09:46,541  INFO  
2026-06-26 10:09:46,541  INFO  ✅ Todo actualizado:
2026-06-26 10:09:46,541  INFO     📁 Drive: Reportes_Completos_Actualizado.xlsx
2026-06-26 10:09:46,543  INFO     📊 Base Produccion: ['Orden de Produccion', 'Por Facturar', 'Control Inventario', 'Notas de Venta', 'Vales de Salida', 'Stock', 'Consumos POL', 'Ventas_Full', 'WIP', 'Stock Vendido', 'Consumos Acero', 'Guias']
2026-06-26 10:09:46,543  INFO     📊 Presupuestos: Ventas Full Manager
2026-06-26 10:09:46,546  INFO  
2026-06-26 10:09:46,546  INFO  ╔═════════════════════════════════════════════════════╗
2026-06-26 10:09:46,547  INFO  ║  ✅ PIPELINE COMPLETADO en 321s                      ║
2026-06-26 10:09:46,547  INFO  ║  📊 Excel en Drive: VentasFull_Actualizado.xlsx      ║
2026-06-26 10:09:46,547  INFO  ╚═════════════════════════════════════════════════════╝
2026-06-30 07:35:00,749  INFO  ╔═════════════════════════════════════════════════════╗
2026-06-30 07:35:00,751  INFO  ║   PIPELINE VENTAS FULL — Inicio: 2026-06-30 07:35   ║
2026-06-30 07:35:00,751  INFO  ╚═════════════════════════════════════════════════════╝
2026-06-30 07:35:00,751  INFO  
2026-06-30 07:35:00,751  INFO  ━━━━━━━━━━━━━━━━━━━━━━━━━━━━━━━━━━━━━━━━━━━━━━━━━━━━━━━
2026-06-30 07:35:00,751  INFO    PASO 1/3 — Descargar backup desde Manager
2026-06-30 07:35:00,751  INFO  ━━━━━━━━━━━━━━━━━━━━━━━━━━━━━━━━━━━━━━━━━━━━━━━━━━━━━━━
2026-06-30 07:35:02,297  INFO  =======================================================
2026-06-30 07:35:02,297  INFO    Iniciando descarga automática de backup Manager
2026-06-30 07:35:02,297  INFO  =======================================================
2026-06-30 07:35:02,300  INFO  ====== WebDriver manager ======
2026-06-30 07:35:06,382  INFO  Get LATEST chromedriver version for google-chrome
2026-06-30 07:35:07,550  INFO  Get LATEST chromedriver version for google-chrome
2026-06-30 07:35:07,949  INFO  Get LATEST chromedriver version for google-chrome
2026-06-30 07:35:08,823  INFO  WebDriver version 149.0.7827.155 selected
2026-06-30 07:35:08,837  INFO  Modern chrome version https://storage.googleapis.com/chrome-for-testing-public/149.0.7827.155/win32/chromedriver-win32.zip
2026-06-30 07:35:08,837  INFO  About to download new driver from https://storage.googleapis.com/chrome-for-testing-public/149.0.7827.155/win32/chromedriver-win32.zip
2026-06-30 07:35:09,218  INFO  Driver downloading response is 200
2026-06-30 07:35:10,050  INFO  Get LATEST chromedriver version for google-chrome
2026-06-30 07:35:10,900  INFO  Driver has been saved in cache [C:\Users\atorr\.wdm\drivers\chromedriver\win64\149.0.7827.155]
2026-06-30 07:35:22,581  INFO  Abriendo login: https://prodkernel.manager.cl/index.html
2026-06-30 07:35:27,862  INFO  Inputs visibles: 3
2026-06-30 07:35:28,440  INFO  Login enviado...
2026-06-30 07:35:32,682  INFO  ✅ Login exitoso. session_id: d27fda53...
2026-06-30 07:35:32,682  INFO  Navegando a: https://prodkernel.manager.cl/managerbackups.html?session_id=d27fda532f0e61d280fd77024aaf6d3c&cd=prodkernel
2026-06-30 07:35:35,333  INFO  Recarga 1/10...
2026-06-30 07:35:40,609  INFO    filas .bak encontradas: 0
2026-06-30 07:35:40,610  INFO  Recarga 2/10...
2026-06-30 07:35:45,617  INFO    filas .bak encontradas: 0
2026-06-30 07:35:45,617  INFO  Recarga 3/10...
2026-06-30 07:35:57,920  INFO    filas .bak encontradas: 0
2026-06-30 07:35:57,922  INFO  Recarga 4/10...
2026-06-30 07:36:03,976  INFO    filas .bak encontradas: 0
2026-06-30 07:36:03,977  INFO  Recarga 5/10...
2026-06-30 07:36:14,483  INFO    filas .bak encontradas: 0
2026-06-30 07:36:14,483  INFO  Recarga 6/10...
2026-06-30 07:36:20,098  INFO    filas .bak encontradas: 0
2026-06-30 07:36:20,099  INFO  Recarga 7/10...
2026-06-30 07:36:24,606  INFO    filas .bak encontradas: 0
2026-06-30 07:36:24,606  INFO  Recarga 8/10...
2026-06-30 07:36:29,897  INFO    filas .bak encontradas: 0
2026-06-30 07:36:29,897  INFO  Recarga 9/10...
2026-06-30 07:36:35,436  INFO    filas .bak encontradas: 0
2026-06-30 07:36:35,436  INFO  Recarga 10/10...
2026-06-30 07:36:45,399  INFO    filas .bak encontradas: 0
2026-06-30 07:36:45,399  INFO  Recarga 11/10...
2026-06-30 07:36:50,681  INFO    filas .bak encontradas: 0
2026-06-30 07:36:50,681  INFO  Recarga 12/10...
2026-06-30 07:36:54,945  INFO    filas .bak encontradas: 0
2026-06-30 07:36:54,945  INFO  Recarga 13/10...
2026-06-30 07:36:59,627  INFO    filas .bak encontradas: 0
2026-06-30 07:36:59,627  INFO  Recarga 14/10...
2026-06-30 07:37:04,827  INFO    filas .bak encontradas: 0
2026-06-30 07:37:04,828  INFO  Recarga 15/10...
2026-06-30 07:37:09,505  INFO    filas .bak encontradas: 0
2026-06-30 07:37:09,505  INFO  Recarga 16/10...
2026-06-30 07:37:13,844  INFO    filas .bak encontradas: 0
2026-06-30 07:37:13,844  INFO  Recarga 17/10...
2026-06-30 07:37:18,609  INFO    filas .bak encontradas: 0
2026-06-30 07:37:18,610  INFO  Recarga 18/10...
2026-06-30 07:37:22,848  INFO    filas .bak encontradas: 0
2026-06-30 07:37:22,848  INFO  Recarga 19/10...
2026-06-30 07:37:28,039  INFO    filas .bak encontradas: 0
2026-06-30 07:37:28,039  INFO  Recarga 20/10...
2026-06-30 07:37:33,496  INFO    filas .bak encontradas: 0
2026-06-30 07:37:33,504  ERROR  ❌ Error: Tabla no cargó tras 10 recargas.
2026-06-30 07:37:34,070  INFO  Captura guardada: error_screenshot.png
2026-06-30 07:38:01,271  ERROR  
2026-06-30 07:38:01,271  ERROR  ╔═════════════════════════════════════════════════════╗
2026-06-30 07:38:01,272  ERROR  ║  ❌ PIPELINE FALLÓ                                   ║
2026-06-30 07:38:01,275  ERROR  ║  Error: Tabla no cargó tras 10 recargas.            ║
2026-06-30 07:38:01,275  ERROR  ╚═════════════════════════════════════════════════════╝
2026-06-30 07:38:01,529  ERROR  Traceback (most recent call last):
  File "C:\Scripts\BackupManager\00_pipeline_completo.py", line 46, in main
    descargar()
    ~~~~~~~~~^^
  File "C:\Scripts\BackupManager\descargar_backup_manager.py", line 230, in main
    filas = navegar_a_backups(driver, wait, session_id)
  File "C:\Scripts\BackupManager\descargar_backup_manager.py", line 118, in navegar_a_backups
    raise TimeoutError("Tabla no cargó tras 10 recargas.")
TimeoutError: Tabla no cargó tras 10 recargas.

2026-06-30 07:39:24,214  INFO  ╔═════════════════════════════════════════════════════╗
2026-06-30 07:39:24,219  INFO  ║   PIPELINE VENTAS FULL — Inicio: 2026-06-30 07:39   ║
2026-06-30 07:39:24,220  INFO  ╚═════════════════════════════════════════════════════╝
2026-06-30 07:39:24,222  INFO  
2026-06-30 07:39:24,223  INFO  ━━━━━━━━━━━━━━━━━━━━━━━━━━━━━━━━━━━━━━━━━━━━━━━━━━━━━━━
2026-06-30 07:39:24,227  INFO    PASO 1/3 — Descargar backup desde Manager
2026-06-30 07:39:24,229  INFO  ━━━━━━━━━━━━━━━━━━━━━━━━━━━━━━━━━━━━━━━━━━━━━━━━━━━━━━━
2026-06-30 07:39:25,437  INFO  =======================================================
2026-06-30 07:39:25,438  INFO    Iniciando descarga automática de backup Manager
2026-06-30 07:39:25,440  INFO  =======================================================
2026-06-30 07:39:25,446  INFO  ====== WebDriver manager ======
2026-06-30 07:39:32,860  INFO  Get LATEST chromedriver version for google-chrome
2026-06-30 07:39:35,100  INFO  Get LATEST chromedriver version for google-chrome
2026-06-30 07:39:36,076  INFO  Driver [C:\Users\atorr\.wdm\drivers\chromedriver\win64\149.0.7827.155\chromedriver-win32/chromedriver.exe] found in cache
2026-06-30 07:39:43,722  INFO  Abriendo login: https://prodkernel.manager.cl/index.html
2026-06-30 07:39:45,911  INFO  Inputs visibles: 3
2026-06-30 07:39:47,448  INFO  Login enviado...
2026-06-30 07:39:51,510  INFO  ✅ Login exitoso. session_id: 79903011...
2026-06-30 07:39:51,512  INFO  Navegando a: https://prodkernel.manager.cl/managerbackups.html?session_id=79903011d65527f3e369dd418fc5530e&cd=prodkernel
2026-06-30 07:39:51,752  INFO  Recarga 1/10...
2026-06-30 07:39:56,200  INFO    filas .bak encontradas: 0
2026-06-30 07:39:56,212  INFO  Recarga 2/10...
2026-06-30 07:40:01,230  INFO    filas .bak encontradas: 0
2026-06-30 07:40:01,231  INFO  Recarga 3/10...
2026-06-30 07:40:05,421  INFO    filas .bak encontradas: 0
2026-06-30 07:40:05,421  INFO  Recarga 4/10...
2026-06-30 07:40:09,663  INFO    filas .bak encontradas: 0
2026-06-30 07:40:09,663  INFO  Recarga 5/10...
2026-06-30 07:40:14,335  INFO    filas .bak encontradas: 0
2026-06-30 07:40:14,336  INFO  Recarga 6/10...
2026-06-30 07:40:18,563  INFO    filas .bak encontradas: 0
2026-06-30 07:40:18,563  INFO  Recarga 7/10...
2026-06-30 07:40:22,814  INFO    filas .bak encontradas: 0
2026-06-30 07:40:22,816  INFO  Recarga 8/10...
2026-06-30 07:40:27,510  INFO    filas .bak encontradas: 0
2026-06-30 07:40:27,511  INFO  Recarga 9/10...
2026-06-30 07:40:31,838  INFO    filas .bak encontradas: 0
2026-06-30 07:40:31,850  INFO  Recarga 10/10...
2026-06-30 07:40:36,175  INFO    filas .bak encontradas: 0
2026-06-30 07:40:36,177  INFO  Recarga 11/10...
2026-06-30 07:40:40,859  INFO    filas .bak encontradas: 0
2026-06-30 07:40:40,860  INFO  Recarga 12/10...
2026-06-30 07:40:45,177  INFO    filas .bak encontradas: 0
2026-06-30 07:40:45,180  INFO  Recarga 13/10...
2026-06-30 07:40:49,530  INFO    filas .bak encontradas: 0
2026-06-30 07:40:49,534  INFO  Recarga 14/10...
2026-06-30 07:40:54,182  INFO    filas .bak encontradas: 0
2026-06-30 07:40:54,183  INFO  Recarga 15/10...
2026-06-30 07:40:58,453  INFO    filas .bak encontradas: 0
2026-06-30 07:40:58,454  INFO  Recarga 16/10...
2026-06-30 07:41:02,664  INFO    filas .bak encontradas: 0
2026-06-30 07:41:02,666  INFO  Recarga 17/10...
2026-06-30 07:41:07,252  INFO    filas .bak encontradas: 0
2026-06-30 07:41:07,252  INFO  Recarga 18/10...
2026-06-30 07:41:11,415  INFO    filas .bak encontradas: 0
2026-06-30 07:41:11,416  INFO  Recarga 19/10...
2026-06-30 07:41:15,551  INFO    filas .bak encontradas: 0
2026-06-30 07:41:15,551  INFO  Recarga 20/10...
2026-06-30 07:41:20,229  INFO    filas .bak encontradas: 0
2026-06-30 07:41:20,229  ERROR  ❌ Error: Tabla no cargó tras 10 recargas.
2026-06-30 07:41:20,335  INFO  Captura guardada: error_screenshot.png
2026-06-30 07:41:22,861  ERROR  
2026-06-30 07:41:22,862  ERROR  ╔═════════════════════════════════════════════════════╗
2026-06-30 07:41:22,863  ERROR  ║  ❌ PIPELINE FALLÓ                                   ║
2026-06-30 07:41:22,863  ERROR  ║  Error: Tabla no cargó tras 10 recargas.            ║
2026-06-30 07:41:22,863  ERROR  ╚═════════════════════════════════════════════════════╝
2026-06-30 07:41:22,873  ERROR  Traceback (most recent call last):
  File "c:\Scripts\BackupManager\00_pipeline_completo.py", line 46, in main
    descargar()
    ~~~~~~~~~^^
  File "c:\Scripts\BackupManager\descargar_backup_manager.py", line 230, in main
    filas = navegar_a_backups(driver, wait, session_id)
  File "c:\Scripts\BackupManager\descargar_backup_manager.py", line 118, in navegar_a_backups
    raise TimeoutError("Tabla no cargó tras 10 recargas.")
TimeoutError: Tabla no cargó tras 10 recargas.

2026-06-30 07:41:46,464  INFO  ╔═════════════════════════════════════════════════════╗
2026-06-30 07:41:46,466  INFO  ║   PIPELINE VENTAS FULL — Inicio: 2026-06-30 07:41   ║
2026-06-30 07:41:46,466  INFO  ╚═════════════════════════════════════════════════════╝
2026-06-30 07:41:46,467  INFO  
2026-06-30 07:41:46,467  INFO  ━━━━━━━━━━━━━━━━━━━━━━━━━━━━━━━━━━━━━━━━━━━━━━━━━━━━━━━
2026-06-30 07:41:46,468  INFO    PASO 1/3 — Descargar backup desde Manager
2026-06-30 07:41:46,468  INFO  ━━━━━━━━━━━━━━━━━━━━━━━━━━━━━━━━━━━━━━━━━━━━━━━━━━━━━━━
2026-06-30 07:41:47,475  INFO  =======================================================
2026-06-30 07:41:47,475  INFO    Iniciando descarga automática de backup Manager
2026-06-30 07:41:47,476  INFO  =======================================================
2026-06-30 07:41:47,480  INFO  ====== WebDriver manager ======
2026-06-30 07:41:50,556  INFO  Get LATEST chromedriver version for google-chrome
2026-06-30 07:41:51,022  INFO  Get LATEST chromedriver version for google-chrome
2026-06-30 07:41:51,468  INFO  Driver [C:\Users\atorr\.wdm\drivers\chromedriver\win64\149.0.7827.155\chromedriver-win32/chromedriver.exe] found in cache
2026-06-30 07:41:53,308  INFO  Abriendo login: https://prodkernel.manager.cl/index.html
2026-06-30 07:41:55,210  INFO  Inputs visibles: 3
2026-06-30 07:41:55,703  INFO  Login enviado...
2026-06-30 07:41:59,731  INFO  ✅ Login exitoso. session_id: 3235c1fa...
2026-06-30 07:41:59,733  INFO  Navegando a: https://prodkernel.manager.cl/managerbackups.html?session_id=3235c1faf041da67f11be0e8c4405828&cd=prodkernel
2026-06-30 07:41:59,930  INFO  Recarga 1/10...
2026-06-30 07:42:04,246  INFO    filas .bak encontradas: 0
2026-06-30 07:42:04,247  INFO  Recarga 2/10...
2026-06-30 07:42:09,464  INFO    filas .bak encontradas: 0
2026-06-30 07:42:09,466  INFO  Recarga 3/10...
2026-06-30 07:42:13,839  INFO    filas .bak encontradas: 0
2026-06-30 07:42:13,839  INFO  Recarga 4/10...
2026-06-30 07:42:18,061  INFO    filas .bak encontradas: 0
2026-06-30 07:42:18,061  INFO  Recarga 5/10...
2026-06-30 07:42:22,274  INFO    filas .bak encontradas: 0
2026-06-30 07:42:22,275  INFO  Recarga 6/10...
2026-06-30 07:42:26,456  INFO    filas .bak encontradas: 0
2026-06-30 07:42:26,457  INFO  Recarga 7/10...
2026-06-30 07:42:30,634  INFO    filas .bak encontradas: 0
2026-06-30 07:42:30,635  INFO  Recarga 8/10...
2026-06-30 07:42:34,766  INFO    filas .bak encontradas: 0
2026-06-30 07:42:34,766  INFO  Recarga 9/10...
2026-06-30 07:42:38,895  INFO    filas .bak encontradas: 0
2026-06-30 07:42:38,895  INFO  Recarga 10/10...
2026-06-30 07:42:43,432  INFO    filas .bak encontradas: 0
2026-06-30 07:42:43,433  INFO  Recarga 11/10...
2026-06-30 07:42:47,523  INFO    filas .bak encontradas: 0
2026-06-30 07:42:47,524  INFO  Recarga 12/10...
2026-06-30 07:42:51,635  INFO    filas .bak encontradas: 0
2026-06-30 07:42:51,636  INFO  Recarga 13/10...
2026-06-30 07:42:56,203  INFO    filas .bak encontradas: 0
2026-06-30 07:42:56,203  INFO  Recarga 14/10...
2026-06-30 07:43:00,352  INFO    filas .bak encontradas: 0
2026-06-30 07:43:00,352  INFO  Recarga 15/10...
2026-06-30 07:43:04,547  INFO    filas .bak encontradas: 0
2026-06-30 07:43:04,547  INFO  Recarga 16/10...
2026-06-30 07:43:09,096  INFO    filas .bak encontradas: 0
2026-06-30 07:43:09,096  INFO  Recarga 17/10...
2026-06-30 07:43:13,234  INFO    filas .bak encontradas: 0
2026-06-30 07:43:13,234  INFO  Recarga 18/10...
2026-06-30 07:43:17,357  INFO    filas .bak encontradas: 0
2026-06-30 07:43:17,357  INFO  Recarga 19/10...
2026-06-30 07:43:22,384  INFO    filas .bak encontradas: 0
2026-06-30 07:43:22,384  INFO  Recarga 20/10...
2026-06-30 07:43:27,090  INFO    filas .bak encontradas: 0
2026-06-30 07:43:27,091  ERROR  ❌ Error: Tabla no cargó tras 10 recargas.
2026-06-30 07:43:27,206  INFO  Captura guardada: error_screenshot.png
2026-06-30 07:43:29,547  ERROR  
2026-06-30 07:43:29,547  ERROR  ╔═════════════════════════════════════════════════════╗
2026-06-30 07:43:29,548  ERROR  ║  ❌ PIPELINE FALLÓ                                   ║
2026-06-30 07:43:29,548  ERROR  ║  Error: Tabla no cargó tras 10 recargas.            ║
2026-06-30 07:43:29,548  ERROR  ╚═════════════════════════════════════════════════════╝
2026-06-30 07:43:29,553  ERROR  Traceback (most recent call last):
  File "c:\Scripts\BackupManager\00_pipeline_completo.py", line 46, in main
    descargar()
    ~~~~~~~~~^^
  File "c:\Scripts\BackupManager\descargar_backup_manager.py", line 230, in main
    filas = navegar_a_backups(driver, wait, session_id)
  File "c:\Scripts\BackupManager\descargar_backup_manager.py", line 118, in navegar_a_backups
    raise TimeoutError("Tabla no cargó tras 10 recargas.")
TimeoutError: Tabla no cargó tras 10 recargas.

2026-07-01 07:39:35,164  INFO  ╔═════════════════════════════════════════════════════╗
2026-07-01 07:39:35,175  INFO  ║   PIPELINE VENTAS FULL — Inicio: 2026-07-01 07:39   ║
2026-07-01 07:39:35,176  INFO  ╚═════════════════════════════════════════════════════╝
2026-07-01 07:39:35,178  INFO  
2026-07-01 07:39:35,178  INFO  ━━━━━━━━━━━━━━━━━━━━━━━━━━━━━━━━━━━━━━━━━━━━━━━━━━━━━━━
2026-07-01 07:39:35,178  INFO    PASO 1/3 — Descargar backup desde Manager
2026-07-01 07:39:35,178  INFO  ━━━━━━━━━━━━━━━━━━━━━━━━━━━━━━━━━━━━━━━━━━━━━━━━━━━━━━━
2026-07-01 07:39:42,878  INFO  =======================================================
2026-07-01 07:39:42,879  INFO    Iniciando descarga automática de backup Manager
2026-07-01 07:39:42,879  INFO  =======================================================
2026-07-01 07:39:42,911  INFO  ====== WebDriver manager ======
2026-07-01 07:39:46,397  INFO  Get LATEST chromedriver version for google-chrome
2026-07-01 07:39:47,822  INFO  Get LATEST chromedriver version for google-chrome
2026-07-01 07:39:48,726  INFO  There is no [win64] chromedriver "150.0.7871.46" for browser google-chrome "150.0.7871" in cache
2026-07-01 07:39:48,727  INFO  Get LATEST chromedriver version for google-chrome
2026-07-01 07:39:50,937  INFO  WebDriver version 150.0.7871.46 selected
2026-07-01 07:39:50,962  INFO  Modern chrome version https://storage.googleapis.com/chrome-for-testing-public/150.0.7871.46/win32/chromedriver-win32.zip
2026-07-01 07:39:50,962  INFO  About to download new driver from https://storage.googleapis.com/chrome-for-testing-public/150.0.7871.46/win32/chromedriver-win32.zip
2026-07-01 07:39:51,759  INFO  Driver downloading response is 200
2026-07-01 07:39:52,674  INFO  Get LATEST chromedriver version for google-chrome
2026-07-01 07:39:57,356  INFO  Driver has been saved in cache [C:\Users\atorr\.wdm\drivers\chromedriver\win64\150.0.7871.46]
2026-07-01 07:40:01,718  INFO  Abriendo login: https://prodkernel.manager.cl/index.html
2026-07-01 07:40:04,602  INFO  Inputs visibles: 3
2026-07-01 07:40:05,961  INFO  Login enviado...
2026-07-01 07:40:09,993  INFO  ✅ Login exitoso. session_id: e14663b8...
2026-07-01 07:40:09,994  INFO  Navegando a: https://prodkernel.manager.cl/managerbackups.html?session_id=e14663b86ba051d569e785e25361de53&cd=prodkernel
2026-07-01 07:40:10,163  INFO  Recarga 1/10...
2026-07-01 07:40:14,460  INFO    filas .bak encontradas: 3
2026-07-01 07:40:14,461  INFO  ✅ Tabla cargada en recarga 1.
2026-07-01 07:40:14,623  INFO    Ignorando: 2026-7-1-T779354202A.bak
2026-07-01 07:40:14,690  INFO    Ignorando: 2026-7-1-T779354202B.bak
2026-07-01 07:40:14,777  INFO  Backup seleccionado: 2026-7-1-T779354202C.bak (2026-07-01 10:16:33+00:00)
2026-07-01 07:40:14,806  INFO  HTML fila completa: <td class="bucket">mng-respaldos-poliuretano</td><td class="Key">2026-7-1-T779354202C.bak</td><td class="LastModified">2026-07-01 10:16:33+00:00</td><td class="Size">0.19 GB</td><td class="presigned_url" style="display: none;">https://mng-respaldos-poliuretano.s3.amazonaws.com/2026-7-1-T779354202C.bak?AWSAccessKeyId=AKIAZPIFFWJDVFW267ZG&amp;Signature=XwoQfdcAKtvKMfZJSpuJb32M4iE%3D&amp;Expires=1782906308</td><td><i onclick="downloadbackup($(this).parent().parent())" class="fas fa-download"></i></
2026-07-01 07:40:41,004  INFO  Descargando 2026-7-1-T779354202C.bak desde S3...
2026-07-01 07:40:49,156  INFO    10 MB / 188 MB (6%)
2026-07-01 07:40:54,844  INFO    21 MB / 188 MB (11%)
2026-07-01 07:40:57,899  INFO    31 MB / 188 MB (17%)
2026-07-01 07:41:00,176  INFO    42 MB / 188 MB (22%)
2026-07-01 07:41:06,266  INFO    52 MB / 188 MB (28%)
2026-07-01 07:41:12,996  INFO    63 MB / 188 MB (34%)
2026-07-01 07:41:19,653  INFO    73 MB / 188 MB (39%)
2026-07-01 07:41:40,461  INFO    84 MB / 188 MB (45%)
2026-07-01 07:42:11,835  INFO    94 MB / 188 MB (50%)
2026-07-01 07:42:25,051  INFO    105 MB / 188 MB (56%)
2026-07-01 07:42:27,571  INFO    115 MB / 188 MB (61%)
2026-07-01 07:42:32,160  INFO    126 MB / 188 MB (67%)
2026-07-01 07:42:45,020  INFO    136 MB / 188 MB (73%)
2026-07-01 07:43:04,321  INFO    147 MB / 188 MB (78%)
2026-07-01 07:43:09,089  INFO    157 MB / 188 MB (84%)
2026-07-01 07:43:10,957  INFO    168 MB / 188 MB (89%)
2026-07-01 07:43:12,229  INFO    178 MB / 188 MB (95%)
2026-07-01 07:43:13,209  INFO  ✅ Descarga completa: 2026-7-1-T779354202C.bak (187.8 MB)
2026-07-01 07:43:13,323  INFO  Backup guardado en: C:\Backups\Manager\2026-7-1-T779354202C_2026-07-01.bak
2026-07-01 07:43:13,324  INFO  ✅ Éxito — backup guardado en: C:\Backups\Manager\2026-7-1-T779354202C_2026-07-01.bak
2026-07-01 07:43:17,443  WARNING  Retrying (Retry(total=2, connect=None, read=None, redirect=None, status=None)) after connection broken by 'NewConnectionError("HTTPConnection(host='localhost', port=62001): Failed to establish a new connection: [WinError 10061] No se puede establecer una conexión ya que el equipo de destino denegó expresamente dicha conexión")': /session/de3cc8b3db2ed2f9bf215d0635f6a156
2026-07-01 07:43:21,491  WARNING  Retrying (Retry(total=1, connect=None, read=None, redirect=None, status=None)) after connection broken by 'NewConnectionError("HTTPConnection(host='localhost', port=62001): Failed to establish a new connection: [WinError 10061] No se puede establecer una conexión ya que el equipo de destino denegó expresamente dicha conexión")': /session/de3cc8b3db2ed2f9bf215d0635f6a156
2026-07-01 07:43:25,561  WARNING  Retrying (Retry(total=0, connect=None, read=None, redirect=None, status=None)) after connection broken by 'NewConnectionError("HTTPConnection(host='localhost', port=62001): Failed to establish a new connection: [WinError 10061] No se puede establecer una conexión ya que el equipo de destino denegó expresamente dicha conexión")': /session/de3cc8b3db2ed2f9bf215d0635f6a156
2026-07-01 07:43:29,648  INFO  
2026-07-01 07:43:29,648  INFO  ━━━━━━━━━━━━━━━━━━━━━━━━━━━━━━━━━━━━━━━━━━━━━━━━━━━━━━━
2026-07-01 07:43:29,648  INFO    PASO 2/3 — Restaurar BD y extraer Ventas Full
2026-07-01 07:43:29,648  INFO  ━━━━━━━━━━━━━━━━━━━━━━━━━━━━━━━━━━━━━━━━━━━━━━━━━━━━━━━
2026-07-01 07:43:51,471  INFO  ============================================================
2026-07-01 07:43:51,471  INFO    PASO 1 — Restaurar BD y extraer Múltiples Reportes
2026-07-01 07:43:51,471  INFO  ============================================================
2026-07-01 07:43:51,490  INFO  Usando .bak de ultimo_bak.txt: 2026-7-1-T779354202C_2026-07-01.bak
2026-07-01 07:43:51,491  INFO  Usando backup: 2026-7-1-T779354202C_2026-07-01.bak
2026-07-01 07:43:51,491  INFO  Restaurando 2026-7-1-T779354202C_2026-07-01.bak como 'T779354202C'...
2026-07-01 07:43:51,491  INFO  Copiando .bak a C:\Program Files\Microsoft SQL Server\MSSQL17.SQLEXPRESS\MSSQL\DATA\2026-7-1-T779354202C_2026-07-01.bak...
2026-07-01 07:43:57,157  INFO  Ejecutando RESTORE DATABASE...
2026-07-01 07:44:47,667  INFO  ✅ BD 'T779354202C' restaurada correctamente.
2026-07-01 07:44:47,667  INFO  Conectando a 'T779354202C' para extraer reportes...
2026-07-01 07:44:47,726  INFO  Ejecutando: Aceros...
2026-07-01 07:44:48,059  INFO    └─ 54 filas extraídas.
2026-07-01 07:44:48,059  INFO  Ejecutando: base_completo...
2026-07-01 07:44:49,971  INFO    └─ 9,579 filas extraídas.
2026-07-01 07:44:49,971  INFO  Ejecutando: calendario...
2026-07-01 07:44:50,189  INFO    └─ 77 filas extraídas.
2026-07-01 07:44:50,189  INFO  Ejecutando: Consumos_acero...
2026-07-01 07:44:50,297  INFO    └─ 123 filas extraídas.
2026-07-01 07:44:50,297  INFO  Ejecutando: Consumos_pol...
2026-07-01 07:44:50,363  INFO    └─ 26 filas extraídas.
2026-07-01 07:44:50,363  INFO  Ejecutando: Cotizaciones...
2026-07-01 07:44:50,470  INFO    └─ 3,815 filas extraídas.
2026-07-01 07:44:50,470  INFO  Ejecutando: Guias...
2026-07-01 07:44:50,870  INFO    └─ 9,940 filas extraídas.
2026-07-01 07:44:50,871  INFO  Ejecutando: Inventario_aceros...
2026-07-01 07:44:50,898  INFO    └─ 172 filas extraídas.
2026-07-01 07:44:50,898  INFO  Ejecutando: Notas_de_venta...
2026-07-01 07:44:50,941  INFO    └─ 858 filas extraídas.
2026-07-01 07:44:50,942  INFO  Ejecutando: Ordenes_de_Compra...
2026-07-01 07:44:51,072  INFO    └─ 287 filas extraídas.
2026-07-01 07:44:51,072  INFO  Ejecutando: Ordenes_de_produccion...
2026-07-01 07:44:51,281  INFO    └─ 3,420 filas extraídas.
2026-07-01 07:44:51,281  INFO  Ejecutando: Pendiente_a_facturar...
2026-07-01 07:44:51,293  ERROR    └─ Error ejecutando Pendiente_a_facturar: ('42000', '[42000] [Microsoft][ODBC Driver 17 for SQL Server][SQL Server]ORDER BY items must appear in the select list if SELECT DISTINCT is specified. (145) (SQLExecDirectW)')
2026-07-01 07:44:51,293  INFO  Ejecutando: Productos_Stock...
2026-07-01 07:44:51,327  INFO    └─ 131 filas extraídas.
2026-07-01 07:44:51,327  INFO  Ejecutando: Stock_vendido...
2026-07-01 07:44:51,392  INFO    └─ 179 filas extraídas.
2026-07-01 07:44:51,392  INFO  Ejecutando: Vales_de_Salida...
2026-07-01 07:44:51,401  ERROR    └─ Error ejecutando Vales_de_Salida: ('42000', '[42000] [Microsoft][ODBC Driver 17 for SQL Server][SQL Server]ORDER BY items must appear in the select list if SELECT DISTINCT is specified. (145) (SQLExecDirectW)')
2026-07-01 07:44:51,402  INFO  Ejecutando: Ventas_Full...
2026-07-01 07:44:51,942  INFO    └─ 2,181 filas extraídas.
2026-07-01 07:44:51,943  INFO  Ejecutando: WIP...
2026-07-01 07:44:51,986  INFO    └─ 36 filas extraídas.
2026-07-01 07:44:52,019  INFO  Exportando a Excel multipestaña: C:\Reportes\VentasFull\Reportes_Completos_2026-07-01.xlsx
2026-07-01 07:46:29,135  WARNING    └─ Stock_vendido: columnas duplicadas renombradas
2026-07-01 07:46:59,436  INFO  ✅ Excel generado: C:\Reportes\VentasFull\Reportes_Completos_2026-07-01.xlsx (3.5 MB)
2026-07-01 07:46:59,438  INFO  ✅ Proceso Completado → C:\Reportes\VentasFull\Reportes_Completos_2026-07-01.xlsx
2026-07-01 07:46:59,455  INFO  
2026-07-01 07:46:59,455  INFO  ━━━━━━━━━━━━━━━━━━━━━━━━━━━━━━━━━━━━━━━━━━━━━━━━━━━━━━━
2026-07-01 07:46:59,455  INFO    PASO 3/3 — Subir Excel a Google Drive
2026-07-01 07:46:59,455  INFO  ━━━━━━━━━━━━━━━━━━━━━━━━━━━━━━━━━━━━━━━━━━━━━━━━━━━━━━━
2026-07-01 07:47:04,216  INFO  =======================================================
2026-07-01 07:47:04,216  INFO    PASO 2 — Subir a Drive y actualizar Google Sheets
2026-07-01 07:47:04,216  INFO  =======================================================
2026-07-01 07:47:04,230  INFO  Procesando: Reportes_Completos_2026-07-01.xlsx (3.5 MB)
2026-07-01 07:47:04,319  INFO  file_cache is only supported with oauth2client<4.0.0
2026-07-01 07:47:04,350  INFO  file_cache is only supported with oauth2client<4.0.0
2026-07-01 07:47:05,883  INFO  Creando Excel nuevo en Drive...
2026-07-01 07:47:08,520  INFO  ✅ Excel subido a Drive: Reportes_Completos_Actualizado.xlsx
2026-07-01 07:47:08,520  INFO  Leyendo Excel para actualizar Google Sheets...
2026-07-01 07:47:08,548  INFO  Pestañas encontradas en Excel: ['Aceros', 'base_completo', 'calendario', 'Consumos_acero', 'Consumos_pol', 'Cotizaciones', 'Guias', 'Inventario_aceros', 'Notas_de_venta', 'Ordenes_de_Compra', 'Ordenes_de_produccion', 'Productos_Stock', 'Stock_vendido', 'Ventas_Full', 'WIP']
2026-07-01 07:47:09,901  INFO  Actualizando Base Produccion → 'Orden de Produccion' (3,420 filas)...
2026-07-01 07:47:11,273  INFO    Limpiando hoja 'Orden de Produccion'...
2026-07-01 07:47:12,158  INFO    Escribiendo 3,420 filas en 'Orden de Produccion'...
2026-07-01 07:47:14,815  INFO    ✅ Hoja 'Orden de Produccion' actualizada.
2026-07-01 07:47:14,863  INFO  Actualizando Base Produccion → 'Por Facturar' (77 filas)...
2026-07-01 07:47:15,501  INFO    Limpiando hoja 'Por Facturar'...
2026-07-01 07:47:15,858  INFO    Escribiendo 77 filas en 'Por Facturar'...
2026-07-01 07:47:16,225  INFO    ✅ Hoja 'Por Facturar' actualizada.
2026-07-01 07:47:16,327  INFO  Actualizando Base Produccion → 'Control Inventario' (172 filas)...
2026-07-01 07:47:16,848  INFO    Limpiando hoja 'Control Inventario'...
2026-07-01 07:47:17,140  INFO    Escribiendo 172 filas en 'Control Inventario'...
2026-07-01 07:47:17,476  INFO    ✅ Hoja 'Control Inventario' actualizada.
2026-07-01 07:47:17,728  INFO  Actualizando Base Produccion → 'Notas de Venta' (858 filas)...
2026-07-01 07:47:18,300  INFO    Limpiando hoja 'Notas de Venta'...
2026-07-01 07:47:18,649  INFO    Escribiendo 858 filas en 'Notas de Venta'...
2026-07-01 07:47:19,274  INFO    ✅ Hoja 'Notas de Venta' actualizada.
2026-07-01 07:47:19,312  INFO  Actualizando Base Produccion → 'Vales de Salida' (54 filas)...
2026-07-01 07:47:20,346  INFO    Limpiando hoja 'Vales de Salida'...
2026-07-01 07:47:20,671  INFO    Escribiendo 54 filas en 'Vales de Salida'...
2026-07-01 07:47:20,960  INFO    ✅ Hoja 'Vales de Salida' actualizada.
2026-07-01 07:47:21,004  INFO  Actualizando Base Produccion → 'Stock' (131 filas)...
2026-07-01 07:47:21,566  INFO    Limpiando hoja 'Stock'...
2026-07-01 07:47:21,859  INFO    Escribiendo 131 filas en 'Stock'...
2026-07-01 07:47:22,167  INFO    ✅ Hoja 'Stock' actualizada.
2026-07-01 07:47:22,197  INFO  Actualizando Base Produccion → 'Consumos POL' (26 filas)...
2026-07-01 07:47:22,764  INFO    Limpiando hoja 'Consumos POL'...
2026-07-01 07:47:23,048  INFO    Escribiendo 26 filas en 'Consumos POL'...
2026-07-01 07:47:23,338  INFO    ✅ Hoja 'Consumos POL' actualizada.
2026-07-01 07:47:24,995  INFO  Actualizando Base Produccion → 'Ventas_Full' (2,181 filas)...
2026-07-01 07:47:25,524  INFO    Limpiando hoja 'Ventas_Full'...
2026-07-01 07:47:26,275  INFO    Escribiendo 2,181 filas en 'Ventas_Full'...
2026-07-01 07:47:27,810  INFO    ✅ Hoja 'Ventas_Full' actualizada.
2026-07-01 07:47:27,843  INFO  Actualizando Base Produccion → 'WIP' (36 filas)...
2026-07-01 07:47:28,466  INFO    Limpiando hoja 'WIP'...
2026-07-01 07:47:28,759  INFO    Escribiendo 36 filas en 'WIP'...
2026-07-01 07:47:29,060  INFO    ✅ Hoja 'WIP' actualizada.
2026-07-01 07:47:29,148  INFO  Actualizando Base Produccion → 'Stock Vendido' (179 filas)...
2026-07-01 07:47:29,839  INFO    Limpiando hoja 'Stock Vendido'...
2026-07-01 07:47:30,132  INFO    Escribiendo 179 filas en 'Stock Vendido'...
2026-07-01 07:47:30,439  INFO    ✅ Hoja 'Stock Vendido' actualizada.
2026-07-01 07:47:30,478  INFO  Actualizando Base Produccion → 'Consumos Acero' (123 filas)...
2026-07-01 07:47:31,018  INFO    Limpiando hoja 'Consumos Acero'...
2026-07-01 07:47:31,298  INFO    Escribiendo 123 filas en 'Consumos Acero'...
2026-07-01 07:47:31,589  INFO    ✅ Hoja 'Consumos Acero' actualizada.
2026-07-01 07:47:34,087  INFO  Actualizando Base Produccion → 'Guias' (9,940 filas)...
2026-07-01 07:47:34,597  INFO    Limpiando hoja 'Guias'...
2026-07-01 07:47:35,433  INFO    Escribiendo 9,940 filas en 'Guias'...
2026-07-01 07:47:38,284  INFO    ✅ Hoja 'Guias' actualizada.
2026-07-01 07:47:39,992  INFO  Actualizando Presupuestos → 'Ventas Full Manager' (2,181 filas)...
2026-07-01 07:47:41,023  INFO    Limpiando hoja 'Ventas Full Manager'...
2026-07-01 07:47:41,636  INFO    Escribiendo 2,181 filas en 'Ventas Full Manager'...
2026-07-01 07:47:45,364  INFO    ✅ Hoja 'Ventas Full Manager' actualizada.
2026-07-01 07:47:45,756  INFO  Actualizando Presupuestos → 'Notas de Venta' (858 filas)...
2026-07-01 07:47:46,298  INFO    Limpiando hoja 'Notas de Venta'...
2026-07-01 07:47:46,620  INFO    Escribiendo 858 filas en 'Notas de Venta'...
2026-07-01 07:47:47,238  INFO    ✅ Hoja 'Notas de Venta' actualizada.
2026-07-01 07:47:47,892  INFO  Actualizando Presupuestos → 'Cotizaciones' (3,815 filas)...
2026-07-01 07:47:49,219  INFO    Limpiando hoja 'Cotizaciones'...
2026-07-01 07:47:49,745  INFO    Escribiendo 3,815 filas en 'Cotizaciones'...
2026-07-01 07:47:50,944  INFO    ✅ Hoja 'Cotizaciones' actualizada.
2026-07-01 07:47:51,075  INFO  Actualizando Presupuestos → 'Calendario' (77 filas)...
2026-07-01 07:47:51,593  INFO    Limpiando hoja 'Calendario'...
2026-07-01 07:47:51,829  INFO    Escribiendo 77 filas en 'Calendario'...
2026-07-01 07:47:52,050  INFO    ✅ Hoja 'Calendario' actualizada.
2026-07-01 07:47:52,051  INFO  
2026-07-01 07:47:52,051  INFO  ✅ Todo actualizado:
2026-07-01 07:47:52,051  INFO     📁 Drive: Reportes_Completos_Actualizado.xlsx
2026-07-01 07:47:52,051  INFO     📊 Base Produccion: ['Orden de Produccion', 'Por Facturar', 'Control Inventario', 'Notas de Venta', 'Vales de Salida', 'Stock', 'Consumos POL', 'Ventas_Full', 'WIP', 'Stock Vendido', 'Consumos Acero', 'Guias']
2026-07-01 07:47:52,051  INFO     📊 Presupuestos: Ventas Full Manager
2026-07-01 07:47:52,053  INFO  
2026-07-01 07:47:52,053  INFO  ╔═════════════════════════════════════════════════════╗
2026-07-01 07:47:52,055  INFO  ║  ✅ PIPELINE COMPLETADO en 496s                      ║
2026-07-01 07:47:52,055  INFO  ║  📊 Excel en Drive: VentasFull_Actualizado.xlsx      ║
2026-07-01 07:47:52,055  INFO  ╚═════════════════════════════════════════════════════╝
